TICK000000000000|NET|event=SEND|from=node00|to=node00|tick=1|height=0|deliver_tick=4|type=core.Transaction
TICK000000000001|NET|event=DROP|from=node00|to=node01|tick=1|height=0|lat=1
TICK000000000002|NET|event=SEND|from=node00|to=node02|tick=1|height=0|deliver_tick=3|type=core.Transaction
TICK000000000003|NET|event=SEND|from=node00|to=node03|tick=1|height=0|deliver_tick=4|type=core.Transaction
TICK000000000004|NET|event=SEND|from=node00|to=node04|tick=1|height=0|deliver_tick=4|type=core.Transaction
TICK000000000005|NET|event=RATE_BLOCK|from=node00|to=node05|tick=1|height=0|until=6
TICK000000000006|NET|event=BLOCKED|from=node00|to=node06|tick=1|height=0|until=6
TICK000000000007|NET|event=BLOCKED|from=node00|to=node07|tick=1|height=0|until=6
TICK000000000008|NODE|node00|ENQUEUE_TX|nonce=1
TICK000000000009|NET|event=BLOCKED|from=node00|to=node00|tick=1|height=1|until=6
TICK000000000010|NET|event=BLOCKED|from=node00|to=node01|tick=1|height=1|until=6
TICK000000000011|NET|event=BLOCKED|from=node00|to=node02|tick=1|height=1|until=6
TICK000000000012|NET|event=BLOCKED|from=node00|to=node03|tick=1|height=1|until=6
TICK000000000013|NET|event=BLOCKED|from=node00|to=node04|tick=1|height=1|until=6
TICK000000000014|NET|event=BLOCKED|from=node00|to=node05|tick=1|height=1|until=6
TICK000000000015|NET|event=BLOCKED|from=node00|to=node06|tick=1|height=1|until=6
TICK000000000016|NET|event=BLOCKED|from=node00|to=node07|tick=1|height=1|until=6
TICK000000000017|NET|event=BLOCKED|from=node00|to=node00|tick=1|height=1|until=6
TICK000000000018|NODE|node00|SEND_BLOCK|to=node00|H=1
TICK000000000019|NODE|node00|PROPOSE|H=1|txs=1
TICK000000000020|NET|event=SEND|from=node01|to=node00|tick=1|height=0|deliver_tick=4|type=core.Transaction
TICK000000000021|NET|event=SEND|from=node01|to=node01|tick=1|height=0|deliver_tick=4|type=core.Transaction
TICK000000000022|NET|event=SEND|from=node01|to=node02|tick=1|height=0|deliver_tick=3|type=core.Transaction
TICK000000000023|NET|event=SEND|from=node01|to=node03|tick=1|height=0|deliver_tick=2|type=core.Transaction
TICK000000000024|NET|event=DUP|from=node01|to=node03|tick=1|height=0|tick=2
TICK000000000025|NET|event=SEND|from=node01|to=node04|tick=1|height=0|deliver_tick=4|type=core.Transaction
TICK000000000026|NET|event=RATE_BLOCK|from=node01|to=node05|tick=1|height=0|until=6
TICK000000000027|NET|event=BLOCKED|from=node01|to=node06|tick=1|height=0|until=6
TICK000000000028|NET|event=BLOCKED|from=node01|to=node07|tick=1|height=0|until=6
TICK000000000029|NODE|node01|ENQUEUE_TX|nonce=1
TICK000000000030|NET|event=SEND|from=node02|to=node00|tick=1|height=0|deliver_tick=4|type=core.Transaction
TICK000000000031|NET|event=SEND|from=node02|to=node01|tick=1|height=0|deliver_tick=3|type=core.Transaction
TICK000000000032|NET|event=SEND|from=node02|to=node02|tick=1|height=0|deliver_tick=3|type=core.Transaction
TICK000000000033|NET|event=SEND|from=node02|to=node03|tick=1|height=0|deliver_tick=2|type=core.Transaction
TICK000000000034|NET|event=SEND|from=node02|to=node04|tick=1|height=0|deliver_tick=3|type=core.Transaction
TICK000000000035|NET|event=RATE_BLOCK|from=node02|to=node05|tick=1|height=0|until=6
TICK000000000036|NET|event=BLOCKED|from=node02|to=node06|tick=1|height=0|until=6
TICK000000000037|NET|event=BLOCKED|from=node02|to=node07|tick=1|height=0|until=6
TICK000000000038|NODE|node02|ENQUEUE_TX|nonce=1
TICK000000000039|NET|event=SEND|from=node03|to=node00|tick=1|height=0|deliver_tick=4|type=core.Transaction
TICK000000000040|NET|event=SEND|from=node03|to=node01|tick=1|height=0|deliver_tick=2|type=core.Transaction
TICK000000000041|NET|event=SEND|from=node03|to=node02|tick=1|height=0|deliver_tick=3|type=core.Transaction
TICK000000000042|NET|event=SEND|from=node03|to=node03|tick=1|height=0|deliver_tick=2|type=core.Transaction
TICK000000000043|NET|event=SEND|from=node03|to=node04|tick=1|height=0|deliver_tick=2|type=core.Transaction
TICK000000000044|NET|event=DUP|from=node03|to=node04|tick=1|height=0|tick=2
TICK000000000045|NET|event=RATE_BLOCK|from=node03|to=node05|tick=1|height=0|until=6
TICK000000000046|NET|event=BLOCKED|from=node03|to=node06|tick=1|height=0|until=6
TICK000000000047|NET|event=BLOCKED|from=node03|to=node07|tick=1|height=0|until=6
TICK000000000048|NODE|node03|ENQUEUE_TX|nonce=1
TICK000000000049|NET|event=SEND|from=node04|to=node00|tick=1|height=0|deliver_tick=4|type=core.Transaction
TICK000000000050|NET|event=SEND|from=node04|to=node01|tick=1|height=0|deliver_tick=2|type=core.Transaction
TICK000000000051|NET|event=SEND|from=node04|to=node02|tick=1|height=0|deliver_tick=3|type=core.Transaction
TICK000000000052|NET|event=SEND|from=node04|to=node03|tick=1|height=0|deliver_tick=3|type=core.Transaction
TICK000000000053|NET|event=SEND|from=node04|to=node04|tick=1|height=0|deliver_tick=4|type=core.Transaction
TICK000000000054|NET|event=RATE_BLOCK|from=node04|to=node05|tick=1|height=0|until=6
TICK000000000055|NET|event=BLOCKED|from=node04|to=node06|tick=1|height=0|until=6
TICK000000000056|NET|event=BLOCKED|from=node04|to=node07|tick=1|height=0|until=6
TICK000000000057|NODE|node04|ENQUEUE_TX|nonce=1
TICK000000000058|NET|event=SEND|from=node05|to=node00|tick=1|height=0|deliver_tick=3|type=core.Transaction
TICK000000000059|NET|event=SEND|from=node05|to=node01|tick=1|height=0|deliver_tick=4|type=core.Transaction
TICK000000000060|NET|event=SEND|from=node05|to=node02|tick=1|height=0|deliver_tick=2|type=core.Transaction
TICK000000000061|NET|event=SEND|from=node05|to=node03|tick=1|height=0|deliver_tick=3|type=core.Transaction
TICK000000000062|NET|event=SEND|from=node05|to=node04|tick=1|height=0|deliver_tick=4|type=core.Transaction
TICK000000000063|NET|event=RATE_BLOCK|from=node05|to=node05|tick=1|height=0|until=6
TICK000000000064|NET|event=BLOCKED|from=node05|to=node06|tick=1|height=0|until=6
TICK000000000065|NET|event=BLOCKED|from=node05|to=node07|tick=1|height=0|until=6
TICK000000000066|NODE|node05|ENQUEUE_TX|nonce=1
TICK000000000067|NET|event=SEND|from=node06|to=node00|tick=1|height=0|deliver_tick=3|type=core.Transaction
TICK000000000068|NET|event=SEND|from=node06|to=node01|tick=1|height=0|deliver_tick=3|type=core.Transaction
TICK000000000069|NET|event=SEND|from=node06|to=node02|tick=1|height=0|deliver_tick=4|type=core.Transaction
TICK000000000070|NET|event=SEND|from=node06|to=node03|tick=1|height=0|deliver_tick=4|type=core.Transaction
TICK000000000071|NET|event=DUP|from=node06|to=node03|tick=1|height=0|tick=4
TICK000000000072|NET|event=SEND|from=node06|to=node04|tick=1|height=0|deliver_tick=2|type=core.Transaction
TICK000000000073|NET|event=RATE_BLOCK|from=node06|to=node05|tick=1|height=0|until=6
TICK000000000074|NET|event=BLOCKED|from=node06|to=node06|tick=1|height=0|until=6
TICK000000000075|NET|event=BLOCKED|from=node06|to=node07|tick=1|height=0|until=6
TICK000000000076|NODE|node06|ENQUEUE_TX|nonce=1
TICK000000000077|NET|event=SEND|from=node07|to=node00|tick=1|height=0|deliver_tick=4|type=core.Transaction
TICK000000000078|NET|event=SEND|from=node07|to=node01|tick=1|height=0|deliver_tick=4|type=core.Transaction
TICK000000000079|NET|event=SEND|from=node07|to=node02|tick=1|height=0|deliver_tick=4|type=core.Transaction
TICK000000000080|NET|event=SEND|from=node07|to=node03|tick=1|height=0|deliver_tick=4|type=core.Transaction
TICK000000000081|NET|event=DROP|from=node07|to=node04|tick=1|height=0|lat=1
TICK000000000082|NET|event=RATE_BLOCK|from=node07|to=node05|tick=1|height=0|until=6
TICK000000000083|NET|event=BLOCKED|from=node07|to=node06|tick=1|height=0|until=6
TICK000000000084|NET|event=BLOCKED|from=node07|to=node07|tick=1|height=0|until=6
TICK000000000085|NODE|node07|ENQUEUE_TX|nonce=1
TICK000000000086|NET|event=DELIVER|from=node01|to=node03|tick=2|height=0|type=core.Transaction
TICK000000000087|NET|event=DELIVER|from=node01|to=node03|tick=2|height=0|type=core.Transaction
TICK000000000088|NET|event=DELIVER|from=node02|to=node03|tick=2|height=0|type=core.Transaction
TICK000000000089|NET|event=DELIVER|from=node03|to=node01|tick=2|height=0|type=core.Transaction
TICK000000000090|NET|event=DELIVER|from=node03|to=node03|tick=2|height=0|type=core.Transaction
TICK000000000091|NET|event=DELIVER|from=node03|to=node04|tick=2|height=0|type=core.Transaction
TICK000000000092|NET|event=DELIVER|from=node03|to=node04|tick=2|height=0|type=core.Transaction
TICK000000000093|NET|event=DELIVER|from=node04|to=node01|tick=2|height=0|type=core.Transaction
TICK000000000094|NET|event=DELIVER|from=node05|to=node02|tick=2|height=0|type=core.Transaction
TICK000000000095|NET|event=DELIVER|from=node06|to=node04|tick=2|height=0|type=core.Transaction
TICK000000000096|NODE|node01|RECV|TX|from=node03|sender=node03|nonce=1
TICK000000000097|NODE|node01|RECV|TX|from=node04|sender=node04|nonce=1
TICK000000000098|NODE|node02|RECV|TX|from=node05|sender=node05|nonce=1
TICK000000000099|NODE|node03|RECV|TX|from=node01|sender=node01|nonce=1
TICK000000000100|NODE|node03|RECV|TX|from=node02|sender=node02|nonce=1
TICK000000000101|NODE|node04|RECV|TX|from=node03|sender=node03|nonce=1
TICK000000000102|NODE|node04|RECV|TX|from=node06|sender=node06|nonce=1
TICK000000000103|NET|event=DELIVER|from=node00|to=node02|tick=3|height=0|type=core.Transaction
TICK000000000104|NET|event=DELIVER|from=node01|to=node02|tick=3|height=0|type=core.Transaction
TICK000000000105|NET|event=DELIVER|from=node02|to=node01|tick=3|height=0|type=core.Transaction
TICK000000000106|NET|event=DELIVER|from=node02|to=node02|tick=3|height=0|type=core.Transaction
TICK000000000107|NET|event=DELIVER|from=node02|to=node04|tick=3|height=0|type=core.Transaction
TICK000000000108|NET|event=DELIVER|from=node03|to=node02|tick=3|height=0|type=core.Transaction
TICK000000000109|NET|event=DELIVER|from=node04|to=node02|tick=3|height=0|type=core.Transaction
TICK000000000110|NET|event=DELIVER|from=node04|to=node03|tick=3|height=0|type=core.Transaction
TICK000000000111|NET|event=DELIVER|from=node05|to=node00|tick=3|height=0|type=core.Transaction
TICK000000000112|NET|event=DELIVER|from=node05|to=node03|tick=3|height=0|type=core.Transaction
TICK000000000113|NET|event=DELIVER|from=node06|to=node00|tick=3|height=0|type=core.Transaction
TICK000000000114|NET|event=DELIVER|from=node06|to=node01|tick=3|height=0|type=core.Transaction
TICK000000000115|NODE|node00|RECV|TX|from=node05|sender=node05|nonce=1
TICK000000000116|NODE|node00|RECV|TX|from=node06|sender=node06|nonce=1
TICK000000000117|NODE|node01|RECV|TX|from=node02|sender=node02|nonce=1
TICK000000000118|NODE|node01|RECV|TX|from=node06|sender=node06|nonce=1
TICK000000000119|NODE|node02|RECV|TX|from=node00|sender=node00|nonce=1
TICK000000000120|NODE|node02|RECV|TX|from=node01|sender=node01|nonce=1
TICK000000000121|NODE|node02|RECV|TX|from=node03|sender=node03|nonce=1
TICK000000000122|NODE|node02|RECV|TX|from=node04|sender=node04|nonce=1
TICK000000000123|NODE|node03|RECV|TX|from=node04|sender=node04|nonce=1
TICK000000000124|NODE|node03|RECV|TX|from=node05|sender=node05|nonce=1
TICK000000000125|NODE|node04|RECV|TX|from=node02|sender=node02|nonce=1
TICK000000000126|NET|event=DELIVER|from=node00|to=node00|tick=4|height=0|type=core.Transaction
TICK000000000127|NET|event=DELIVER|from=node00|to=node03|tick=4|height=0|type=core.Transaction
TICK000000000128|NET|event=DELIVER|from=node00|to=node04|tick=4|height=0|type=core.Transaction
TICK000000000129|NET|event=DELIVER|from=node01|to=node00|tick=4|height=0|type=core.Transaction
TICK000000000130|NET|event=DELIVER|from=node01|to=node01|tick=4|height=0|type=core.Transaction
TICK000000000131|NET|event=DELIVER|from=node01|to=node04|tick=4|height=0|type=core.Transaction
TICK000000000132|NET|event=DELIVER|from=node02|to=node00|tick=4|height=0|type=core.Transaction
TICK000000000133|NET|event=DELIVER|from=node03|to=node00|tick=4|height=0|type=core.Transaction
TICK000000000134|NET|event=DELIVER|from=node04|to=node00|tick=4|height=0|type=core.Transaction
TICK000000000135|NET|event=DELIVER|from=node04|to=node04|tick=4|height=0|type=core.Transaction
TICK000000000136|NET|event=DELIVER|from=node05|to=node01|tick=4|height=0|type=core.Transaction
TICK000000000137|NET|event=DELIVER|from=node05|to=node04|tick=4|height=0|type=core.Transaction
TICK000000000138|NET|event=DELIVER|from=node06|to=node02|tick=4|height=0|type=core.Transaction
TICK000000000139|NET|event=DELIVER|from=node06|to=node03|tick=4|height=0|type=core.Transaction
TICK000000000140|NET|event=DELIVER|from=node06|to=node03|tick=4|height=0|type=core.Transaction
TICK000000000141|NET|event=DELIVER|from=node07|to=node00|tick=4|height=0|type=core.Transaction
TICK000000000142|NET|event=DELIVER|from=node07|to=node01|tick=4|height=0|type=core.Transaction
TICK000000000143|NET|event=DELIVER|from=node07|to=node02|tick=4|height=0|type=core.Transaction
TICK000000000144|NET|event=DELIVER|from=node07|to=node03|tick=4|height=0|type=core.Transaction
TICK000000000145|NODE|node00|RECV|TX|from=node01|sender=node01|nonce=1
TICK000000000146|NODE|node00|RECV|TX|from=node02|sender=node02|nonce=1
TICK000000000147|NODE|node00|RECV|TX|from=node03|sender=node03|nonce=1
TICK000000000148|NODE|node00|RECV|TX|from=node04|sender=node04|nonce=1
TICK000000000149|NODE|node00|RECV|TX|from=node07|sender=node07|nonce=1
TICK000000000150|NODE|node01|RECV|TX|from=node05|sender=node05|nonce=1
TICK000000000151|NODE|node01|RECV|TX|from=node07|sender=node07|nonce=1
TICK000000000152|NODE|node02|RECV|TX|from=node06|sender=node06|nonce=1
TICK000000000153|NODE|node02|RECV|TX|from=node07|sender=node07|nonce=1
TICK000000000154|NODE|node03|RECV|TX|from=node00|sender=node00|nonce=1
TICK000000000155|NODE|node03|RECV|TX|from=node06|sender=node06|nonce=1
TICK000000000156|NODE|node03|RECV|TX|from=node07|sender=node07|nonce=1
TICK000000000157|NODE|node04|RECV|TX|from=node00|sender=node00|nonce=1
TICK000000000158|NODE|node04|RECV|TX|from=node01|sender=node01|nonce=1
TICK000000000159|NODE|node04|RECV|TX|from=node05|sender=node05|nonce=1
TICK000000000160|NET|event=UNBLOCK|from=node00|to=|tick=6|height=0|tick=6
TICK000000000161|NET|event=UNBLOCK|from=node01|to=|tick=6|height=0|tick=6
TICK000000000162|NET|event=UNBLOCK|from=node02|to=|tick=6|height=0|tick=6
TICK000000000163|NET|event=UNBLOCK|from=node03|to=|tick=6|height=0|tick=6
TICK000000000164|NET|event=UNBLOCK|from=node04|to=|tick=6|height=0|tick=6
TICK000000000165|NET|event=UNBLOCK|from=node05|to=|tick=6|height=0|tick=6
TICK000000000166|NET|event=UNBLOCK|from=node06|to=|tick=6|height=0|tick=6
TICK000000000167|NET|event=UNBLOCK|from=node07|to=|tick=6|height=0|tick=6
TICK000000000168|NET|event=SEND|from=node00|to=node00|tick=6|height=0|deliver_tick=7|type=core.Transaction
TICK000000000169|NET|event=SEND|from=node00|to=node01|tick=6|height=0|deliver_tick=9|type=core.Transaction
TICK000000000170|NET|event=SEND|from=node00|to=node02|tick=6|height=0|deliver_tick=8|type=core.Transaction
TICK000000000171|NET|event=SEND|from=node00|to=node03|tick=6|height=0|deliver_tick=9|type=core.Transaction
TICK000000000172|NET|event=SEND|from=node00|to=node04|tick=6|height=0|deliver_tick=9|type=core.Transaction
TICK000000000173|NET|event=RATE_BLOCK|from=node00|to=node05|tick=6|height=0|until=11
TICK000000000174|NET|event=BLOCKED|from=node00|to=node06|tick=6|height=0|until=11
TICK000000000175|NET|event=BLOCKED|from=node00|to=node07|tick=6|height=0|until=11
TICK000000000176|NODE|node00|ENQUEUE_TX|nonce=2
TICK000000000177|NET|event=BLOCKED|from=node00|to=node00|tick=6|height=1|until=11
TICK000000000178|NET|event=BLOCKED|from=node00|to=node01|tick=6|height=1|until=11
TICK000000000179|NET|event=BLOCKED|from=node00|to=node02|tick=6|height=1|until=11
TICK000000000180|NET|event=BLOCKED|from=node00|to=node03|tick=6|height=1|until=11
TICK000000000181|NET|event=BLOCKED|from=node00|to=node04|tick=6|height=1|until=11
TICK000000000182|NET|event=BLOCKED|from=node00|to=node05|tick=6|height=1|until=11
TICK000000000183|NET|event=BLOCKED|from=node00|to=node06|tick=6|height=1|until=11
TICK000000000184|NET|event=BLOCKED|from=node00|to=node07|tick=6|height=1|until=11
TICK000000000185|NET|event=BLOCKED|from=node00|to=node00|tick=6|height=1|until=11
TICK000000000186|NODE|node00|SEND_BLOCK|to=node00|H=1
TICK000000000187|NODE|node00|PROPOSE|H=1|txs=8
TICK000000000188|NET|event=SEND|from=node01|to=node00|tick=6|height=0|deliver_tick=9|type=core.Transaction
TICK000000000189|NET|event=SEND|from=node01|to=node01|tick=6|height=0|deliver_tick=8|type=core.Transaction
TICK000000000190|NET|event=SEND|from=node01|to=node02|tick=6|height=0|deliver_tick=9|type=core.Transaction
TICK000000000191|NET|event=SEND|from=node01|to=node03|tick=6|height=0|deliver_tick=8|type=core.Transaction
TICK000000000192|NET|event=DUP|from=node01|to=node03|tick=6|height=0|tick=8
TICK000000000193|NET|event=SEND|from=node01|to=node04|tick=6|height=0|deliver_tick=7|type=core.Transaction
TICK000000000194|NET|event=RATE_BLOCK|from=node01|to=node05|tick=6|height=0|until=11
TICK000000000195|NET|event=BLOCKED|from=node01|to=node06|tick=6|height=0|until=11
TICK000000000196|NET|event=BLOCKED|from=node01|to=node07|tick=6|height=0|until=11
TICK000000000197|NODE|node01|ENQUEUE_TX|nonce=2
TICK000000000198|NET|event=SEND|from=node02|to=node00|tick=6|height=0|deliver_tick=7|type=core.Transaction
TICK000000000199|NET|event=SEND|from=node02|to=node01|tick=6|height=0|deliver_tick=8|type=core.Transaction
TICK000000000200|NET|event=SEND|from=node02|to=node02|tick=6|height=0|deliver_tick=8|type=core.Transaction
TICK000000000201|NET|event=SEND|from=node02|to=node03|tick=6|height=0|deliver_tick=7|type=core.Transaction
TICK000000000202|NET|event=SEND|from=node02|to=node04|tick=6|height=0|deliver_tick=7|type=core.Transaction
TICK000000000203|NET|event=RATE_BLOCK|from=node02|to=node05|tick=6|height=0|until=11
TICK000000000204|NET|event=BLOCKED|from=node02|to=node06|tick=6|height=0|until=11
TICK000000000205|NET|event=BLOCKED|from=node02|to=node07|tick=6|height=0|until=11
TICK000000000206|NODE|node02|ENQUEUE_TX|nonce=2
TICK000000000207|NET|event=SEND|from=node03|to=node00|tick=6|height=0|deliver_tick=9|type=core.Transaction
TICK000000000208|NET|event=SEND|from=node03|to=node01|tick=6|height=0|deliver_tick=7|type=core.Transaction
TICK000000000209|NET|event=SEND|from=node03|to=node02|tick=6|height=0|deliver_tick=7|type=core.Transaction
TICK000000000210|NET|event=SEND|from=node03|to=node03|tick=6|height=0|deliver_tick=9|type=core.Transaction
TICK000000000211|NET|event=SEND|from=node03|to=node04|tick=6|height=0|deliver_tick=8|type=core.Transaction
TICK000000000212|NET|event=RATE_BLOCK|from=node03|to=node05|tick=6|height=0|until=11
TICK000000000213|NET|event=BLOCKED|from=node03|to=node06|tick=6|height=0|until=11
TICK000000000214|NET|event=BLOCKED|from=node03|to=node07|tick=6|height=0|until=11
TICK000000000215|NODE|node03|ENQUEUE_TX|nonce=2
TICK000000000216|NET|event=SEND|from=node04|to=node00|tick=6|height=0|deliver_tick=7|type=core.Transaction
TICK000000000217|NET|event=SEND|from=node04|to=node01|tick=6|height=0|deliver_tick=7|type=core.Transaction
TICK000000000218|NET|event=SEND|from=node04|to=node02|tick=6|height=0|deliver_tick=9|type=core.Transaction
TICK000000000219|NET|event=SEND|from=node04|to=node03|tick=6|height=0|deliver_tick=7|type=core.Transaction
TICK000000000220|NET|event=SEND|from=node04|to=node04|tick=6|height=0|deliver_tick=9|type=core.Transaction
TICK000000000221|NET|event=RATE_BLOCK|from=node04|to=node05|tick=6|height=0|until=11
TICK000000000222|NET|event=BLOCKED|from=node04|to=node06|tick=6|height=0|until=11
TICK000000000223|NET|event=BLOCKED|from=node04|to=node07|tick=6|height=0|until=11
TICK000000000224|NODE|node04|ENQUEUE_TX|nonce=2
TICK000000000225|NET|event=SEND|from=node05|to=node00|tick=6|height=0|deliver_tick=9|type=core.Transaction
TICK000000000226|NET|event=SEND|from=node05|to=node01|tick=6|height=0|deliver_tick=7|type=core.Transaction
TICK000000000227|NET|event=DROP|from=node05|to=node02|tick=6|height=0|lat=1
TICK000000000228|NET|event=SEND|from=node05|to=node03|tick=6|height=0|deliver_tick=9|type=core.Transaction
TICK000000000229|NET|event=SEND|from=node05|to=node04|tick=6|height=0|deliver_tick=7|type=core.Transaction
TICK000000000230|NET|event=RATE_BLOCK|from=node05|to=node05|tick=6|height=0|until=11
TICK000000000231|NET|event=BLOCKED|from=node05|to=node06|tick=6|height=0|until=11
TICK000000000232|NET|event=BLOCKED|from=node05|to=node07|tick=6|height=0|until=11
TICK000000000233|NODE|node05|ENQUEUE_TX|nonce=2
TICK000000000234|NET|event=SEND|from=node06|to=node00|tick=6|height=0|deliver_tick=8|type=core.Transaction
TICK000000000235|NET|event=SEND|from=node06|to=node01|tick=6|height=0|deliver_tick=8|type=core.Transaction
TICK000000000236|NET|event=SEND|from=node06|to=node02|tick=6|height=0|deliver_tick=7|type=core.Transaction
TICK000000000237|NET|event=SEND|from=node06|to=node03|tick=6|height=0|deliver_tick=9|type=core.Transaction
TICK000000000238|NET|event=SEND|from=node06|to=node04|tick=6|height=0|deliver_tick=7|type=core.Transaction
TICK000000000239|NET|event=RATE_BLOCK|from=node06|to=node05|tick=6|height=0|until=11
TICK000000000240|NET|event=BLOCKED|from=node06|to=node06|tick=6|height=0|until=11
TICK000000000241|NET|event=BLOCKED|from=node06|to=node07|tick=6|height=0|until=11
TICK000000000242|NODE|node06|ENQUEUE_TX|nonce=2
TICK000000000243|NET|event=SEND|from=node07|to=node00|tick=6|height=0|deliver_tick=7|type=core.Transaction
TICK000000000244|NET|event=SEND|from=node07|to=node01|tick=6|height=0|deliver_tick=9|type=core.Transaction
TICK000000000245|NET|event=SEND|from=node07|to=node02|tick=6|height=0|deliver_tick=9|type=core.Transaction
TICK000000000246|NET|event=SEND|from=node07|to=node03|tick=6|height=0|deliver_tick=7|type=core.Transaction
TICK000000000247|NET|event=SEND|from=node07|to=node04|tick=6|height=0|deliver_tick=8|type=core.Transaction
TICK000000000248|NET|event=RATE_BLOCK|from=node07|to=node05|tick=6|height=0|until=11
TICK000000000249|NET|event=BLOCKED|from=node07|to=node06|tick=6|height=0|until=11
TICK000000000250|NET|event=BLOCKED|from=node07|to=node07|tick=6|height=0|until=11
TICK000000000251|NODE|node07|ENQUEUE_TX|nonce=2
TICK000000000252|NET|event=DELIVER|from=node00|to=node00|tick=7|height=0|type=core.Transaction
TICK000000000253|NET|event=DELIVER|from=node01|to=node04|tick=7|height=0|type=core.Transaction
TICK000000000254|NET|event=DELIVER|from=node02|to=node00|tick=7|height=0|type=core.Transaction
TICK000000000255|NET|event=DELIVER|from=node02|to=node03|tick=7|height=0|type=core.Transaction
TICK000000000256|NET|event=DELIVER|from=node02|to=node04|tick=7|height=0|type=core.Transaction
TICK000000000257|NET|event=DELIVER|from=node03|to=node01|tick=7|height=0|type=core.Transaction
TICK000000000258|NET|event=DELIVER|from=node03|to=node02|tick=7|height=0|type=core.Transaction
TICK000000000259|NET|event=DELIVER|from=node04|to=node00|tick=7|height=0|type=core.Transaction
TICK000000000260|NET|event=DELIVER|from=node04|to=node01|tick=7|height=0|type=core.Transaction
TICK000000000261|NET|event=DELIVER|from=node04|to=node03|tick=7|height=0|type=core.Transaction
TICK000000000262|NET|event=DELIVER|from=node05|to=node01|tick=7|height=0|type=core.Transaction
TICK000000000263|NET|event=DELIVER|from=node05|to=node04|tick=7|height=0|type=core.Transaction
TICK000000000264|NET|event=DELIVER|from=node06|to=node02|tick=7|height=0|type=core.Transaction
TICK000000000265|NET|event=DELIVER|from=node06|to=node04|tick=7|height=0|type=core.Transaction
TICK000000000266|NET|event=DELIVER|from=node07|to=node00|tick=7|height=0|type=core.Transaction
TICK000000000267|NET|event=DELIVER|from=node07|to=node03|tick=7|height=0|type=core.Transaction
TICK000000000268|NODE|node00|RECV|TX|from=node02|sender=node02|nonce=2
TICK000000000269|NODE|node00|RECV|TX|from=node04|sender=node04|nonce=2
TICK000000000270|NODE|node00|RECV|TX|from=node07|sender=node07|nonce=2
TICK000000000271|NODE|node01|RECV|TX|from=node03|sender=node03|nonce=2
TICK000000000272|NODE|node01|RECV|TX|from=node04|sender=node04|nonce=2
TICK000000000273|NODE|node01|RECV|TX|from=node05|sender=node05|nonce=2
TICK000000000274|NODE|node02|RECV|TX|from=node03|sender=node03|nonce=2
TICK000000000275|NODE|node02|RECV|TX|from=node06|sender=node06|nonce=2
TICK000000000276|NODE|node03|RECV|TX|from=node02|sender=node02|nonce=2
TICK000000000277|NODE|node03|RECV|TX|from=node04|sender=node04|nonce=2
TICK000000000278|NODE|node03|RECV|TX|from=node07|sender=node07|nonce=2
TICK000000000279|NODE|node04|RECV|TX|from=node01|sender=node01|nonce=2
TICK000000000280|NODE|node04|RECV|TX|from=node02|sender=node02|nonce=2
TICK000000000281|NODE|node04|RECV|TX|from=node05|sender=node05|nonce=2
TICK000000000282|NODE|node04|RECV|TX|from=node06|sender=node06|nonce=2
TICK000000000283|NET|event=DELIVER|from=node00|to=node02|tick=8|height=0|type=core.Transaction
TICK000000000284|NET|event=DELIVER|from=node01|to=node01|tick=8|height=0|type=core.Transaction
TICK000000000285|NET|event=DELIVER|from=node01|to=node03|tick=8|height=0|type=core.Transaction
TICK000000000286|NET|event=DELIVER|from=node01|to=node03|tick=8|height=0|type=core.Transaction
TICK000000000287|NET|event=DELIVER|from=node02|to=node01|tick=8|height=0|type=core.Transaction
TICK000000000288|NET|event=DELIVER|from=node02|to=node02|tick=8|height=0|type=core.Transaction
TICK000000000289|NET|event=DELIVER|from=node03|to=node04|tick=8|height=0|type=core.Transaction
TICK000000000290|NET|event=DELIVER|from=node06|to=node00|tick=8|height=0|type=core.Transaction
TICK000000000291|NET|event=DELIVER|from=node06|to=node01|tick=8|height=0|type=core.Transaction
TICK000000000292|NET|event=DELIVER|from=node07|to=node04|tick=8|height=0|type=core.Transaction
TICK000000000293|NODE|node00|RECV|TX|from=node06|sender=node06|nonce=2
TICK000000000294|NODE|node01|RECV|TX|from=node02|sender=node02|nonce=2
TICK000000000295|NODE|node01|RECV|TX|from=node06|sender=node06|nonce=2
TICK000000000296|NODE|node02|RECV|TX|from=node00|sender=node00|nonce=2
TICK000000000297|NODE|node03|RECV|TX|from=node01|sender=node01|nonce=2
TICK000000000298|NODE|node04|RECV|TX|from=node03|sender=node03|nonce=2
TICK000000000299|NET|event=DELIVER|from=node00|to=node01|tick=9|height=0|type=core.Transaction
TICK000000000300|NET|event=DELIVER|from=node00|to=node03|tick=9|height=0|type=core.Transaction
TICK000000000301|NET|event=DELIVER|from=node00|to=node04|tick=9|height=0|type=core.Transaction
TICK000000000302|NET|event=DELIVER|from=node01|to=node00|tick=9|height=0|type=core.Transaction
TICK000000000303|NET|event=DELIVER|from=node01|to=node02|tick=9|height=0|type=core.Transaction
TICK000000000304|NET|event=DELIVER|from=node03|to=node00|tick=9|height=0|type=core.Transaction
TICK000000000305|NET|event=DELIVER|from=node03|to=node03|tick=9|height=0|type=core.Transaction
TICK000000000306|NET|event=DELIVER|from=node04|to=node02|tick=9|height=0|type=core.Transaction
TICK000000000307|NET|event=DELIVER|from=node04|to=node04|tick=9|height=0|type=core.Transaction
TICK000000000308|NET|event=DELIVER|from=node05|to=node00|tick=9|height=0|type=core.Transaction
TICK000000000309|NET|event=DELIVER|from=node05|to=node03|tick=9|height=0|type=core.Transaction
TICK000000000310|NET|event=DELIVER|from=node06|to=node03|tick=9|height=0|type=core.Transaction
TICK000000000311|NET|event=DELIVER|from=node07|to=node01|tick=9|height=0|type=core.Transaction
TICK000000000312|NET|event=DELIVER|from=node07|to=node02|tick=9|height=0|type=core.Transaction
TICK000000000313|NODE|node00|RECV|TX|from=node01|sender=node01|nonce=2
TICK000000000314|NODE|node00|RECV|TX|from=node03|sender=node03|nonce=2
TICK000000000315|NODE|node00|RECV|TX|from=node05|sender=node05|nonce=2
TICK000000000316|NODE|node01|RECV|TX|from=node07|sender=node07|nonce=2
TICK000000000317|NODE|node02|RECV|TX|from=node01|sender=node01|nonce=2
TICK000000000318|NODE|node02|RECV|TX|from=node04|sender=node04|nonce=2
TICK000000000319|NODE|node02|RECV|TX|from=node07|sender=node07|nonce=2
TICK000000000320|NODE|node03|RECV|TX|from=node00|sender=node00|nonce=2
TICK000000000321|NODE|node03|RECV|TX|from=node05|sender=node05|nonce=2
TICK000000000322|NODE|node03|RECV|TX|from=node06|sender=node06|nonce=2
TICK000000000323|NODE|node04|RECV|TX|from=node00|sender=node00|nonce=2
TICK000000000324|NET|event=UNBLOCK|from=node00|to=|tick=11|height=0|tick=11
TICK000000000325|NET|event=UNBLOCK|from=node01|to=|tick=11|height=0|tick=11
TICK000000000326|NET|event=UNBLOCK|from=node02|to=|tick=11|height=0|tick=11
TICK000000000327|NET|event=UNBLOCK|from=node03|to=|tick=11|height=0|tick=11
TICK000000000328|NET|event=UNBLOCK|from=node04|to=|tick=11|height=0|tick=11
TICK000000000329|NET|event=UNBLOCK|from=node05|to=|tick=11|height=0|tick=11
TICK000000000330|NET|event=UNBLOCK|from=node06|to=|tick=11|height=0|tick=11
TICK000000000331|NET|event=UNBLOCK|from=node07|to=|tick=11|height=0|tick=11
TICK000000000332|NET|event=SEND|from=node00|to=node00|tick=11|height=0|deliver_tick=12|type=core.Transaction
TICK000000000333|NET|event=SEND|from=node00|to=node01|tick=11|height=0|deliver_tick=13|type=core.Transaction
TICK000000000334|NET|event=SEND|from=node00|to=node02|tick=11|height=0|deliver_tick=13|type=core.Transaction
TICK000000000335|NET|event=SEND|from=node00|to=node03|tick=11|height=0|deliver_tick=12|type=core.Transaction
TICK000000000336|NET|event=SEND|from=node00|to=node04|tick=11|height=0|deliver_tick=13|type=core.Transaction
TICK000000000337|NET|event=RATE_BLOCK|from=node00|to=node05|tick=11|height=0|until=16
TICK000000000338|NET|event=BLOCKED|from=node00|to=node06|tick=11|height=0|until=16
TICK000000000339|NET|event=BLOCKED|from=node00|to=node07|tick=11|height=0|until=16
TICK000000000340|NODE|node00|ENQUEUE_TX|nonce=3
TICK000000000341|NET|event=BLOCKED|from=node00|to=node00|tick=11|height=1|until=16
TICK000000000342|NET|event=BLOCKED|from=node00|to=node01|tick=11|height=1|until=16
TICK000000000343|NET|event=BLOCKED|from=node00|to=node02|tick=11|height=1|until=16
TICK000000000344|NET|event=BLOCKED|from=node00|to=node03|tick=11|height=1|until=16
TICK000000000345|NET|event=BLOCKED|from=node00|to=node04|tick=11|height=1|until=16
TICK000000000346|NET|event=BLOCKED|from=node00|to=node05|tick=11|height=1|until=16
TICK000000000347|NET|event=BLOCKED|from=node00|to=node06|tick=11|height=1|until=16
TICK000000000348|NET|event=BLOCKED|from=node00|to=node07|tick=11|height=1|until=16
TICK000000000349|NET|event=BLOCKED|from=node00|to=node00|tick=11|height=1|until=16
TICK000000000350|NODE|node00|SEND_BLOCK|to=node00|H=1
TICK000000000351|NODE|node00|PROPOSE|H=1|txs=8
TICK000000000352|NET|event=SEND|from=node01|to=node00|tick=11|height=0|deliver_tick=12|type=core.Transaction
TICK000000000353|NET|event=SEND|from=node01|to=node01|tick=11|height=0|deliver_tick=14|type=core.Transaction
TICK000000000354|NET|event=SEND|from=node01|to=node02|tick=11|height=0|deliver_tick=12|type=core.Transaction
TICK000000000355|NET|event=DROP|from=node01|to=node03|tick=11|height=0|lat=1
TICK000000000356|NET|event=SEND|from=node01|to=node04|tick=11|height=0|deliver_tick=12|type=core.Transaction
TICK000000000357|NET|event=RATE_BLOCK|from=node01|to=node05|tick=11|height=0|until=16
TICK000000000358|NET|event=BLOCKED|from=node01|to=node06|tick=11|height=0|until=16
TICK000000000359|NET|event=BLOCKED|from=node01|to=node07|tick=11|height=0|until=16
TICK000000000360|NODE|node01|ENQUEUE_TX|nonce=3
TICK000000000361|NET|event=SEND|from=node02|to=node00|tick=11|height=0|deliver_tick=12|type=core.Transaction
TICK000000000362|NET|event=SEND|from=node02|to=node01|tick=11|height=0|deliver_tick=14|type=core.Transaction
TICK000000000363|NET|event=SEND|from=node02|to=node02|tick=11|height=0|deliver_tick=12|type=core.Transaction
TICK000000000364|NET|event=SEND|from=node02|to=node03|tick=11|height=0|deliver_tick=12|type=core.Transaction
TICK000000000365|NET|event=SEND|from=node02|to=node04|tick=11|height=0|deliver_tick=14|type=core.Transaction
TICK000000000366|NET|event=RATE_BLOCK|from=node02|to=node05|tick=11|height=0|until=16
TICK000000000367|NET|event=BLOCKED|from=node02|to=node06|tick=11|height=0|until=16
TICK000000000368|NET|event=BLOCKED|from=node02|to=node07|tick=11|height=0|until=16
TICK000000000369|NODE|node02|ENQUEUE_TX|nonce=3
TICK000000000370|NET|event=SEND|from=node03|to=node00|tick=11|height=0|deliver_tick=14|type=core.Transaction
TICK000000000371|NET|event=SEND|from=node03|to=node01|tick=11|height=0|deliver_tick=14|type=core.Transaction
TICK000000000372|NET|event=SEND|from=node03|to=node02|tick=11|height=0|deliver_tick=13|type=core.Transaction
TICK000000000373|NET|event=SEND|from=node03|to=node03|tick=11|height=0|deliver_tick=12|type=core.Transaction
TICK000000000374|NET|event=SEND|from=node03|to=node04|tick=11|height=0|deliver_tick=12|type=core.Transaction
TICK000000000375|NET|event=RATE_BLOCK|from=node03|to=node05|tick=11|height=0|until=16
TICK000000000376|NET|event=BLOCKED|from=node03|to=node06|tick=11|height=0|until=16
TICK000000000377|NET|event=BLOCKED|from=node03|to=node07|tick=11|height=0|until=16
TICK000000000378|NODE|node03|ENQUEUE_TX|nonce=3
TICK000000000379|NET|event=SEND|from=node04|to=node00|tick=11|height=0|deliver_tick=13|type=core.Transaction
TICK000000000380|NET|event=SEND|from=node04|to=node01|tick=11|height=0|deliver_tick=12|type=core.Transaction
TICK000000000381|NET|event=SEND|from=node04|to=node02|tick=11|height=0|deliver_tick=13|type=core.Transaction
TICK000000000382|NET|event=SEND|from=node04|to=node03|tick=11|height=0|deliver_tick=13|type=core.Transaction
TICK000000000383|NET|event=DROP|from=node04|to=node04|tick=11|height=0|lat=1
TICK000000000384|NET|event=RATE_BLOCK|from=node04|to=node05|tick=11|height=0|until=16
TICK000000000385|NET|event=BLOCKED|from=node04|to=node06|tick=11|height=0|until=16
TICK000000000386|NET|event=BLOCKED|from=node04|to=node07|tick=11|height=0|until=16
TICK000000000387|NODE|node04|ENQUEUE_TX|nonce=3
TICK000000000388|NET|event=SEND|from=node05|to=node00|tick=11|height=0|deliver_tick=12|type=core.Transaction
TICK000000000389|NET|event=SEND|from=node05|to=node01|tick=11|height=0|deliver_tick=14|type=core.Transaction
TICK000000000390|NET|event=SEND|from=node05|to=node02|tick=11|height=0|deliver_tick=13|type=core.Transaction
TICK000000000391|NET|event=SEND|from=node05|to=node03|tick=11|height=0|deliver_tick=13|type=core.Transaction
TICK000000000392|NET|event=SEND|from=node05|to=node04|tick=11|height=0|deliver_tick=13|type=core.Transaction
TICK000000000393|NET|event=RATE_BLOCK|from=node05|to=node05|tick=11|height=0|until=16
TICK000000000394|NET|event=BLOCKED|from=node05|to=node06|tick=11|height=0|until=16
TICK000000000395|NET|event=BLOCKED|from=node05|to=node07|tick=11|height=0|until=16
TICK000000000396|NODE|node05|ENQUEUE_TX|nonce=3
TICK000000000397|NET|event=SEND|from=node06|to=node00|tick=11|height=0|deliver_tick=14|type=core.Transaction
TICK000000000398|NET|event=SEND|from=node06|to=node01|tick=11|height=0|deliver_tick=13|type=core.Transaction
TICK000000000399|NET|event=SEND|from=node06|to=node02|tick=11|height=0|deliver_tick=12|type=core.Transaction
TICK000000000400|NET|event=SEND|from=node06|to=node03|tick=11|height=0|deliver_tick=13|type=core.Transaction
TICK000000000401|NET|event=SEND|from=node06|to=node04|tick=11|height=0|deliver_tick=12|type=core.Transaction
TICK000000000402|NET|event=RATE_BLOCK|from=node06|to=node05|tick=11|height=0|until=16
TICK000000000403|NET|event=BLOCKED|from=node06|to=node06|tick=11|height=0|until=16
TICK000000000404|NET|event=BLOCKED|from=node06|to=node07|tick=11|height=0|until=16
TICK000000000405|NODE|node06|ENQUEUE_TX|nonce=3
TICK000000000406|NET|event=SEND|from=node07|to=node00|tick=11|height=0|deliver_tick=14|type=core.Transaction
TICK000000000407|NET|event=SEND|from=node07|to=node01|tick=11|height=0|deliver_tick=14|type=core.Transaction
TICK000000000408|NET|event=SEND|from=node07|to=node02|tick=11|height=0|deliver_tick=13|type=core.Transaction
TICK000000000409|NET|event=SEND|from=node07|to=node03|tick=11|height=0|deliver_tick=12|type=core.Transaction
TICK000000000410|NET|event=SEND|from=node07|to=node04|tick=11|height=0|deliver_tick=13|type=core.Transaction
TICK000000000411|NET|event=RATE_BLOCK|from=node07|to=node05|tick=11|height=0|until=16
TICK000000000412|NET|event=BLOCKED|from=node07|to=node06|tick=11|height=0|until=16
TICK000000000413|NET|event=BLOCKED|from=node07|to=node07|tick=11|height=0|until=16
TICK000000000414|NODE|node07|ENQUEUE_TX|nonce=3
TICK000000000415|NET|event=DELIVER|from=node00|to=node00|tick=12|height=0|type=core.Transaction
TICK000000000416|NET|event=DELIVER|from=node00|to=node03|tick=12|height=0|type=core.Transaction
TICK000000000417|NET|event=DELIVER|from=node01|to=node00|tick=12|height=0|type=core.Transaction
TICK000000000418|NET|event=DELIVER|from=node01|to=node02|tick=12|height=0|type=core.Transaction
TICK000000000419|NET|event=DELIVER|from=node01|to=node04|tick=12|height=0|type=core.Transaction
TICK000000000420|NET|event=DELIVER|from=node02|to=node00|tick=12|height=0|type=core.Transaction
TICK000000000421|NET|event=DELIVER|from=node02|to=node02|tick=12|height=0|type=core.Transaction
TICK000000000422|NET|event=DELIVER|from=node02|to=node03|tick=12|height=0|type=core.Transaction
TICK000000000423|NET|event=DELIVER|from=node03|to=node03|tick=12|height=0|type=core.Transaction
TICK000000000424|NET|event=DELIVER|from=node03|to=node04|tick=12|height=0|type=core.Transaction
TICK000000000425|NET|event=DELIVER|from=node04|to=node01|tick=12|height=0|type=core.Transaction
TICK000000000426|NET|event=DELIVER|from=node05|to=node00|tick=12|height=0|type=core.Transaction
TICK000000000427|NET|event=DELIVER|from=node06|to=node02|tick=12|height=0|type=core.Transaction
TICK000000000428|NET|event=DELIVER|from=node06|to=node04|tick=12|height=0|type=core.Transaction
TICK000000000429|NET|event=DELIVER|from=node07|to=node03|tick=12|height=0|type=core.Transaction
TICK000000000430|NODE|node00|RECV|TX|from=node01|sender=node01|nonce=3
TICK000000000431|NODE|node00|RECV|TX|from=node02|sender=node02|nonce=3
TICK000000000432|NODE|node00|RECV|TX|from=node05|sender=node05|nonce=3
TICK000000000433|NODE|node01|RECV|TX|from=node04|sender=node04|nonce=3
TICK000000000434|NODE|node02|RECV|TX|from=node01|sender=node01|nonce=3
TICK000000000435|NODE|node02|RECV|TX|from=node06|sender=node06|nonce=3
TICK000000000436|NODE|node03|RECV|TX|from=node00|sender=node00|nonce=3
TICK000000000437|NODE|node03|RECV|TX|from=node02|sender=node02|nonce=3
TICK000000000438|NODE|node03|RECV|TX|from=node07|sender=node07|nonce=3
TICK000000000439|NODE|node04|RECV|TX|from=node01|sender=node01|nonce=3
TICK000000000440|NODE|node04|RECV|TX|from=node03|sender=node03|nonce=3
TICK000000000441|NODE|node04|RECV|TX|from=node06|sender=node06|nonce=3
TICK000000000442|NET|event=DELIVER|from=node00|to=node01|tick=13|height=0|type=core.Transaction
TICK000000000443|NET|event=DELIVER|from=node00|to=node02|tick=13|height=0|type=core.Transaction
TICK000000000444|NET|event=DELIVER|from=node00|to=node04|tick=13|height=0|type=core.Transaction
TICK000000000445|NET|event=DELIVER|from=node03|to=node02|tick=13|height=0|type=core.Transaction
TICK000000000446|NET|event=DELIVER|from=node04|to=node00|tick=13|height=0|type=core.Transaction
TICK000000000447|NET|event=DELIVER|from=node04|to=node02|tick=13|height=0|type=core.Transaction
TICK000000000448|NET|event=DELIVER|from=node04|to=node03|tick=13|height=0|type=core.Transaction
TICK000000000449|NET|event=DELIVER|from=node05|to=node02|tick=13|height=0|type=core.Transaction
TICK000000000450|NET|event=DELIVER|from=node05|to=node03|tick=13|height=0|type=core.Transaction
TICK000000000451|NET|event=DELIVER|from=node05|to=node04|tick=13|height=0|type=core.Transaction
TICK000000000452|NET|event=DELIVER|from=node06|to=node01|tick=13|height=0|type=core.Transaction
TICK000000000453|NET|event=DELIVER|from=node06|to=node03|tick=13|height=0|type=core.Transaction
TICK000000000454|NET|event=DELIVER|from=node07|to=node02|tick=13|height=0|type=core.Transaction
TICK000000000455|NET|event=DELIVER|from=node07|to=node04|tick=13|height=0|type=core.Transaction
TICK000000000456|NODE|node00|RECV|TX|from=node04|sender=node04|nonce=3
TICK000000000457|NODE|node01|RECV|TX|from=node06|sender=node06|nonce=3
TICK000000000458|NODE|node02|RECV|TX|from=node00|sender=node00|nonce=3
TICK000000000459|NODE|node02|RECV|TX|from=node03|sender=node03|nonce=3
TICK000000000460|NODE|node02|RECV|TX|from=node04|sender=node04|nonce=3
TICK000000000461|NODE|node02|RECV|TX|from=node07|sender=node07|nonce=3
TICK000000000462|NODE|node03|RECV|TX|from=node04|sender=node04|nonce=3
TICK000000000463|NODE|node03|RECV|TX|from=node05|sender=node05|nonce=3
TICK000000000464|NODE|node03|RECV|TX|from=node06|sender=node06|nonce=3
TICK000000000465|NODE|node04|RECV|TX|from=node00|sender=node00|nonce=3
TICK000000000466|NODE|node04|RECV|TX|from=node05|sender=node05|nonce=3
TICK000000000467|NET|event=DELIVER|from=node01|to=node01|tick=14|height=0|type=core.Transaction
TICK000000000468|NET|event=DELIVER|from=node02|to=node01|tick=14|height=0|type=core.Transaction
TICK000000000469|NET|event=DELIVER|from=node02|to=node04|tick=14|height=0|type=core.Transaction
TICK000000000470|NET|event=DELIVER|from=node03|to=node00|tick=14|height=0|type=core.Transaction
TICK000000000471|NET|event=DELIVER|from=node03|to=node01|tick=14|height=0|type=core.Transaction
TICK000000000472|NET|event=DELIVER|from=node05|to=node01|tick=14|height=0|type=core.Transaction
TICK000000000473|NET|event=DELIVER|from=node06|to=node00|tick=14|height=0|type=core.Transaction
TICK000000000474|NET|event=DELIVER|from=node07|to=node00|tick=14|height=0|type=core.Transaction
TICK000000000475|NET|event=DELIVER|from=node07|to=node01|tick=14|height=0|type=core.Transaction
TICK000000000476|NODE|node00|RECV|TX|from=node03|sender=node03|nonce=3
TICK000000000477|NODE|node00|RECV|TX|from=node06|sender=node06|nonce=3
TICK000000000478|NODE|node00|RECV|TX|from=node07|sender=node07|nonce=3
TICK000000000479|NODE|node01|RECV|TX|from=node02|sender=node02|nonce=3
TICK000000000480|NODE|node01|RECV|TX|from=node03|sender=node03|nonce=3
TICK000000000481|NODE|node01|RECV|TX|from=node05|sender=node05|nonce=3
TICK000000000482|NODE|node01|RECV|TX|from=node07|sender=node07|nonce=3
TICK000000000483|NODE|node04|RECV|TX|from=node02|sender=node02|nonce=3
TICK000000000484|NET|event=UNBLOCK|from=node00|to=|tick=16|height=0|tick=16
TICK000000000485|NET|event=UNBLOCK|from=node01|to=|tick=16|height=0|tick=16
TICK000000000486|NET|event=UNBLOCK|from=node02|to=|tick=16|height=0|tick=16
TICK000000000487|NET|event=UNBLOCK|from=node03|to=|tick=16|height=0|tick=16
TICK000000000488|NET|event=UNBLOCK|from=node04|to=|tick=16|height=0|tick=16
TICK000000000489|NET|event=UNBLOCK|from=node05|to=|tick=16|height=0|tick=16
TICK000000000490|NET|event=UNBLOCK|from=node06|to=|tick=16|height=0|tick=16
TICK000000000491|NET|event=UNBLOCK|from=node07|to=|tick=16|height=0|tick=16
TICK000000000492|NET|event=SEND|from=node00|to=node00|tick=16|height=0|deliver_tick=18|type=core.Transaction
TICK000000000493|NET|event=SEND|from=node00|to=node01|tick=16|height=0|deliver_tick=18|type=core.Transaction
TICK000000000494|NET|event=SEND|from=node00|to=node02|tick=16|height=0|deliver_tick=18|type=core.Transaction
TICK000000000495|NET|event=SEND|from=node00|to=node03|tick=16|height=0|deliver_tick=18|type=core.Transaction
TICK000000000496|NET|event=SEND|from=node00|to=node04|tick=16|height=0|deliver_tick=19|type=core.Transaction
TICK000000000497|NET|event=RATE_BLOCK|from=node00|to=node05|tick=16|height=0|until=21
TICK000000000498|NET|event=BLOCKED|from=node00|to=node06|tick=16|height=0|until=21
TICK000000000499|NET|event=BLOCKED|from=node00|to=node07|tick=16|height=0|until=21
TICK000000000500|NODE|node00|ENQUEUE_TX|nonce=4
TICK000000000501|NET|event=BLOCKED|from=node00|to=node00|tick=16|height=1|until=21
TICK000000000502|NET|event=BLOCKED|from=node00|to=node01|tick=16|height=1|until=21
TICK000000000503|NET|event=BLOCKED|from=node00|to=node02|tick=16|height=1|until=21
TICK000000000504|NET|event=BLOCKED|from=node00|to=node03|tick=16|height=1|until=21
TICK000000000505|NET|event=BLOCKED|from=node00|to=node04|tick=16|height=1|until=21
TICK000000000506|NET|event=BLOCKED|from=node00|to=node05|tick=16|height=1|until=21
TICK000000000507|NET|event=BLOCKED|from=node00|to=node06|tick=16|height=1|until=21
TICK000000000508|NET|event=BLOCKED|from=node00|to=node07|tick=16|height=1|until=21
TICK000000000509|NET|event=BLOCKED|from=node00|to=node00|tick=16|height=1|until=21
TICK000000000510|NODE|node00|SEND_BLOCK|to=node00|H=1
TICK000000000511|NODE|node00|PROPOSE|H=1|txs=8
TICK000000000512|NET|event=SEND|from=node01|to=node00|tick=16|height=0|deliver_tick=17|type=core.Transaction
TICK000000000513|NET|event=SEND|from=node01|to=node01|tick=16|height=0|deliver_tick=19|type=core.Transaction
TICK000000000514|NET|event=SEND|from=node01|to=node02|tick=16|height=0|deliver_tick=18|type=core.Transaction
TICK000000000515|NET|event=SEND|from=node01|to=node03|tick=16|height=0|deliver_tick=19|type=core.Transaction
TICK000000000516|NET|event=SEND|from=node01|to=node04|tick=16|height=0|deliver_tick=18|type=core.Transaction
TICK000000000517|NET|event=RATE_BLOCK|from=node01|to=node05|tick=16|height=0|until=21
TICK000000000518|NET|event=BLOCKED|from=node01|to=node06|tick=16|height=0|until=21
TICK000000000519|NET|event=BLOCKED|from=node01|to=node07|tick=16|height=0|until=21
TICK000000000520|NODE|node01|ENQUEUE_TX|nonce=4
TICK000000000521|NET|event=SEND|from=node02|to=node00|tick=16|height=0|deliver_tick=17|type=core.Transaction
TICK000000000522|NET|event=SEND|from=node02|to=node01|tick=16|height=0|deliver_tick=18|type=core.Transaction
TICK000000000523|NET|event=SEND|from=node02|to=node02|tick=16|height=0|deliver_tick=18|type=core.Transaction
TICK000000000524|NET|event=SEND|from=node02|to=node03|tick=16|height=0|deliver_tick=18|type=core.Transaction
TICK000000000525|NET|event=SEND|from=node02|to=node04|tick=16|height=0|deliver_tick=19|type=core.Transaction
TICK000000000526|NET|event=RATE_BLOCK|from=node02|to=node05|tick=16|height=0|until=21
TICK000000000527|NET|event=BLOCKED|from=node02|to=node06|tick=16|height=0|until=21
TICK000000000528|NET|event=BLOCKED|from=node02|to=node07|tick=16|height=0|until=21
TICK000000000529|NODE|node02|ENQUEUE_TX|nonce=4
TICK000000000530|NET|event=SEND|from=node03|to=node00|tick=16|height=0|deliver_tick=19|type=core.Transaction
TICK000000000531|NET|event=SEND|from=node03|to=node01|tick=16|height=0|deliver_tick=17|type=core.Transaction
TICK000000000532|NET|event=DUP|from=node03|to=node01|tick=16|height=0|tick=17
TICK000000000533|NET|event=SEND|from=node03|to=node02|tick=16|height=0|deliver_tick=19|type=core.Transaction
TICK000000000534|NET|event=SEND|from=node03|to=node03|tick=16|height=0|deliver_tick=17|type=core.Transaction
TICK000000000535|NET|event=SEND|from=node03|to=node04|tick=16|height=0|deliver_tick=18|type=core.Transaction
TICK000000000536|NET|event=RATE_BLOCK|from=node03|to=node05|tick=16|height=0|until=21
TICK000000000537|NET|event=BLOCKED|from=node03|to=node06|tick=16|height=0|until=21
TICK000000000538|NET|event=BLOCKED|from=node03|to=node07|tick=16|height=0|until=21
TICK000000000539|NODE|node03|ENQUEUE_TX|nonce=4
TICK000000000540|NET|event=SEND|from=node04|to=node00|tick=16|height=0|deliver_tick=17|type=core.Transaction
TICK000000000541|NET|event=SEND|from=node04|to=node01|tick=16|height=0|deliver_tick=18|type=core.Transaction
TICK000000000542|NET|event=SEND|from=node04|to=node02|tick=16|height=0|deliver_tick=17|type=core.Transaction
TICK000000000543|NET|event=SEND|from=node04|to=node03|tick=16|height=0|deliver_tick=19|type=core.Transaction
TICK000000000544|NET|event=SEND|from=node04|to=node04|tick=16|height=0|deliver_tick=17|type=core.Transaction
TICK000000000545|NET|event=RATE_BLOCK|from=node04|to=node05|tick=16|height=0|until=21
TICK000000000546|NET|event=BLOCKED|from=node04|to=node06|tick=16|height=0|until=21
TICK000000000547|NET|event=BLOCKED|from=node04|to=node07|tick=16|height=0|until=21
TICK000000000548|NODE|node04|ENQUEUE_TX|nonce=4
TICK000000000549|NET|event=SEND|from=node05|to=node00|tick=16|height=0|deliver_tick=17|type=core.Transaction
TICK000000000550|NET|event=SEND|from=node05|to=node01|tick=16|height=0|deliver_tick=19|type=core.Transaction
TICK000000000551|NET|event=SEND|from=node05|to=node02|tick=16|height=0|deliver_tick=17|type=core.Transaction
TICK000000000552|NET|event=SEND|from=node05|to=node03|tick=16|height=0|deliver_tick=18|type=core.Transaction
TICK000000000553|NET|event=SEND|from=node05|to=node04|tick=16|height=0|deliver_tick=17|type=core.Transaction
TICK000000000554|NET|event=RATE_BLOCK|from=node05|to=node05|tick=16|height=0|until=21
TICK000000000555|NET|event=BLOCKED|from=node05|to=node06|tick=16|height=0|until=21
TICK000000000556|NET|event=BLOCKED|from=node05|to=node07|tick=16|height=0|until=21
TICK000000000557|NODE|node05|ENQUEUE_TX|nonce=4
TICK000000000558|NET|event=SEND|from=node06|to=node00|tick=16|height=0|deliver_tick=18|type=core.Transaction
TICK000000000559|NET|event=SEND|from=node06|to=node01|tick=16|height=0|deliver_tick=19|type=core.Transaction
TICK000000000560|NET|event=SEND|from=node06|to=node02|tick=16|height=0|deliver_tick=18|type=core.Transaction
TICK000000000561|NET|event=SEND|from=node06|to=node03|tick=16|height=0|deliver_tick=17|type=core.Transaction
TICK000000000562|NET|event=SEND|from=node06|to=node04|tick=16|height=0|deliver_tick=18|type=core.Transaction
TICK000000000563|NET|event=RATE_BLOCK|from=node06|to=node05|tick=16|height=0|until=21
TICK000000000564|NET|event=BLOCKED|from=node06|to=node06|tick=16|height=0|until=21
TICK000000000565|NET|event=BLOCKED|from=node06|to=node07|tick=16|height=0|until=21
TICK000000000566|NODE|node06|ENQUEUE_TX|nonce=4
TICK000000000567|NET|event=SEND|from=node07|to=node00|tick=16|height=0|deliver_tick=18|type=core.Transaction
TICK000000000568|NET|event=SEND|from=node07|to=node01|tick=16|height=0|deliver_tick=19|type=core.Transaction
TICK000000000569|NET|event=SEND|from=node07|to=node02|tick=16|height=0|deliver_tick=18|type=core.Transaction
TICK000000000570|NET|event=SEND|from=node07|to=node03|tick=16|height=0|deliver_tick=19|type=core.Transaction
TICK000000000571|NET|event=SEND|from=node07|to=node04|tick=16|height=0|deliver_tick=19|type=core.Transaction
TICK000000000572|NET|event=RATE_BLOCK|from=node07|to=node05|tick=16|height=0|until=21
TICK000000000573|NET|event=BLOCKED|from=node07|to=node06|tick=16|height=0|until=21
TICK000000000574|NET|event=BLOCKED|from=node07|to=node07|tick=16|height=0|until=21
TICK000000000575|NODE|node07|ENQUEUE_TX|nonce=4
TICK000000000576|NET|event=DELIVER|from=node01|to=node00|tick=17|height=0|type=core.Transaction
TICK000000000577|NET|event=DELIVER|from=node02|to=node00|tick=17|height=0|type=core.Transaction
TICK000000000578|NET|event=DELIVER|from=node03|to=node01|tick=17|height=0|type=core.Transaction
TICK000000000579|NET|event=DELIVER|from=node03|to=node01|tick=17|height=0|type=core.Transaction
TICK000000000580|NET|event=DELIVER|from=node03|to=node03|tick=17|height=0|type=core.Transaction
TICK000000000581|NET|event=DELIVER|from=node04|to=node00|tick=17|height=0|type=core.Transaction
TICK000000000582|NET|event=DELIVER|from=node04|to=node02|tick=17|height=0|type=core.Transaction
TICK000000000583|NET|event=DELIVER|from=node04|to=node04|tick=17|height=0|type=core.Transaction
TICK000000000584|NET|event=DELIVER|from=node05|to=node00|tick=17|height=0|type=core.Transaction
TICK000000000585|NET|event=DELIVER|from=node05|to=node02|tick=17|height=0|type=core.Transaction
TICK000000000586|NET|event=DELIVER|from=node05|to=node04|tick=17|height=0|type=core.Transaction
TICK000000000587|NET|event=DELIVER|from=node06|to=node03|tick=17|height=0|type=core.Transaction
TICK000000000588|NODE|node00|RECV|TX|from=node01|sender=node01|nonce=4
TICK000000000589|NODE|node00|RECV|TX|from=node02|sender=node02|nonce=4
TICK000000000590|NODE|node00|RECV|TX|from=node04|sender=node04|nonce=4
TICK000000000591|NODE|node00|RECV|TX|from=node05|sender=node05|nonce=4
TICK000000000592|NODE|node01|RECV|TX|from=node03|sender=node03|nonce=4
TICK000000000593|NODE|node02|RECV|TX|from=node04|sender=node04|nonce=4
TICK000000000594|NODE|node03|RECV|TX|from=node06|sender=node06|nonce=4
TICK000000000595|NODE|node04|RECV|TX|from=node05|sender=node05|nonce=4
TICK000000000596|NET|event=DELIVER|from=node00|to=node00|tick=18|height=0|type=core.Transaction
TICK000000000597|NET|event=DELIVER|from=node00|to=node01|tick=18|height=0|type=core.Transaction
TICK000000000598|NET|event=DELIVER|from=node00|to=node02|tick=18|height=0|type=core.Transaction
TICK000000000599|NET|event=DELIVER|from=node00|to=node03|tick=18|height=0|type=core.Transaction
TICK000000000600|NET|event=DELIVER|from=node01|to=node02|tick=18|height=0|type=core.Transaction
TICK000000000601|NET|event=DELIVER|from=node01|to=node04|tick=18|height=0|type=core.Transaction
TICK000000000602|NET|event=DELIVER|from=node02|to=node01|tick=18|height=0|type=core.Transaction
TICK000000000603|NET|event=DELIVER|from=node02|to=node02|tick=18|height=0|type=core.Transaction
TICK000000000604|NET|event=DELIVER|from=node02|to=node03|tick=18|height=0|type=core.Transaction
TICK000000000605|NET|event=DELIVER|from=node03|to=node04|tick=18|height=0|type=core.Transaction
TICK000000000606|NET|event=DELIVER|from=node04|to=node01|tick=18|height=0|type=core.Transaction
TICK000000000607|NET|event=DELIVER|from=node05|to=node03|tick=18|height=0|type=core.Transaction
TICK000000000608|NET|event=DELIVER|from=node06|to=node00|tick=18|height=0|type=core.Transaction
TICK000000000609|NET|event=DELIVER|from=node06|to=node02|tick=18|height=0|type=core.Transaction
TICK000000000610|NET|event=DELIVER|from=node06|to=node04|tick=18|height=0|type=core.Transaction
TICK000000000611|NET|event=DELIVER|from=node07|to=node00|tick=18|height=0|type=core.Transaction
TICK000000000612|NET|event=DELIVER|from=node07|to=node02|tick=18|height=0|type=core.Transaction
TICK000000000613|NODE|node00|RECV|TX|from=node06|sender=node06|nonce=4
TICK000000000614|NODE|node00|RECV|TX|from=node07|sender=node07|nonce=4
TICK000000000615|NODE|node01|RECV|TX|from=node02|sender=node02|nonce=4
TICK000000000616|NODE|node01|RECV|TX|from=node04|sender=node04|nonce=4
TICK000000000617|NODE|node02|RECV|TX|from=node00|sender=node00|nonce=4
TICK000000000618|NODE|node02|RECV|TX|from=node01|sender=node01|nonce=4
TICK000000000619|NODE|node02|RECV|TX|from=node06|sender=node06|nonce=4
TICK000000000620|NODE|node02|RECV|TX|from=node07|sender=node07|nonce=4
TICK000000000621|NODE|node03|RECV|TX|from=node00|sender=node00|nonce=4
TICK000000000622|NODE|node03|RECV|TX|from=node02|sender=node02|nonce=4
TICK000000000623|NODE|node03|RECV|TX|from=node05|sender=node05|nonce=4
TICK000000000624|NODE|node04|RECV|TX|from=node01|sender=node01|nonce=4
TICK000000000625|NODE|node04|RECV|TX|from=node03|sender=node03|nonce=4
TICK000000000626|NODE|node04|RECV|TX|from=node06|sender=node06|nonce=4
TICK000000000627|NET|event=DELIVER|from=node00|to=node04|tick=19|height=0|type=core.Transaction
TICK000000000628|NET|event=DELIVER|from=node01|to=node01|tick=19|height=0|type=core.Transaction
TICK000000000629|NET|event=DELIVER|from=node01|to=node03|tick=19|height=0|type=core.Transaction
TICK000000000630|NET|event=DELIVER|from=node02|to=node04|tick=19|height=0|type=core.Transaction
TICK000000000631|NET|event=DELIVER|from=node03|to=node00|tick=19|height=0|type=core.Transaction
TICK000000000632|NET|event=DELIVER|from=node03|to=node02|tick=19|height=0|type=core.Transaction
TICK000000000633|NET|event=DELIVER|from=node04|to=node03|tick=19|height=0|type=core.Transaction
TICK000000000634|NET|event=DELIVER|from=node05|to=node01|tick=19|height=0|type=core.Transaction
TICK000000000635|NET|event=DELIVER|from=node06|to=node01|tick=19|height=0|type=core.Transaction
TICK000000000636|NET|event=DELIVER|from=node07|to=node01|tick=19|height=0|type=core.Transaction
TICK000000000637|NET|event=DELIVER|from=node07|to=node03|tick=19|height=0|type=core.Transaction
TICK000000000638|NET|event=DELIVER|from=node07|to=node04|tick=19|height=0|type=core.Transaction
TICK000000000639|NODE|node00|RECV|TX|from=node03|sender=node03|nonce=4
TICK000000000640|NODE|node01|RECV|TX|from=node05|sender=node05|nonce=4
TICK000000000641|NODE|node01|RECV|TX|from=node06|sender=node06|nonce=4
TICK000000000642|NODE|node01|RECV|TX|from=node07|sender=node07|nonce=4
TICK000000000643|NODE|node02|RECV|TX|from=node03|sender=node03|nonce=4
TICK000000000644|NODE|node03|RECV|TX|from=node04|sender=node04|nonce=4
TICK000000000645|NODE|node03|RECV|TX|from=node07|sender=node07|nonce=4
TICK000000000646|NODE|node04|RECV|TX|from=node00|sender=node00|nonce=4
TICK000000000647|NODE|node04|RECV|TX|from=node02|sender=node02|nonce=4
TICK000000000648|NET|event=UNBLOCK|from=node00|to=|tick=21|height=0|tick=21
TICK000000000649|NET|event=UNBLOCK|from=node01|to=|tick=21|height=0|tick=21
TICK000000000650|NET|event=UNBLOCK|from=node02|to=|tick=21|height=0|tick=21
TICK000000000651|NET|event=UNBLOCK|from=node03|to=|tick=21|height=0|tick=21
TICK000000000652|NET|event=UNBLOCK|from=node04|to=|tick=21|height=0|tick=21
TICK000000000653|NET|event=UNBLOCK|from=node05|to=|tick=21|height=0|tick=21
TICK000000000654|NET|event=UNBLOCK|from=node06|to=|tick=21|height=0|tick=21
TICK000000000655|NET|event=UNBLOCK|from=node07|to=|tick=21|height=0|tick=21
TICK000000000656|NET|event=SEND|from=node00|to=node00|tick=21|height=0|deliver_tick=24|type=core.Transaction
TICK000000000657|NET|event=SEND|from=node00|to=node01|tick=21|height=0|deliver_tick=23|type=core.Transaction
TICK000000000658|NET|event=SEND|from=node00|to=node02|tick=21|height=0|deliver_tick=23|type=core.Transaction
TICK000000000659|NET|event=SEND|from=node00|to=node03|tick=21|height=0|deliver_tick=22|type=core.Transaction
TICK000000000660|NET|event=SEND|from=node00|to=node04|tick=21|height=0|deliver_tick=23|type=core.Transaction
TICK000000000661|NET|event=RATE_BLOCK|from=node00|to=node05|tick=21|height=0|until=26
TICK000000000662|NET|event=BLOCKED|from=node00|to=node06|tick=21|height=0|until=26
TICK000000000663|NET|event=BLOCKED|from=node00|to=node07|tick=21|height=0|until=26
TICK000000000664|NODE|node00|ENQUEUE_TX|nonce=5
TICK000000000665|NET|event=BLOCKED|from=node00|to=node00|tick=21|height=1|until=26
TICK000000000666|NET|event=BLOCKED|from=node00|to=node01|tick=21|height=1|until=26
TICK000000000667|NET|event=BLOCKED|from=node00|to=node02|tick=21|height=1|until=26
TICK000000000668|NET|event=BLOCKED|from=node00|to=node03|tick=21|height=1|until=26
TICK000000000669|NET|event=BLOCKED|from=node00|to=node04|tick=21|height=1|until=26
TICK000000000670|NET|event=BLOCKED|from=node00|to=node05|tick=21|height=1|until=26
TICK000000000671|NET|event=BLOCKED|from=node00|to=node06|tick=21|height=1|until=26
TICK000000000672|NET|event=BLOCKED|from=node00|to=node07|tick=21|height=1|until=26
TICK000000000673|NET|event=BLOCKED|from=node00|to=node00|tick=21|height=1|until=26
TICK000000000674|NODE|node00|SEND_BLOCK|to=node00|H=1
TICK000000000675|NODE|node00|PROPOSE|H=1|txs=8
TICK000000000676|NET|event=SEND|from=node01|to=node00|tick=21|height=0|deliver_tick=24|type=core.Transaction
TICK000000000677|NET|event=SEND|from=node01|to=node01|tick=21|height=0|deliver_tick=22|type=core.Transaction
TICK000000000678|NET|event=SEND|from=node01|to=node02|tick=21|height=0|deliver_tick=22|type=core.Transaction
TICK000000000679|NET|event=SEND|from=node01|to=node03|tick=21|height=0|deliver_tick=23|type=core.Transaction
TICK000000000680|NET|event=SEND|from=node01|to=node04|tick=21|height=0|deliver_tick=24|type=core.Transaction
TICK000000000681|NET|event=RATE_BLOCK|from=node01|to=node05|tick=21|height=0|until=26
TICK000000000682|NET|event=BLOCKED|from=node01|to=node06|tick=21|height=0|until=26
TICK000000000683|NET|event=BLOCKED|from=node01|to=node07|tick=21|height=0|until=26
TICK000000000684|NODE|node01|ENQUEUE_TX|nonce=5
TICK000000000685|NET|event=SEND|from=node02|to=node00|tick=21|height=0|deliver_tick=24|type=core.Transaction
TICK000000000686|NET|event=SEND|from=node02|to=node01|tick=21|height=0|deliver_tick=23|type=core.Transaction
TICK000000000687|NET|event=SEND|from=node02|to=node02|tick=21|height=0|deliver_tick=24|type=core.Transaction
TICK000000000688|NET|event=DROP|from=node02|to=node03|tick=21|height=0|lat=2
TICK000000000689|NET|event=SEND|from=node02|to=node04|tick=21|height=0|deliver_tick=22|type=core.Transaction
TICK000000000690|NET|event=RATE_BLOCK|from=node02|to=node05|tick=21|height=0|until=26
TICK000000000691|NET|event=BLOCKED|from=node02|to=node06|tick=21|height=0|until=26
TICK000000000692|NET|event=BLOCKED|from=node02|to=node07|tick=21|height=0|until=26
TICK000000000693|NODE|node02|ENQUEUE_TX|nonce=5
TICK000000000694|NET|event=SEND|from=node03|to=node00|tick=21|height=0|deliver_tick=22|type=core.Transaction
TICK000000000695|NET|event=SEND|from=node03|to=node01|tick=21|height=0|deliver_tick=22|type=core.Transaction
TICK000000000696|NET|event=SEND|from=node03|to=node02|tick=21|height=0|deliver_tick=24|type=core.Transaction
TICK000000000697|NET|event=SEND|from=node03|to=node03|tick=21|height=0|deliver_tick=22|type=core.Transaction
TICK000000000698|NET|event=SEND|from=node03|to=node04|tick=21|height=0|deliver_tick=23|type=core.Transaction
TICK000000000699|NET|event=RATE_BLOCK|from=node03|to=node05|tick=21|height=0|until=26
TICK000000000700|NET|event=BLOCKED|from=node03|to=node06|tick=21|height=0|until=26
TICK000000000701|NET|event=BLOCKED|from=node03|to=node07|tick=21|height=0|until=26
TICK000000000702|NODE|node03|ENQUEUE_TX|nonce=5
TICK000000000703|NET|event=SEND|from=node04|to=node00|tick=21|height=0|deliver_tick=23|type=core.Transaction
TICK000000000704|NET|event=SEND|from=node04|to=node01|tick=21|height=0|deliver_tick=23|type=core.Transaction
TICK000000000705|NET|event=SEND|from=node04|to=node02|tick=21|height=0|deliver_tick=22|type=core.Transaction
TICK000000000706|NET|event=SEND|from=node04|to=node03|tick=21|height=0|deliver_tick=24|type=core.Transaction
TICK000000000707|NET|event=SEND|from=node04|to=node04|tick=21|height=0|deliver_tick=23|type=core.Transaction
TICK000000000708|NET|event=RATE_BLOCK|from=node04|to=node05|tick=21|height=0|until=26
TICK000000000709|NET|event=BLOCKED|from=node04|to=node06|tick=21|height=0|until=26
TICK000000000710|NET|event=BLOCKED|from=node04|to=node07|tick=21|height=0|until=26
TICK000000000711|NODE|node04|ENQUEUE_TX|nonce=5
TICK000000000712|NET|event=SEND|from=node05|to=node00|tick=21|height=0|deliver_tick=22|type=core.Transaction
TICK000000000713|NET|event=SEND|from=node05|to=node01|tick=21|height=0|deliver_tick=22|type=core.Transaction
TICK000000000714|NET|event=SEND|from=node05|to=node02|tick=21|height=0|deliver_tick=22|type=core.Transaction
TICK000000000715|NET|event=SEND|from=node05|to=node03|tick=21|height=0|deliver_tick=24|type=core.Transaction
TICK000000000716|NET|event=SEND|from=node05|to=node04|tick=21|height=0|deliver_tick=22|type=core.Transaction
TICK000000000717|NET|event=RATE_BLOCK|from=node05|to=node05|tick=21|height=0|until=26
TICK000000000718|NET|event=BLOCKED|from=node05|to=node06|tick=21|height=0|until=26
TICK000000000719|NET|event=BLOCKED|from=node05|to=node07|tick=21|height=0|until=26
TICK000000000720|NODE|node05|ENQUEUE_TX|nonce=5
TICK000000000721|NET|event=SEND|from=node06|to=node00|tick=21|height=0|deliver_tick=24|type=core.Transaction
TICK000000000722|NET|event=SEND|from=node06|to=node01|tick=21|height=0|deliver_tick=24|type=core.Transaction
TICK000000000723|NET|event=SEND|from=node06|to=node02|tick=21|height=0|deliver_tick=23|type=core.Transaction
TICK000000000724|NET|event=SEND|from=node06|to=node03|tick=21|height=0|deliver_tick=24|type=core.Transaction
TICK000000000725|NET|event=SEND|from=node06|to=node04|tick=21|height=0|deliver_tick=24|type=core.Transaction
TICK000000000726|NET|event=RATE_BLOCK|from=node06|to=node05|tick=21|height=0|until=26
TICK000000000727|NET|event=BLOCKED|from=node06|to=node06|tick=21|height=0|until=26
TICK000000000728|NET|event=BLOCKED|from=node06|to=node07|tick=21|height=0|until=26
TICK000000000729|NODE|node06|ENQUEUE_TX|nonce=5
TICK000000000730|NET|event=SEND|from=node07|to=node00|tick=21|height=0|deliver_tick=24|type=core.Transaction
TICK000000000731|NET|event=SEND|from=node07|to=node01|tick=21|height=0|deliver_tick=23|type=core.Transaction
TICK000000000732|NET|event=SEND|from=node07|to=node02|tick=21|height=0|deliver_tick=24|type=core.Transaction
TICK000000000733|NET|event=SEND|from=node07|to=node03|tick=21|height=0|deliver_tick=24|type=core.Transaction
TICK000000000734|NET|event=SEND|from=node07|to=node04|tick=21|height=0|deliver_tick=23|type=core.Transaction
TICK000000000735|NET|event=RATE_BLOCK|from=node07|to=node05|tick=21|height=0|until=26
TICK000000000736|NET|event=BLOCKED|from=node07|to=node06|tick=21|height=0|until=26
TICK000000000737|NET|event=BLOCKED|from=node07|to=node07|tick=21|height=0|until=26
TICK000000000738|NODE|node07|ENQUEUE_TX|nonce=5
TICK000000000739|NET|event=DELIVER|from=node00|to=node03|tick=22|height=0|type=core.Transaction
TICK000000000740|NET|event=DELIVER|from=node01|to=node01|tick=22|height=0|type=core.Transaction
TICK000000000741|NET|event=DELIVER|from=node01|to=node02|tick=22|height=0|type=core.Transaction
TICK000000000742|NET|event=DELIVER|from=node02|to=node04|tick=22|height=0|type=core.Transaction
TICK000000000743|NET|event=DELIVER|from=node03|to=node00|tick=22|height=0|type=core.Transaction
TICK000000000744|NET|event=DELIVER|from=node03|to=node01|tick=22|height=0|type=core.Transaction
TICK000000000745|NET|event=DELIVER|from=node03|to=node03|tick=22|height=0|type=core.Transaction
TICK000000000746|NET|event=DELIVER|from=node04|to=node02|tick=22|height=0|type=core.Transaction
TICK000000000747|NET|event=DELIVER|from=node05|to=node00|tick=22|height=0|type=core.Transaction
TICK000000000748|NET|event=DELIVER|from=node05|to=node01|tick=22|height=0|type=core.Transaction
TICK000000000749|NET|event=DELIVER|from=node05|to=node02|tick=22|height=0|type=core.Transaction
TICK000000000750|NET|event=DELIVER|from=node05|to=node04|tick=22|height=0|type=core.Transaction
TICK000000000751|NODE|node00|RECV|TX|from=node03|sender=node03|nonce=5
TICK000000000752|NODE|node00|RECV|TX|from=node05|sender=node05|nonce=5
TICK000000000753|NODE|node01|RECV|TX|from=node03|sender=node03|nonce=5
TICK000000000754|NODE|node01|RECV|TX|from=node05|sender=node05|nonce=5
TICK000000000755|NODE|node02|RECV|TX|from=node01|sender=node01|nonce=5
TICK000000000756|NODE|node02|RECV|TX|from=node04|sender=node04|nonce=5
TICK000000000757|NODE|node03|RECV|TX|from=node00|sender=node00|nonce=5
TICK000000000758|NODE|node04|RECV|TX|from=node02|sender=node02|nonce=5
TICK000000000759|NODE|node04|RECV|TX|from=node05|sender=node05|nonce=5
TICK000000000760|NET|event=DELIVER|from=node00|to=node01|tick=23|height=0|type=core.Transaction
TICK000000000761|NET|event=DELIVER|from=node00|to=node02|tick=23|height=0|type=core.Transaction
TICK000000000762|NET|event=DELIVER|from=node00|to=node04|tick=23|height=0|type=core.Transaction
TICK000000000763|NET|event=DELIVER|from=node01|to=node03|tick=23|height=0|type=core.Transaction
TICK000000000764|NET|event=DELIVER|from=node02|to=node01|tick=23|height=0|type=core.Transaction
TICK000000000765|NET|event=DELIVER|from=node03|to=node04|tick=23|height=0|type=core.Transaction
TICK000000000766|NET|event=DELIVER|from=node04|to=node00|tick=23|height=0|type=core.Transaction
TICK000000000767|NET|event=DELIVER|from=node04|to=node01|tick=23|height=0|type=core.Transaction
TICK000000000768|NET|event=DELIVER|from=node04|to=node04|tick=23|height=0|type=core.Transaction
TICK000000000769|NET|event=DELIVER|from=node06|to=node02|tick=23|height=0|type=core.Transaction
TICK000000000770|NET|event=DELIVER|from=node07|to=node01|tick=23|height=0|type=core.Transaction
TICK000000000771|NET|event=DELIVER|from=node07|to=node04|tick=23|height=0|type=core.Transaction
TICK000000000772|NODE|node00|RECV|TX|from=node04|sender=node04|nonce=5
TICK000000000773|NODE|node01|RECV|TX|from=node02|sender=node02|nonce=5
TICK000000000774|NODE|node01|RECV|TX|from=node04|sender=node04|nonce=5
TICK000000000775|NODE|node01|RECV|TX|from=node07|sender=node07|nonce=5
TICK000000000776|NODE|node02|RECV|TX|from=node00|sender=node00|nonce=5
TICK000000000777|NODE|node02|RECV|TX|from=node06|sender=node06|nonce=5
TICK000000000778|NODE|node04|RECV|TX|from=node00|sender=node00|nonce=5
TICK000000000779|NODE|node04|RECV|TX|from=node03|sender=node03|nonce=5
TICK000000000780|NET|event=DELIVER|from=node00|to=node00|tick=24|height=0|type=core.Transaction
TICK000000000781|NET|event=DELIVER|from=node01|to=node00|tick=24|height=0|type=core.Transaction
TICK000000000782|NET|event=DELIVER|from=node01|to=node04|tick=24|height=0|type=core.Transaction
TICK000000000783|NET|event=DELIVER|from=node02|to=node00|tick=24|height=0|type=core.Transaction
TICK000000000784|NET|event=DELIVER|from=node02|to=node02|tick=24|height=0|type=core.Transaction
TICK000000000785|NET|event=DELIVER|from=node03|to=node02|tick=24|height=0|type=core.Transaction
TICK000000000786|NET|event=DELIVER|from=node04|to=node03|tick=24|height=0|type=core.Transaction
TICK000000000787|NET|event=DELIVER|from=node05|to=node03|tick=24|height=0|type=core.Transaction
TICK000000000788|NET|event=DELIVER|from=node06|to=node00|tick=24|height=0|type=core.Transaction
TICK000000000789|NET|event=DELIVER|from=node06|to=node01|tick=24|height=0|type=core.Transaction
TICK000000000790|NET|event=DELIVER|from=node06|to=node03|tick=24|height=0|type=core.Transaction
TICK000000000791|NET|event=DELIVER|from=node06|to=node04|tick=24|height=0|type=core.Transaction
TICK000000000792|NET|event=DELIVER|from=node07|to=node00|tick=24|height=0|type=core.Transaction
TICK000000000793|NET|event=DELIVER|from=node07|to=node02|tick=24|height=0|type=core.Transaction
TICK000000000794|NET|event=DELIVER|from=node07|to=node03|tick=24|height=0|type=core.Transaction
TICK000000000795|NODE|node00|RECV|TX|from=node01|sender=node01|nonce=5
TICK000000000796|NODE|node00|RECV|TX|from=node02|sender=node02|nonce=5
TICK000000000797|NODE|node00|RECV|TX|from=node06|sender=node06|nonce=5
TICK000000000798|NODE|node00|RECV|TX|from=node07|sender=node07|nonce=5
TICK000000000799|NODE|node01|RECV|TX|from=node06|sender=node06|nonce=5
TICK000000000800|NODE|node02|RECV|TX|from=node03|sender=node03|nonce=5
TICK000000000801|NODE|node02|RECV|TX|from=node07|sender=node07|nonce=5
TICK000000000802|NODE|node03|RECV|TX|from=node04|sender=node04|nonce=5
TICK000000000803|NODE|node03|RECV|TX|from=node05|sender=node05|nonce=5
TICK000000000804|NODE|node03|RECV|TX|from=node06|sender=node06|nonce=5
TICK000000000805|NODE|node03|RECV|TX|from=node07|sender=node07|nonce=5
TICK000000000806|NODE|node04|RECV|TX|from=node01|sender=node01|nonce=5
TICK000000000807|NODE|node04|RECV|TX|from=node06|sender=node06|nonce=5
TICK000000000808|NET|event=UNBLOCK|from=node00|to=|tick=26|height=0|tick=26
TICK000000000809|NET|event=UNBLOCK|from=node01|to=|tick=26|height=0|tick=26
TICK000000000810|NET|event=UNBLOCK|from=node02|to=|tick=26|height=0|tick=26
TICK000000000811|NET|event=UNBLOCK|from=node03|to=|tick=26|height=0|tick=26
TICK000000000812|NET|event=UNBLOCK|from=node04|to=|tick=26|height=0|tick=26
TICK000000000813|NET|event=UNBLOCK|from=node05|to=|tick=26|height=0|tick=26
TICK000000000814|NET|event=UNBLOCK|from=node06|to=|tick=26|height=0|tick=26
TICK000000000815|NET|event=UNBLOCK|from=node07|to=|tick=26|height=0|tick=26
TICK000000000816|NET|event=SEND|from=node00|to=node00|tick=26|height=0|deliver_tick=27|type=core.Transaction
TICK000000000817|NET|event=SEND|from=node00|to=node01|tick=26|height=0|deliver_tick=28|type=core.Transaction
TICK000000000818|NET|event=SEND|from=node00|to=node02|tick=26|height=0|deliver_tick=28|type=core.Transaction
TICK000000000819|NET|event=SEND|from=node00|to=node03|tick=26|height=0|deliver_tick=29|type=core.Transaction
TICK000000000820|NET|event=SEND|from=node00|to=node04|tick=26|height=0|deliver_tick=27|type=core.Transaction
TICK000000000821|NET|event=RATE_BLOCK|from=node00|to=node05|tick=26|height=0|until=31
TICK000000000822|NET|event=BLOCKED|from=node00|to=node06|tick=26|height=0|until=31
TICK000000000823|NET|event=BLOCKED|from=node00|to=node07|tick=26|height=0|until=31
TICK000000000824|NODE|node00|ENQUEUE_TX|nonce=6
TICK000000000825|NET|event=BLOCKED|from=node00|to=node00|tick=26|height=1|until=31
TICK000000000826|NET|event=BLOCKED|from=node00|to=node01|tick=26|height=1|until=31
TICK000000000827|NET|event=BLOCKED|from=node00|to=node02|tick=26|height=1|until=31
TICK000000000828|NET|event=BLOCKED|from=node00|to=node03|tick=26|height=1|until=31
TICK000000000829|NET|event=BLOCKED|from=node00|to=node04|tick=26|height=1|until=31
TICK000000000830|NET|event=BLOCKED|from=node00|to=node05|tick=26|height=1|until=31
TICK000000000831|NET|event=BLOCKED|from=node00|to=node06|tick=26|height=1|until=31
TICK000000000832|NET|event=BLOCKED|from=node00|to=node07|tick=26|height=1|until=31
TICK000000000833|NET|event=BLOCKED|from=node00|to=node00|tick=26|height=1|until=31
TICK000000000834|NODE|node00|SEND_BLOCK|to=node00|H=1
TICK000000000835|NODE|node00|PROPOSE|H=1|txs=8
TICK000000000836|NET|event=SEND|from=node01|to=node00|tick=26|height=0|deliver_tick=28|type=core.Transaction
TICK000000000837|NET|event=SEND|from=node01|to=node01|tick=26|height=0|deliver_tick=27|type=core.Transaction
TICK000000000838|NET|event=SEND|from=node01|to=node02|tick=26|height=0|deliver_tick=28|type=core.Transaction
TICK000000000839|NET|event=DROP|from=node01|to=node03|tick=26|height=0|lat=2
TICK000000000840|NET|event=SEND|from=node01|to=node04|tick=26|height=0|deliver_tick=29|type=core.Transaction
TICK000000000841|NET|event=RATE_BLOCK|from=node01|to=node05|tick=26|height=0|until=31
TICK000000000842|NET|event=BLOCKED|from=node01|to=node06|tick=26|height=0|until=31
TICK000000000843|NET|event=BLOCKED|from=node01|to=node07|tick=26|height=0|until=31
TICK000000000844|NODE|node01|ENQUEUE_TX|nonce=6
TICK000000000845|NET|event=SEND|from=node02|to=node00|tick=26|height=0|deliver_tick=28|type=core.Transaction
TICK000000000846|NET|event=SEND|from=node02|to=node01|tick=26|height=0|deliver_tick=28|type=core.Transaction
TICK000000000847|NET|event=DROP|from=node02|to=node02|tick=26|height=0|lat=1
TICK000000000848|NET|event=SEND|from=node02|to=node03|tick=26|height=0|deliver_tick=27|type=core.Transaction
TICK000000000849|NET|event=DUP|from=node02|to=node03|tick=26|height=0|tick=27
TICK000000000850|NET|event=SEND|from=node02|to=node04|tick=26|height=0|deliver_tick=29|type=core.Transaction
TICK000000000851|NET|event=RATE_BLOCK|from=node02|to=node05|tick=26|height=0|until=31
TICK000000000852|NET|event=BLOCKED|from=node02|to=node06|tick=26|height=0|until=31
TICK000000000853|NET|event=BLOCKED|from=node02|to=node07|tick=26|height=0|until=31
TICK000000000854|NODE|node02|ENQUEUE_TX|nonce=6
TICK000000000855|NET|event=SEND|from=node03|to=node00|tick=26|height=0|deliver_tick=29|type=core.Transaction
TICK000000000856|NET|event=DUP|from=node03|to=node00|tick=26|height=0|tick=29
TICK000000000857|NET|event=SEND|from=node03|to=node01|tick=26|height=0|deliver_tick=28|type=core.Transaction
TICK000000000858|NET|event=SEND|from=node03|to=node02|tick=26|height=0|deliver_tick=29|type=core.Transaction
TICK000000000859|NET|event=SEND|from=node03|to=node03|tick=26|height=0|deliver_tick=29|type=core.Transaction
TICK000000000860|NET|event=SEND|from=node03|to=node04|tick=26|height=0|deliver_tick=27|type=core.Transaction
TICK000000000861|NET|event=RATE_BLOCK|from=node03|to=node05|tick=26|height=0|until=31
TICK000000000862|NET|event=BLOCKED|from=node03|to=node06|tick=26|height=0|until=31
TICK000000000863|NET|event=BLOCKED|from=node03|to=node07|tick=26|height=0|until=31
TICK000000000864|NODE|node03|ENQUEUE_TX|nonce=6
TICK000000000865|NET|event=SEND|from=node04|to=node00|tick=26|height=0|deliver_tick=28|type=core.Transaction
TICK000000000866|NET|event=SEND|from=node04|to=node01|tick=26|height=0|deliver_tick=29|type=core.Transaction
TICK000000000867|NET|event=SEND|from=node04|to=node02|tick=26|height=0|deliver_tick=29|type=core.Transaction
TICK000000000868|NET|event=SEND|from=node04|to=node03|tick=26|height=0|deliver_tick=28|type=core.Transaction
TICK000000000869|NET|event=SEND|from=node04|to=node04|tick=26|height=0|deliver_tick=29|type=core.Transaction
TICK000000000870|NET|event=RATE_BLOCK|from=node04|to=node05|tick=26|height=0|until=31
TICK000000000871|NET|event=BLOCKED|from=node04|to=node06|tick=26|height=0|until=31
TICK000000000872|NET|event=BLOCKED|from=node04|to=node07|tick=26|height=0|until=31
TICK000000000873|NODE|node04|ENQUEUE_TX|nonce=6
TICK000000000874|NET|event=SEND|from=node05|to=node00|tick=26|height=0|deliver_tick=27|type=core.Transaction
TICK000000000875|NET|event=SEND|from=node05|to=node01|tick=26|height=0|deliver_tick=29|type=core.Transaction
TICK000000000876|NET|event=SEND|from=node05|to=node02|tick=26|height=0|deliver_tick=28|type=core.Transaction
TICK000000000877|NET|event=SEND|from=node05|to=node03|tick=26|height=0|deliver_tick=27|type=core.Transaction
TICK000000000878|NET|event=SEND|from=node05|to=node04|tick=26|height=0|deliver_tick=29|type=core.Transaction
TICK000000000879|NET|event=DUP|from=node05|to=node04|tick=26|height=0|tick=29
TICK000000000880|NET|event=RATE_BLOCK|from=node05|to=node05|tick=26|height=0|until=31
TICK000000000881|NET|event=BLOCKED|from=node05|to=node06|tick=26|height=0|until=31
TICK000000000882|NET|event=BLOCKED|from=node05|to=node07|tick=26|height=0|until=31
TICK000000000883|NODE|node05|ENQUEUE_TX|nonce=6
TICK000000000884|NET|event=SEND|from=node06|to=node00|tick=26|height=0|deliver_tick=27|type=core.Transaction
TICK000000000885|NET|event=SEND|from=node06|to=node01|tick=26|height=0|deliver_tick=29|type=core.Transaction
TICK000000000886|NET|event=SEND|from=node06|to=node02|tick=26|height=0|deliver_tick=27|type=core.Transaction
TICK000000000887|NET|event=SEND|from=node06|to=node03|tick=26|height=0|deliver_tick=28|type=core.Transaction
TICK000000000888|NET|event=SEND|from=node06|to=node04|tick=26|height=0|deliver_tick=28|type=core.Transaction
TICK000000000889|NET|event=RATE_BLOCK|from=node06|to=node05|tick=26|height=0|until=31
TICK000000000890|NET|event=BLOCKED|from=node06|to=node06|tick=26|height=0|until=31
TICK000000000891|NET|event=BLOCKED|from=node06|to=node07|tick=26|height=0|until=31
TICK000000000892|NODE|node06|ENQUEUE_TX|nonce=6
TICK000000000893|NET|event=SEND|from=node07|to=node00|tick=26|height=0|deliver_tick=28|type=core.Transaction
TICK000000000894|NET|event=SEND|from=node07|to=node01|tick=26|height=0|deliver_tick=27|type=core.Transaction
TICK000000000895|NET|event=SEND|from=node07|to=node02|tick=26|height=0|deliver_tick=29|type=core.Transaction
TICK000000000896|NET|event=SEND|from=node07|to=node03|tick=26|height=0|deliver_tick=27|type=core.Transaction
TICK000000000897|NET|event=SEND|from=node07|to=node04|tick=26|height=0|deliver_tick=27|type=core.Transaction
TICK000000000898|NET|event=RATE_BLOCK|from=node07|to=node05|tick=26|height=0|until=31
TICK000000000899|NET|event=BLOCKED|from=node07|to=node06|tick=26|height=0|until=31
TICK000000000900|NET|event=BLOCKED|from=node07|to=node07|tick=26|height=0|until=31
TICK000000000901|NODE|node07|ENQUEUE_TX|nonce=6
TICK000000000902|NET|event=DELIVER|from=node00|to=node00|tick=27|height=0|type=core.Transaction
TICK000000000903|NET|event=DELIVER|from=node00|to=node04|tick=27|height=0|type=core.Transaction
TICK000000000904|NET|event=DELIVER|from=node01|to=node01|tick=27|height=0|type=core.Transaction
TICK000000000905|NET|event=DELIVER|from=node02|to=node03|tick=27|height=0|type=core.Transaction
TICK000000000906|NET|event=DELIVER|from=node02|to=node03|tick=27|height=0|type=core.Transaction
TICK000000000907|NET|event=DELIVER|from=node03|to=node04|tick=27|height=0|type=core.Transaction
TICK000000000908|NET|event=DELIVER|from=node05|to=node00|tick=27|height=0|type=core.Transaction
TICK000000000909|NET|event=DELIVER|from=node05|to=node03|tick=27|height=0|type=core.Transaction
TICK000000000910|NET|event=DELIVER|from=node06|to=node00|tick=27|height=0|type=core.Transaction
TICK000000000911|NET|event=DELIVER|from=node06|to=node02|tick=27|height=0|type=core.Transaction
TICK000000000912|NET|event=DELIVER|from=node07|to=node01|tick=27|height=0|type=core.Transaction
TICK000000000913|NET|event=DELIVER|from=node07|to=node03|tick=27|height=0|type=core.Transaction
TICK000000000914|NET|event=DELIVER|from=node07|to=node04|tick=27|height=0|type=core.Transaction
TICK000000000915|NODE|node00|RECV|TX|from=node05|sender=node05|nonce=6
TICK000000000916|NODE|node00|RECV|TX|from=node06|sender=node06|nonce=6
TICK000000000917|NODE|node01|RECV|TX|from=node07|sender=node07|nonce=6
TICK000000000918|NODE|node02|RECV|TX|from=node06|sender=node06|nonce=6
TICK000000000919|NODE|node03|RECV|TX|from=node05|sender=node05|nonce=6
TICK000000000920|NODE|node03|RECV|TX|from=node07|sender=node07|nonce=6
TICK000000000921|NODE|node04|RECV|TX|from=node00|sender=node00|nonce=6
TICK000000000922|NODE|node04|RECV|TX|from=node03|sender=node03|nonce=6
TICK000000000923|NET|event=DELIVER|from=node00|to=node01|tick=28|height=0|type=core.Transaction
TICK000000000924|NET|event=DELIVER|from=node00|to=node02|tick=28|height=0|type=core.Transaction
TICK000000000925|NET|event=DELIVER|from=node01|to=node00|tick=28|height=0|type=core.Transaction
TICK000000000926|NET|event=DELIVER|from=node01|to=node02|tick=28|height=0|type=core.Transaction
TICK000000000927|NET|event=DELIVER|from=node02|to=node00|tick=28|height=0|type=core.Transaction
TICK000000000928|NET|event=DELIVER|from=node02|to=node01|tick=28|height=0|type=core.Transaction
TICK000000000929|NET|event=DELIVER|from=node03|to=node01|tick=28|height=0|type=core.Transaction
TICK000000000930|NET|event=DELIVER|from=node04|to=node00|tick=28|height=0|type=core.Transaction
TICK000000000931|NET|event=DELIVER|from=node04|to=node03|tick=28|height=0|type=core.Transaction
TICK000000000932|NET|event=DELIVER|from=node05|to=node02|tick=28|height=0|type=core.Transaction
TICK000000000933|NET|event=DELIVER|from=node06|to=node03|tick=28|height=0|type=core.Transaction
TICK000000000934|NET|event=DELIVER|from=node06|to=node04|tick=28|height=0|type=core.Transaction
TICK000000000935|NET|event=DELIVER|from=node07|to=node00|tick=28|height=0|type=core.Transaction
TICK000000000936|NODE|node00|RECV|TX|from=node01|sender=node01|nonce=6
TICK000000000937|NODE|node00|RECV|TX|from=node02|sender=node02|nonce=6
TICK000000000938|NODE|node00|RECV|TX|from=node04|sender=node04|nonce=6
TICK000000000939|NODE|node00|RECV|TX|from=node07|sender=node07|nonce=6
TICK000000000940|NODE|node01|RECV|TX|from=node02|sender=node02|nonce=6
TICK000000000941|NODE|node01|RECV|TX|from=node03|sender=node03|nonce=6
TICK000000000942|NODE|node02|RECV|TX|from=node00|sender=node00|nonce=6
TICK000000000943|NODE|node02|RECV|TX|from=node01|sender=node01|nonce=6
TICK000000000944|NODE|node03|RECV|TX|from=node04|sender=node04|nonce=6
TICK000000000945|NODE|node03|RECV|TX|from=node06|sender=node06|nonce=6
TICK000000000946|NODE|node04|RECV|TX|from=node06|sender=node06|nonce=6
TICK000000000947|NET|event=DELIVER|from=node00|to=node03|tick=29|height=0|type=core.Transaction
TICK000000000948|NET|event=DELIVER|from=node01|to=node04|tick=29|height=0|type=core.Transaction
TICK000000000949|NET|event=DELIVER|from=node02|to=node04|tick=29|height=0|type=core.Transaction
TICK000000000950|NET|event=DELIVER|from=node03|to=node00|tick=29|height=0|type=core.Transaction
TICK000000000951|NET|event=DELIVER|from=node03|to=node00|tick=29|height=0|type=core.Transaction
TICK000000000952|NET|event=DELIVER|from=node03|to=node02|tick=29|height=0|type=core.Transaction
TICK000000000953|NET|event=DELIVER|from=node03|to=node03|tick=29|height=0|type=core.Transaction
TICK000000000954|NET|event=DELIVER|from=node04|to=node01|tick=29|height=0|type=core.Transaction
TICK000000000955|NET|event=DELIVER|from=node04|to=node02|tick=29|height=0|type=core.Transaction
TICK000000000956|NET|event=DELIVER|from=node04|to=node04|tick=29|height=0|type=core.Transaction
TICK000000000957|NET|event=DELIVER|from=node05|to=node01|tick=29|height=0|type=core.Transaction
TICK000000000958|NET|event=DELIVER|from=node05|to=node04|tick=29|height=0|type=core.Transaction
TICK000000000959|NET|event=DELIVER|from=node05|to=node04|tick=29|height=0|type=core.Transaction
TICK000000000960|NET|event=DELIVER|from=node06|to=node01|tick=29|height=0|type=core.Transaction
TICK000000000961|NET|event=DELIVER|from=node07|to=node02|tick=29|height=0|type=core.Transaction
TICK000000000962|NODE|node00|RECV|TX|from=node03|sender=node03|nonce=6
TICK000000000963|NODE|node01|RECV|TX|from=node04|sender=node04|nonce=6
TICK000000000964|NODE|node01|RECV|TX|from=node05|sender=node05|nonce=6
TICK000000000965|NODE|node01|RECV|TX|from=node06|sender=node06|nonce=6
TICK000000000966|NODE|node02|RECV|TX|from=node03|sender=node03|nonce=6
TICK000000000967|NODE|node02|RECV|TX|from=node04|sender=node04|nonce=6
TICK000000000968|NODE|node02|RECV|TX|from=node07|sender=node07|nonce=6
TICK000000000969|NODE|node03|RECV|TX|from=node00|sender=node00|nonce=6
TICK000000000970|NODE|node04|RECV|TX|from=node01|sender=node01|nonce=6
TICK000000000971|NODE|node04|RECV|TX|from=node02|sender=node02|nonce=6
TICK000000000972|NODE|node04|RECV|TX|from=node05|sender=node05|nonce=6
TICK000000000973|NET|event=UNBLOCK|from=node00|to=|tick=31|height=0|tick=31
TICK000000000974|NET|event=UNBLOCK|from=node01|to=|tick=31|height=0|tick=31
TICK000000000975|NET|event=UNBLOCK|from=node02|to=|tick=31|height=0|tick=31
TICK000000000976|NET|event=UNBLOCK|from=node03|to=|tick=31|height=0|tick=31
TICK000000000977|NET|event=UNBLOCK|from=node04|to=|tick=31|height=0|tick=31
TICK000000000978|NET|event=UNBLOCK|from=node05|to=|tick=31|height=0|tick=31
TICK000000000979|NET|event=UNBLOCK|from=node06|to=|tick=31|height=0|tick=31
TICK000000000980|NET|event=UNBLOCK|from=node07|to=|tick=31|height=0|tick=31
TICK000000000981|NET|event=SEND|from=node00|to=node00|tick=31|height=0|deliver_tick=33|type=core.Transaction
TICK000000000982|NET|event=SEND|from=node00|to=node01|tick=31|height=0|deliver_tick=33|type=core.Transaction
TICK000000000983|NET|event=SEND|from=node00|to=node02|tick=31|height=0|deliver_tick=32|type=core.Transaction
TICK000000000984|NET|event=SEND|from=node00|to=node03|tick=31|height=0|deliver_tick=32|type=core.Transaction
TICK000000000985|NET|event=SEND|from=node00|to=node04|tick=31|height=0|deliver_tick=32|type=core.Transaction
TICK000000000986|NET|event=RATE_BLOCK|from=node00|to=node05|tick=31|height=0|until=36
TICK000000000987|NET|event=BLOCKED|from=node00|to=node06|tick=31|height=0|until=36
TICK000000000988|NET|event=BLOCKED|from=node00|to=node07|tick=31|height=0|until=36
TICK000000000989|NODE|node00|ENQUEUE_TX|nonce=7
TICK000000000990|NET|event=BLOCKED|from=node00|to=node00|tick=31|height=1|until=36
TICK000000000991|NET|event=BLOCKED|from=node00|to=node01|tick=31|height=1|until=36
TICK000000000992|NET|event=BLOCKED|from=node00|to=node02|tick=31|height=1|until=36
TICK000000000993|NET|event=BLOCKED|from=node00|to=node03|tick=31|height=1|until=36
TICK000000000994|NET|event=BLOCKED|from=node00|to=node04|tick=31|height=1|until=36
TICK000000000995|NET|event=BLOCKED|from=node00|to=node05|tick=31|height=1|until=36
TICK000000000996|NET|event=BLOCKED|from=node00|to=node06|tick=31|height=1|until=36
TICK000000000997|NET|event=BLOCKED|from=node00|to=node07|tick=31|height=1|until=36
TICK000000000998|NET|event=BLOCKED|from=node00|to=node00|tick=31|height=1|until=36
TICK000000000999|NODE|node00|SEND_BLOCK|to=node00|H=1
TICK000000001000|NODE|node00|PROPOSE|H=1|txs=8
TICK000000001001|NET|event=SEND|from=node01|to=node00|tick=31|height=0|deliver_tick=32|type=core.Transaction
TICK000000001002|NET|event=SEND|from=node01|to=node01|tick=31|height=0|deliver_tick=32|type=core.Transaction
TICK000000001003|NET|event=SEND|from=node01|to=node02|tick=31|height=0|deliver_tick=32|type=core.Transaction
TICK000000001004|NET|event=SEND|from=node01|to=node03|tick=31|height=0|deliver_tick=34|type=core.Transaction
TICK000000001005|NET|event=SEND|from=node01|to=node04|tick=31|height=0|deliver_tick=33|type=core.Transaction
TICK000000001006|NET|event=RATE_BLOCK|from=node01|to=node05|tick=31|height=0|until=36
TICK000000001007|NET|event=BLOCKED|from=node01|to=node06|tick=31|height=0|until=36
TICK000000001008|NET|event=BLOCKED|from=node01|to=node07|tick=31|height=0|until=36
TICK000000001009|NODE|node01|ENQUEUE_TX|nonce=7
TICK000000001010|NET|event=SEND|from=node02|to=node00|tick=31|height=0|deliver_tick=33|type=core.Transaction
TICK000000001011|NET|event=SEND|from=node02|to=node01|tick=31|height=0|deliver_tick=34|type=core.Transaction
TICK000000001012|NET|event=SEND|from=node02|to=node02|tick=31|height=0|deliver_tick=34|type=core.Transaction
TICK000000001013|NET|event=SEND|from=node02|to=node03|tick=31|height=0|deliver_tick=32|type=core.Transaction
TICK000000001014|NET|event=SEND|from=node02|to=node04|tick=31|height=0|deliver_tick=33|type=core.Transaction
TICK000000001015|NET|event=RATE_BLOCK|from=node02|to=node05|tick=31|height=0|until=36
TICK000000001016|NET|event=BLOCKED|from=node02|to=node06|tick=31|height=0|until=36
TICK000000001017|NET|event=BLOCKED|from=node02|to=node07|tick=31|height=0|until=36
TICK000000001018|NODE|node02|ENQUEUE_TX|nonce=7
TICK000000001019|NET|event=SEND|from=node03|to=node00|tick=31|height=0|deliver_tick=34|type=core.Transaction
TICK000000001020|NET|event=SEND|from=node03|to=node01|tick=31|height=0|deliver_tick=32|type=core.Transaction
TICK000000001021|NET|event=SEND|from=node03|to=node02|tick=31|height=0|deliver_tick=34|type=core.Transaction
TICK000000001022|NET|event=SEND|from=node03|to=node03|tick=31|height=0|deliver_tick=32|type=core.Transaction
TICK000000001023|NET|event=SEND|from=node03|to=node04|tick=31|height=0|deliver_tick=32|type=core.Transaction
TICK000000001024|NET|event=RATE_BLOCK|from=node03|to=node05|tick=31|height=0|until=36
TICK000000001025|NET|event=BLOCKED|from=node03|to=node06|tick=31|height=0|until=36
TICK000000001026|NET|event=BLOCKED|from=node03|to=node07|tick=31|height=0|until=36
TICK000000001027|NODE|node03|ENQUEUE_TX|nonce=7
TICK000000001028|NET|event=SEND|from=node04|to=node00|tick=31|height=0|deliver_tick=32|type=core.Transaction
TICK000000001029|NET|event=SEND|from=node04|to=node01|tick=31|height=0|deliver_tick=32|type=core.Transaction
TICK000000001030|NET|event=SEND|from=node04|to=node02|tick=31|height=0|deliver_tick=34|type=core.Transaction
TICK000000001031|NET|event=SEND|from=node04|to=node03|tick=31|height=0|deliver_tick=32|type=core.Transaction
TICK000000001032|NET|event=SEND|from=node04|to=node04|tick=31|height=0|deliver_tick=32|type=core.Transaction
TICK000000001033|NET|event=RATE_BLOCK|from=node04|to=node05|tick=31|height=0|until=36
TICK000000001034|NET|event=BLOCKED|from=node04|to=node06|tick=31|height=0|until=36
TICK000000001035|NET|event=BLOCKED|from=node04|to=node07|tick=31|height=0|until=36
TICK000000001036|NODE|node04|ENQUEUE_TX|nonce=7
TICK000000001037|NET|event=SEND|from=node05|to=node00|tick=31|height=0|deliver_tick=34|type=core.Transaction
TICK000000001038|NET|event=DUP|from=node05|to=node00|tick=31|height=0|tick=34
TICK000000001039|NET|event=SEND|from=node05|to=node01|tick=31|height=0|deliver_tick=34|type=core.Transaction
TICK000000001040|NET|event=SEND|from=node05|to=node02|tick=31|height=0|deliver_tick=33|type=core.Transaction
TICK000000001041|NET|event=SEND|from=node05|to=node03|tick=31|height=0|deliver_tick=32|type=core.Transaction
TICK000000001042|NET|event=SEND|from=node05|to=node04|tick=31|height=0|deliver_tick=34|type=core.Transaction
TICK000000001043|NET|event=RATE_BLOCK|from=node05|to=node05|tick=31|height=0|until=36
TICK000000001044|NET|event=BLOCKED|from=node05|to=node06|tick=31|height=0|until=36
TICK000000001045|NET|event=BLOCKED|from=node05|to=node07|tick=31|height=0|until=36
TICK000000001046|NODE|node05|ENQUEUE_TX|nonce=7
TICK000000001047|NET|event=SEND|from=node06|to=node00|tick=31|height=0|deliver_tick=32|type=core.Transaction
TICK000000001048|NET|event=SEND|from=node06|to=node01|tick=31|height=0|deliver_tick=33|type=core.Transaction
TICK000000001049|NET|event=SEND|from=node06|to=node02|tick=31|height=0|deliver_tick=33|type=core.Transaction
TICK000000001050|NET|event=SEND|from=node06|to=node03|tick=31|height=0|deliver_tick=34|type=core.Transaction
TICK000000001051|NET|event=SEND|from=node06|to=node04|tick=31|height=0|deliver_tick=32|type=core.Transaction
TICK000000001052|NET|event=RATE_BLOCK|from=node06|to=node05|tick=31|height=0|until=36
TICK000000001053|NET|event=BLOCKED|from=node06|to=node06|tick=31|height=0|until=36
TICK000000001054|NET|event=BLOCKED|from=node06|to=node07|tick=31|height=0|until=36
TICK000000001055|NODE|node06|ENQUEUE_TX|nonce=7
TICK000000001056|NET|event=SEND|from=node07|to=node00|tick=31|height=0|deliver_tick=33|type=core.Transaction
TICK000000001057|NET|event=SEND|from=node07|to=node01|tick=31|height=0|deliver_tick=34|type=core.Transaction
TICK000000001058|NET|event=SEND|from=node07|to=node02|tick=31|height=0|deliver_tick=32|type=core.Transaction
TICK000000001059|NET|event=SEND|from=node07|to=node03|tick=31|height=0|deliver_tick=34|type=core.Transaction
TICK000000001060|NET|event=SEND|from=node07|to=node04|tick=31|height=0|deliver_tick=34|type=core.Transaction
TICK000000001061|NET|event=RATE_BLOCK|from=node07|to=node05|tick=31|height=0|until=36
TICK000000001062|NET|event=BLOCKED|from=node07|to=node06|tick=31|height=0|until=36
TICK000000001063|NET|event=BLOCKED|from=node07|to=node07|tick=31|height=0|until=36
TICK000000001064|NODE|node07|ENQUEUE_TX|nonce=7
TICK000000001065|NET|event=DELIVER|from=node00|to=node02|tick=32|height=0|type=core.Transaction
TICK000000001066|NET|event=DELIVER|from=node00|to=node03|tick=32|height=0|type=core.Transaction
TICK000000001067|NET|event=DELIVER|from=node00|to=node04|tick=32|height=0|type=core.Transaction
TICK000000001068|NET|event=DELIVER|from=node01|to=node00|tick=32|height=0|type=core.Transaction
TICK000000001069|NET|event=DELIVER|from=node01|to=node01|tick=32|height=0|type=core.Transaction
TICK000000001070|NET|event=DELIVER|from=node01|to=node02|tick=32|height=0|type=core.Transaction
TICK000000001071|NET|event=DELIVER|from=node02|to=node03|tick=32|height=0|type=core.Transaction
TICK000000001072|NET|event=DELIVER|from=node03|to=node01|tick=32|height=0|type=core.Transaction
TICK000000001073|NET|event=DELIVER|from=node03|to=node03|tick=32|height=0|type=core.Transaction
TICK000000001074|NET|event=DELIVER|from=node03|to=node04|tick=32|height=0|type=core.Transaction
TICK000000001075|NET|event=DELIVER|from=node04|to=node00|tick=32|height=0|type=core.Transaction
TICK000000001076|NET|event=DELIVER|from=node04|to=node01|tick=32|height=0|type=core.Transaction
TICK000000001077|NET|event=DELIVER|from=node04|to=node03|tick=32|height=0|type=core.Transaction
TICK000000001078|NET|event=DELIVER|from=node04|to=node04|tick=32|height=0|type=core.Transaction
TICK000000001079|NET|event=DELIVER|from=node05|to=node03|tick=32|height=0|type=core.Transaction
TICK000000001080|NET|event=DELIVER|from=node06|to=node00|tick=32|height=0|type=core.Transaction
TICK000000001081|NET|event=DELIVER|from=node06|to=node04|tick=32|height=0|type=core.Transaction
TICK000000001082|NET|event=DELIVER|from=node07|to=node02|tick=32|height=0|type=core.Transaction
TICK000000001083|NODE|node00|RECV|TX|from=node01|sender=node01|nonce=7
TICK000000001084|NODE|node00|RECV|TX|from=node04|sender=node04|nonce=7
TICK000000001085|NODE|node00|RECV|TX|from=node06|sender=node06|nonce=7
TICK000000001086|NODE|node01|RECV|TX|from=node03|sender=node03|nonce=7
TICK000000001087|NODE|node01|RECV|TX|from=node04|sender=node04|nonce=7
TICK000000001088|NODE|node02|RECV|TX|from=node00|sender=node00|nonce=7
TICK000000001089|NODE|node02|RECV|TX|from=node01|sender=node01|nonce=7
TICK000000001090|NODE|node02|RECV|TX|from=node07|sender=node07|nonce=7
TICK000000001091|NODE|node03|RECV|TX|from=node00|sender=node00|nonce=7
TICK000000001092|NODE|node03|RECV|TX|from=node04|sender=node04|nonce=7
TICK000000001093|NODE|node03|RECV|TX|from=node05|sender=node05|nonce=7
TICK000000001094|NODE|node04|RECV|TX|from=node00|sender=node00|nonce=7
TICK000000001095|NODE|node04|RECV|TX|from=node03|sender=node03|nonce=7
TICK000000001096|NODE|node04|RECV|TX|from=node06|sender=node06|nonce=7
TICK000000001097|NET|event=DELIVER|from=node00|to=node00|tick=33|height=0|type=core.Transaction
TICK000000001098|NET|event=DELIVER|from=node00|to=node01|tick=33|height=0|type=core.Transaction
TICK000000001099|NET|event=DELIVER|from=node01|to=node04|tick=33|height=0|type=core.Transaction
TICK000000001100|NET|event=DELIVER|from=node02|to=node00|tick=33|height=0|type=core.Transaction
TICK000000001101|NET|event=DELIVER|from=node02|to=node04|tick=33|height=0|type=core.Transaction
TICK000000001102|NET|event=DELIVER|from=node05|to=node02|tick=33|height=0|type=core.Transaction
TICK000000001103|NET|event=DELIVER|from=node06|to=node01|tick=33|height=0|type=core.Transaction
TICK000000001104|NET|event=DELIVER|from=node06|to=node02|tick=33|height=0|type=core.Transaction
TICK000000001105|NET|event=DELIVER|from=node07|to=node00|tick=33|height=0|type=core.Transaction
TICK000000001106|NODE|node00|RECV|TX|from=node02|sender=node02|nonce=7
TICK000000001107|NODE|node00|RECV|TX|from=node07|sender=node07|nonce=7
TICK000000001108|NODE|node01|RECV|TX|from=node06|sender=node06|nonce=7
TICK000000001109|NODE|node02|RECV|TX|from=node06|sender=node06|nonce=7
TICK000000001110|NODE|node04|RECV|TX|from=node01|sender=node01|nonce=7
TICK000000001111|NODE|node04|RECV|TX|from=node02|sender=node02|nonce=7
TICK000000001112|NET|event=DELIVER|from=node01|to=node03|tick=34|height=0|type=core.Transaction
TICK000000001113|NET|event=DELIVER|from=node02|to=node01|tick=34|height=0|type=core.Transaction
TICK000000001114|NET|event=DELIVER|from=node02|to=node02|tick=34|height=0|type=core.Transaction
TICK000000001115|NET|event=DELIVER|from=node03|to=node00|tick=34|height=0|type=core.Transaction
TICK000000001116|NET|event=DELIVER|from=node03|to=node02|tick=34|height=0|type=core.Transaction
TICK000000001117|NET|event=DELIVER|from=node04|to=node02|tick=34|height=0|type=core.Transaction
TICK000000001118|NET|event=DELIVER|from=node05|to=node00|tick=34|height=0|type=core.Transaction
TICK000000001119|NET|event=DELIVER|from=node05|to=node00|tick=34|height=0|type=core.Transaction
TICK000000001120|NET|event=DELIVER|from=node05|to=node01|tick=34|height=0|type=core.Transaction
TICK000000001121|NET|event=DELIVER|from=node05|to=node04|tick=34|height=0|type=core.Transaction
TICK000000001122|NET|event=DELIVER|from=node06|to=node03|tick=34|height=0|type=core.Transaction
TICK000000001123|NET|event=DELIVER|from=node07|to=node01|tick=34|height=0|type=core.Transaction
TICK000000001124|NET|event=DELIVER|from=node07|to=node03|tick=34|height=0|type=core.Transaction
TICK000000001125|NET|event=DELIVER|from=node07|to=node04|tick=34|height=0|type=core.Transaction
TICK000000001126|NODE|node00|RECV|TX|from=node03|sender=node03|nonce=7
TICK000000001127|NODE|node00|RECV|TX|from=node05|sender=node05|nonce=7
TICK000000001128|NODE|node01|RECV|TX|from=node02|sender=node02|nonce=7
TICK000000001129|NODE|node01|RECV|TX|from=node05|sender=node05|nonce=7
TICK000000001130|NODE|node01|RECV|TX|from=node07|sender=node07|nonce=7
TICK000000001131|NODE|node02|RECV|TX|from=node03|sender=node03|nonce=7
TICK000000001132|NODE|node02|RECV|TX|from=node04|sender=node04|nonce=7
TICK000000001133|NODE|node03|RECV|TX|from=node06|sender=node06|nonce=7
TICK000000001134|NODE|node03|RECV|TX|from=node07|sender=node07|nonce=7
TICK000000001135|NODE|node04|RECV|TX|from=node05|sender=node05|nonce=7
TICK000000001136|NET|event=UNBLOCK|from=node00|to=|tick=36|height=0|tick=36
TICK000000001137|NET|event=UNBLOCK|from=node01|to=|tick=36|height=0|tick=36
TICK000000001138|NET|event=UNBLOCK|from=node02|to=|tick=36|height=0|tick=36
TICK000000001139|NET|event=UNBLOCK|from=node03|to=|tick=36|height=0|tick=36
TICK000000001140|NET|event=UNBLOCK|from=node04|to=|tick=36|height=0|tick=36
TICK000000001141|NET|event=UNBLOCK|from=node05|to=|tick=36|height=0|tick=36
TICK000000001142|NET|event=UNBLOCK|from=node06|to=|tick=36|height=0|tick=36
TICK000000001143|NET|event=UNBLOCK|from=node07|to=|tick=36|height=0|tick=36
TICK000000001144|NET|event=SEND|from=node00|to=node00|tick=36|height=0|deliver_tick=37|type=core.Transaction
TICK000000001145|NET|event=SEND|from=node00|to=node01|tick=36|height=0|deliver_tick=38|type=core.Transaction
TICK000000001146|NET|event=SEND|from=node00|to=node02|tick=36|height=0|deliver_tick=37|type=core.Transaction
TICK000000001147|NET|event=SEND|from=node00|to=node03|tick=36|height=0|deliver_tick=38|type=core.Transaction
TICK000000001148|NET|event=DROP|from=node00|to=node04|tick=36|height=0|lat=2
TICK000000001149|NET|event=RATE_BLOCK|from=node00|to=node05|tick=36|height=0|until=41
TICK000000001150|NET|event=BLOCKED|from=node00|to=node06|tick=36|height=0|until=41
TICK000000001151|NET|event=BLOCKED|from=node00|to=node07|tick=36|height=0|until=41
TICK000000001152|NODE|node00|ENQUEUE_TX|nonce=8
TICK000000001153|NET|event=BLOCKED|from=node00|to=node00|tick=36|height=1|until=41
TICK000000001154|NET|event=BLOCKED|from=node00|to=node01|tick=36|height=1|until=41
TICK000000001155|NET|event=BLOCKED|from=node00|to=node02|tick=36|height=1|until=41
TICK000000001156|NET|event=BLOCKED|from=node00|to=node03|tick=36|height=1|until=41
TICK000000001157|NET|event=BLOCKED|from=node00|to=node04|tick=36|height=1|until=41
TICK000000001158|NET|event=BLOCKED|from=node00|to=node05|tick=36|height=1|until=41
TICK000000001159|NET|event=BLOCKED|from=node00|to=node06|tick=36|height=1|until=41
TICK000000001160|NET|event=BLOCKED|from=node00|to=node07|tick=36|height=1|until=41
TICK000000001161|NET|event=BLOCKED|from=node00|to=node00|tick=36|height=1|until=41
TICK000000001162|NODE|node00|SEND_BLOCK|to=node00|H=1
TICK000000001163|NODE|node00|PROPOSE|H=1|txs=8
TICK000000001164|NET|event=SEND|from=node01|to=node00|tick=36|height=0|deliver_tick=38|type=core.Transaction
TICK000000001165|NET|event=SEND|from=node01|to=node01|tick=36|height=0|deliver_tick=38|type=core.Transaction
TICK000000001166|NET|event=SEND|from=node01|to=node02|tick=36|height=0|deliver_tick=37|type=core.Transaction
TICK000000001167|NET|event=SEND|from=node01|to=node03|tick=36|height=0|deliver_tick=37|type=core.Transaction
TICK000000001168|NET|event=SEND|from=node01|to=node04|tick=36|height=0|deliver_tick=37|type=core.Transaction
TICK000000001169|NET|event=DUP|from=node01|to=node04|tick=36|height=0|tick=37
TICK000000001170|NET|event=RATE_BLOCK|from=node01|to=node05|tick=36|height=0|until=41
TICK000000001171|NET|event=BLOCKED|from=node01|to=node06|tick=36|height=0|until=41
TICK000000001172|NET|event=BLOCKED|from=node01|to=node07|tick=36|height=0|until=41
TICK000000001173|NODE|node01|ENQUEUE_TX|nonce=8
TICK000000001174|NET|event=SEND|from=node02|to=node00|tick=36|height=0|deliver_tick=39|type=core.Transaction
TICK000000001175|NET|event=SEND|from=node02|to=node01|tick=36|height=0|deliver_tick=38|type=core.Transaction
TICK000000001176|NET|event=SEND|from=node02|to=node02|tick=36|height=0|deliver_tick=39|type=core.Transaction
TICK000000001177|NET|event=SEND|from=node02|to=node03|tick=36|height=0|deliver_tick=39|type=core.Transaction
TICK000000001178|NET|event=SEND|from=node02|to=node04|tick=36|height=0|deliver_tick=38|type=core.Transaction
TICK000000001179|NET|event=RATE_BLOCK|from=node02|to=node05|tick=36|height=0|until=41
TICK000000001180|NET|event=BLOCKED|from=node02|to=node06|tick=36|height=0|until=41
TICK000000001181|NET|event=BLOCKED|from=node02|to=node07|tick=36|height=0|until=41
TICK000000001182|NODE|node02|ENQUEUE_TX|nonce=8
TICK000000001183|NET|event=SEND|from=node03|to=node00|tick=36|height=0|deliver_tick=39|type=core.Transaction
TICK000000001184|NET|event=DROP|from=node03|to=node01|tick=36|height=0|lat=1
TICK000000001185|NET|event=SEND|from=node03|to=node02|tick=36|height=0|deliver_tick=39|type=core.Transaction
TICK000000001186|NET|event=SEND|from=node03|to=node03|tick=36|height=0|deliver_tick=38|type=core.Transaction
TICK000000001187|NET|event=DUP|from=node03|to=node03|tick=36|height=0|tick=38
TICK000000001188|NET|event=DROP|from=node03|to=node04|tick=36|height=0|lat=1
TICK000000001189|NET|event=RATE_BLOCK|from=node03|to=node05|tick=36|height=0|until=41
TICK000000001190|NET|event=BLOCKED|from=node03|to=node06|tick=36|height=0|until=41
TICK000000001191|NET|event=BLOCKED|from=node03|to=node07|tick=36|height=0|until=41
TICK000000001192|NODE|node03|ENQUEUE_TX|nonce=8
TICK000000001193|NET|event=SEND|from=node04|to=node00|tick=36|height=0|deliver_tick=39|type=core.Transaction
TICK000000001194|NET|event=DROP|from=node04|to=node01|tick=36|height=0|lat=3
TICK000000001195|NET|event=SEND|from=node04|to=node02|tick=36|height=0|deliver_tick=39|type=core.Transaction
TICK000000001196|NET|event=DUP|from=node04|to=node02|tick=36|height=0|tick=39
TICK000000001197|NET|event=SEND|from=node04|to=node03|tick=36|height=0|deliver_tick=39|type=core.Transaction
TICK000000001198|NET|event=SEND|from=node04|to=node04|tick=36|height=0|deliver_tick=37|type=core.Transaction
TICK000000001199|NET|event=RATE_BLOCK|from=node04|to=node05|tick=36|height=0|until=41
TICK000000001200|NET|event=BLOCKED|from=node04|to=node06|tick=36|height=0|until=41
TICK000000001201|NET|event=BLOCKED|from=node04|to=node07|tick=36|height=0|until=41
TICK000000001202|NODE|node04|ENQUEUE_TX|nonce=8
TICK000000001203|NET|event=SEND|from=node05|to=node00|tick=36|height=0|deliver_tick=37|type=core.Transaction
TICK000000001204|NET|event=SEND|from=node05|to=node01|tick=36|height=0|deliver_tick=38|type=core.Transaction
TICK000000001205|NET|event=SEND|from=node05|to=node02|tick=36|height=0|deliver_tick=39|type=core.Transaction
TICK000000001206|NET|event=SEND|from=node05|to=node03|tick=36|height=0|deliver_tick=39|type=core.Transaction
TICK000000001207|NET|event=DUP|from=node05|to=node03|tick=36|height=0|tick=39
TICK000000001208|NET|event=SEND|from=node05|to=node04|tick=36|height=0|deliver_tick=37|type=core.Transaction
TICK000000001209|NET|event=RATE_BLOCK|from=node05|to=node05|tick=36|height=0|until=41
TICK000000001210|NET|event=BLOCKED|from=node05|to=node06|tick=36|height=0|until=41
TICK000000001211|NET|event=BLOCKED|from=node05|to=node07|tick=36|height=0|until=41
TICK000000001212|NODE|node05|ENQUEUE_TX|nonce=8
TICK000000001213|NET|event=SEND|from=node06|to=node00|tick=36|height=0|deliver_tick=37|type=core.Transaction
TICK000000001214|NET|event=SEND|from=node06|to=node01|tick=36|height=0|deliver_tick=38|type=core.Transaction
TICK000000001215|NET|event=SEND|from=node06|to=node02|tick=36|height=0|deliver_tick=39|type=core.Transaction
TICK000000001216|NET|event=SEND|from=node06|to=node03|tick=36|height=0|deliver_tick=39|type=core.Transaction
TICK000000001217|NET|event=SEND|from=node06|to=node04|tick=36|height=0|deliver_tick=38|type=core.Transaction
TICK000000001218|NET|event=RATE_BLOCK|from=node06|to=node05|tick=36|height=0|until=41
TICK000000001219|NET|event=BLOCKED|from=node06|to=node06|tick=36|height=0|until=41
TICK000000001220|NET|event=BLOCKED|from=node06|to=node07|tick=36|height=0|until=41
TICK000000001221|NODE|node06|ENQUEUE_TX|nonce=8
TICK000000001222|NET|event=SEND|from=node07|to=node00|tick=36|height=0|deliver_tick=39|type=core.Transaction
TICK000000001223|NET|event=SEND|from=node07|to=node01|tick=36|height=0|deliver_tick=38|type=core.Transaction
TICK000000001224|NET|event=SEND|from=node07|to=node02|tick=36|height=0|deliver_tick=37|type=core.Transaction
TICK000000001225|NET|event=SEND|from=node07|to=node03|tick=36|height=0|deliver_tick=38|type=core.Transaction
TICK000000001226|NET|event=SEND|from=node07|to=node04|tick=36|height=0|deliver_tick=37|type=core.Transaction
TICK000000001227|NET|event=RATE_BLOCK|from=node07|to=node05|tick=36|height=0|until=41
TICK000000001228|NET|event=BLOCKED|from=node07|to=node06|tick=36|height=0|until=41
TICK000000001229|NET|event=BLOCKED|from=node07|to=node07|tick=36|height=0|until=41
TICK000000001230|NODE|node07|ENQUEUE_TX|nonce=8
TICK000000001231|NET|event=DELIVER|from=node00|to=node00|tick=37|height=0|type=core.Transaction
TICK000000001232|NET|event=DELIVER|from=node00|to=node02|tick=37|height=0|type=core.Transaction
TICK000000001233|NET|event=DELIVER|from=node01|to=node02|tick=37|height=0|type=core.Transaction
TICK000000001234|NET|event=DELIVER|from=node01|to=node03|tick=37|height=0|type=core.Transaction
TICK000000001235|NET|event=DELIVER|from=node01|to=node04|tick=37|height=0|type=core.Transaction
TICK000000001236|NET|event=DELIVER|from=node01|to=node04|tick=37|height=0|type=core.Transaction
TICK000000001237|NET|event=DELIVER|from=node04|to=node04|tick=37|height=0|type=core.Transaction
TICK000000001238|NET|event=DELIVER|from=node05|to=node00|tick=37|height=0|type=core.Transaction
TICK000000001239|NET|event=DELIVER|from=node05|to=node04|tick=37|height=0|type=core.Transaction
TICK000000001240|NET|event=DELIVER|from=node06|to=node00|tick=37|height=0|type=core.Transaction
TICK000000001241|NET|event=DELIVER|from=node07|to=node02|tick=37|height=0|type=core.Transaction
TICK000000001242|NET|event=DELIVER|from=node07|to=node04|tick=37|height=0|type=core.Transaction
TICK000000001243|NODE|node00|RECV|TX|from=node05|sender=node05|nonce=8
TICK000000001244|NODE|node00|RECV|TX|from=node06|sender=node06|nonce=8
TICK000000001245|NODE|node02|RECV|TX|from=node00|sender=node00|nonce=8
TICK000000001246|NODE|node02|RECV|TX|from=node01|sender=node01|nonce=8
TICK000000001247|NODE|node02|RECV|TX|from=node07|sender=node07|nonce=8
TICK000000001248|NODE|node04|RECV|TX|from=node01|sender=node01|nonce=8
TICK000000001249|NODE|node04|RECV|TX|from=node05|sender=node05|nonce=8
TICK000000001250|NET|event=DELIVER|from=node00|to=node01|tick=38|height=0|type=core.Transaction
TICK000000001251|NET|event=DELIVER|from=node00|to=node03|tick=38|height=0|type=core.Transaction
TICK000000001252|NET|event=DELIVER|from=node01|to=node00|tick=38|height=0|type=core.Transaction
TICK000000001253|NET|event=DELIVER|from=node01|to=node01|tick=38|height=0|type=core.Transaction
TICK000000001254|NET|event=DELIVER|from=node02|to=node01|tick=38|height=0|type=core.Transaction
TICK000000001255|NET|event=DELIVER|from=node02|to=node04|tick=38|height=0|type=core.Transaction
TICK000000001256|NET|event=DELIVER|from=node03|to=node03|tick=38|height=0|type=core.Transaction
TICK000000001257|NET|event=DELIVER|from=node03|to=node03|tick=38|height=0|type=core.Transaction
TICK000000001258|NET|event=DELIVER|from=node05|to=node01|tick=38|height=0|type=core.Transaction
TICK000000001259|NET|event=DELIVER|from=node06|to=node01|tick=38|height=0|type=core.Transaction
TICK000000001260|NET|event=DELIVER|from=node06|to=node04|tick=38|height=0|type=core.Transaction
TICK000000001261|NET|event=DELIVER|from=node07|to=node01|tick=38|height=0|type=core.Transaction
TICK000000001262|NET|event=DELIVER|from=node07|to=node03|tick=38|height=0|type=core.Transaction
TICK000000001263|NODE|node00|RECV|TX|from=node01|sender=node01|nonce=8
TICK000000001264|NODE|node01|RECV|TX|from=node02|sender=node02|nonce=8
TICK000000001265|NODE|node01|RECV|TX|from=node05|sender=node05|nonce=8
TICK000000001266|NODE|node01|RECV|TX|from=node06|sender=node06|nonce=8
TICK000000001267|NODE|node01|RECV|TX|from=node07|sender=node07|nonce=8
TICK000000001268|NODE|node03|RECV|TX|from=node00|sender=node00|nonce=8
TICK000000001269|NODE|node03|RECV|TX|from=node07|sender=node07|nonce=8
TICK000000001270|NODE|node04|RECV|TX|from=node02|sender=node02|nonce=8
TICK000000001271|NODE|node04|RECV|TX|from=node06|sender=node06|nonce=8
TICK000000001272|NET|event=DELIVER|from=node02|to=node00|tick=39|height=0|type=core.Transaction
TICK000000001273|NET|event=DELIVER|from=node02|to=node02|tick=39|height=0|type=core.Transaction
TICK000000001274|NET|event=DELIVER|from=node02|to=node03|tick=39|height=0|type=core.Transaction
TICK000000001275|NET|event=DELIVER|from=node03|to=node00|tick=39|height=0|type=core.Transaction
TICK000000001276|NET|event=DELIVER|from=node03|to=node02|tick=39|height=0|type=core.Transaction
TICK000000001277|NET|event=DELIVER|from=node04|to=node00|tick=39|height=0|type=core.Transaction
TICK000000001278|NET|event=DELIVER|from=node04|to=node02|tick=39|height=0|type=core.Transaction
TICK000000001279|NET|event=DELIVER|from=node04|to=node02|tick=39|height=0|type=core.Transaction
TICK000000001280|NET|event=DELIVER|from=node04|to=node03|tick=39|height=0|type=core.Transaction
TICK000000001281|NET|event=DELIVER|from=node05|to=node02|tick=39|height=0|type=core.Transaction
TICK000000001282|NET|event=DELIVER|from=node05|to=node03|tick=39|height=0|type=core.Transaction
TICK000000001283|NET|event=DELIVER|from=node05|to=node03|tick=39|height=0|type=core.Transaction
TICK000000001284|NET|event=DELIVER|from=node06|to=node02|tick=39|height=0|type=core.Transaction
TICK000000001285|NET|event=DELIVER|from=node06|to=node03|tick=39|height=0|type=core.Transaction
TICK000000001286|NET|event=DELIVER|from=node07|to=node00|tick=39|height=0|type=core.Transaction
TICK000000001287|NODE|node00|RECV|TX|from=node02|sender=node02|nonce=8
TICK000000001288|NODE|node00|RECV|TX|from=node03|sender=node03|nonce=8
TICK000000001289|NODE|node00|RECV|TX|from=node04|sender=node04|nonce=8
TICK000000001290|NODE|node00|RECV|TX|from=node07|sender=node07|nonce=8
TICK000000001291|NODE|node02|RECV|TX|from=node03|sender=node03|nonce=8
TICK000000001292|NODE|node02|RECV|TX|from=node04|sender=node04|nonce=8
TICK000000001293|NODE|node02|RECV|TX|from=node06|sender=node06|nonce=8
TICK000000001294|NODE|node03|RECV|TX|from=node04|sender=node04|nonce=8
TICK000000001295|NODE|node03|RECV|TX|from=node05|sender=node05|nonce=8
TICK000000001296|NODE|node03|RECV|TX|from=node06|sender=node06|nonce=8
TICK000000001297|NET|event=UNBLOCK|from=node00|to=|tick=41|height=0|tick=41
TICK000000001298|NET|event=UNBLOCK|from=node01|to=|tick=41|height=0|tick=41
TICK000000001299|NET|event=UNBLOCK|from=node02|to=|tick=41|height=0|tick=41
TICK000000001300|NET|event=UNBLOCK|from=node03|to=|tick=41|height=0|tick=41
TICK000000001301|NET|event=UNBLOCK|from=node04|to=|tick=41|height=0|tick=41
TICK000000001302|NET|event=UNBLOCK|from=node05|to=|tick=41|height=0|tick=41
TICK000000001303|NET|event=UNBLOCK|from=node06|to=|tick=41|height=0|tick=41
TICK000000001304|NET|event=UNBLOCK|from=node07|to=|tick=41|height=0|tick=41
TICK000000001305|NET|event=SEND|from=node00|to=node00|tick=41|height=0|deliver_tick=42|type=core.Transaction
TICK000000001306|NET|event=SEND|from=node00|to=node01|tick=41|height=0|deliver_tick=43|type=core.Transaction
TICK000000001307|NET|event=SEND|from=node00|to=node02|tick=41|height=0|deliver_tick=42|type=core.Transaction
TICK000000001308|NET|event=SEND|from=node00|to=node03|tick=41|height=0|deliver_tick=43|type=core.Transaction
TICK000000001309|NET|event=DROP|from=node00|to=node04|tick=41|height=0|lat=3
TICK000000001310|NET|event=RATE_BLOCK|from=node00|to=node05|tick=41|height=0|until=46
TICK000000001311|NET|event=BLOCKED|from=node00|to=node06|tick=41|height=0|until=46
TICK000000001312|NET|event=BLOCKED|from=node00|to=node07|tick=41|height=0|until=46
TICK000000001313|NODE|node00|ENQUEUE_TX|nonce=9
TICK000000001314|NET|event=BLOCKED|from=node00|to=node00|tick=41|height=1|until=46
TICK000000001315|NET|event=BLOCKED|from=node00|to=node01|tick=41|height=1|until=46
TICK000000001316|NET|event=BLOCKED|from=node00|to=node02|tick=41|height=1|until=46
TICK000000001317|NET|event=BLOCKED|from=node00|to=node03|tick=41|height=1|until=46
TICK000000001318|NET|event=BLOCKED|from=node00|to=node04|tick=41|height=1|until=46
TICK000000001319|NET|event=BLOCKED|from=node00|to=node05|tick=41|height=1|until=46
TICK000000001320|NET|event=BLOCKED|from=node00|to=node06|tick=41|height=1|until=46
TICK000000001321|NET|event=BLOCKED|from=node00|to=node07|tick=41|height=1|until=46
TICK000000001322|NODE|node00|PROPOSE|H=1|txs=8
TICK000000001323|NET|event=SEND|from=node01|to=node00|tick=41|height=0|deliver_tick=44|type=core.Transaction
TICK000000001324|NET|event=SEND|from=node01|to=node01|tick=41|height=0|deliver_tick=43|type=core.Transaction
TICK000000001325|NET|event=SEND|from=node01|to=node02|tick=41|height=0|deliver_tick=44|type=core.Transaction
TICK000000001326|NET|event=SEND|from=node01|to=node03|tick=41|height=0|deliver_tick=44|type=core.Transaction
TICK000000001327|NET|event=SEND|from=node01|to=node04|tick=41|height=0|deliver_tick=44|type=core.Transaction
TICK000000001328|NET|event=RATE_BLOCK|from=node01|to=node05|tick=41|height=0|until=46
TICK000000001329|NET|event=BLOCKED|from=node01|to=node06|tick=41|height=0|until=46
TICK000000001330|NET|event=BLOCKED|from=node01|to=node07|tick=41|height=0|until=46
TICK000000001331|NODE|node01|ENQUEUE_TX|nonce=9
TICK000000001332|NET|event=SEND|from=node02|to=node00|tick=41|height=0|deliver_tick=44|type=core.Transaction
TICK000000001333|NET|event=SEND|from=node02|to=node01|tick=41|height=0|deliver_tick=42|type=core.Transaction
TICK000000001334|NET|event=DUP|from=node02|to=node01|tick=41|height=0|tick=42
TICK000000001335|NET|event=SEND|from=node02|to=node02|tick=41|height=0|deliver_tick=42|type=core.Transaction
TICK000000001336|NET|event=DROP|from=node02|to=node03|tick=41|height=0|lat=2
TICK000000001337|NET|event=SEND|from=node02|to=node04|tick=41|height=0|deliver_tick=42|type=core.Transaction
TICK000000001338|NET|event=RATE_BLOCK|from=node02|to=node05|tick=41|height=0|until=46
TICK000000001339|NET|event=BLOCKED|from=node02|to=node06|tick=41|height=0|until=46
TICK000000001340|NET|event=BLOCKED|from=node02|to=node07|tick=41|height=0|until=46
TICK000000001341|NODE|node02|ENQUEUE_TX|nonce=9
TICK000000001342|NET|event=SEND|from=node03|to=node00|tick=41|height=0|deliver_tick=42|type=core.Transaction
TICK000000001343|NET|event=DUP|from=node03|to=node00|tick=41|height=0|tick=42
TICK000000001344|NET|event=SEND|from=node03|to=node01|tick=41|height=0|deliver_tick=44|type=core.Transaction
TICK000000001345|NET|event=SEND|from=node03|to=node02|tick=41|height=0|deliver_tick=42|type=core.Transaction
TICK000000001346|NET|event=SEND|from=node03|to=node03|tick=41|height=0|deliver_tick=42|type=core.Transaction
TICK000000001347|NET|event=SEND|from=node03|to=node04|tick=41|height=0|deliver_tick=42|type=core.Transaction
TICK000000001348|NET|event=RATE_BLOCK|from=node03|to=node05|tick=41|height=0|until=46
TICK000000001349|NET|event=BLOCKED|from=node03|to=node06|tick=41|height=0|until=46
TICK000000001350|NET|event=BLOCKED|from=node03|to=node07|tick=41|height=0|until=46
TICK000000001351|NODE|node03|ENQUEUE_TX|nonce=9
TICK000000001352|NET|event=SEND|from=node04|to=node00|tick=41|height=0|deliver_tick=44|type=core.Transaction
TICK000000001353|NET|event=SEND|from=node04|to=node01|tick=41|height=0|deliver_tick=44|type=core.Transaction
TICK000000001354|NET|event=SEND|from=node04|to=node02|tick=41|height=0|deliver_tick=42|type=core.Transaction
TICK000000001355|NET|event=DUP|from=node04|to=node02|tick=41|height=0|tick=42
TICK000000001356|NET|event=SEND|from=node04|to=node03|tick=41|height=0|deliver_tick=44|type=core.Transaction
TICK000000001357|NET|event=SEND|from=node04|to=node04|tick=41|height=0|deliver_tick=44|type=core.Transaction
TICK000000001358|NET|event=RATE_BLOCK|from=node04|to=node05|tick=41|height=0|until=46
TICK000000001359|NET|event=BLOCKED|from=node04|to=node06|tick=41|height=0|until=46
TICK000000001360|NET|event=BLOCKED|from=node04|to=node07|tick=41|height=0|until=46
TICK000000001361|NODE|node04|ENQUEUE_TX|nonce=9
TICK000000001362|NET|event=SEND|from=node05|to=node00|tick=41|height=0|deliver_tick=44|type=core.Transaction
TICK000000001363|NET|event=SEND|from=node05|to=node01|tick=41|height=0|deliver_tick=42|type=core.Transaction
TICK000000001364|NET|event=SEND|from=node05|to=node02|tick=41|height=0|deliver_tick=43|type=core.Transaction
TICK000000001365|NET|event=SEND|from=node05|to=node03|tick=41|height=0|deliver_tick=43|type=core.Transaction
TICK000000001366|NET|event=SEND|from=node05|to=node04|tick=41|height=0|deliver_tick=44|type=core.Transaction
TICK000000001367|NET|event=RATE_BLOCK|from=node05|to=node05|tick=41|height=0|until=46
TICK000000001368|NET|event=BLOCKED|from=node05|to=node06|tick=41|height=0|until=46
TICK000000001369|NET|event=BLOCKED|from=node05|to=node07|tick=41|height=0|until=46
TICK000000001370|NODE|node05|ENQUEUE_TX|nonce=9
TICK000000001371|NET|event=SEND|from=node06|to=node00|tick=41|height=0|deliver_tick=43|type=core.Transaction
TICK000000001372|NET|event=DUP|from=node06|to=node00|tick=41|height=0|tick=43
TICK000000001373|NET|event=SEND|from=node06|to=node01|tick=41|height=0|deliver_tick=44|type=core.Transaction
TICK000000001374|NET|event=SEND|from=node06|to=node02|tick=41|height=0|deliver_tick=44|type=core.Transaction
TICK000000001375|NET|event=SEND|from=node06|to=node03|tick=41|height=0|deliver_tick=44|type=core.Transaction
TICK000000001376|NET|event=SEND|from=node06|to=node04|tick=41|height=0|deliver_tick=44|type=core.Transaction
TICK000000001377|NET|event=RATE_BLOCK|from=node06|to=node05|tick=41|height=0|until=46
TICK000000001378|NET|event=BLOCKED|from=node06|to=node06|tick=41|height=0|until=46
TICK000000001379|NET|event=BLOCKED|from=node06|to=node07|tick=41|height=0|until=46
TICK000000001380|NODE|node06|ENQUEUE_TX|nonce=9
TICK000000001381|NET|event=SEND|from=node07|to=node00|tick=41|height=0|deliver_tick=44|type=core.Transaction
TICK000000001382|NET|event=SEND|from=node07|to=node01|tick=41|height=0|deliver_tick=44|type=core.Transaction
TICK000000001383|NET|event=SEND|from=node07|to=node02|tick=41|height=0|deliver_tick=44|type=core.Transaction
TICK000000001384|NET|event=SEND|from=node07|to=node03|tick=41|height=0|deliver_tick=42|type=core.Transaction
TICK000000001385|NET|event=SEND|from=node07|to=node04|tick=41|height=0|deliver_tick=44|type=core.Transaction
TICK000000001386|NET|event=RATE_BLOCK|from=node07|to=node05|tick=41|height=0|until=46
TICK000000001387|NET|event=BLOCKED|from=node07|to=node06|tick=41|height=0|until=46
TICK000000001388|NET|event=BLOCKED|from=node07|to=node07|tick=41|height=0|until=46
TICK000000001389|NODE|node07|ENQUEUE_TX|nonce=9
TICK000000001390|NET|event=DELIVER|from=node00|to=node00|tick=42|height=0|type=core.Transaction
TICK000000001391|NET|event=DELIVER|from=node00|to=node02|tick=42|height=0|type=core.Transaction
TICK000000001392|NET|event=DELIVER|from=node02|to=node01|tick=42|height=0|type=core.Transaction
TICK000000001393|NET|event=DELIVER|from=node02|to=node01|tick=42|height=0|type=core.Transaction
TICK000000001394|NET|event=DELIVER|from=node02|to=node02|tick=42|height=0|type=core.Transaction
TICK000000001395|NET|event=DELIVER|from=node02|to=node04|tick=42|height=0|type=core.Transaction
TICK000000001396|NET|event=DELIVER|from=node03|to=node00|tick=42|height=0|type=core.Transaction
TICK000000001397|NET|event=DELIVER|from=node03|to=node00|tick=42|height=0|type=core.Transaction
TICK000000001398|NET|event=DELIVER|from=node03|to=node02|tick=42|height=0|type=core.Transaction
TICK000000001399|NET|event=DELIVER|from=node03|to=node03|tick=42|height=0|type=core.Transaction
TICK000000001400|NET|event=DELIVER|from=node03|to=node04|tick=42|height=0|type=core.Transaction
TICK000000001401|NET|event=DELIVER|from=node04|to=node02|tick=42|height=0|type=core.Transaction
TICK000000001402|NET|event=DELIVER|from=node04|to=node02|tick=42|height=0|type=core.Transaction
TICK000000001403|NET|event=DELIVER|from=node05|to=node01|tick=42|height=0|type=core.Transaction
TICK000000001404|NET|event=DELIVER|from=node07|to=node03|tick=42|height=0|type=core.Transaction
TICK000000001405|NODE|node00|RECV|TX|from=node03|sender=node03|nonce=9
TICK000000001406|NODE|node01|RECV|TX|from=node02|sender=node02|nonce=9
TICK000000001407|NODE|node01|RECV|TX|from=node05|sender=node05|nonce=9
TICK000000001408|NODE|node02|RECV|TX|from=node00|sender=node00|nonce=9
TICK000000001409|NODE|node02|RECV|TX|from=node03|sender=node03|nonce=9
TICK000000001410|NODE|node02|RECV|TX|from=node04|sender=node04|nonce=9
TICK000000001411|NODE|node03|RECV|TX|from=node07|sender=node07|nonce=9
TICK000000001412|NODE|node04|RECV|TX|from=node02|sender=node02|nonce=9
TICK000000001413|NET|event=DELIVER|from=node00|to=node01|tick=43|height=0|type=core.Transaction
TICK000000001414|NET|event=DELIVER|from=node00|to=node03|tick=43|height=0|type=core.Transaction
TICK000000001415|NET|event=DELIVER|from=node01|to=node01|tick=43|height=0|type=core.Transaction
TICK000000001416|NET|event=DELIVER|from=node05|to=node02|tick=43|height=0|type=core.Transaction
TICK000000001417|NET|event=DELIVER|from=node05|to=node03|tick=43|height=0|type=core.Transaction
TICK000000001418|NET|event=DELIVER|from=node06|to=node00|tick=43|height=0|type=core.Transaction
TICK000000001419|NET|event=DELIVER|from=node06|to=node00|tick=43|height=0|type=core.Transaction
TICK000000001420|NODE|node00|RECV|TX|from=node06|sender=node06|nonce=9
TICK000000001421|NODE|node03|RECV|TX|from=node00|sender=node00|nonce=9
TICK000000001422|NODE|node03|RECV|TX|from=node05|sender=node05|nonce=9
TICK000000001423|NET|event=DELIVER|from=node01|to=node00|tick=44|height=0|type=core.Transaction
TICK000000001424|NET|event=DELIVER|from=node01|to=node02|tick=44|height=0|type=core.Transaction
TICK000000001425|NET|event=DELIVER|from=node01|to=node03|tick=44|height=0|type=core.Transaction
TICK000000001426|NET|event=DELIVER|from=node01|to=node04|tick=44|height=0|type=core.Transaction
TICK000000001427|NET|event=DELIVER|from=node02|to=node00|tick=44|height=0|type=core.Transaction
TICK000000001428|NET|event=DELIVER|from=node03|to=node01|tick=44|height=0|type=core.Transaction
TICK000000001429|NET|event=DELIVER|from=node04|to=node00|tick=44|height=0|type=core.Transaction
TICK000000001430|NET|event=DELIVER|from=node04|to=node01|tick=44|height=0|type=core.Transaction
TICK000000001431|NET|event=DELIVER|from=node04|to=node03|tick=44|height=0|type=core.Transaction
TICK000000001432|NET|event=DELIVER|from=node04|to=node04|tick=44|height=0|type=core.Transaction
TICK000000001433|NET|event=DELIVER|from=node05|to=node00|tick=44|height=0|type=core.Transaction
TICK000000001434|NET|event=DELIVER|from=node05|to=node04|tick=44|height=0|type=core.Transaction
TICK000000001435|NET|event=DELIVER|from=node06|to=node01|tick=44|height=0|type=core.Transaction
TICK000000001436|NET|event=DELIVER|from=node06|to=node02|tick=44|height=0|type=core.Transaction
TICK000000001437|NET|event=DELIVER|from=node06|to=node03|tick=44|height=0|type=core.Transaction
TICK000000001438|NET|event=DELIVER|from=node06|to=node04|tick=44|height=0|type=core.Transaction
TICK000000001439|NET|event=DELIVER|from=node07|to=node00|tick=44|height=0|type=core.Transaction
TICK000000001440|NET|event=DELIVER|from=node07|to=node01|tick=44|height=0|type=core.Transaction
TICK000000001441|NET|event=DELIVER|from=node07|to=node02|tick=44|height=0|type=core.Transaction
TICK000000001442|NET|event=DELIVER|from=node07|to=node04|tick=44|height=0|type=core.Transaction
TICK000000001443|NODE|node00|RECV|TX|from=node01|sender=node01|nonce=9
TICK000000001444|NODE|node00|RECV|TX|from=node02|sender=node02|nonce=9
TICK000000001445|NODE|node00|RECV|TX|from=node04|sender=node04|nonce=9
TICK000000001446|NODE|node00|RECV|TX|from=node05|sender=node05|nonce=9
TICK000000001447|NODE|node00|RECV|TX|from=node07|sender=node07|nonce=9
TICK000000001448|NODE|node01|RECV|TX|from=node06|sender=node06|nonce=9
TICK000000001449|NODE|node01|RECV|TX|from=node07|sender=node07|nonce=9
TICK000000001450|NODE|node02|RECV|TX|from=node01|sender=node01|nonce=9
TICK000000001451|NODE|node02|RECV|TX|from=node06|sender=node06|nonce=9
TICK000000001452|NODE|node02|RECV|TX|from=node07|sender=node07|nonce=9
TICK000000001453|NODE|node03|RECV|TX|from=node04|sender=node04|nonce=9
TICK000000001454|NODE|node03|RECV|TX|from=node06|sender=node06|nonce=9
TICK000000001455|NODE|node04|RECV|TX|from=node01|sender=node01|nonce=9
TICK000000001456|NODE|node04|RECV|TX|from=node05|sender=node05|nonce=9
TICK000000001457|NODE|node04|RECV|TX|from=node06|sender=node06|nonce=9
TICK000000001458|NET|event=UNBLOCK|from=node00|to=|tick=46|height=0|tick=46
TICK000000001459|NET|event=UNBLOCK|from=node01|to=|tick=46|height=0|tick=46
TICK000000001460|NET|event=UNBLOCK|from=node02|to=|tick=46|height=0|tick=46
TICK000000001461|NET|event=UNBLOCK|from=node03|to=|tick=46|height=0|tick=46
TICK000000001462|NET|event=UNBLOCK|from=node04|to=|tick=46|height=0|tick=46
TICK000000001463|NET|event=UNBLOCK|from=node05|to=|tick=46|height=0|tick=46
TICK000000001464|NET|event=UNBLOCK|from=node06|to=|tick=46|height=0|tick=46
TICK000000001465|NET|event=UNBLOCK|from=node07|to=|tick=46|height=0|tick=46
TICK000000001466|NET|event=SEND|from=node00|to=node00|tick=46|height=0|deliver_tick=48|type=core.Transaction
TICK000000001467|NET|event=DUP|from=node00|to=node00|tick=46|height=0|tick=48
TICK000000001468|NET|event=SEND|from=node00|to=node01|tick=46|height=0|deliver_tick=49|type=core.Transaction
TICK000000001469|NET|event=SEND|from=node00|to=node02|tick=46|height=0|deliver_tick=49|type=core.Transaction
TICK000000001470|NET|event=SEND|from=node00|to=node03|tick=46|height=0|deliver_tick=48|type=core.Transaction
TICK000000001471|NET|event=SEND|from=node00|to=node04|tick=46|height=0|deliver_tick=49|type=core.Transaction
TICK000000001472|NET|event=RATE_BLOCK|from=node00|to=node05|tick=46|height=0|until=51
TICK000000001473|NET|event=BLOCKED|from=node00|to=node06|tick=46|height=0|until=51
TICK000000001474|NET|event=BLOCKED|from=node00|to=node07|tick=46|height=0|until=51
TICK000000001475|NODE|node00|ENQUEUE_TX|nonce=10
TICK000000001476|NET|event=BLOCKED|from=node00|to=node00|tick=46|height=1|until=51
TICK000000001477|NET|event=BLOCKED|from=node00|to=node01|tick=46|height=1|until=51
TICK000000001478|NET|event=BLOCKED|from=node00|to=node02|tick=46|height=1|until=51
TICK000000001479|NET|event=BLOCKED|from=node00|to=node03|tick=46|height=1|until=51
TICK000000001480|NET|event=BLOCKED|from=node00|to=node04|tick=46|height=1|until=51
TICK000000001481|NET|event=BLOCKED|from=node00|to=node05|tick=46|height=1|until=51
TICK000000001482|NET|event=BLOCKED|from=node00|to=node06|tick=46|height=1|until=51
TICK000000001483|NET|event=BLOCKED|from=node00|to=node07|tick=46|height=1|until=51
TICK000000001484|NODE|node00|PROPOSE|H=1|txs=8
TICK000000001485|NET|event=DROP|from=node01|to=node00|tick=46|height=0|lat=2
TICK000000001486|NET|event=SEND|from=node01|to=node01|tick=46|height=0|deliver_tick=49|type=core.Transaction
TICK000000001487|NET|event=SEND|from=node01|to=node02|tick=46|height=0|deliver_tick=49|type=core.Transaction
TICK000000001488|NET|event=SEND|from=node01|to=node03|tick=46|height=0|deliver_tick=49|type=core.Transaction
TICK000000001489|NET|event=SEND|from=node01|to=node04|tick=46|height=0|deliver_tick=47|type=core.Transaction
TICK000000001490|NET|event=RATE_BLOCK|from=node01|to=node05|tick=46|height=0|until=51
TICK000000001491|NET|event=BLOCKED|from=node01|to=node06|tick=46|height=0|until=51
TICK000000001492|NET|event=BLOCKED|from=node01|to=node07|tick=46|height=0|until=51
TICK000000001493|NODE|node01|ENQUEUE_TX|nonce=10
TICK000000001494|NET|event=SEND|from=node02|to=node00|tick=46|height=0|deliver_tick=48|type=core.Transaction
TICK000000001495|NET|event=SEND|from=node02|to=node01|tick=46|height=0|deliver_tick=48|type=core.Transaction
TICK000000001496|NET|event=SEND|from=node02|to=node02|tick=46|height=0|deliver_tick=49|type=core.Transaction
TICK000000001497|NET|event=SEND|from=node02|to=node03|tick=46|height=0|deliver_tick=48|type=core.Transaction
TICK000000001498|NET|event=SEND|from=node02|to=node04|tick=46|height=0|deliver_tick=48|type=core.Transaction
TICK000000001499|NET|event=RATE_BLOCK|from=node02|to=node05|tick=46|height=0|until=51
TICK000000001500|NET|event=BLOCKED|from=node02|to=node06|tick=46|height=0|until=51
TICK000000001501|NET|event=BLOCKED|from=node02|to=node07|tick=46|height=0|until=51
TICK000000001502|NODE|node02|ENQUEUE_TX|nonce=10
TICK000000001503|NET|event=SEND|from=node03|to=node00|tick=46|height=0|deliver_tick=48|type=core.Transaction
TICK000000001504|NET|event=SEND|from=node03|to=node01|tick=46|height=0|deliver_tick=49|type=core.Transaction
TICK000000001505|NET|event=SEND|from=node03|to=node02|tick=46|height=0|deliver_tick=48|type=core.Transaction
TICK000000001506|NET|event=SEND|from=node03|to=node03|tick=46|height=0|deliver_tick=48|type=core.Transaction
TICK000000001507|NET|event=SEND|from=node03|to=node04|tick=46|height=0|deliver_tick=48|type=core.Transaction
TICK000000001508|NET|event=RATE_BLOCK|from=node03|to=node05|tick=46|height=0|until=51
TICK000000001509|NET|event=BLOCKED|from=node03|to=node06|tick=46|height=0|until=51
TICK000000001510|NET|event=BLOCKED|from=node03|to=node07|tick=46|height=0|until=51
TICK000000001511|NODE|node03|ENQUEUE_TX|nonce=10
TICK000000001512|NET|event=SEND|from=node04|to=node00|tick=46|height=0|deliver_tick=48|type=core.Transaction
TICK000000001513|NET|event=DUP|from=node04|to=node00|tick=46|height=0|tick=48
TICK000000001514|NET|event=SEND|from=node04|to=node01|tick=46|height=0|deliver_tick=47|type=core.Transaction
TICK000000001515|NET|event=DUP|from=node04|to=node01|tick=46|height=0|tick=47
TICK000000001516|NET|event=SEND|from=node04|to=node02|tick=46|height=0|deliver_tick=49|type=core.Transaction
TICK000000001517|NET|event=SEND|from=node04|to=node03|tick=46|height=0|deliver_tick=49|type=core.Transaction
TICK000000001518|NET|event=DROP|from=node04|to=node04|tick=46|height=0|lat=1
TICK000000001519|NET|event=RATE_BLOCK|from=node04|to=node05|tick=46|height=0|until=51
TICK000000001520|NET|event=BLOCKED|from=node04|to=node06|tick=46|height=0|until=51
TICK000000001521|NET|event=BLOCKED|from=node04|to=node07|tick=46|height=0|until=51
TICK000000001522|NODE|node04|ENQUEUE_TX|nonce=10
TICK000000001523|NET|event=SEND|from=node05|to=node00|tick=46|height=0|deliver_tick=48|type=core.Transaction
TICK000000001524|NET|event=DUP|from=node05|to=node00|tick=46|height=0|tick=48
TICK000000001525|NET|event=SEND|from=node05|to=node01|tick=46|height=0|deliver_tick=47|type=core.Transaction
TICK000000001526|NET|event=DROP|from=node05|to=node02|tick=46|height=0|lat=3
TICK000000001527|NET|event=SEND|from=node05|to=node03|tick=46|height=0|deliver_tick=48|type=core.Transaction
TICK000000001528|NET|event=SEND|from=node05|to=node04|tick=46|height=0|deliver_tick=49|type=core.Transaction
TICK000000001529|NET|event=RATE_BLOCK|from=node05|to=node05|tick=46|height=0|until=51
TICK000000001530|NET|event=BLOCKED|from=node05|to=node06|tick=46|height=0|until=51
TICK000000001531|NET|event=BLOCKED|from=node05|to=node07|tick=46|height=0|until=51
TICK000000001532|NODE|node05|ENQUEUE_TX|nonce=10
TICK000000001533|NET|event=SEND|from=node06|to=node00|tick=46|height=0|deliver_tick=49|type=core.Transaction
TICK000000001534|NET|event=SEND|from=node06|to=node01|tick=46|height=0|deliver_tick=47|type=core.Transaction
TICK000000001535|NET|event=SEND|from=node06|to=node02|tick=46|height=0|deliver_tick=48|type=core.Transaction
TICK000000001536|NET|event=SEND|from=node06|to=node03|tick=46|height=0|deliver_tick=49|type=core.Transaction
TICK000000001537|NET|event=SEND|from=node06|to=node04|tick=46|height=0|deliver_tick=49|type=core.Transaction
TICK000000001538|NET|event=RATE_BLOCK|from=node06|to=node05|tick=46|height=0|until=51
TICK000000001539|NET|event=BLOCKED|from=node06|to=node06|tick=46|height=0|until=51
TICK000000001540|NET|event=BLOCKED|from=node06|to=node07|tick=46|height=0|until=51
TICK000000001541|NODE|node06|ENQUEUE_TX|nonce=10
TICK000000001542|NET|event=SEND|from=node07|to=node00|tick=46|height=0|deliver_tick=49|type=core.Transaction
TICK000000001543|NET|event=SEND|from=node07|to=node01|tick=46|height=0|deliver_tick=48|type=core.Transaction
TICK000000001544|NET|event=SEND|from=node07|to=node02|tick=46|height=0|deliver_tick=47|type=core.Transaction
TICK000000001545|NET|event=SEND|from=node07|to=node03|tick=46|height=0|deliver_tick=47|type=core.Transaction
TICK000000001546|NET|event=SEND|from=node07|to=node04|tick=46|height=0|deliver_tick=49|type=core.Transaction
TICK000000001547|NET|event=RATE_BLOCK|from=node07|to=node05|tick=46|height=0|until=51
TICK000000001548|NET|event=BLOCKED|from=node07|to=node06|tick=46|height=0|until=51
TICK000000001549|NET|event=BLOCKED|from=node07|to=node07|tick=46|height=0|until=51
TICK000000001550|NODE|node07|ENQUEUE_TX|nonce=10
TICK000000001551|NET|event=DELIVER|from=node01|to=node04|tick=47|height=0|type=core.Transaction
TICK000000001552|NET|event=DELIVER|from=node04|to=node01|tick=47|height=0|type=core.Transaction
TICK000000001553|NET|event=DELIVER|from=node04|to=node01|tick=47|height=0|type=core.Transaction
TICK000000001554|NET|event=DELIVER|from=node05|to=node01|tick=47|height=0|type=core.Transaction
TICK000000001555|NET|event=DELIVER|from=node06|to=node01|tick=47|height=0|type=core.Transaction
TICK000000001556|NET|event=DELIVER|from=node07|to=node02|tick=47|height=0|type=core.Transaction
TICK000000001557|NET|event=DELIVER|from=node07|to=node03|tick=47|height=0|type=core.Transaction
TICK000000001558|NODE|node01|RECV|TX|from=node05|sender=node05|nonce=10
TICK000000001559|NODE|node01|RECV|TX|from=node06|sender=node06|nonce=10
TICK000000001560|NODE|node02|RECV|TX|from=node07|sender=node07|nonce=10
TICK000000001561|NODE|node03|RECV|TX|from=node07|sender=node07|nonce=10
TICK000000001562|NODE|node04|RECV|TX|from=node01|sender=node01|nonce=10
TICK000000001563|NET|event=DELIVER|from=node00|to=node00|tick=48|height=0|type=core.Transaction
TICK000000001564|NET|event=DELIVER|from=node00|to=node00|tick=48|height=0|type=core.Transaction
TICK000000001565|NET|event=DELIVER|from=node00|to=node03|tick=48|height=0|type=core.Transaction
TICK000000001566|NET|event=DELIVER|from=node02|to=node00|tick=48|height=0|type=core.Transaction
TICK000000001567|NET|event=DELIVER|from=node02|to=node01|tick=48|height=0|type=core.Transaction
TICK000000001568|NET|event=DELIVER|from=node02|to=node03|tick=48|height=0|type=core.Transaction
TICK000000001569|NET|event=DELIVER|from=node02|to=node04|tick=48|height=0|type=core.Transaction
TICK000000001570|NET|event=DELIVER|from=node03|to=node00|tick=48|height=0|type=core.Transaction
TICK000000001571|NET|event=DELIVER|from=node03|to=node02|tick=48|height=0|type=core.Transaction
TICK000000001572|NET|event=DELIVER|from=node03|to=node03|tick=48|height=0|type=core.Transaction
TICK000000001573|NET|event=DELIVER|from=node03|to=node04|tick=48|height=0|type=core.Transaction
TICK000000001574|NET|event=DELIVER|from=node04|to=node00|tick=48|height=0|type=core.Transaction
TICK000000001575|NET|event=DELIVER|from=node04|to=node00|tick=48|height=0|type=core.Transaction
TICK000000001576|NET|event=DELIVER|from=node05|to=node00|tick=48|height=0|type=core.Transaction
TICK000000001577|NET|event=DELIVER|from=node05|to=node00|tick=48|height=0|type=core.Transaction
TICK000000001578|NET|event=DELIVER|from=node05|to=node03|tick=48|height=0|type=core.Transaction
TICK000000001579|NET|event=DELIVER|from=node06|to=node02|tick=48|height=0|type=core.Transaction
TICK000000001580|NET|event=DELIVER|from=node07|to=node01|tick=48|height=0|type=core.Transaction
TICK000000001581|NODE|node00|RECV|TX|from=node02|sender=node02|nonce=10
TICK000000001582|NODE|node00|RECV|TX|from=node03|sender=node03|nonce=10
TICK000000001583|NODE|node00|RECV|TX|from=node04|sender=node04|nonce=10
TICK000000001584|NODE|node00|RECV|TX|from=node05|sender=node05|nonce=10
TICK000000001585|NODE|node01|RECV|TX|from=node02|sender=node02|nonce=10
TICK000000001586|NODE|node01|RECV|TX|from=node07|sender=node07|nonce=10
TICK000000001587|NODE|node02|RECV|TX|from=node03|sender=node03|nonce=10
TICK000000001588|NODE|node02|RECV|TX|from=node06|sender=node06|nonce=10
TICK000000001589|NODE|node03|RECV|TX|from=node00|sender=node00|nonce=10
TICK000000001590|NODE|node03|RECV|TX|from=node05|sender=node05|nonce=10
TICK000000001591|NODE|node04|RECV|TX|from=node02|sender=node02|nonce=10
TICK000000001592|NET|event=DELIVER|from=node00|to=node01|tick=49|height=0|type=core.Transaction
TICK000000001593|NET|event=DELIVER|from=node00|to=node02|tick=49|height=0|type=core.Transaction
TICK000000001594|NET|event=DELIVER|from=node00|to=node04|tick=49|height=0|type=core.Transaction
TICK000000001595|NET|event=DELIVER|from=node01|to=node01|tick=49|height=0|type=core.Transaction
TICK000000001596|NET|event=DELIVER|from=node01|to=node02|tick=49|height=0|type=core.Transaction
TICK000000001597|NET|event=DELIVER|from=node01|to=node03|tick=49|height=0|type=core.Transaction
TICK000000001598|NET|event=DELIVER|from=node02|to=node02|tick=49|height=0|type=core.Transaction
TICK000000001599|NET|event=DELIVER|from=node03|to=node01|tick=49|height=0|type=core.Transaction
TICK000000001600|NET|event=DELIVER|from=node04|to=node02|tick=49|height=0|type=core.Transaction
TICK000000001601|NET|event=DELIVER|from=node04|to=node03|tick=49|height=0|type=core.Transaction
TICK000000001602|NET|event=DELIVER|from=node05|to=node04|tick=49|height=0|type=core.Transaction
TICK000000001603|NET|event=DELIVER|from=node06|to=node00|tick=49|height=0|type=core.Transaction
TICK000000001604|NET|event=DELIVER|from=node06|to=node03|tick=49|height=0|type=core.Transaction
TICK000000001605|NET|event=DELIVER|from=node06|to=node04|tick=49|height=0|type=core.Transaction
TICK000000001606|NET|event=DELIVER|from=node07|to=node00|tick=49|height=0|type=core.Transaction
TICK000000001607|NET|event=DELIVER|from=node07|to=node04|tick=49|height=0|type=core.Transaction
TICK000000001608|NODE|node00|RECV|TX|from=node06|sender=node06|nonce=10
TICK000000001609|NODE|node00|RECV|TX|from=node07|sender=node07|nonce=10
TICK000000001610|NODE|node02|RECV|TX|from=node00|sender=node00|nonce=10
TICK000000001611|NODE|node02|RECV|TX|from=node01|sender=node01|nonce=10
TICK000000001612|NODE|node02|RECV|TX|from=node04|sender=node04|nonce=10
TICK000000001613|NODE|node03|RECV|TX|from=node04|sender=node04|nonce=10
TICK000000001614|NODE|node03|RECV|TX|from=node06|sender=node06|nonce=10
TICK000000001615|NODE|node04|RECV|TX|from=node05|sender=node05|nonce=10
TICK000000001616|NODE|node04|RECV|TX|from=node06|sender=node06|nonce=10
TICK000000001617|NET|event=UNBLOCK|from=node00|to=|tick=51|height=0|tick=51
TICK000000001618|NET|event=UNBLOCK|from=node01|to=|tick=51|height=0|tick=51
TICK000000001619|NET|event=UNBLOCK|from=node02|to=|tick=51|height=0|tick=51
TICK000000001620|NET|event=UNBLOCK|from=node03|to=|tick=51|height=0|tick=51
TICK000000001621|NET|event=UNBLOCK|from=node04|to=|tick=51|height=0|tick=51
TICK000000001622|NET|event=UNBLOCK|from=node05|to=|tick=51|height=0|tick=51
TICK000000001623|NET|event=UNBLOCK|from=node06|to=|tick=51|height=0|tick=51
TICK000000001624|NET|event=UNBLOCK|from=node07|to=|tick=51|height=0|tick=51
TICK000000001625|NET|event=SEND|from=node00|to=node00|tick=51|height=0|deliver_tick=52|type=core.Transaction
TICK000000001626|NET|event=DUP|from=node00|to=node00|tick=51|height=0|tick=52
TICK000000001627|NET|event=SEND|from=node00|to=node01|tick=51|height=0|deliver_tick=54|type=core.Transaction
TICK000000001628|NET|event=SEND|from=node00|to=node02|tick=51|height=0|deliver_tick=52|type=core.Transaction
TICK000000001629|NET|event=SEND|from=node00|to=node03|tick=51|height=0|deliver_tick=53|type=core.Transaction
TICK000000001630|NET|event=SEND|from=node00|to=node04|tick=51|height=0|deliver_tick=53|type=core.Transaction
TICK000000001631|NET|event=RATE_BLOCK|from=node00|to=node05|tick=51|height=0|until=56
TICK000000001632|NET|event=BLOCKED|from=node00|to=node06|tick=51|height=0|until=56
TICK000000001633|NET|event=BLOCKED|from=node00|to=node07|tick=51|height=0|until=56
TICK000000001634|NODE|node00|ENQUEUE_TX|nonce=11
TICK000000001635|NET|event=BLOCKED|from=node00|to=node00|tick=51|height=1|until=56
TICK000000001636|NET|event=BLOCKED|from=node00|to=node01|tick=51|height=1|until=56
TICK000000001637|NET|event=BLOCKED|from=node00|to=node02|tick=51|height=1|until=56
TICK000000001638|NET|event=BLOCKED|from=node00|to=node03|tick=51|height=1|until=56
TICK000000001639|NET|event=BLOCKED|from=node00|to=node04|tick=51|height=1|until=56
TICK000000001640|NET|event=BLOCKED|from=node00|to=node05|tick=51|height=1|until=56
TICK000000001641|NET|event=BLOCKED|from=node00|to=node06|tick=51|height=1|until=56
TICK000000001642|NET|event=BLOCKED|from=node00|to=node07|tick=51|height=1|until=56
TICK000000001643|NODE|node00|PROPOSE|H=1|txs=8
TICK000000001644|NET|event=SEND|from=node01|to=node00|tick=51|height=0|deliver_tick=54|type=core.Transaction
TICK000000001645|NET|event=SEND|from=node01|to=node01|tick=51|height=0|deliver_tick=54|type=core.Transaction
TICK000000001646|NET|event=SEND|from=node01|to=node02|tick=51|height=0|deliver_tick=54|type=core.Transaction
TICK000000001647|NET|event=SEND|from=node01|to=node03|tick=51|height=0|deliver_tick=52|type=core.Transaction
TICK000000001648|NET|event=SEND|from=node01|to=node04|tick=51|height=0|deliver_tick=53|type=core.Transaction
TICK000000001649|NET|event=RATE_BLOCK|from=node01|to=node05|tick=51|height=0|until=56
TICK000000001650|NET|event=BLOCKED|from=node01|to=node06|tick=51|height=0|until=56
TICK000000001651|NET|event=BLOCKED|from=node01|to=node07|tick=51|height=0|until=56
TICK000000001652|NODE|node01|ENQUEUE_TX|nonce=11
TICK000000001653|NET|event=SEND|from=node02|to=node00|tick=51|height=0|deliver_tick=52|type=core.Transaction
TICK000000001654|NET|event=SEND|from=node02|to=node01|tick=51|height=0|deliver_tick=53|type=core.Transaction
TICK000000001655|NET|event=SEND|from=node02|to=node02|tick=51|height=0|deliver_tick=52|type=core.Transaction
TICK000000001656|NET|event=DUP|from=node02|to=node02|tick=51|height=0|tick=52
TICK000000001657|NET|event=SEND|from=node02|to=node03|tick=51|height=0|deliver_tick=53|type=core.Transaction
TICK000000001658|NET|event=SEND|from=node02|to=node04|tick=51|height=0|deliver_tick=53|type=core.Transaction
TICK000000001659|NET|event=RATE_BLOCK|from=node02|to=node05|tick=51|height=0|until=56
TICK000000001660|NET|event=BLOCKED|from=node02|to=node06|tick=51|height=0|until=56
TICK000000001661|NET|event=BLOCKED|from=node02|to=node07|tick=51|height=0|until=56
TICK000000001662|NODE|node02|ENQUEUE_TX|nonce=11
TICK000000001663|NET|event=SEND|from=node03|to=node00|tick=51|height=0|deliver_tick=53|type=core.Transaction
TICK000000001664|NET|event=SEND|from=node03|to=node01|tick=51|height=0|deliver_tick=54|type=core.Transaction
TICK000000001665|NET|event=SEND|from=node03|to=node02|tick=51|height=0|deliver_tick=52|type=core.Transaction
TICK000000001666|NET|event=SEND|from=node03|to=node03|tick=51|height=0|deliver_tick=54|type=core.Transaction
TICK000000001667|NET|event=SEND|from=node03|to=node04|tick=51|height=0|deliver_tick=54|type=core.Transaction
TICK000000001668|NET|event=RATE_BLOCK|from=node03|to=node05|tick=51|height=0|until=56
TICK000000001669|NET|event=BLOCKED|from=node03|to=node06|tick=51|height=0|until=56
TICK000000001670|NET|event=BLOCKED|from=node03|to=node07|tick=51|height=0|until=56
TICK000000001671|NODE|node03|ENQUEUE_TX|nonce=11
TICK000000001672|NET|event=SEND|from=node04|to=node00|tick=51|height=0|deliver_tick=54|type=core.Transaction
TICK000000001673|NET|event=SEND|from=node04|to=node01|tick=51|height=0|deliver_tick=54|type=core.Transaction
TICK000000001674|NET|event=DROP|from=node04|to=node02|tick=51|height=0|lat=1
TICK000000001675|NET|event=SEND|from=node04|to=node03|tick=51|height=0|deliver_tick=54|type=core.Transaction
TICK000000001676|NET|event=SEND|from=node04|to=node04|tick=51|height=0|deliver_tick=53|type=core.Transaction
TICK000000001677|NET|event=RATE_BLOCK|from=node04|to=node05|tick=51|height=0|until=56
TICK000000001678|NET|event=BLOCKED|from=node04|to=node06|tick=51|height=0|until=56
TICK000000001679|NET|event=BLOCKED|from=node04|to=node07|tick=51|height=0|until=56
TICK000000001680|NODE|node04|ENQUEUE_TX|nonce=11
TICK000000001681|NET|event=SEND|from=node05|to=node00|tick=51|height=0|deliver_tick=53|type=core.Transaction
TICK000000001682|NET|event=SEND|from=node05|to=node01|tick=51|height=0|deliver_tick=53|type=core.Transaction
TICK000000001683|NET|event=SEND|from=node05|to=node02|tick=51|height=0|deliver_tick=52|type=core.Transaction
TICK000000001684|NET|event=SEND|from=node05|to=node03|tick=51|height=0|deliver_tick=52|type=core.Transaction
TICK000000001685|NET|event=SEND|from=node05|to=node04|tick=51|height=0|deliver_tick=53|type=core.Transaction
TICK000000001686|NET|event=RATE_BLOCK|from=node05|to=node05|tick=51|height=0|until=56
TICK000000001687|NET|event=BLOCKED|from=node05|to=node06|tick=51|height=0|until=56
TICK000000001688|NET|event=BLOCKED|from=node05|to=node07|tick=51|height=0|until=56
TICK000000001689|NODE|node05|ENQUEUE_TX|nonce=11
TICK000000001690|NET|event=SEND|from=node06|to=node00|tick=51|height=0|deliver_tick=54|type=core.Transaction
TICK000000001691|NET|event=SEND|from=node06|to=node01|tick=51|height=0|deliver_tick=53|type=core.Transaction
TICK000000001692|NET|event=SEND|from=node06|to=node02|tick=51|height=0|deliver_tick=53|type=core.Transaction
TICK000000001693|NET|event=SEND|from=node06|to=node03|tick=51|height=0|deliver_tick=54|type=core.Transaction
TICK000000001694|NET|event=SEND|from=node06|to=node04|tick=51|height=0|deliver_tick=54|type=core.Transaction
TICK000000001695|NET|event=RATE_BLOCK|from=node06|to=node05|tick=51|height=0|until=56
TICK000000001696|NET|event=BLOCKED|from=node06|to=node06|tick=51|height=0|until=56
TICK000000001697|NET|event=BLOCKED|from=node06|to=node07|tick=51|height=0|until=56
TICK000000001698|NODE|node06|ENQUEUE_TX|nonce=11
TICK000000001699|NET|event=SEND|from=node07|to=node00|tick=51|height=0|deliver_tick=54|type=core.Transaction
TICK000000001700|NET|event=SEND|from=node07|to=node01|tick=51|height=0|deliver_tick=54|type=core.Transaction
TICK000000001701|NET|event=SEND|from=node07|to=node02|tick=51|height=0|deliver_tick=52|type=core.Transaction
TICK000000001702|NET|event=SEND|from=node07|to=node03|tick=51|height=0|deliver_tick=52|type=core.Transaction
TICK000000001703|NET|event=SEND|from=node07|to=node04|tick=51|height=0|deliver_tick=52|type=core.Transaction
TICK000000001704|NET|event=RATE_BLOCK|from=node07|to=node05|tick=51|height=0|until=56
TICK000000001705|NET|event=BLOCKED|from=node07|to=node06|tick=51|height=0|until=56
TICK000000001706|NET|event=BLOCKED|from=node07|to=node07|tick=51|height=0|until=56
TICK000000001707|NODE|node07|ENQUEUE_TX|nonce=11
TICK000000001708|NET|event=DELIVER|from=node00|to=node00|tick=52|height=0|type=core.Transaction
TICK000000001709|NET|event=DELIVER|from=node00|to=node00|tick=52|height=0|type=core.Transaction
TICK000000001710|NET|event=DELIVER|from=node00|to=node02|tick=52|height=0|type=core.Transaction
TICK000000001711|NET|event=DELIVER|from=node01|to=node03|tick=52|height=0|type=core.Transaction
TICK000000001712|NET|event=DELIVER|from=node02|to=node00|tick=52|height=0|type=core.Transaction
TICK000000001713|NET|event=DELIVER|from=node02|to=node02|tick=52|height=0|type=core.Transaction
TICK000000001714|NET|event=DELIVER|from=node02|to=node02|tick=52|height=0|type=core.Transaction
TICK000000001715|NET|event=DELIVER|from=node03|to=node02|tick=52|height=0|type=core.Transaction
TICK000000001716|NET|event=DELIVER|from=node05|to=node02|tick=52|height=0|type=core.Transaction
TICK000000001717|NET|event=DELIVER|from=node05|to=node03|tick=52|height=0|type=core.Transaction
TICK000000001718|NET|event=DELIVER|from=node07|to=node02|tick=52|height=0|type=core.Transaction
TICK000000001719|NET|event=DELIVER|from=node07|to=node03|tick=52|height=0|type=core.Transaction
TICK000000001720|NET|event=DELIVER|from=node07|to=node04|tick=52|height=0|type=core.Transaction
TICK000000001721|NODE|node00|RECV|TX|from=node02|sender=node02|nonce=11
TICK000000001722|NODE|node02|RECV|TX|from=node00|sender=node00|nonce=11
TICK000000001723|NODE|node02|RECV|TX|from=node03|sender=node03|nonce=11
TICK000000001724|NODE|node02|RECV|TX|from=node07|sender=node07|nonce=11
TICK000000001725|NODE|node03|RECV|TX|from=node05|sender=node05|nonce=11
TICK000000001726|NODE|node03|RECV|TX|from=node07|sender=node07|nonce=11
TICK000000001727|NET|event=DELIVER|from=node00|to=node03|tick=53|height=0|type=core.Transaction
TICK000000001728|NET|event=DELIVER|from=node00|to=node04|tick=53|height=0|type=core.Transaction
TICK000000001729|NET|event=DELIVER|from=node01|to=node04|tick=53|height=0|type=core.Transaction
TICK000000001730|NET|event=DELIVER|from=node02|to=node01|tick=53|height=0|type=core.Transaction
TICK000000001731|NET|event=DELIVER|from=node02|to=node03|tick=53|height=0|type=core.Transaction
TICK000000001732|NET|event=DELIVER|from=node02|to=node04|tick=53|height=0|type=core.Transaction
TICK000000001733|NET|event=DELIVER|from=node03|to=node00|tick=53|height=0|type=core.Transaction
TICK000000001734|NET|event=DELIVER|from=node04|to=node04|tick=53|height=0|type=core.Transaction
TICK000000001735|NET|event=DELIVER|from=node05|to=node00|tick=53|height=0|type=core.Transaction
TICK000000001736|NET|event=DELIVER|from=node05|to=node01|tick=53|height=0|type=core.Transaction
TICK000000001737|NET|event=DELIVER|from=node05|to=node04|tick=53|height=0|type=core.Transaction
TICK000000001738|NET|event=DELIVER|from=node06|to=node01|tick=53|height=0|type=core.Transaction
TICK000000001739|NET|event=DELIVER|from=node06|to=node02|tick=53|height=0|type=core.Transaction
TICK000000001740|NODE|node00|RECV|TX|from=node03|sender=node03|nonce=11
TICK000000001741|NODE|node00|RECV|TX|from=node05|sender=node05|nonce=11
TICK000000001742|NODE|node01|RECV|TX|from=node02|sender=node02|nonce=11
TICK000000001743|NODE|node01|RECV|TX|from=node05|sender=node05|nonce=11
TICK000000001744|NODE|node01|RECV|TX|from=node06|sender=node06|nonce=11
TICK000000001745|NODE|node02|RECV|TX|from=node06|sender=node06|nonce=11
TICK000000001746|NODE|node03|RECV|TX|from=node00|sender=node00|nonce=11
TICK000000001747|NODE|node04|RECV|TX|from=node01|sender=node01|nonce=11
TICK000000001748|NODE|node04|RECV|TX|from=node02|sender=node02|nonce=11
TICK000000001749|NODE|node04|RECV|TX|from=node05|sender=node05|nonce=11
TICK000000001750|NET|event=DELIVER|from=node00|to=node01|tick=54|height=0|type=core.Transaction
TICK000000001751|NET|event=DELIVER|from=node01|to=node00|tick=54|height=0|type=core.Transaction
TICK000000001752|NET|event=DELIVER|from=node01|to=node01|tick=54|height=0|type=core.Transaction
TICK000000001753|NET|event=DELIVER|from=node01|to=node02|tick=54|height=0|type=core.Transaction
TICK000000001754|NET|event=DELIVER|from=node03|to=node01|tick=54|height=0|type=core.Transaction
TICK000000001755|NET|event=DELIVER|from=node03|to=node03|tick=54|height=0|type=core.Transaction
TICK000000001756|NET|event=DELIVER|from=node03|to=node04|tick=54|height=0|type=core.Transaction
TICK000000001757|NET|event=DELIVER|from=node04|to=node00|tick=54|height=0|type=core.Transaction
TICK000000001758|NET|event=DELIVER|from=node04|to=node01|tick=54|height=0|type=core.Transaction
TICK000000001759|NET|event=DELIVER|from=node04|to=node03|tick=54|height=0|type=core.Transaction
TICK000000001760|NET|event=DELIVER|from=node06|to=node00|tick=54|height=0|type=core.Transaction
TICK000000001761|NET|event=DELIVER|from=node06|to=node03|tick=54|height=0|type=core.Transaction
TICK000000001762|NET|event=DELIVER|from=node06|to=node04|tick=54|height=0|type=core.Transaction
TICK000000001763|NET|event=DELIVER|from=node07|to=node00|tick=54|height=0|type=core.Transaction
TICK000000001764|NET|event=DELIVER|from=node07|to=node01|tick=54|height=0|type=core.Transaction
TICK000000001765|NODE|node00|RECV|TX|from=node04|sender=node04|nonce=11
TICK000000001766|NODE|node00|RECV|TX|from=node06|sender=node06|nonce=11
TICK000000001767|NODE|node00|RECV|TX|from=node07|sender=node07|nonce=11
TICK000000001768|NODE|node01|RECV|TX|from=node07|sender=node07|nonce=11
TICK000000001769|NODE|node02|RECV|TX|from=node01|sender=node01|nonce=11
TICK000000001770|NODE|node03|RECV|TX|from=node04|sender=node04|nonce=11
TICK000000001771|NODE|node03|RECV|TX|from=node06|sender=node06|nonce=11
TICK000000001772|NODE|node04|RECV|TX|from=node06|sender=node06|nonce=11
TICK000000001773|NET|event=UNBLOCK|from=node00|to=|tick=56|height=0|tick=56
TICK000000001774|NET|event=UNBLOCK|from=node01|to=|tick=56|height=0|tick=56
TICK000000001775|NET|event=UNBLOCK|from=node02|to=|tick=56|height=0|tick=56
TICK000000001776|NET|event=UNBLOCK|from=node03|to=|tick=56|height=0|tick=56
TICK000000001777|NET|event=UNBLOCK|from=node04|to=|tick=56|height=0|tick=56
TICK000000001778|NET|event=UNBLOCK|from=node05|to=|tick=56|height=0|tick=56
TICK000000001779|NET|event=UNBLOCK|from=node06|to=|tick=56|height=0|tick=56
TICK000000001780|NET|event=UNBLOCK|from=node07|to=|tick=56|height=0|tick=56
TICK000000001781|NET|event=SEND|from=node00|to=node00|tick=56|height=0|deliver_tick=58|type=core.Transaction
TICK000000001782|NET|event=DROP|from=node00|to=node01|tick=56|height=0|lat=3
TICK000000001783|NET|event=SEND|from=node00|to=node02|tick=56|height=0|deliver_tick=58|type=core.Transaction
TICK000000001784|NET|event=SEND|from=node00|to=node03|tick=56|height=0|deliver_tick=57|type=core.Transaction
TICK000000001785|NET|event=SEND|from=node00|to=node04|tick=56|height=0|deliver_tick=58|type=core.Transaction
TICK000000001786|NET|event=RATE_BLOCK|from=node00|to=node05|tick=56|height=0|until=61
TICK000000001787|NET|event=BLOCKED|from=node00|to=node06|tick=56|height=0|until=61
TICK000000001788|NET|event=BLOCKED|from=node00|to=node07|tick=56|height=0|until=61
TICK000000001789|NODE|node00|ENQUEUE_TX|nonce=12
TICK000000001790|NET|event=BLOCKED|from=node00|to=node00|tick=56|height=1|until=61
TICK000000001791|NET|event=BLOCKED|from=node00|to=node01|tick=56|height=1|until=61
TICK000000001792|NET|event=BLOCKED|from=node00|to=node02|tick=56|height=1|until=61
TICK000000001793|NET|event=BLOCKED|from=node00|to=node03|tick=56|height=1|until=61
TICK000000001794|NET|event=BLOCKED|from=node00|to=node04|tick=56|height=1|until=61
TICK000000001795|NET|event=BLOCKED|from=node00|to=node05|tick=56|height=1|until=61
TICK000000001796|NET|event=BLOCKED|from=node00|to=node06|tick=56|height=1|until=61
TICK000000001797|NET|event=BLOCKED|from=node00|to=node07|tick=56|height=1|until=61
TICK000000001798|NODE|node00|PROPOSE|H=1|txs=8
TICK000000001799|NET|event=SEND|from=node01|to=node00|tick=56|height=0|deliver_tick=57|type=core.Transaction
TICK000000001800|NET|event=SEND|from=node01|to=node01|tick=56|height=0|deliver_tick=58|type=core.Transaction
TICK000000001801|NET|event=SEND|from=node01|to=node02|tick=56|height=0|deliver_tick=57|type=core.Transaction
TICK000000001802|NET|event=DROP|from=node01|to=node03|tick=56|height=0|lat=3
TICK000000001803|NET|event=SEND|from=node01|to=node04|tick=56|height=0|deliver_tick=57|type=core.Transaction
TICK000000001804|NET|event=RATE_BLOCK|from=node01|to=node05|tick=56|height=0|until=61
TICK000000001805|NET|event=BLOCKED|from=node01|to=node06|tick=56|height=0|until=61
TICK000000001806|NET|event=BLOCKED|from=node01|to=node07|tick=56|height=0|until=61
TICK000000001807|NODE|node01|ENQUEUE_TX|nonce=12
TICK000000001808|NET|event=SEND|from=node02|to=node00|tick=56|height=0|deliver_tick=59|type=core.Transaction
TICK000000001809|NET|event=SEND|from=node02|to=node01|tick=56|height=0|deliver_tick=59|type=core.Transaction
TICK000000001810|NET|event=SEND|from=node02|to=node02|tick=56|height=0|deliver_tick=57|type=core.Transaction
TICK000000001811|NET|event=SEND|from=node02|to=node03|tick=56|height=0|deliver_tick=59|type=core.Transaction
TICK000000001812|NET|event=DUP|from=node02|to=node03|tick=56|height=0|tick=59
TICK000000001813|NET|event=DROP|from=node02|to=node04|tick=56|height=0|lat=3
TICK000000001814|NET|event=RATE_BLOCK|from=node02|to=node05|tick=56|height=0|until=61
TICK000000001815|NET|event=BLOCKED|from=node02|to=node06|tick=56|height=0|until=61
TICK000000001816|NET|event=BLOCKED|from=node02|to=node07|tick=56|height=0|until=61
TICK000000001817|NODE|node02|ENQUEUE_TX|nonce=12
TICK000000001818|NET|event=SEND|from=node03|to=node00|tick=56|height=0|deliver_tick=58|type=core.Transaction
TICK000000001819|NET|event=DROP|from=node03|to=node01|tick=56|height=0|lat=3
TICK000000001820|NET|event=SEND|from=node03|to=node02|tick=56|height=0|deliver_tick=57|type=core.Transaction
TICK000000001821|NET|event=SEND|from=node03|to=node03|tick=56|height=0|deliver_tick=57|type=core.Transaction
TICK000000001822|NET|event=SEND|from=node03|to=node04|tick=56|height=0|deliver_tick=59|type=core.Transaction
TICK000000001823|NET|event=RATE_BLOCK|from=node03|to=node05|tick=56|height=0|until=61
TICK000000001824|NET|event=BLOCKED|from=node03|to=node06|tick=56|height=0|until=61
TICK000000001825|NET|event=BLOCKED|from=node03|to=node07|tick=56|height=0|until=61
TICK000000001826|NODE|node03|ENQUEUE_TX|nonce=12
TICK000000001827|NET|event=SEND|from=node04|to=node00|tick=56|height=0|deliver_tick=57|type=core.Transaction
TICK000000001828|NET|event=SEND|from=node04|to=node01|tick=56|height=0|deliver_tick=59|type=core.Transaction
TICK000000001829|NET|event=SEND|from=node04|to=node02|tick=56|height=0|deliver_tick=59|type=core.Transaction
TICK000000001830|NET|event=SEND|from=node04|to=node03|tick=56|height=0|deliver_tick=58|type=core.Transaction
TICK000000001831|NET|event=SEND|from=node04|to=node04|tick=56|height=0|deliver_tick=58|type=core.Transaction
TICK000000001832|NET|event=RATE_BLOCK|from=node04|to=node05|tick=56|height=0|until=61
TICK000000001833|NET|event=BLOCKED|from=node04|to=node06|tick=56|height=0|until=61
TICK000000001834|NET|event=BLOCKED|from=node04|to=node07|tick=56|height=0|until=61
TICK000000001835|NODE|node04|ENQUEUE_TX|nonce=12
TICK000000001836|NET|event=SEND|from=node05|to=node00|tick=56|height=0|deliver_tick=58|type=core.Transaction
TICK000000001837|NET|event=DUP|from=node05|to=node00|tick=56|height=0|tick=58
TICK000000001838|NET|event=DROP|from=node05|to=node01|tick=56|height=0|lat=3
TICK000000001839|NET|event=SEND|from=node05|to=node02|tick=56|height=0|deliver_tick=57|type=core.Transaction
TICK000000001840|NET|event=SEND|from=node05|to=node03|tick=56|height=0|deliver_tick=58|type=core.Transaction
TICK000000001841|NET|event=SEND|from=node05|to=node04|tick=56|height=0|deliver_tick=58|type=core.Transaction
TICK000000001842|NET|event=RATE_BLOCK|from=node05|to=node05|tick=56|height=0|until=61
TICK000000001843|NET|event=BLOCKED|from=node05|to=node06|tick=56|height=0|until=61
TICK000000001844|NET|event=BLOCKED|from=node05|to=node07|tick=56|height=0|until=61
TICK000000001845|NODE|node05|ENQUEUE_TX|nonce=12
TICK000000001846|NET|event=SEND|from=node06|to=node00|tick=56|height=0|deliver_tick=57|type=core.Transaction
TICK000000001847|NET|event=SEND|from=node06|to=node01|tick=56|height=0|deliver_tick=58|type=core.Transaction
TICK000000001848|NET|event=SEND|from=node06|to=node02|tick=56|height=0|deliver_tick=59|type=core.Transaction
TICK000000001849|NET|event=DROP|from=node06|to=node03|tick=56|height=0|lat=2
TICK000000001850|NET|event=SEND|from=node06|to=node04|tick=56|height=0|deliver_tick=59|type=core.Transaction
TICK000000001851|NET|event=DUP|from=node06|to=node04|tick=56|height=0|tick=59
TICK000000001852|NET|event=RATE_BLOCK|from=node06|to=node05|tick=56|height=0|until=61
TICK000000001853|NET|event=BLOCKED|from=node06|to=node06|tick=56|height=0|until=61
TICK000000001854|NET|event=BLOCKED|from=node06|to=node07|tick=56|height=0|until=61
TICK000000001855|NODE|node06|ENQUEUE_TX|nonce=12
TICK000000001856|NET|event=SEND|from=node07|to=node00|tick=56|height=0|deliver_tick=58|type=core.Transaction
TICK000000001857|NET|event=SEND|from=node07|to=node01|tick=56|height=0|deliver_tick=59|type=core.Transaction
TICK000000001858|NET|event=SEND|from=node07|to=node02|tick=56|height=0|deliver_tick=58|type=core.Transaction
TICK000000001859|NET|event=SEND|from=node07|to=node03|tick=56|height=0|deliver_tick=59|type=core.Transaction
TICK000000001860|NET|event=SEND|from=node07|to=node04|tick=56|height=0|deliver_tick=57|type=core.Transaction
TICK000000001861|NET|event=RATE_BLOCK|from=node07|to=node05|tick=56|height=0|until=61
TICK000000001862|NET|event=BLOCKED|from=node07|to=node06|tick=56|height=0|until=61
TICK000000001863|NET|event=BLOCKED|from=node07|to=node07|tick=56|height=0|until=61
TICK000000001864|NODE|node07|ENQUEUE_TX|nonce=12
TICK000000001865|NET|event=DELIVER|from=node00|to=node03|tick=57|height=0|type=core.Transaction
TICK000000001866|NET|event=DELIVER|from=node01|to=node00|tick=57|height=0|type=core.Transaction
TICK000000001867|NET|event=DELIVER|from=node01|to=node02|tick=57|height=0|type=core.Transaction
TICK000000001868|NET|event=DELIVER|from=node01|to=node04|tick=57|height=0|type=core.Transaction
TICK000000001869|NET|event=DELIVER|from=node02|to=node02|tick=57|height=0|type=core.Transaction
TICK000000001870|NET|event=DELIVER|from=node03|to=node02|tick=57|height=0|type=core.Transaction
TICK000000001871|NET|event=DELIVER|from=node03|to=node03|tick=57|height=0|type=core.Transaction
TICK000000001872|NET|event=DELIVER|from=node04|to=node00|tick=57|height=0|type=core.Transaction
TICK000000001873|NET|event=DELIVER|from=node05|to=node02|tick=57|height=0|type=core.Transaction
TICK000000001874|NET|event=DELIVER|from=node06|to=node00|tick=57|height=0|type=core.Transaction
TICK000000001875|NET|event=DELIVER|from=node07|to=node04|tick=57|height=0|type=core.Transaction
TICK000000001876|NODE|node00|RECV|TX|from=node04|sender=node04|nonce=12
TICK000000001877|NODE|node00|RECV|TX|from=node06|sender=node06|nonce=12
TICK000000001878|NODE|node02|RECV|TX|from=node01|sender=node01|nonce=12
TICK000000001879|NODE|node02|RECV|TX|from=node03|sender=node03|nonce=12
TICK000000001880|NODE|node03|RECV|TX|from=node00|sender=node00|nonce=12
TICK000000001881|NODE|node04|RECV|TX|from=node01|sender=node01|nonce=12
TICK000000001882|NET|event=DELIVER|from=node00|to=node00|tick=58|height=0|type=core.Transaction
TICK000000001883|NET|event=DELIVER|from=node00|to=node02|tick=58|height=0|type=core.Transaction
TICK000000001884|NET|event=DELIVER|from=node00|to=node04|tick=58|height=0|type=core.Transaction
TICK000000001885|NET|event=DELIVER|from=node01|to=node01|tick=58|height=0|type=core.Transaction
TICK000000001886|NET|event=DELIVER|from=node03|to=node00|tick=58|height=0|type=core.Transaction
TICK000000001887|NET|event=DELIVER|from=node04|to=node03|tick=58|height=0|type=core.Transaction
TICK000000001888|NET|event=DELIVER|from=node04|to=node04|tick=58|height=0|type=core.Transaction
TICK000000001889|NET|event=DELIVER|from=node05|to=node00|tick=58|height=0|type=core.Transaction
TICK000000001890|NET|event=DELIVER|from=node05|to=node00|tick=58|height=0|type=core.Transaction
TICK000000001891|NET|event=DELIVER|from=node05|to=node03|tick=58|height=0|type=core.Transaction
TICK000000001892|NET|event=DELIVER|from=node05|to=node04|tick=58|height=0|type=core.Transaction
TICK000000001893|NET|event=DELIVER|from=node06|to=node01|tick=58|height=0|type=core.Transaction
TICK000000001894|NET|event=DELIVER|from=node07|to=node00|tick=58|height=0|type=core.Transaction
TICK000000001895|NET|event=DELIVER|from=node07|to=node02|tick=58|height=0|type=core.Transaction
TICK000000001896|NODE|node00|RECV|TX|from=node03|sender=node03|nonce=12
TICK000000001897|NODE|node00|RECV|TX|from=node05|sender=node05|nonce=12
TICK000000001898|NODE|node00|RECV|TX|from=node07|sender=node07|nonce=12
TICK000000001899|NODE|node01|RECV|TX|from=node06|sender=node06|nonce=12
TICK000000001900|NODE|node02|RECV|TX|from=node00|sender=node00|nonce=12
TICK000000001901|NODE|node02|RECV|TX|from=node07|sender=node07|nonce=12
TICK000000001902|NODE|node03|RECV|TX|from=node04|sender=node04|nonce=12
TICK000000001903|NODE|node03|RECV|TX|from=node05|sender=node05|nonce=12
TICK000000001904|NODE|node04|RECV|TX|from=node05|sender=node05|nonce=12
TICK000000001905|NET|event=DELIVER|from=node02|to=node00|tick=59|height=0|type=core.Transaction
TICK000000001906|NET|event=DELIVER|from=node02|to=node01|tick=59|height=0|type=core.Transaction
TICK000000001907|NET|event=DELIVER|from=node02|to=node03|tick=59|height=0|type=core.Transaction
TICK000000001908|NET|event=DELIVER|from=node02|to=node03|tick=59|height=0|type=core.Transaction
TICK000000001909|NET|event=DELIVER|from=node03|to=node04|tick=59|height=0|type=core.Transaction
TICK000000001910|NET|event=DELIVER|from=node04|to=node01|tick=59|height=0|type=core.Transaction
TICK000000001911|NET|event=DELIVER|from=node04|to=node02|tick=59|height=0|type=core.Transaction
TICK000000001912|NET|event=DELIVER|from=node06|to=node02|tick=59|height=0|type=core.Transaction
TICK000000001913|NET|event=DELIVER|from=node06|to=node04|tick=59|height=0|type=core.Transaction
TICK000000001914|NET|event=DELIVER|from=node06|to=node04|tick=59|height=0|type=core.Transaction
TICK000000001915|NET|event=DELIVER|from=node07|to=node01|tick=59|height=0|type=core.Transaction
TICK000000001916|NET|event=DELIVER|from=node07|to=node03|tick=59|height=0|type=core.Transaction
TICK000000001917|NODE|node00|RECV|TX|from=node02|sender=node02|nonce=12
TICK000000001918|NODE|node01|RECV|TX|from=node02|sender=node02|nonce=12
TICK000000001919|NODE|node01|RECV|TX|from=node07|sender=node07|nonce=12
TICK000000001920|NODE|node02|RECV|TX|from=node06|sender=node06|nonce=12
TICK000000001921|NODE|node03|RECV|TX|from=node07|sender=node07|nonce=12
TICK000000001922|NODE|node04|RECV|TX|from=node06|sender=node06|nonce=12
TICK000000001923|NET|event=UNBLOCK|from=node00|to=|tick=61|height=0|tick=61
TICK000000001924|NET|event=UNBLOCK|from=node01|to=|tick=61|height=0|tick=61
TICK000000001925|NET|event=UNBLOCK|from=node02|to=|tick=61|height=0|tick=61
TICK000000001926|NET|event=UNBLOCK|from=node03|to=|tick=61|height=0|tick=61
TICK000000001927|NET|event=UNBLOCK|from=node04|to=|tick=61|height=0|tick=61
TICK000000001928|NET|event=UNBLOCK|from=node05|to=|tick=61|height=0|tick=61
TICK000000001929|NET|event=UNBLOCK|from=node06|to=|tick=61|height=0|tick=61
TICK000000001930|NET|event=UNBLOCK|from=node07|to=|tick=61|height=0|tick=61
TICK000000001931|NET|event=SEND|from=node00|to=node00|tick=61|height=0|deliver_tick=62|type=core.Transaction
TICK000000001932|NET|event=SEND|from=node00|to=node01|tick=61|height=0|deliver_tick=64|type=core.Transaction
TICK000000001933|NET|event=SEND|from=node00|to=node02|tick=61|height=0|deliver_tick=64|type=core.Transaction
TICK000000001934|NET|event=SEND|from=node00|to=node03|tick=61|height=0|deliver_tick=63|type=core.Transaction
TICK000000001935|NET|event=SEND|from=node00|to=node04|tick=61|height=0|deliver_tick=64|type=core.Transaction
TICK000000001936|NET|event=RATE_BLOCK|from=node00|to=node05|tick=61|height=0|until=66
TICK000000001937|NET|event=BLOCKED|from=node00|to=node06|tick=61|height=0|until=66
TICK000000001938|NET|event=BLOCKED|from=node00|to=node07|tick=61|height=0|until=66
TICK000000001939|NODE|node00|ENQUEUE_TX|nonce=13
TICK000000001940|NET|event=BLOCKED|from=node00|to=node00|tick=61|height=1|until=66
TICK000000001941|NET|event=BLOCKED|from=node00|to=node01|tick=61|height=1|until=66
TICK000000001942|NET|event=BLOCKED|from=node00|to=node02|tick=61|height=1|until=66
TICK000000001943|NET|event=BLOCKED|from=node00|to=node03|tick=61|height=1|until=66
TICK000000001944|NET|event=BLOCKED|from=node00|to=node04|tick=61|height=1|until=66
TICK000000001945|NET|event=BLOCKED|from=node00|to=node05|tick=61|height=1|until=66
TICK000000001946|NET|event=BLOCKED|from=node00|to=node06|tick=61|height=1|until=66
TICK000000001947|NET|event=BLOCKED|from=node00|to=node07|tick=61|height=1|until=66
TICK000000001948|NODE|node00|PROPOSE|H=1|txs=8
TICK000000001949|NET|event=SEND|from=node01|to=node00|tick=61|height=0|deliver_tick=64|type=core.Transaction
TICK000000001950|NET|event=SEND|from=node01|to=node01|tick=61|height=0|deliver_tick=62|type=core.Transaction
TICK000000001951|NET|event=SEND|from=node01|to=node02|tick=61|height=0|deliver_tick=63|type=core.Transaction
TICK000000001952|NET|event=SEND|from=node01|to=node03|tick=61|height=0|deliver_tick=63|type=core.Transaction
TICK000000001953|NET|event=SEND|from=node01|to=node04|tick=61|height=0|deliver_tick=64|type=core.Transaction
TICK000000001954|NET|event=RATE_BLOCK|from=node01|to=node05|tick=61|height=0|until=66
TICK000000001955|NET|event=BLOCKED|from=node01|to=node06|tick=61|height=0|until=66
TICK000000001956|NET|event=BLOCKED|from=node01|to=node07|tick=61|height=0|until=66
TICK000000001957|NODE|node01|ENQUEUE_TX|nonce=13
TICK000000001958|NET|event=SEND|from=node02|to=node00|tick=61|height=0|deliver_tick=62|type=core.Transaction
TICK000000001959|NET|event=SEND|from=node02|to=node01|tick=61|height=0|deliver_tick=62|type=core.Transaction
TICK000000001960|NET|event=SEND|from=node02|to=node02|tick=61|height=0|deliver_tick=64|type=core.Transaction
TICK000000001961|NET|event=SEND|from=node02|to=node03|tick=61|height=0|deliver_tick=63|type=core.Transaction
TICK000000001962|NET|event=SEND|from=node02|to=node04|tick=61|height=0|deliver_tick=64|type=core.Transaction
TICK000000001963|NET|event=RATE_BLOCK|from=node02|to=node05|tick=61|height=0|until=66
TICK000000001964|NET|event=BLOCKED|from=node02|to=node06|tick=61|height=0|until=66
TICK000000001965|NET|event=BLOCKED|from=node02|to=node07|tick=61|height=0|until=66
TICK000000001966|NODE|node02|ENQUEUE_TX|nonce=13
TICK000000001967|NET|event=SEND|from=node03|to=node00|tick=61|height=0|deliver_tick=64|type=core.Transaction
TICK000000001968|NET|event=SEND|from=node03|to=node01|tick=61|height=0|deliver_tick=64|type=core.Transaction
TICK000000001969|NET|event=SEND|from=node03|to=node02|tick=61|height=0|deliver_tick=62|type=core.Transaction
TICK000000001970|NET|event=SEND|from=node03|to=node03|tick=61|height=0|deliver_tick=62|type=core.Transaction
TICK000000001971|NET|event=SEND|from=node03|to=node04|tick=61|height=0|deliver_tick=62|type=core.Transaction
TICK000000001972|NET|event=RATE_BLOCK|from=node03|to=node05|tick=61|height=0|until=66
TICK000000001973|NET|event=BLOCKED|from=node03|to=node06|tick=61|height=0|until=66
TICK000000001974|NET|event=BLOCKED|from=node03|to=node07|tick=61|height=0|until=66
TICK000000001975|NODE|node03|ENQUEUE_TX|nonce=13
TICK000000001976|NET|event=SEND|from=node04|to=node00|tick=61|height=0|deliver_tick=64|type=core.Transaction
TICK000000001977|NET|event=SEND|from=node04|to=node01|tick=61|height=0|deliver_tick=62|type=core.Transaction
TICK000000001978|NET|event=SEND|from=node04|to=node02|tick=61|height=0|deliver_tick=64|type=core.Transaction
TICK000000001979|NET|event=SEND|from=node04|to=node03|tick=61|height=0|deliver_tick=62|type=core.Transaction
TICK000000001980|NET|event=SEND|from=node04|to=node04|tick=61|height=0|deliver_tick=62|type=core.Transaction
TICK000000001981|NET|event=RATE_BLOCK|from=node04|to=node05|tick=61|height=0|until=66
TICK000000001982|NET|event=BLOCKED|from=node04|to=node06|tick=61|height=0|until=66
TICK000000001983|NET|event=BLOCKED|from=node04|to=node07|tick=61|height=0|until=66
TICK000000001984|NODE|node04|ENQUEUE_TX|nonce=13
TICK000000001985|NET|event=SEND|from=node05|to=node00|tick=61|height=0|deliver_tick=62|type=core.Transaction
TICK000000001986|NET|event=SEND|from=node05|to=node01|tick=61|height=0|deliver_tick=64|type=core.Transaction
TICK000000001987|NET|event=SEND|from=node05|to=node02|tick=61|height=0|deliver_tick=62|type=core.Transaction
TICK000000001988|NET|event=SEND|from=node05|to=node03|tick=61|height=0|deliver_tick=64|type=core.Transaction
TICK000000001989|NET|event=SEND|from=node05|to=node04|tick=61|height=0|deliver_tick=64|type=core.Transaction
TICK000000001990|NET|event=RATE_BLOCK|from=node05|to=node05|tick=61|height=0|until=66
TICK000000001991|NET|event=BLOCKED|from=node05|to=node06|tick=61|height=0|until=66
TICK000000001992|NET|event=BLOCKED|from=node05|to=node07|tick=61|height=0|until=66
TICK000000001993|NODE|node05|ENQUEUE_TX|nonce=13
TICK000000001994|NET|event=SEND|from=node06|to=node00|tick=61|height=0|deliver_tick=63|type=core.Transaction
TICK000000001995|NET|event=SEND|from=node06|to=node01|tick=61|height=0|deliver_tick=63|type=core.Transaction
TICK000000001996|NET|event=SEND|from=node06|to=node02|tick=61|height=0|deliver_tick=64|type=core.Transaction
TICK000000001997|NET|event=DUP|from=node06|to=node02|tick=61|height=0|tick=64
TICK000000001998|NET|event=SEND|from=node06|to=node03|tick=61|height=0|deliver_tick=63|type=core.Transaction
TICK000000001999|NET|event=SEND|from=node06|to=node04|tick=61|height=0|deliver_tick=64|type=core.Transaction
TICK000000002000|NET|event=RATE_BLOCK|from=node06|to=node05|tick=61|height=0|until=66
TICK000000002001|NET|event=BLOCKED|from=node06|to=node06|tick=61|height=0|until=66
TICK000000002002|NET|event=BLOCKED|from=node06|to=node07|tick=61|height=0|until=66
TICK000000002003|NODE|node06|ENQUEUE_TX|nonce=13
TICK000000002004|NET|event=SEND|from=node07|to=node00|tick=61|height=0|deliver_tick=63|type=core.Transaction
TICK000000002005|NET|event=SEND|from=node07|to=node01|tick=61|height=0|deliver_tick=62|type=core.Transaction
TICK000000002006|NET|event=SEND|from=node07|to=node02|tick=61|height=0|deliver_tick=63|type=core.Transaction
TICK000000002007|NET|event=SEND|from=node07|to=node03|tick=61|height=0|deliver_tick=63|type=core.Transaction
TICK000000002008|NET|event=SEND|from=node07|to=node04|tick=61|height=0|deliver_tick=62|type=core.Transaction
TICK000000002009|NET|event=RATE_BLOCK|from=node07|to=node05|tick=61|height=0|until=66
TICK000000002010|NET|event=BLOCKED|from=node07|to=node06|tick=61|height=0|until=66
TICK000000002011|NET|event=BLOCKED|from=node07|to=node07|tick=61|height=0|until=66
TICK000000002012|NODE|node07|ENQUEUE_TX|nonce=13
TICK000000002013|NET|event=DELIVER|from=node00|to=node00|tick=62|height=0|type=core.Transaction
TICK000000002014|NET|event=DELIVER|from=node01|to=node01|tick=62|height=0|type=core.Transaction
TICK000000002015|NET|event=DELIVER|from=node02|to=node00|tick=62|height=0|type=core.Transaction
TICK000000002016|NET|event=DELIVER|from=node02|to=node01|tick=62|height=0|type=core.Transaction
TICK000000002017|NET|event=DELIVER|from=node03|to=node02|tick=62|height=0|type=core.Transaction
TICK000000002018|NET|event=DELIVER|from=node03|to=node03|tick=62|height=0|type=core.Transaction
TICK000000002019|NET|event=DELIVER|from=node03|to=node04|tick=62|height=0|type=core.Transaction
TICK000000002020|NET|event=DELIVER|from=node04|to=node01|tick=62|height=0|type=core.Transaction
TICK000000002021|NET|event=DELIVER|from=node04|to=node03|tick=62|height=0|type=core.Transaction
TICK000000002022|NET|event=DELIVER|from=node04|to=node04|tick=62|height=0|type=core.Transaction
TICK000000002023|NET|event=DELIVER|from=node05|to=node00|tick=62|height=0|type=core.Transaction
TICK000000002024|NET|event=DELIVER|from=node05|to=node02|tick=62|height=0|type=core.Transaction
TICK000000002025|NET|event=DELIVER|from=node07|to=node01|tick=62|height=0|type=core.Transaction
TICK000000002026|NET|event=DELIVER|from=node07|to=node04|tick=62|height=0|type=core.Transaction
TICK000000002027|NODE|node00|RECV|TX|from=node02|sender=node02|nonce=13
TICK000000002028|NODE|node00|RECV|TX|from=node05|sender=node05|nonce=13
TICK000000002029|NODE|node01|RECV|TX|from=node02|sender=node02|nonce=13
TICK000000002030|NODE|node01|RECV|TX|from=node07|sender=node07|nonce=13
TICK000000002031|NODE|node02|RECV|TX|from=node03|sender=node03|nonce=13
TICK000000002032|NODE|node03|RECV|TX|from=node04|sender=node04|nonce=13
TICK000000002033|NET|event=DELIVER|from=node00|to=node03|tick=63|height=0|type=core.Transaction
TICK000000002034|NET|event=DELIVER|from=node01|to=node02|tick=63|height=0|type=core.Transaction
TICK000000002035|NET|event=DELIVER|from=node01|to=node03|tick=63|height=0|type=core.Transaction
TICK000000002036|NET|event=DELIVER|from=node02|to=node03|tick=63|height=0|type=core.Transaction
TICK000000002037|NET|event=DELIVER|from=node06|to=node00|tick=63|height=0|type=core.Transaction
TICK000000002038|NET|event=DELIVER|from=node06|to=node01|tick=63|height=0|type=core.Transaction
TICK000000002039|NET|event=DELIVER|from=node06|to=node03|tick=63|height=0|type=core.Transaction
TICK000000002040|NET|event=DELIVER|from=node07|to=node00|tick=63|height=0|type=core.Transaction
TICK000000002041|NET|event=DELIVER|from=node07|to=node02|tick=63|height=0|type=core.Transaction
TICK000000002042|NET|event=DELIVER|from=node07|to=node03|tick=63|height=0|type=core.Transaction
TICK000000002043|NODE|node00|RECV|TX|from=node06|sender=node06|nonce=13
TICK000000002044|NODE|node00|RECV|TX|from=node07|sender=node07|nonce=13
TICK000000002045|NODE|node01|RECV|TX|from=node06|sender=node06|nonce=13
TICK000000002046|NODE|node02|RECV|TX|from=node01|sender=node01|nonce=13
TICK000000002047|NODE|node02|RECV|TX|from=node07|sender=node07|nonce=13
TICK000000002048|NODE|node03|RECV|TX|from=node00|sender=node00|nonce=13
TICK000000002049|NODE|node03|RECV|TX|from=node07|sender=node07|nonce=13
TICK000000002050|NET|event=DELIVER|from=node00|to=node01|tick=64|height=0|type=core.Transaction
TICK000000002051|NET|event=DELIVER|from=node00|to=node02|tick=64|height=0|type=core.Transaction
TICK000000002052|NET|event=DELIVER|from=node00|to=node04|tick=64|height=0|type=core.Transaction
TICK000000002053|NET|event=DELIVER|from=node01|to=node00|tick=64|height=0|type=core.Transaction
TICK000000002054|NET|event=DELIVER|from=node01|to=node04|tick=64|height=0|type=core.Transaction
TICK000000002055|NET|event=DELIVER|from=node02|to=node02|tick=64|height=0|type=core.Transaction
TICK000000002056|NET|event=DELIVER|from=node02|to=node04|tick=64|height=0|type=core.Transaction
TICK000000002057|NET|event=DELIVER|from=node03|to=node00|tick=64|height=0|type=core.Transaction
TICK000000002058|NET|event=DELIVER|from=node03|to=node01|tick=64|height=0|type=core.Transaction
TICK000000002059|NET|event=DELIVER|from=node04|to=node00|tick=64|height=0|type=core.Transaction
TICK000000002060|NET|event=DELIVER|from=node04|to=node02|tick=64|height=0|type=core.Transaction
TICK000000002061|NET|event=DELIVER|from=node05|to=node01|tick=64|height=0|type=core.Transaction
TICK000000002062|NET|event=DELIVER|from=node05|to=node03|tick=64|height=0|type=core.Transaction
TICK000000002063|NET|event=DELIVER|from=node05|to=node04|tick=64|height=0|type=core.Transaction
TICK000000002064|NET|event=DELIVER|from=node06|to=node02|tick=64|height=0|type=core.Transaction
TICK000000002065|NET|event=DELIVER|from=node06|to=node02|tick=64|height=0|type=core.Transaction
TICK000000002066|NET|event=DELIVER|from=node06|to=node04|tick=64|height=0|type=core.Transaction
TICK000000002067|NODE|node00|RECV|TX|from=node03|sender=node03|nonce=13
TICK000000002068|NODE|node00|RECV|TX|from=node04|sender=node04|nonce=13
TICK000000002069|NODE|node02|RECV|TX|from=node00|sender=node00|nonce=13
TICK000000002070|NODE|node02|RECV|TX|from=node06|sender=node06|nonce=13
TICK000000002071|NODE|node03|RECV|TX|from=node05|sender=node05|nonce=13
TICK000000002072|NODE|node04|RECV|TX|from=node01|sender=node01|nonce=13
TICK000000002073|NODE|node04|RECV|TX|from=node05|sender=node05|nonce=13
TICK000000002074|NODE|node04|RECV|TX|from=node06|sender=node06|nonce=13
TICK000000002075|NET|event=UNBLOCK|from=node00|to=|tick=66|height=0|tick=66
TICK000000002076|NET|event=UNBLOCK|from=node01|to=|tick=66|height=0|tick=66
TICK000000002077|NET|event=UNBLOCK|from=node02|to=|tick=66|height=0|tick=66
TICK000000002078|NET|event=UNBLOCK|from=node03|to=|tick=66|height=0|tick=66
TICK000000002079|NET|event=UNBLOCK|from=node04|to=|tick=66|height=0|tick=66
TICK000000002080|NET|event=UNBLOCK|from=node05|to=|tick=66|height=0|tick=66
TICK000000002081|NET|event=UNBLOCK|from=node06|to=|tick=66|height=0|tick=66
TICK000000002082|NET|event=UNBLOCK|from=node07|to=|tick=66|height=0|tick=66
TICK000000002083|NET|event=SEND|from=node00|to=node00|tick=66|height=0|deliver_tick=69|type=core.Transaction
TICK000000002084|NET|event=SEND|from=node00|to=node01|tick=66|height=0|deliver_tick=67|type=core.Transaction
TICK000000002085|NET|event=SEND|from=node00|to=node02|tick=66|height=0|deliver_tick=69|type=core.Transaction
TICK000000002086|NET|event=SEND|from=node00|to=node03|tick=66|height=0|deliver_tick=69|type=core.Transaction
TICK000000002087|NET|event=SEND|from=node00|to=node04|tick=66|height=0|deliver_tick=68|type=core.Transaction
TICK000000002088|NET|event=DUP|from=node00|to=node04|tick=66|height=0|tick=68
TICK000000002089|NET|event=RATE_BLOCK|from=node00|to=node05|tick=66|height=0|until=71
TICK000000002090|NET|event=BLOCKED|from=node00|to=node06|tick=66|height=0|until=71
TICK000000002091|NET|event=BLOCKED|from=node00|to=node07|tick=66|height=0|until=71
TICK000000002092|NODE|node00|ENQUEUE_TX|nonce=14
TICK000000002093|NET|event=BLOCKED|from=node00|to=node00|tick=66|height=1|until=71
TICK000000002094|NET|event=BLOCKED|from=node00|to=node01|tick=66|height=1|until=71
TICK000000002095|NET|event=BLOCKED|from=node00|to=node02|tick=66|height=1|until=71
TICK000000002096|NET|event=BLOCKED|from=node00|to=node03|tick=66|height=1|until=71
TICK000000002097|NET|event=BLOCKED|from=node00|to=node04|tick=66|height=1|until=71
TICK000000002098|NET|event=BLOCKED|from=node00|to=node05|tick=66|height=1|until=71
TICK000000002099|NET|event=BLOCKED|from=node00|to=node06|tick=66|height=1|until=71
TICK000000002100|NET|event=BLOCKED|from=node00|to=node07|tick=66|height=1|until=71
TICK000000002101|NODE|node00|PROPOSE|H=1|txs=8
TICK000000002102|NET|event=SEND|from=node01|to=node00|tick=66|height=0|deliver_tick=68|type=core.Transaction
TICK000000002103|NET|event=SEND|from=node01|to=node01|tick=66|height=0|deliver_tick=67|type=core.Transaction
TICK000000002104|NET|event=SEND|from=node01|to=node02|tick=66|height=0|deliver_tick=69|type=core.Transaction
TICK000000002105|NET|event=SEND|from=node01|to=node03|tick=66|height=0|deliver_tick=69|type=core.Transaction
TICK000000002106|NET|event=SEND|from=node01|to=node04|tick=66|height=0|deliver_tick=69|type=core.Transaction
TICK000000002107|NET|event=RATE_BLOCK|from=node01|to=node05|tick=66|height=0|until=71
TICK000000002108|NET|event=BLOCKED|from=node01|to=node06|tick=66|height=0|until=71
TICK000000002109|NET|event=BLOCKED|from=node01|to=node07|tick=66|height=0|until=71
TICK000000002110|NODE|node01|ENQUEUE_TX|nonce=14
TICK000000002111|NET|event=SEND|from=node02|to=node00|tick=66|height=0|deliver_tick=69|type=core.Transaction
TICK000000002112|NET|event=DROP|from=node02|to=node01|tick=66|height=0|lat=3
TICK000000002113|NET|event=SEND|from=node02|to=node02|tick=66|height=0|deliver_tick=69|type=core.Transaction
TICK000000002114|NET|event=SEND|from=node02|to=node03|tick=66|height=0|deliver_tick=69|type=core.Transaction
TICK000000002115|NET|event=SEND|from=node02|to=node04|tick=66|height=0|deliver_tick=68|type=core.Transaction
TICK000000002116|NET|event=RATE_BLOCK|from=node02|to=node05|tick=66|height=0|until=71
TICK000000002117|NET|event=BLOCKED|from=node02|to=node06|tick=66|height=0|until=71
TICK000000002118|NET|event=BLOCKED|from=node02|to=node07|tick=66|height=0|until=71
TICK000000002119|NODE|node02|ENQUEUE_TX|nonce=14
TICK000000002120|NET|event=SEND|from=node03|to=node00|tick=66|height=0|deliver_tick=69|type=core.Transaction
TICK000000002121|NET|event=SEND|from=node03|to=node01|tick=66|height=0|deliver_tick=68|type=core.Transaction
TICK000000002122|NET|event=SEND|from=node03|to=node02|tick=66|height=0|deliver_tick=67|type=core.Transaction
TICK000000002123|NET|event=SEND|from=node03|to=node03|tick=66|height=0|deliver_tick=69|type=core.Transaction
TICK000000002124|NET|event=SEND|from=node03|to=node04|tick=66|height=0|deliver_tick=69|type=core.Transaction
TICK000000002125|NET|event=RATE_BLOCK|from=node03|to=node05|tick=66|height=0|until=71
TICK000000002126|NET|event=BLOCKED|from=node03|to=node06|tick=66|height=0|until=71
TICK000000002127|NET|event=BLOCKED|from=node03|to=node07|tick=66|height=0|until=71
TICK000000002128|NODE|node03|ENQUEUE_TX|nonce=14
TICK000000002129|NET|event=SEND|from=node04|to=node00|tick=66|height=0|deliver_tick=67|type=core.Transaction
TICK000000002130|NET|event=SEND|from=node04|to=node01|tick=66|height=0|deliver_tick=67|type=core.Transaction
TICK000000002131|NET|event=SEND|from=node04|to=node02|tick=66|height=0|deliver_tick=69|type=core.Transaction
TICK000000002132|NET|event=SEND|from=node04|to=node03|tick=66|height=0|deliver_tick=67|type=core.Transaction
TICK000000002133|NET|event=SEND|from=node04|to=node04|tick=66|height=0|deliver_tick=69|type=core.Transaction
TICK000000002134|NET|event=RATE_BLOCK|from=node04|to=node05|tick=66|height=0|until=71
TICK000000002135|NET|event=BLOCKED|from=node04|to=node06|tick=66|height=0|until=71
TICK000000002136|NET|event=BLOCKED|from=node04|to=node07|tick=66|height=0|until=71
TICK000000002137|NODE|node04|ENQUEUE_TX|nonce=14
TICK000000002138|NET|event=SEND|from=node05|to=node00|tick=66|height=0|deliver_tick=67|type=core.Transaction
TICK000000002139|NET|event=SEND|from=node05|to=node01|tick=66|height=0|deliver_tick=69|type=core.Transaction
TICK000000002140|NET|event=SEND|from=node05|to=node02|tick=66|height=0|deliver_tick=69|type=core.Transaction
TICK000000002141|NET|event=SEND|from=node05|to=node03|tick=66|height=0|deliver_tick=67|type=core.Transaction
TICK000000002142|NET|event=DUP|from=node05|to=node03|tick=66|height=0|tick=67
TICK000000002143|NET|event=SEND|from=node05|to=node04|tick=66|height=0|deliver_tick=67|type=core.Transaction
TICK000000002144|NET|event=DUP|from=node05|to=node04|tick=66|height=0|tick=67
TICK000000002145|NET|event=RATE_BLOCK|from=node05|to=node05|tick=66|height=0|until=71
TICK000000002146|NET|event=BLOCKED|from=node05|to=node06|tick=66|height=0|until=71
TICK000000002147|NET|event=BLOCKED|from=node05|to=node07|tick=66|height=0|until=71
TICK000000002148|NODE|node05|ENQUEUE_TX|nonce=14
TICK000000002149|NET|event=SEND|from=node06|to=node00|tick=66|height=0|deliver_tick=67|type=core.Transaction
TICK000000002150|NET|event=SEND|from=node06|to=node01|tick=66|height=0|deliver_tick=67|type=core.Transaction
TICK000000002151|NET|event=SEND|from=node06|to=node02|tick=66|height=0|deliver_tick=69|type=core.Transaction
TICK000000002152|NET|event=SEND|from=node06|to=node03|tick=66|height=0|deliver_tick=69|type=core.Transaction
TICK000000002153|NET|event=SEND|from=node06|to=node04|tick=66|height=0|deliver_tick=68|type=core.Transaction
TICK000000002154|NET|event=RATE_BLOCK|from=node06|to=node05|tick=66|height=0|until=71
TICK000000002155|NET|event=BLOCKED|from=node06|to=node06|tick=66|height=0|until=71
TICK000000002156|NET|event=BLOCKED|from=node06|to=node07|tick=66|height=0|until=71
TICK000000002157|NODE|node06|ENQUEUE_TX|nonce=14
TICK000000002158|NET|event=SEND|from=node07|to=node00|tick=66|height=0|deliver_tick=69|type=core.Transaction
TICK000000002159|NET|event=SEND|from=node07|to=node01|tick=66|height=0|deliver_tick=68|type=core.Transaction
TICK000000002160|NET|event=SEND|from=node07|to=node02|tick=66|height=0|deliver_tick=68|type=core.Transaction
TICK000000002161|NET|event=SEND|from=node07|to=node03|tick=66|height=0|deliver_tick=67|type=core.Transaction
TICK000000002162|NET|event=SEND|from=node07|to=node04|tick=66|height=0|deliver_tick=67|type=core.Transaction
TICK000000002163|NET|event=RATE_BLOCK|from=node07|to=node05|tick=66|height=0|until=71
TICK000000002164|NET|event=BLOCKED|from=node07|to=node06|tick=66|height=0|until=71
TICK000000002165|NET|event=BLOCKED|from=node07|to=node07|tick=66|height=0|until=71
TICK000000002166|NODE|node07|ENQUEUE_TX|nonce=14
TICK000000002167|NET|event=DELIVER|from=node00|to=node01|tick=67|height=0|type=core.Transaction
TICK000000002168|NET|event=DELIVER|from=node01|to=node01|tick=67|height=0|type=core.Transaction
TICK000000002169|NET|event=DELIVER|from=node03|to=node02|tick=67|height=0|type=core.Transaction
TICK000000002170|NET|event=DELIVER|from=node04|to=node00|tick=67|height=0|type=core.Transaction
TICK000000002171|NET|event=DELIVER|from=node04|to=node01|tick=67|height=0|type=core.Transaction
TICK000000002172|NET|event=DELIVER|from=node04|to=node03|tick=67|height=0|type=core.Transaction
TICK000000002173|NET|event=DELIVER|from=node05|to=node00|tick=67|height=0|type=core.Transaction
TICK000000002174|NET|event=DELIVER|from=node05|to=node03|tick=67|height=0|type=core.Transaction
TICK000000002175|NET|event=DELIVER|from=node05|to=node03|tick=67|height=0|type=core.Transaction
TICK000000002176|NET|event=DELIVER|from=node05|to=node04|tick=67|height=0|type=core.Transaction
TICK000000002177|NET|event=DELIVER|from=node05|to=node04|tick=67|height=0|type=core.Transaction
TICK000000002178|NET|event=DELIVER|from=node06|to=node00|tick=67|height=0|type=core.Transaction
TICK000000002179|NET|event=DELIVER|from=node06|to=node01|tick=67|height=0|type=core.Transaction
TICK000000002180|NET|event=DELIVER|from=node07|to=node03|tick=67|height=0|type=core.Transaction
TICK000000002181|NET|event=DELIVER|from=node07|to=node04|tick=67|height=0|type=core.Transaction
TICK000000002182|NODE|node00|RECV|TX|from=node04|sender=node04|nonce=14
TICK000000002183|NODE|node00|RECV|TX|from=node05|sender=node05|nonce=14
TICK000000002184|NODE|node00|RECV|TX|from=node06|sender=node06|nonce=14
TICK000000002185|NODE|node01|RECV|TX|from=node06|sender=node06|nonce=14
TICK000000002186|NODE|node02|RECV|TX|from=node03|sender=node03|nonce=14
TICK000000002187|NODE|node03|RECV|TX|from=node04|sender=node04|nonce=14
TICK000000002188|NODE|node03|RECV|TX|from=node05|sender=node05|nonce=14
TICK000000002189|NODE|node03|RECV|TX|from=node07|sender=node07|nonce=14
TICK000000002190|NODE|node04|RECV|TX|from=node05|sender=node05|nonce=14
TICK000000002191|NET|event=DELIVER|from=node00|to=node04|tick=68|height=0|type=core.Transaction
TICK000000002192|NET|event=DELIVER|from=node00|to=node04|tick=68|height=0|type=core.Transaction
TICK000000002193|NET|event=DELIVER|from=node01|to=node00|tick=68|height=0|type=core.Transaction
TICK000000002194|NET|event=DELIVER|from=node02|to=node04|tick=68|height=0|type=core.Transaction
TICK000000002195|NET|event=DELIVER|from=node03|to=node01|tick=68|height=0|type=core.Transaction
TICK000000002196|NET|event=DELIVER|from=node06|to=node04|tick=68|height=0|type=core.Transaction
TICK000000002197|NET|event=DELIVER|from=node07|to=node01|tick=68|height=0|type=core.Transaction
TICK000000002198|NET|event=DELIVER|from=node07|to=node02|tick=68|height=0|type=core.Transaction
TICK000000002199|NODE|node01|RECV|TX|from=node07|sender=node07|nonce=14
TICK000000002200|NODE|node02|RECV|TX|from=node07|sender=node07|nonce=14
TICK000000002201|NODE|node04|RECV|TX|from=node06|sender=node06|nonce=14
TICK000000002202|NET|event=DELIVER|from=node00|to=node00|tick=69|height=0|type=core.Transaction
TICK000000002203|NET|event=DELIVER|from=node00|to=node02|tick=69|height=0|type=core.Transaction
TICK000000002204|NET|event=DELIVER|from=node00|to=node03|tick=69|height=0|type=core.Transaction
TICK000000002205|NET|event=DELIVER|from=node01|to=node02|tick=69|height=0|type=core.Transaction
TICK000000002206|NET|event=DELIVER|from=node01|to=node03|tick=69|height=0|type=core.Transaction
TICK000000002207|NET|event=DELIVER|from=node01|to=node04|tick=69|height=0|type=core.Transaction
TICK000000002208|NET|event=DELIVER|from=node02|to=node00|tick=69|height=0|type=core.Transaction
TICK000000002209|NET|event=DELIVER|from=node02|to=node02|tick=69|height=0|type=core.Transaction
TICK000000002210|NET|event=DELIVER|from=node02|to=node03|tick=69|height=0|type=core.Transaction
TICK000000002211|NET|event=DELIVER|from=node03|to=node00|tick=69|height=0|type=core.Transaction
TICK000000002212|NET|event=DELIVER|from=node03|to=node03|tick=69|height=0|type=core.Transaction
TICK000000002213|NET|event=DELIVER|from=node03|to=node04|tick=69|height=0|type=core.Transaction
TICK000000002214|NET|event=DELIVER|from=node04|to=node02|tick=69|height=0|type=core.Transaction
TICK000000002215|NET|event=DELIVER|from=node04|to=node04|tick=69|height=0|type=core.Transaction
TICK000000002216|NET|event=DELIVER|from=node05|to=node01|tick=69|height=0|type=core.Transaction
TICK000000002217|NET|event=DELIVER|from=node05|to=node02|tick=69|height=0|type=core.Transaction
TICK000000002218|NET|event=DELIVER|from=node06|to=node02|tick=69|height=0|type=core.Transaction
TICK000000002219|NET|event=DELIVER|from=node06|to=node03|tick=69|height=0|type=core.Transaction
TICK000000002220|NET|event=DELIVER|from=node07|to=node00|tick=69|height=0|type=core.Transaction
TICK000000002221|NODE|node00|RECV|TX|from=node02|sender=node02|nonce=14
TICK000000002222|NODE|node00|RECV|TX|from=node03|sender=node03|nonce=14
TICK000000002223|NODE|node00|RECV|TX|from=node07|sender=node07|nonce=14
TICK000000002224|NODE|node02|RECV|TX|from=node00|sender=node00|nonce=14
TICK000000002225|NODE|node02|RECV|TX|from=node01|sender=node01|nonce=14
TICK000000002226|NODE|node02|RECV|TX|from=node06|sender=node06|nonce=14
TICK000000002227|NODE|node03|RECV|TX|from=node00|sender=node00|nonce=14
TICK000000002228|NODE|node04|RECV|TX|from=node01|sender=node01|nonce=14
TICK000000002229|NET|event=UNBLOCK|from=node00|to=|tick=71|height=0|tick=71
TICK000000002230|NET|event=UNBLOCK|from=node01|to=|tick=71|height=0|tick=71
TICK000000002231|NET|event=UNBLOCK|from=node02|to=|tick=71|height=0|tick=71
TICK000000002232|NET|event=UNBLOCK|from=node03|to=|tick=71|height=0|tick=71
TICK000000002233|NET|event=UNBLOCK|from=node04|to=|tick=71|height=0|tick=71
TICK000000002234|NET|event=UNBLOCK|from=node05|to=|tick=71|height=0|tick=71
TICK000000002235|NET|event=UNBLOCK|from=node06|to=|tick=71|height=0|tick=71
TICK000000002236|NET|event=UNBLOCK|from=node07|to=|tick=71|height=0|tick=71
TICK000000002237|NET|event=SEND|from=node00|to=node00|tick=71|height=0|deliver_tick=73|type=core.Transaction
TICK000000002238|NET|event=DROP|from=node00|to=node01|tick=71|height=0|lat=2
TICK000000002239|NET|event=SEND|from=node00|to=node02|tick=71|height=0|deliver_tick=74|type=core.Transaction
TICK000000002240|NET|event=SEND|from=node00|to=node03|tick=71|height=0|deliver_tick=73|type=core.Transaction
TICK000000002241|NET|event=SEND|from=node00|to=node04|tick=71|height=0|deliver_tick=73|type=core.Transaction
TICK000000002242|NET|event=RATE_BLOCK|from=node00|to=node05|tick=71|height=0|until=76
TICK000000002243|NET|event=BLOCKED|from=node00|to=node06|tick=71|height=0|until=76
TICK000000002244|NET|event=BLOCKED|from=node00|to=node07|tick=71|height=0|until=76
TICK000000002245|NODE|node00|ENQUEUE_TX|nonce=15
TICK000000002246|NET|event=BLOCKED|from=node00|to=node00|tick=71|height=1|until=76
TICK000000002247|NET|event=BLOCKED|from=node00|to=node01|tick=71|height=1|until=76
TICK000000002248|NET|event=BLOCKED|from=node00|to=node02|tick=71|height=1|until=76
TICK000000002249|NET|event=BLOCKED|from=node00|to=node03|tick=71|height=1|until=76
TICK000000002250|NET|event=BLOCKED|from=node00|to=node04|tick=71|height=1|until=76
TICK000000002251|NET|event=BLOCKED|from=node00|to=node05|tick=71|height=1|until=76
TICK000000002252|NET|event=BLOCKED|from=node00|to=node06|tick=71|height=1|until=76
TICK000000002253|NET|event=BLOCKED|from=node00|to=node07|tick=71|height=1|until=76
TICK000000002254|NODE|node00|PROPOSE|H=1|txs=8
TICK000000002255|NET|event=SEND|from=node01|to=node00|tick=71|height=0|deliver_tick=73|type=core.Transaction
TICK000000002256|NET|event=SEND|from=node01|to=node01|tick=71|height=0|deliver_tick=73|type=core.Transaction
TICK000000002257|NET|event=SEND|from=node01|to=node02|tick=71|height=0|deliver_tick=73|type=core.Transaction
TICK000000002258|NET|event=SEND|from=node01|to=node03|tick=71|height=0|deliver_tick=72|type=core.Transaction
TICK000000002259|NET|event=SEND|from=node01|to=node04|tick=71|height=0|deliver_tick=73|type=core.Transaction
TICK000000002260|NET|event=RATE_BLOCK|from=node01|to=node05|tick=71|height=0|until=76
TICK000000002261|NET|event=BLOCKED|from=node01|to=node06|tick=71|height=0|until=76
TICK000000002262|NET|event=BLOCKED|from=node01|to=node07|tick=71|height=0|until=76
TICK000000002263|NODE|node01|ENQUEUE_TX|nonce=15
TICK000000002264|NET|event=SEND|from=node02|to=node00|tick=71|height=0|deliver_tick=74|type=core.Transaction
TICK000000002265|NET|event=SEND|from=node02|to=node01|tick=71|height=0|deliver_tick=74|type=core.Transaction
TICK000000002266|NET|event=SEND|from=node02|to=node02|tick=71|height=0|deliver_tick=73|type=core.Transaction
TICK000000002267|NET|event=SEND|from=node02|to=node03|tick=71|height=0|deliver_tick=73|type=core.Transaction
TICK000000002268|NET|event=DUP|from=node02|to=node03|tick=71|height=0|tick=73
TICK000000002269|NET|event=SEND|from=node02|to=node04|tick=71|height=0|deliver_tick=73|type=core.Transaction
TICK000000002270|NET|event=RATE_BLOCK|from=node02|to=node05|tick=71|height=0|until=76
TICK000000002271|NET|event=BLOCKED|from=node02|to=node06|tick=71|height=0|until=76
TICK000000002272|NET|event=BLOCKED|from=node02|to=node07|tick=71|height=0|until=76
TICK000000002273|NODE|node02|ENQUEUE_TX|nonce=15
TICK000000002274|NET|event=SEND|from=node03|to=node00|tick=71|height=0|deliver_tick=72|type=core.Transaction
TICK000000002275|NET|event=SEND|from=node03|to=node01|tick=71|height=0|deliver_tick=73|type=core.Transaction
TICK000000002276|NET|event=SEND|from=node03|to=node02|tick=71|height=0|deliver_tick=72|type=core.Transaction
TICK000000002277|NET|event=SEND|from=node03|to=node03|tick=71|height=0|deliver_tick=72|type=core.Transaction
TICK000000002278|NET|event=SEND|from=node03|to=node04|tick=71|height=0|deliver_tick=74|type=core.Transaction
TICK000000002279|NET|event=RATE_BLOCK|from=node03|to=node05|tick=71|height=0|until=76
TICK000000002280|NET|event=BLOCKED|from=node03|to=node06|tick=71|height=0|until=76
TICK000000002281|NET|event=BLOCKED|from=node03|to=node07|tick=71|height=0|until=76
TICK000000002282|NODE|node03|ENQUEUE_TX|nonce=15
TICK000000002283|NET|event=SEND|from=node04|to=node00|tick=71|height=0|deliver_tick=72|type=core.Transaction
TICK000000002284|NET|event=SEND|from=node04|to=node01|tick=71|height=0|deliver_tick=74|type=core.Transaction
TICK000000002285|NET|event=SEND|from=node04|to=node02|tick=71|height=0|deliver_tick=73|type=core.Transaction
TICK000000002286|NET|event=SEND|from=node04|to=node03|tick=71|height=0|deliver_tick=74|type=core.Transaction
TICK000000002287|NET|event=SEND|from=node04|to=node04|tick=71|height=0|deliver_tick=72|type=core.Transaction
TICK000000002288|NET|event=RATE_BLOCK|from=node04|to=node05|tick=71|height=0|until=76
TICK000000002289|NET|event=BLOCKED|from=node04|to=node06|tick=71|height=0|until=76
TICK000000002290|NET|event=BLOCKED|from=node04|to=node07|tick=71|height=0|until=76
TICK000000002291|NODE|node04|ENQUEUE_TX|nonce=15
TICK000000002292|NET|event=SEND|from=node05|to=node00|tick=71|height=0|deliver_tick=72|type=core.Transaction
TICK000000002293|NET|event=SEND|from=node05|to=node01|tick=71|height=0|deliver_tick=73|type=core.Transaction
TICK000000002294|NET|event=SEND|from=node05|to=node02|tick=71|height=0|deliver_tick=73|type=core.Transaction
TICK000000002295|NET|event=SEND|from=node05|to=node03|tick=71|height=0|deliver_tick=74|type=core.Transaction
TICK000000002296|NET|event=DROP|from=node05|to=node04|tick=71|height=0|lat=3
TICK000000002297|NET|event=RATE_BLOCK|from=node05|to=node05|tick=71|height=0|until=76
TICK000000002298|NET|event=BLOCKED|from=node05|to=node06|tick=71|height=0|until=76
TICK000000002299|NET|event=BLOCKED|from=node05|to=node07|tick=71|height=0|until=76
TICK000000002300|NODE|node05|ENQUEUE_TX|nonce=15
TICK000000002301|NET|event=SEND|from=node06|to=node00|tick=71|height=0|deliver_tick=73|type=core.Transaction
TICK000000002302|NET|event=SEND|from=node06|to=node01|tick=71|height=0|deliver_tick=73|type=core.Transaction
TICK000000002303|NET|event=SEND|from=node06|to=node02|tick=71|height=0|deliver_tick=73|type=core.Transaction
TICK000000002304|NET|event=SEND|from=node06|to=node03|tick=71|height=0|deliver_tick=74|type=core.Transaction
TICK000000002305|NET|event=DUP|from=node06|to=node03|tick=71|height=0|tick=74
TICK000000002306|NET|event=DROP|from=node06|to=node04|tick=71|height=0|lat=3
TICK000000002307|NET|event=RATE_BLOCK|from=node06|to=node05|tick=71|height=0|until=76
TICK000000002308|NET|event=BLOCKED|from=node06|to=node06|tick=71|height=0|until=76
TICK000000002309|NET|event=BLOCKED|from=node06|to=node07|tick=71|height=0|until=76
TICK000000002310|NODE|node06|ENQUEUE_TX|nonce=15
TICK000000002311|NET|event=SEND|from=node07|to=node00|tick=71|height=0|deliver_tick=74|type=core.Transaction
TICK000000002312|NET|event=SEND|from=node07|to=node01|tick=71|height=0|deliver_tick=72|type=core.Transaction
TICK000000002313|NET|event=SEND|from=node07|to=node02|tick=71|height=0|deliver_tick=74|type=core.Transaction
TICK000000002314|NET|event=SEND|from=node07|to=node03|tick=71|height=0|deliver_tick=72|type=core.Transaction
TICK000000002315|NET|event=SEND|from=node07|to=node04|tick=71|height=0|deliver_tick=73|type=core.Transaction
TICK000000002316|NET|event=RATE_BLOCK|from=node07|to=node05|tick=71|height=0|until=76
TICK000000002317|NET|event=BLOCKED|from=node07|to=node06|tick=71|height=0|until=76
TICK000000002318|NET|event=BLOCKED|from=node07|to=node07|tick=71|height=0|until=76
TICK000000002319|NODE|node07|ENQUEUE_TX|nonce=15
TICK000000002320|NET|event=DELIVER|from=node01|to=node03|tick=72|height=0|type=core.Transaction
TICK000000002321|NET|event=DELIVER|from=node03|to=node00|tick=72|height=0|type=core.Transaction
TICK000000002322|NET|event=DELIVER|from=node03|to=node02|tick=72|height=0|type=core.Transaction
TICK000000002323|NET|event=DELIVER|from=node03|to=node03|tick=72|height=0|type=core.Transaction
TICK000000002324|NET|event=DELIVER|from=node04|to=node00|tick=72|height=0|type=core.Transaction
TICK000000002325|NET|event=DELIVER|from=node04|to=node04|tick=72|height=0|type=core.Transaction
TICK000000002326|NET|event=DELIVER|from=node05|to=node00|tick=72|height=0|type=core.Transaction
TICK000000002327|NET|event=DELIVER|from=node07|to=node01|tick=72|height=0|type=core.Transaction
TICK000000002328|NET|event=DELIVER|from=node07|to=node03|tick=72|height=0|type=core.Transaction
TICK000000002329|NODE|node00|RECV|TX|from=node03|sender=node03|nonce=15
TICK000000002330|NODE|node00|RECV|TX|from=node04|sender=node04|nonce=15
TICK000000002331|NODE|node00|RECV|TX|from=node05|sender=node05|nonce=15
TICK000000002332|NODE|node01|RECV|TX|from=node07|sender=node07|nonce=15
TICK000000002333|NODE|node02|RECV|TX|from=node03|sender=node03|nonce=15
TICK000000002334|NODE|node03|RECV|TX|from=node07|sender=node07|nonce=15
TICK000000002335|NET|event=DELIVER|from=node00|to=node00|tick=73|height=0|type=core.Transaction
TICK000000002336|NET|event=DELIVER|from=node00|to=node03|tick=73|height=0|type=core.Transaction
TICK000000002337|NET|event=DELIVER|from=node00|to=node04|tick=73|height=0|type=core.Transaction
TICK000000002338|NET|event=DELIVER|from=node01|to=node00|tick=73|height=0|type=core.Transaction
TICK000000002339|NET|event=DELIVER|from=node01|to=node01|tick=73|height=0|type=core.Transaction
TICK000000002340|NET|event=DELIVER|from=node01|to=node02|tick=73|height=0|type=core.Transaction
TICK000000002341|NET|event=DELIVER|from=node01|to=node04|tick=73|height=0|type=core.Transaction
TICK000000002342|NET|event=DELIVER|from=node02|to=node02|tick=73|height=0|type=core.Transaction
TICK000000002343|NET|event=DELIVER|from=node02|to=node03|tick=73|height=0|type=core.Transaction
TICK000000002344|NET|event=DELIVER|from=node02|to=node03|tick=73|height=0|type=core.Transaction
TICK000000002345|NET|event=DELIVER|from=node02|to=node04|tick=73|height=0|type=core.Transaction
TICK000000002346|NET|event=DELIVER|from=node03|to=node01|tick=73|height=0|type=core.Transaction
TICK000000002347|NET|event=DELIVER|from=node04|to=node02|tick=73|height=0|type=core.Transaction
TICK000000002348|NET|event=DELIVER|from=node05|to=node01|tick=73|height=0|type=core.Transaction
TICK000000002349|NET|event=DELIVER|from=node05|to=node02|tick=73|height=0|type=core.Transaction
TICK000000002350|NET|event=DELIVER|from=node06|to=node00|tick=73|height=0|type=core.Transaction
TICK000000002351|NET|event=DELIVER|from=node06|to=node01|tick=73|height=0|type=core.Transaction
TICK000000002352|NET|event=DELIVER|from=node06|to=node02|tick=73|height=0|type=core.Transaction
TICK000000002353|NET|event=DELIVER|from=node07|to=node04|tick=73|height=0|type=core.Transaction
TICK000000002354|NODE|node00|RECV|TX|from=node06|sender=node06|nonce=15
TICK000000002355|NODE|node01|RECV|TX|from=node06|sender=node06|nonce=15
TICK000000002356|NODE|node02|RECV|TX|from=node01|sender=node01|nonce=15
TICK000000002357|NODE|node02|RECV|TX|from=node06|sender=node06|nonce=15
TICK000000002358|NODE|node03|RECV|TX|from=node00|sender=node00|nonce=15
TICK000000002359|NODE|node04|RECV|TX|from=node01|sender=node01|nonce=15
TICK000000002360|NET|event=DELIVER|from=node00|to=node02|tick=74|height=0|type=core.Transaction
TICK000000002361|NET|event=DELIVER|from=node02|to=node00|tick=74|height=0|type=core.Transaction
TICK000000002362|NET|event=DELIVER|from=node02|to=node01|tick=74|height=0|type=core.Transaction
TICK000000002363|NET|event=DELIVER|from=node03|to=node04|tick=74|height=0|type=core.Transaction
TICK000000002364|NET|event=DELIVER|from=node04|to=node01|tick=74|height=0|type=core.Transaction
TICK000000002365|NET|event=DELIVER|from=node04|to=node03|tick=74|height=0|type=core.Transaction
TICK000000002366|NET|event=DELIVER|from=node05|to=node03|tick=74|height=0|type=core.Transaction
TICK000000002367|NET|event=DELIVER|from=node06|to=node03|tick=74|height=0|type=core.Transaction
TICK000000002368|NET|event=DELIVER|from=node06|to=node03|tick=74|height=0|type=core.Transaction
TICK000000002369|NET|event=DELIVER|from=node07|to=node00|tick=74|height=0|type=core.Transaction
TICK000000002370|NET|event=DELIVER|from=node07|to=node02|tick=74|height=0|type=core.Transaction
TICK000000002371|NODE|node00|RECV|TX|from=node02|sender=node02|nonce=15
TICK000000002372|NODE|node00|RECV|TX|from=node07|sender=node07|nonce=15
TICK000000002373|NODE|node02|RECV|TX|from=node00|sender=node00|nonce=15
TICK000000002374|NODE|node02|RECV|TX|from=node07|sender=node07|nonce=15
TICK000000002375|NODE|node03|RECV|TX|from=node04|sender=node04|nonce=15
TICK000000002376|NODE|node03|RECV|TX|from=node05|sender=node05|nonce=15
TICK000000002377|NET|event=UNBLOCK|from=node00|to=|tick=76|height=0|tick=76
TICK000000002378|NET|event=UNBLOCK|from=node01|to=|tick=76|height=0|tick=76
TICK000000002379|NET|event=UNBLOCK|from=node02|to=|tick=76|height=0|tick=76
TICK000000002380|NET|event=UNBLOCK|from=node03|to=|tick=76|height=0|tick=76
TICK000000002381|NET|event=UNBLOCK|from=node04|to=|tick=76|height=0|tick=76
TICK000000002382|NET|event=UNBLOCK|from=node05|to=|tick=76|height=0|tick=76
TICK000000002383|NET|event=UNBLOCK|from=node06|to=|tick=76|height=0|tick=76
TICK000000002384|NET|event=UNBLOCK|from=node07|to=|tick=76|height=0|tick=76
TICK000000002385|NET|event=SEND|from=node00|to=node00|tick=76|height=0|deliver_tick=78|type=core.Transaction
TICK000000002386|NET|event=SEND|from=node00|to=node01|tick=76|height=0|deliver_tick=77|type=core.Transaction
TICK000000002387|NET|event=SEND|from=node00|to=node02|tick=76|height=0|deliver_tick=78|type=core.Transaction
TICK000000002388|NET|event=SEND|from=node00|to=node03|tick=76|height=0|deliver_tick=77|type=core.Transaction
TICK000000002389|NET|event=SEND|from=node00|to=node04|tick=76|height=0|deliver_tick=79|type=core.Transaction
TICK000000002390|NET|event=RATE_BLOCK|from=node00|to=node05|tick=76|height=0|until=81
TICK000000002391|NET|event=BLOCKED|from=node00|to=node06|tick=76|height=0|until=81
TICK000000002392|NET|event=BLOCKED|from=node00|to=node07|tick=76|height=0|until=81
TICK000000002393|NODE|node00|ENQUEUE_TX|nonce=16
TICK000000002394|NET|event=BLOCKED|from=node00|to=node00|tick=76|height=1|until=81
TICK000000002395|NET|event=BLOCKED|from=node00|to=node01|tick=76|height=1|until=81
TICK000000002396|NET|event=BLOCKED|from=node00|to=node02|tick=76|height=1|until=81
TICK000000002397|NET|event=BLOCKED|from=node00|to=node03|tick=76|height=1|until=81
TICK000000002398|NET|event=BLOCKED|from=node00|to=node04|tick=76|height=1|until=81
TICK000000002399|NET|event=BLOCKED|from=node00|to=node05|tick=76|height=1|until=81
TICK000000002400|NET|event=BLOCKED|from=node00|to=node06|tick=76|height=1|until=81
TICK000000002401|NET|event=BLOCKED|from=node00|to=node07|tick=76|height=1|until=81
TICK000000002402|NODE|node00|PROPOSE|H=1|txs=8
TICK000000002403|NET|event=SEND|from=node01|to=node00|tick=76|height=0|deliver_tick=79|type=core.Transaction
TICK000000002404|NET|event=DUP|from=node01|to=node00|tick=76|height=0|tick=79
TICK000000002405|NET|event=DROP|from=node01|to=node01|tick=76|height=0|lat=1
TICK000000002406|NET|event=SEND|from=node01|to=node02|tick=76|height=0|deliver_tick=79|type=core.Transaction
TICK000000002407|NET|event=SEND|from=node01|to=node03|tick=76|height=0|deliver_tick=77|type=core.Transaction
TICK000000002408|NET|event=SEND|from=node01|to=node04|tick=76|height=0|deliver_tick=79|type=core.Transaction
TICK000000002409|NET|event=RATE_BLOCK|from=node01|to=node05|tick=76|height=0|until=81
TICK000000002410|NET|event=BLOCKED|from=node01|to=node06|tick=76|height=0|until=81
TICK000000002411|NET|event=BLOCKED|from=node01|to=node07|tick=76|height=0|until=81
TICK000000002412|NODE|node01|ENQUEUE_TX|nonce=16
TICK000000002413|NET|event=SEND|from=node02|to=node00|tick=76|height=0|deliver_tick=77|type=core.Transaction
TICK000000002414|NET|event=SEND|from=node02|to=node01|tick=76|height=0|deliver_tick=77|type=core.Transaction
TICK000000002415|NET|event=DUP|from=node02|to=node01|tick=76|height=0|tick=77
TICK000000002416|NET|event=SEND|from=node02|to=node02|tick=76|height=0|deliver_tick=78|type=core.Transaction
TICK000000002417|NET|event=SEND|from=node02|to=node03|tick=76|height=0|deliver_tick=79|type=core.Transaction
TICK000000002418|NET|event=SEND|from=node02|to=node04|tick=76|height=0|deliver_tick=77|type=core.Transaction
TICK000000002419|NET|event=RATE_BLOCK|from=node02|to=node05|tick=76|height=0|until=81
TICK000000002420|NET|event=BLOCKED|from=node02|to=node06|tick=76|height=0|until=81
TICK000000002421|NET|event=BLOCKED|from=node02|to=node07|tick=76|height=0|until=81
TICK000000002422|NODE|node02|ENQUEUE_TX|nonce=16
TICK000000002423|NET|event=SEND|from=node03|to=node00|tick=76|height=0|deliver_tick=78|type=core.Transaction
TICK000000002424|NET|event=SEND|from=node03|to=node01|tick=76|height=0|deliver_tick=78|type=core.Transaction
TICK000000002425|NET|event=SEND|from=node03|to=node02|tick=76|height=0|deliver_tick=77|type=core.Transaction
TICK000000002426|NET|event=SEND|from=node03|to=node03|tick=76|height=0|deliver_tick=78|type=core.Transaction
TICK000000002427|NET|event=DROP|from=node03|to=node04|tick=76|height=0|lat=3
TICK000000002428|NET|event=RATE_BLOCK|from=node03|to=node05|tick=76|height=0|until=81
TICK000000002429|NET|event=BLOCKED|from=node03|to=node06|tick=76|height=0|until=81
TICK000000002430|NET|event=BLOCKED|from=node03|to=node07|tick=76|height=0|until=81
TICK000000002431|NODE|node03|ENQUEUE_TX|nonce=16
TICK000000002432|NET|event=SEND|from=node04|to=node00|tick=76|height=0|deliver_tick=79|type=core.Transaction
TICK000000002433|NET|event=SEND|from=node04|to=node01|tick=76|height=0|deliver_tick=79|type=core.Transaction
TICK000000002434|NET|event=SEND|from=node04|to=node02|tick=76|height=0|deliver_tick=77|type=core.Transaction
TICK000000002435|NET|event=SEND|from=node04|to=node03|tick=76|height=0|deliver_tick=77|type=core.Transaction
TICK000000002436|NET|event=SEND|from=node04|to=node04|tick=76|height=0|deliver_tick=78|type=core.Transaction
TICK000000002437|NET|event=DUP|from=node04|to=node04|tick=76|height=0|tick=78
TICK000000002438|NET|event=RATE_BLOCK|from=node04|to=node05|tick=76|height=0|until=81
TICK000000002439|NET|event=BLOCKED|from=node04|to=node06|tick=76|height=0|until=81
TICK000000002440|NET|event=BLOCKED|from=node04|to=node07|tick=76|height=0|until=81
TICK000000002441|NODE|node04|ENQUEUE_TX|nonce=16
TICK000000002442|NET|event=SEND|from=node05|to=node00|tick=76|height=0|deliver_tick=79|type=core.Transaction
TICK000000002443|NET|event=SEND|from=node05|to=node01|tick=76|height=0|deliver_tick=78|type=core.Transaction
TICK000000002444|NET|event=SEND|from=node05|to=node02|tick=76|height=0|deliver_tick=79|type=core.Transaction
TICK000000002445|NET|event=SEND|from=node05|to=node03|tick=76|height=0|deliver_tick=78|type=core.Transaction
TICK000000002446|NET|event=SEND|from=node05|to=node04|tick=76|height=0|deliver_tick=78|type=core.Transaction
TICK000000002447|NET|event=RATE_BLOCK|from=node05|to=node05|tick=76|height=0|until=81
TICK000000002448|NET|event=BLOCKED|from=node05|to=node06|tick=76|height=0|until=81
TICK000000002449|NET|event=BLOCKED|from=node05|to=node07|tick=76|height=0|until=81
TICK000000002450|NODE|node05|ENQUEUE_TX|nonce=16
TICK000000002451|NET|event=SEND|from=node06|to=node00|tick=76|height=0|deliver_tick=79|type=core.Transaction
TICK000000002452|NET|event=SEND|from=node06|to=node01|tick=76|height=0|deliver_tick=78|type=core.Transaction
TICK000000002453|NET|event=SEND|from=node06|to=node02|tick=76|height=0|deliver_tick=77|type=core.Transaction
TICK000000002454|NET|event=SEND|from=node06|to=node03|tick=76|height=0|deliver_tick=79|type=core.Transaction
TICK000000002455|NET|event=DROP|from=node06|to=node04|tick=76|height=0|lat=1
TICK000000002456|NET|event=RATE_BLOCK|from=node06|to=node05|tick=76|height=0|until=81
TICK000000002457|NET|event=BLOCKED|from=node06|to=node06|tick=76|height=0|until=81
TICK000000002458|NET|event=BLOCKED|from=node06|to=node07|tick=76|height=0|until=81
TICK000000002459|NODE|node06|ENQUEUE_TX|nonce=16
TICK000000002460|NET|event=SEND|from=node07|to=node00|tick=76|height=0|deliver_tick=77|type=core.Transaction
TICK000000002461|NET|event=SEND|from=node07|to=node01|tick=76|height=0|deliver_tick=79|type=core.Transaction
TICK000000002462|NET|event=SEND|from=node07|to=node02|tick=76|height=0|deliver_tick=78|type=core.Transaction
TICK000000002463|NET|event=SEND|from=node07|to=node03|tick=76|height=0|deliver_tick=79|type=core.Transaction
TICK000000002464|NET|event=SEND|from=node07|to=node04|tick=76|height=0|deliver_tick=79|type=core.Transaction
TICK000000002465|NET|event=RATE_BLOCK|from=node07|to=node05|tick=76|height=0|until=81
TICK000000002466|NET|event=BLOCKED|from=node07|to=node06|tick=76|height=0|until=81
TICK000000002467|NET|event=BLOCKED|from=node07|to=node07|tick=76|height=0|until=81
TICK000000002468|NODE|node07|ENQUEUE_TX|nonce=16
TICK000000002469|NET|event=DELIVER|from=node00|to=node01|tick=77|height=0|type=core.Transaction
TICK000000002470|NET|event=DELIVER|from=node00|to=node03|tick=77|height=0|type=core.Transaction
TICK000000002471|NET|event=DELIVER|from=node01|to=node03|tick=77|height=0|type=core.Transaction
TICK000000002472|NET|event=DELIVER|from=node02|to=node00|tick=77|height=0|type=core.Transaction
TICK000000002473|NET|event=DELIVER|from=node02|to=node01|tick=77|height=0|type=core.Transaction
TICK000000002474|NET|event=DELIVER|from=node02|to=node01|tick=77|height=0|type=core.Transaction
TICK000000002475|NET|event=DELIVER|from=node02|to=node04|tick=77|height=0|type=core.Transaction
TICK000000002476|NET|event=DELIVER|from=node03|to=node02|tick=77|height=0|type=core.Transaction
TICK000000002477|NET|event=DELIVER|from=node04|to=node02|tick=77|height=0|type=core.Transaction
TICK000000002478|NET|event=DELIVER|from=node04|to=node03|tick=77|height=0|type=core.Transaction
TICK000000002479|NET|event=DELIVER|from=node06|to=node02|tick=77|height=0|type=core.Transaction
TICK000000002480|NET|event=DELIVER|from=node07|to=node00|tick=77|height=0|type=core.Transaction
TICK000000002481|NODE|node00|RECV|TX|from=node02|sender=node02|nonce=16
TICK000000002482|NODE|node00|RECV|TX|from=node07|sender=node07|nonce=16
TICK000000002483|NODE|node02|RECV|TX|from=node03|sender=node03|nonce=16
TICK000000002484|NODE|node02|RECV|TX|from=node06|sender=node06|nonce=16
TICK000000002485|NODE|node03|RECV|TX|from=node00|sender=node00|nonce=16
TICK000000002486|NODE|node03|RECV|TX|from=node04|sender=node04|nonce=16
TICK000000002487|NET|event=DELIVER|from=node00|to=node00|tick=78|height=0|type=core.Transaction
TICK000000002488|NET|event=DELIVER|from=node00|to=node02|tick=78|height=0|type=core.Transaction
TICK000000002489|NET|event=DELIVER|from=node02|to=node02|tick=78|height=0|type=core.Transaction
TICK000000002490|NET|event=DELIVER|from=node03|to=node00|tick=78|height=0|type=core.Transaction
TICK000000002491|NET|event=DELIVER|from=node03|to=node01|tick=78|height=0|type=core.Transaction
TICK000000002492|NET|event=DELIVER|from=node03|to=node03|tick=78|height=0|type=core.Transaction
TICK000000002493|NET|event=DELIVER|from=node04|to=node04|tick=78|height=0|type=core.Transaction
TICK000000002494|NET|event=DELIVER|from=node04|to=node04|tick=78|height=0|type=core.Transaction
TICK000000002495|NET|event=DELIVER|from=node05|to=node01|tick=78|height=0|type=core.Transaction
TICK000000002496|NET|event=DELIVER|from=node05|to=node03|tick=78|height=0|type=core.Transaction
TICK000000002497|NET|event=DELIVER|from=node05|to=node04|tick=78|height=0|type=core.Transaction
TICK000000002498|NET|event=DELIVER|from=node06|to=node01|tick=78|height=0|type=core.Transaction
TICK000000002499|NET|event=DELIVER|from=node07|to=node02|tick=78|height=0|type=core.Transaction
TICK000000002500|NODE|node00|RECV|TX|from=node03|sender=node03|nonce=16
TICK000000002501|NODE|node01|RECV|TX|from=node06|sender=node06|nonce=16
TICK000000002502|NODE|node02|RECV|TX|from=node00|sender=node00|nonce=16
TICK000000002503|NODE|node02|RECV|TX|from=node07|sender=node07|nonce=16
TICK000000002504|NODE|node03|RECV|TX|from=node05|sender=node05|nonce=16
TICK000000002505|NET|event=DELIVER|from=node00|to=node04|tick=79|height=0|type=core.Transaction
TICK000000002506|NET|event=DELIVER|from=node01|to=node00|tick=79|height=0|type=core.Transaction
TICK000000002507|NET|event=DELIVER|from=node01|to=node00|tick=79|height=0|type=core.Transaction
TICK000000002508|NET|event=DELIVER|from=node01|to=node02|tick=79|height=0|type=core.Transaction
TICK000000002509|NET|event=DELIVER|from=node01|to=node04|tick=79|height=0|type=core.Transaction
TICK000000002510|NET|event=DELIVER|from=node02|to=node03|tick=79|height=0|type=core.Transaction
TICK000000002511|NET|event=DELIVER|from=node04|to=node00|tick=79|height=0|type=core.Transaction
TICK000000002512|NET|event=DELIVER|from=node04|to=node01|tick=79|height=0|type=core.Transaction
TICK000000002513|NET|event=DELIVER|from=node05|to=node00|tick=79|height=0|type=core.Transaction
TICK000000002514|NET|event=DELIVER|from=node05|to=node02|tick=79|height=0|type=core.Transaction
TICK000000002515|NET|event=DELIVER|from=node06|to=node00|tick=79|height=0|type=core.Transaction
TICK000000002516|NET|event=DELIVER|from=node06|to=node03|tick=79|height=0|type=core.Transaction
TICK000000002517|NET|event=DELIVER|from=node07|to=node01|tick=79|height=0|type=core.Transaction
TICK000000002518|NET|event=DELIVER|from=node07|to=node03|tick=79|height=0|type=core.Transaction
TICK000000002519|NET|event=DELIVER|from=node07|to=node04|tick=79|height=0|type=core.Transaction
TICK000000002520|NODE|node00|RECV|TX|from=node04|sender=node04|nonce=16
TICK000000002521|NODE|node00|RECV|TX|from=node05|sender=node05|nonce=16
TICK000000002522|NODE|node00|RECV|TX|from=node06|sender=node06|nonce=16
TICK000000002523|NODE|node01|RECV|TX|from=node07|sender=node07|nonce=16
TICK000000002524|NODE|node02|RECV|TX|from=node01|sender=node01|nonce=16
TICK000000002525|NODE|node03|RECV|TX|from=node07|sender=node07|nonce=16
TICK000000002526|NODE|node04|RECV|TX|from=node01|sender=node01|nonce=16
TICK000000002527|NET|event=UNBLOCK|from=node00|to=|tick=81|height=0|tick=81
TICK000000002528|NET|event=UNBLOCK|from=node01|to=|tick=81|height=0|tick=81
TICK000000002529|NET|event=UNBLOCK|from=node02|to=|tick=81|height=0|tick=81
TICK000000002530|NET|event=UNBLOCK|from=node03|to=|tick=81|height=0|tick=81
TICK000000002531|NET|event=UNBLOCK|from=node04|to=|tick=81|height=0|tick=81
TICK000000002532|NET|event=UNBLOCK|from=node05|to=|tick=81|height=0|tick=81
TICK000000002533|NET|event=UNBLOCK|from=node06|to=|tick=81|height=0|tick=81
TICK000000002534|NET|event=UNBLOCK|from=node07|to=|tick=81|height=0|tick=81
TICK000000002535|NET|event=SEND|from=node00|to=node00|tick=81|height=0|deliver_tick=84|type=core.Transaction
TICK000000002536|NET|event=SEND|from=node00|to=node01|tick=81|height=0|deliver_tick=83|type=core.Transaction
TICK000000002537|NET|event=DUP|from=node00|to=node01|tick=81|height=0|tick=83
TICK000000002538|NET|event=SEND|from=node00|to=node02|tick=81|height=0|deliver_tick=83|type=core.Transaction
TICK000000002539|NET|event=DROP|from=node00|to=node03|tick=81|height=0|lat=2
TICK000000002540|NET|event=SEND|from=node00|to=node04|tick=81|height=0|deliver_tick=83|type=core.Transaction
TICK000000002541|NET|event=RATE_BLOCK|from=node00|to=node05|tick=81|height=0|until=86
TICK000000002542|NET|event=BLOCKED|from=node00|to=node06|tick=81|height=0|until=86
TICK000000002543|NET|event=BLOCKED|from=node00|to=node07|tick=81|height=0|until=86
TICK000000002544|NODE|node00|ENQUEUE_TX|nonce=17
TICK000000002545|NET|event=BLOCKED|from=node00|to=node00|tick=81|height=1|until=86
TICK000000002546|NET|event=BLOCKED|from=node00|to=node01|tick=81|height=1|until=86
TICK000000002547|NET|event=BLOCKED|from=node00|to=node02|tick=81|height=1|until=86
TICK000000002548|NET|event=BLOCKED|from=node00|to=node03|tick=81|height=1|until=86
TICK000000002549|NET|event=BLOCKED|from=node00|to=node04|tick=81|height=1|until=86
TICK000000002550|NET|event=BLOCKED|from=node00|to=node05|tick=81|height=1|until=86
TICK000000002551|NET|event=BLOCKED|from=node00|to=node06|tick=81|height=1|until=86
TICK000000002552|NET|event=BLOCKED|from=node00|to=node07|tick=81|height=1|until=86
TICK000000002553|NODE|node00|PROPOSE|H=1|txs=8
TICK000000002554|NET|event=SEND|from=node01|to=node00|tick=81|height=0|deliver_tick=83|type=core.Transaction
TICK000000002555|NET|event=SEND|from=node01|to=node01|tick=81|height=0|deliver_tick=82|type=core.Transaction
TICK000000002556|NET|event=SEND|from=node01|to=node02|tick=81|height=0|deliver_tick=83|type=core.Transaction
TICK000000002557|NET|event=DROP|from=node01|to=node03|tick=81|height=0|lat=3
TICK000000002558|NET|event=SEND|from=node01|to=node04|tick=81|height=0|deliver_tick=82|type=core.Transaction
TICK000000002559|NET|event=RATE_BLOCK|from=node01|to=node05|tick=81|height=0|until=86
TICK000000002560|NET|event=BLOCKED|from=node01|to=node06|tick=81|height=0|until=86
TICK000000002561|NET|event=BLOCKED|from=node01|to=node07|tick=81|height=0|until=86
TICK000000002562|NODE|node01|ENQUEUE_TX|nonce=17
TICK000000002563|NET|event=SEND|from=node02|to=node00|tick=81|height=0|deliver_tick=83|type=core.Transaction
TICK000000002564|NET|event=SEND|from=node02|to=node01|tick=81|height=0|deliver_tick=84|type=core.Transaction
TICK000000002565|NET|event=SEND|from=node02|to=node02|tick=81|height=0|deliver_tick=84|type=core.Transaction
TICK000000002566|NET|event=SEND|from=node02|to=node03|tick=81|height=0|deliver_tick=83|type=core.Transaction
TICK000000002567|NET|event=SEND|from=node02|to=node04|tick=81|height=0|deliver_tick=83|type=core.Transaction
TICK000000002568|NET|event=RATE_BLOCK|from=node02|to=node05|tick=81|height=0|until=86
TICK000000002569|NET|event=BLOCKED|from=node02|to=node06|tick=81|height=0|until=86
TICK000000002570|NET|event=BLOCKED|from=node02|to=node07|tick=81|height=0|until=86
TICK000000002571|NODE|node02|ENQUEUE_TX|nonce=17
TICK000000002572|NET|event=SEND|from=node03|to=node00|tick=81|height=0|deliver_tick=82|type=core.Transaction
TICK000000002573|NET|event=SEND|from=node03|to=node01|tick=81|height=0|deliver_tick=82|type=core.Transaction
TICK000000002574|NET|event=SEND|from=node03|to=node02|tick=81|height=0|deliver_tick=82|type=core.Transaction
TICK000000002575|NET|event=SEND|from=node03|to=node03|tick=81|height=0|deliver_tick=82|type=core.Transaction
TICK000000002576|NET|event=SEND|from=node03|to=node04|tick=81|height=0|deliver_tick=84|type=core.Transaction
TICK000000002577|NET|event=DUP|from=node03|to=node04|tick=81|height=0|tick=84
TICK000000002578|NET|event=RATE_BLOCK|from=node03|to=node05|tick=81|height=0|until=86
TICK000000002579|NET|event=BLOCKED|from=node03|to=node06|tick=81|height=0|until=86
TICK000000002580|NET|event=BLOCKED|from=node03|to=node07|tick=81|height=0|until=86
TICK000000002581|NODE|node03|ENQUEUE_TX|nonce=17
TICK000000002582|NET|event=SEND|from=node04|to=node00|tick=81|height=0|deliver_tick=84|type=core.Transaction
TICK000000002583|NET|event=SEND|from=node04|to=node01|tick=81|height=0|deliver_tick=83|type=core.Transaction
TICK000000002584|NET|event=SEND|from=node04|to=node02|tick=81|height=0|deliver_tick=82|type=core.Transaction
TICK000000002585|NET|event=SEND|from=node04|to=node03|tick=81|height=0|deliver_tick=82|type=core.Transaction
TICK000000002586|NET|event=SEND|from=node04|to=node04|tick=81|height=0|deliver_tick=82|type=core.Transaction
TICK000000002587|NET|event=RATE_BLOCK|from=node04|to=node05|tick=81|height=0|until=86
TICK000000002588|NET|event=BLOCKED|from=node04|to=node06|tick=81|height=0|until=86
TICK000000002589|NET|event=BLOCKED|from=node04|to=node07|tick=81|height=0|until=86
TICK000000002590|NODE|node04|ENQUEUE_TX|nonce=17
TICK000000002591|NET|event=SEND|from=node05|to=node00|tick=81|height=0|deliver_tick=82|type=core.Transaction
TICK000000002592|NET|event=SEND|from=node05|to=node01|tick=81|height=0|deliver_tick=83|type=core.Transaction
TICK000000002593|NET|event=SEND|from=node05|to=node02|tick=81|height=0|deliver_tick=83|type=core.Transaction
TICK000000002594|NET|event=SEND|from=node05|to=node03|tick=81|height=0|deliver_tick=82|type=core.Transaction
TICK000000002595|NET|event=SEND|from=node05|to=node04|tick=81|height=0|deliver_tick=83|type=core.Transaction
TICK000000002596|NET|event=RATE_BLOCK|from=node05|to=node05|tick=81|height=0|until=86
TICK000000002597|NET|event=BLOCKED|from=node05|to=node06|tick=81|height=0|until=86
TICK000000002598|NET|event=BLOCKED|from=node05|to=node07|tick=81|height=0|until=86
TICK000000002599|NODE|node05|ENQUEUE_TX|nonce=17
TICK000000002600|NET|event=SEND|from=node06|to=node00|tick=81|height=0|deliver_tick=84|type=core.Transaction
TICK000000002601|NET|event=SEND|from=node06|to=node01|tick=81|height=0|deliver_tick=84|type=core.Transaction
TICK000000002602|NET|event=DUP|from=node06|to=node01|tick=81|height=0|tick=84
TICK000000002603|NET|event=SEND|from=node06|to=node02|tick=81|height=0|deliver_tick=82|type=core.Transaction
TICK000000002604|NET|event=SEND|from=node06|to=node03|tick=81|height=0|deliver_tick=84|type=core.Transaction
TICK000000002605|NET|event=SEND|from=node06|to=node04|tick=81|height=0|deliver_tick=83|type=core.Transaction
TICK000000002606|NET|event=RATE_BLOCK|from=node06|to=node05|tick=81|height=0|until=86
TICK000000002607|NET|event=BLOCKED|from=node06|to=node06|tick=81|height=0|until=86
TICK000000002608|NET|event=BLOCKED|from=node06|to=node07|tick=81|height=0|until=86
TICK000000002609|NODE|node06|ENQUEUE_TX|nonce=17
TICK000000002610|NET|event=SEND|from=node07|to=node00|tick=81|height=0|deliver_tick=84|type=core.Transaction
TICK000000002611|NET|event=DUP|from=node07|to=node00|tick=81|height=0|tick=84
TICK000000002612|NET|event=SEND|from=node07|to=node01|tick=81|height=0|deliver_tick=83|type=core.Transaction
TICK000000002613|NET|event=SEND|from=node07|to=node02|tick=81|height=0|deliver_tick=82|type=core.Transaction
TICK000000002614|NET|event=SEND|from=node07|to=node03|tick=81|height=0|deliver_tick=82|type=core.Transaction
TICK000000002615|NET|event=SEND|from=node07|to=node04|tick=81|height=0|deliver_tick=82|type=core.Transaction
TICK000000002616|NET|event=RATE_BLOCK|from=node07|to=node05|tick=81|height=0|until=86
TICK000000002617|NET|event=BLOCKED|from=node07|to=node06|tick=81|height=0|until=86
TICK000000002618|NET|event=BLOCKED|from=node07|to=node07|tick=81|height=0|until=86
TICK000000002619|NODE|node07|ENQUEUE_TX|nonce=17
TICK000000002620|NET|event=DELIVER|from=node01|to=node01|tick=82|height=0|type=core.Transaction
TICK000000002621|NET|event=DELIVER|from=node01|to=node04|tick=82|height=0|type=core.Transaction
TICK000000002622|NET|event=DELIVER|from=node03|to=node00|tick=82|height=0|type=core.Transaction
TICK000000002623|NET|event=DELIVER|from=node03|to=node01|tick=82|height=0|type=core.Transaction
TICK000000002624|NET|event=DELIVER|from=node03|to=node02|tick=82|height=0|type=core.Transaction
TICK000000002625|NET|event=DELIVER|from=node03|to=node03|tick=82|height=0|type=core.Transaction
TICK000000002626|NET|event=DELIVER|from=node04|to=node02|tick=82|height=0|type=core.Transaction
TICK000000002627|NET|event=DELIVER|from=node04|to=node03|tick=82|height=0|type=core.Transaction
TICK000000002628|NET|event=DELIVER|from=node04|to=node04|tick=82|height=0|type=core.Transaction
TICK000000002629|NET|event=DELIVER|from=node05|to=node00|tick=82|height=0|type=core.Transaction
TICK000000002630|NET|event=DELIVER|from=node05|to=node03|tick=82|height=0|type=core.Transaction
TICK000000002631|NET|event=DELIVER|from=node06|to=node02|tick=82|height=0|type=core.Transaction
TICK000000002632|NET|event=DELIVER|from=node07|to=node02|tick=82|height=0|type=core.Transaction
TICK000000002633|NET|event=DELIVER|from=node07|to=node03|tick=82|height=0|type=core.Transaction
TICK000000002634|NET|event=DELIVER|from=node07|to=node04|tick=82|height=0|type=core.Transaction
TICK000000002635|NODE|node00|RECV|TX|from=node03|sender=node03|nonce=17
TICK000000002636|NODE|node00|RECV|TX|from=node05|sender=node05|nonce=17
TICK000000002637|NODE|node02|RECV|TX|from=node03|sender=node03|nonce=17
TICK000000002638|NODE|node02|RECV|TX|from=node06|sender=node06|nonce=17
TICK000000002639|NODE|node02|RECV|TX|from=node07|sender=node07|nonce=17
TICK000000002640|NODE|node03|RECV|TX|from=node04|sender=node04|nonce=17
TICK000000002641|NODE|node03|RECV|TX|from=node05|sender=node05|nonce=17
TICK000000002642|NODE|node03|RECV|TX|from=node07|sender=node07|nonce=17
TICK000000002643|NODE|node04|RECV|TX|from=node01|sender=node01|nonce=17
TICK000000002644|NET|event=DELIVER|from=node00|to=node01|tick=83|height=0|type=core.Transaction
TICK000000002645|NET|event=DELIVER|from=node00|to=node01|tick=83|height=0|type=core.Transaction
TICK000000002646|NET|event=DELIVER|from=node00|to=node02|tick=83|height=0|type=core.Transaction
TICK000000002647|NET|event=DELIVER|from=node00|to=node04|tick=83|height=0|type=core.Transaction
TICK000000002648|NET|event=DELIVER|from=node01|to=node00|tick=83|height=0|type=core.Transaction
TICK000000002649|NET|event=DELIVER|from=node01|to=node02|tick=83|height=0|type=core.Transaction
TICK000000002650|NET|event=DELIVER|from=node02|to=node00|tick=83|height=0|type=core.Transaction
TICK000000002651|NET|event=DELIVER|from=node02|to=node03|tick=83|height=0|type=core.Transaction
TICK000000002652|NET|event=DELIVER|from=node02|to=node04|tick=83|height=0|type=core.Transaction
TICK000000002653|NET|event=DELIVER|from=node04|to=node01|tick=83|height=0|type=core.Transaction
TICK000000002654|NET|event=DELIVER|from=node05|to=node01|tick=83|height=0|type=core.Transaction
TICK000000002655|NET|event=DELIVER|from=node05|to=node02|tick=83|height=0|type=core.Transaction
TICK000000002656|NET|event=DELIVER|from=node05|to=node04|tick=83|height=0|type=core.Transaction
TICK000000002657|NET|event=DELIVER|from=node06|to=node04|tick=83|height=0|type=core.Transaction
TICK000000002658|NET|event=DELIVER|from=node07|to=node01|tick=83|height=0|type=core.Transaction
TICK000000002659|NODE|node00|RECV|TX|from=node02|sender=node02|nonce=17
TICK000000002660|NODE|node01|RECV|TX|from=node07|sender=node07|nonce=17
TICK000000002661|NODE|node02|RECV|TX|from=node00|sender=node00|nonce=17
TICK000000002662|NODE|node02|RECV|TX|from=node01|sender=node01|nonce=17
TICK000000002663|NET|event=DELIVER|from=node00|to=node00|tick=84|height=0|type=core.Transaction
TICK000000002664|NET|event=DELIVER|from=node02|to=node01|tick=84|height=0|type=core.Transaction
TICK000000002665|NET|event=DELIVER|from=node02|to=node02|tick=84|height=0|type=core.Transaction
TICK000000002666|NET|event=DELIVER|from=node03|to=node04|tick=84|height=0|type=core.Transaction
TICK000000002667|NET|event=DELIVER|from=node03|to=node04|tick=84|height=0|type=core.Transaction
TICK000000002668|NET|event=DELIVER|from=node04|to=node00|tick=84|height=0|type=core.Transaction
TICK000000002669|NET|event=DELIVER|from=node06|to=node00|tick=84|height=0|type=core.Transaction
TICK000000002670|NET|event=DELIVER|from=node06|to=node01|tick=84|height=0|type=core.Transaction
TICK000000002671|NET|event=DELIVER|from=node06|to=node01|tick=84|height=0|type=core.Transaction
TICK000000002672|NET|event=DELIVER|from=node06|to=node03|tick=84|height=0|type=core.Transaction
TICK000000002673|NET|event=DELIVER|from=node07|to=node00|tick=84|height=0|type=core.Transaction
TICK000000002674|NET|event=DELIVER|from=node07|to=node00|tick=84|height=0|type=core.Transaction
TICK000000002675|NODE|node00|RECV|TX|from=node04|sender=node04|nonce=17
TICK000000002676|NODE|node00|RECV|TX|from=node06|sender=node06|nonce=17
TICK000000002677|NODE|node00|RECV|TX|from=node07|sender=node07|nonce=17
TICK000000002678|NODE|node01|RECV|TX|from=node06|sender=node06|nonce=17
TICK000000002679|NET|event=UNBLOCK|from=node00|to=|tick=86|height=0|tick=86
TICK000000002680|NET|event=UNBLOCK|from=node01|to=|tick=86|height=0|tick=86
TICK000000002681|NET|event=UNBLOCK|from=node02|to=|tick=86|height=0|tick=86
TICK000000002682|NET|event=UNBLOCK|from=node03|to=|tick=86|height=0|tick=86
TICK000000002683|NET|event=UNBLOCK|from=node04|to=|tick=86|height=0|tick=86
TICK000000002684|NET|event=UNBLOCK|from=node05|to=|tick=86|height=0|tick=86
TICK000000002685|NET|event=UNBLOCK|from=node06|to=|tick=86|height=0|tick=86
TICK000000002686|NET|event=UNBLOCK|from=node07|to=|tick=86|height=0|tick=86
TICK000000002687|NET|event=DROP|from=node00|to=node00|tick=86|height=0|lat=3
TICK000000002688|NET|event=SEND|from=node00|to=node01|tick=86|height=0|deliver_tick=87|type=core.Transaction
TICK000000002689|NET|event=SEND|from=node00|to=node02|tick=86|height=0|deliver_tick=89|type=core.Transaction
TICK000000002690|NET|event=SEND|from=node00|to=node03|tick=86|height=0|deliver_tick=88|type=core.Transaction
TICK000000002691|NET|event=SEND|from=node00|to=node04|tick=86|height=0|deliver_tick=87|type=core.Transaction
TICK000000002692|NET|event=RATE_BLOCK|from=node00|to=node05|tick=86|height=0|until=91
TICK000000002693|NET|event=BLOCKED|from=node00|to=node06|tick=86|height=0|until=91
TICK000000002694|NET|event=BLOCKED|from=node00|to=node07|tick=86|height=0|until=91
TICK000000002695|NODE|node00|ENQUEUE_TX|nonce=18
TICK000000002696|NET|event=BLOCKED|from=node00|to=node00|tick=86|height=1|until=91
TICK000000002697|NET|event=BLOCKED|from=node00|to=node01|tick=86|height=1|until=91
TICK000000002698|NET|event=BLOCKED|from=node00|to=node02|tick=86|height=1|until=91
TICK000000002699|NET|event=BLOCKED|from=node00|to=node03|tick=86|height=1|until=91
TICK000000002700|NET|event=BLOCKED|from=node00|to=node04|tick=86|height=1|until=91
TICK000000002701|NET|event=BLOCKED|from=node00|to=node05|tick=86|height=1|until=91
TICK000000002702|NET|event=BLOCKED|from=node00|to=node06|tick=86|height=1|until=91
TICK000000002703|NET|event=BLOCKED|from=node00|to=node07|tick=86|height=1|until=91
TICK000000002704|NODE|node00|PROPOSE|H=1|txs=8
TICK000000002705|NET|event=SEND|from=node01|to=node00|tick=86|height=0|deliver_tick=88|type=core.Transaction
TICK000000002706|NET|event=SEND|from=node01|to=node01|tick=86|height=0|deliver_tick=89|type=core.Transaction
TICK000000002707|NET|event=SEND|from=node01|to=node02|tick=86|height=0|deliver_tick=88|type=core.Transaction
TICK000000002708|NET|event=SEND|from=node01|to=node03|tick=86|height=0|deliver_tick=88|type=core.Transaction
TICK000000002709|NET|event=SEND|from=node01|to=node04|tick=86|height=0|deliver_tick=89|type=core.Transaction
TICK000000002710|NET|event=RATE_BLOCK|from=node01|to=node05|tick=86|height=0|until=91
TICK000000002711|NET|event=BLOCKED|from=node01|to=node06|tick=86|height=0|until=91
TICK000000002712|NET|event=BLOCKED|from=node01|to=node07|tick=86|height=0|until=91
TICK000000002713|NODE|node01|ENQUEUE_TX|nonce=18
TICK000000002714|NET|event=SEND|from=node02|to=node00|tick=86|height=0|deliver_tick=89|type=core.Transaction
TICK000000002715|NET|event=SEND|from=node02|to=node01|tick=86|height=0|deliver_tick=89|type=core.Transaction
TICK000000002716|NET|event=SEND|from=node02|to=node02|tick=86|height=0|deliver_tick=89|type=core.Transaction
TICK000000002717|NET|event=SEND|from=node02|to=node03|tick=86|height=0|deliver_tick=87|type=core.Transaction
TICK000000002718|NET|event=SEND|from=node02|to=node04|tick=86|height=0|deliver_tick=89|type=core.Transaction
TICK000000002719|NET|event=RATE_BLOCK|from=node02|to=node05|tick=86|height=0|until=91
TICK000000002720|NET|event=BLOCKED|from=node02|to=node06|tick=86|height=0|until=91
TICK000000002721|NET|event=BLOCKED|from=node02|to=node07|tick=86|height=0|until=91
TICK000000002722|NODE|node02|ENQUEUE_TX|nonce=18
TICK000000002723|NET|event=SEND|from=node03|to=node00|tick=86|height=0|deliver_tick=88|type=core.Transaction
TICK000000002724|NET|event=SEND|from=node03|to=node01|tick=86|height=0|deliver_tick=88|type=core.Transaction
TICK000000002725|NET|event=SEND|from=node03|to=node02|tick=86|height=0|deliver_tick=87|type=core.Transaction
TICK000000002726|NET|event=SEND|from=node03|to=node03|tick=86|height=0|deliver_tick=88|type=core.Transaction
TICK000000002727|NET|event=SEND|from=node03|to=node04|tick=86|height=0|deliver_tick=89|type=core.Transaction
TICK000000002728|NET|event=RATE_BLOCK|from=node03|to=node05|tick=86|height=0|until=91
TICK000000002729|NET|event=BLOCKED|from=node03|to=node06|tick=86|height=0|until=91
TICK000000002730|NET|event=BLOCKED|from=node03|to=node07|tick=86|height=0|until=91
TICK000000002731|NODE|node03|ENQUEUE_TX|nonce=18
TICK000000002732|NET|event=SEND|from=node04|to=node00|tick=86|height=0|deliver_tick=87|type=core.Transaction
TICK000000002733|NET|event=SEND|from=node04|to=node01|tick=86|height=0|deliver_tick=89|type=core.Transaction
TICK000000002734|NET|event=SEND|from=node04|to=node02|tick=86|height=0|deliver_tick=89|type=core.Transaction
TICK000000002735|NET|event=SEND|from=node04|to=node03|tick=86|height=0|deliver_tick=88|type=core.Transaction
TICK000000002736|NET|event=SEND|from=node04|to=node04|tick=86|height=0|deliver_tick=87|type=core.Transaction
TICK000000002737|NET|event=RATE_BLOCK|from=node04|to=node05|tick=86|height=0|until=91
TICK000000002738|NET|event=BLOCKED|from=node04|to=node06|tick=86|height=0|until=91
TICK000000002739|NET|event=BLOCKED|from=node04|to=node07|tick=86|height=0|until=91
TICK000000002740|NODE|node04|ENQUEUE_TX|nonce=18
TICK000000002741|NET|event=SEND|from=node05|to=node00|tick=86|height=0|deliver_tick=87|type=core.Transaction
TICK000000002742|NET|event=SEND|from=node05|to=node01|tick=86|height=0|deliver_tick=87|type=core.Transaction
TICK000000002743|NET|event=SEND|from=node05|to=node02|tick=86|height=0|deliver_tick=89|type=core.Transaction
TICK000000002744|NET|event=SEND|from=node05|to=node03|tick=86|height=0|deliver_tick=89|type=core.Transaction
TICK000000002745|NET|event=SEND|from=node05|to=node04|tick=86|height=0|deliver_tick=88|type=core.Transaction
TICK000000002746|NET|event=RATE_BLOCK|from=node05|to=node05|tick=86|height=0|until=91
TICK000000002747|NET|event=BLOCKED|from=node05|to=node06|tick=86|height=0|until=91
TICK000000002748|NET|event=BLOCKED|from=node05|to=node07|tick=86|height=0|until=91
TICK000000002749|NODE|node05|ENQUEUE_TX|nonce=18
TICK000000002750|NET|event=SEND|from=node06|to=node00|tick=86|height=0|deliver_tick=88|type=core.Transaction
TICK000000002751|NET|event=SEND|from=node06|to=node01|tick=86|height=0|deliver_tick=87|type=core.Transaction
TICK000000002752|NET|event=DUP|from=node06|to=node01|tick=86|height=0|tick=87
TICK000000002753|NET|event=SEND|from=node06|to=node02|tick=86|height=0|deliver_tick=89|type=core.Transaction
TICK000000002754|NET|event=SEND|from=node06|to=node03|tick=86|height=0|deliver_tick=89|type=core.Transaction
TICK000000002755|NET|event=SEND|from=node06|to=node04|tick=86|height=0|deliver_tick=87|type=core.Transaction
TICK000000002756|NET|event=RATE_BLOCK|from=node06|to=node05|tick=86|height=0|until=91
TICK000000002757|NET|event=BLOCKED|from=node06|to=node06|tick=86|height=0|until=91
TICK000000002758|NET|event=BLOCKED|from=node06|to=node07|tick=86|height=0|until=91
TICK000000002759|NODE|node06|ENQUEUE_TX|nonce=18
TICK000000002760|NET|event=SEND|from=node07|to=node00|tick=86|height=0|deliver_tick=88|type=core.Transaction
TICK000000002761|NET|event=SEND|from=node07|to=node01|tick=86|height=0|deliver_tick=88|type=core.Transaction
TICK000000002762|NET|event=SEND|from=node07|to=node02|tick=86|height=0|deliver_tick=89|type=core.Transaction
TICK000000002763|NET|event=DUP|from=node07|to=node02|tick=86|height=0|tick=89
TICK000000002764|NET|event=SEND|from=node07|to=node03|tick=86|height=0|deliver_tick=88|type=core.Transaction
TICK000000002765|NET|event=SEND|from=node07|to=node04|tick=86|height=0|deliver_tick=89|type=core.Transaction
TICK000000002766|NET|event=RATE_BLOCK|from=node07|to=node05|tick=86|height=0|until=91
TICK000000002767|NET|event=BLOCKED|from=node07|to=node06|tick=86|height=0|until=91
TICK000000002768|NET|event=BLOCKED|from=node07|to=node07|tick=86|height=0|until=91
TICK000000002769|NODE|node07|ENQUEUE_TX|nonce=18
TICK000000002770|NET|event=DELIVER|from=node00|to=node01|tick=87|height=0|type=core.Transaction
TICK000000002771|NET|event=DELIVER|from=node00|to=node04|tick=87|height=0|type=core.Transaction
TICK000000002772|NET|event=DELIVER|from=node02|to=node03|tick=87|height=0|type=core.Transaction
TICK000000002773|NET|event=DELIVER|from=node03|to=node02|tick=87|height=0|type=core.Transaction
TICK000000002774|NET|event=DELIVER|from=node04|to=node00|tick=87|height=0|type=core.Transaction
TICK000000002775|NET|event=DELIVER|from=node04|to=node04|tick=87|height=0|type=core.Transaction
TICK000000002776|NET|event=DELIVER|from=node05|to=node00|tick=87|height=0|type=core.Transaction
TICK000000002777|NET|event=DELIVER|from=node05|to=node01|tick=87|height=0|type=core.Transaction
TICK000000002778|NET|event=DELIVER|from=node06|to=node01|tick=87|height=0|type=core.Transaction
TICK000000002779|NET|event=DELIVER|from=node06|to=node01|tick=87|height=0|type=core.Transaction
TICK000000002780|NET|event=DELIVER|from=node06|to=node04|tick=87|height=0|type=core.Transaction
TICK000000002781|NODE|node00|RECV|TX|from=node04|sender=node04|nonce=18
TICK000000002782|NODE|node00|RECV|TX|from=node05|sender=node05|nonce=18
TICK000000002783|NODE|node01|RECV|TX|from=node06|sender=node06|nonce=18
TICK000000002784|NODE|node02|RECV|TX|from=node03|sender=node03|nonce=18
TICK000000002785|NET|event=DELIVER|from=node00|to=node03|tick=88|height=0|type=core.Transaction
TICK000000002786|NET|event=DELIVER|from=node01|to=node00|tick=88|height=0|type=core.Transaction
TICK000000002787|NET|event=DELIVER|from=node01|to=node02|tick=88|height=0|type=core.Transaction
TICK000000002788|NET|event=DELIVER|from=node01|to=node03|tick=88|height=0|type=core.Transaction
TICK000000002789|NET|event=DELIVER|from=node03|to=node00|tick=88|height=0|type=core.Transaction
TICK000000002790|NET|event=DELIVER|from=node03|to=node01|tick=88|height=0|type=core.Transaction
TICK000000002791|NET|event=DELIVER|from=node03|to=node03|tick=88|height=0|type=core.Transaction
TICK000000002792|NET|event=DELIVER|from=node04|to=node03|tick=88|height=0|type=core.Transaction
TICK000000002793|NET|event=DELIVER|from=node05|to=node04|tick=88|height=0|type=core.Transaction
TICK000000002794|NET|event=DELIVER|from=node06|to=node00|tick=88|height=0|type=core.Transaction
TICK000000002795|NET|event=DELIVER|from=node07|to=node00|tick=88|height=0|type=core.Transaction
TICK000000002796|NET|event=DELIVER|from=node07|to=node01|tick=88|height=0|type=core.Transaction
TICK000000002797|NET|event=DELIVER|from=node07|to=node03|tick=88|height=0|type=core.Transaction
TICK000000002798|NODE|node00|RECV|TX|from=node03|sender=node03|nonce=18
TICK000000002799|NODE|node00|RECV|TX|from=node06|sender=node06|nonce=18
TICK000000002800|NODE|node00|RECV|TX|from=node07|sender=node07|nonce=18
TICK000000002801|NODE|node01|RECV|TX|from=node07|sender=node07|nonce=18
TICK000000002802|NODE|node02|RECV|TX|from=node01|sender=node01|nonce=18
TICK000000002803|NODE|node03|RECV|TX|from=node04|sender=node04|nonce=18
TICK000000002804|NODE|node03|RECV|TX|from=node07|sender=node07|nonce=18
TICK000000002805|NET|event=DELIVER|from=node00|to=node02|tick=89|height=0|type=core.Transaction
TICK000000002806|NET|event=DELIVER|from=node01|to=node01|tick=89|height=0|type=core.Transaction
TICK000000002807|NET|event=DELIVER|from=node01|to=node04|tick=89|height=0|type=core.Transaction
TICK000000002808|NET|event=DELIVER|from=node02|to=node00|tick=89|height=0|type=core.Transaction
TICK000000002809|NET|event=DELIVER|from=node02|to=node01|tick=89|height=0|type=core.Transaction
TICK000000002810|NET|event=DELIVER|from=node02|to=node02|tick=89|height=0|type=core.Transaction
TICK000000002811|NET|event=DELIVER|from=node02|to=node04|tick=89|height=0|type=core.Transaction
TICK000000002812|NET|event=DELIVER|from=node03|to=node04|tick=89|height=0|type=core.Transaction
TICK000000002813|NET|event=DELIVER|from=node04|to=node01|tick=89|height=0|type=core.Transaction
TICK000000002814|NET|event=DELIVER|from=node04|to=node02|tick=89|height=0|type=core.Transaction
TICK000000002815|NET|event=DELIVER|from=node05|to=node02|tick=89|height=0|type=core.Transaction
TICK000000002816|NET|event=DELIVER|from=node05|to=node03|tick=89|height=0|type=core.Transaction
TICK000000002817|NET|event=DELIVER|from=node06|to=node02|tick=89|height=0|type=core.Transaction
TICK000000002818|NET|event=DELIVER|from=node06|to=node03|tick=89|height=0|type=core.Transaction
TICK000000002819|NET|event=DELIVER|from=node07|to=node02|tick=89|height=0|type=core.Transaction
TICK000000002820|NET|event=DELIVER|from=node07|to=node02|tick=89|height=0|type=core.Transaction
TICK000000002821|NET|event=DELIVER|from=node07|to=node04|tick=89|height=0|type=core.Transaction
TICK000000002822|NODE|node00|RECV|TX|from=node02|sender=node02|nonce=18
TICK000000002823|NODE|node02|RECV|TX|from=node00|sender=node00|nonce=18
TICK000000002824|NODE|node02|RECV|TX|from=node06|sender=node06|nonce=18
TICK000000002825|NODE|node02|RECV|TX|from=node07|sender=node07|nonce=18
TICK000000002826|NODE|node03|RECV|TX|from=node05|sender=node05|nonce=18
TICK000000002827|NODE|node04|RECV|TX|from=node01|sender=node01|nonce=18
TICK000000002828|NET|event=UNBLOCK|from=node00|to=|tick=91|height=0|tick=91
TICK000000002829|NET|event=UNBLOCK|from=node01|to=|tick=91|height=0|tick=91
TICK000000002830|NET|event=UNBLOCK|from=node02|to=|tick=91|height=0|tick=91
TICK000000002831|NET|event=UNBLOCK|from=node03|to=|tick=91|height=0|tick=91
TICK000000002832|NET|event=UNBLOCK|from=node04|to=|tick=91|height=0|tick=91
TICK000000002833|NET|event=UNBLOCK|from=node05|to=|tick=91|height=0|tick=91
TICK000000002834|NET|event=UNBLOCK|from=node06|to=|tick=91|height=0|tick=91
TICK000000002835|NET|event=UNBLOCK|from=node07|to=|tick=91|height=0|tick=91
TICK000000002836|NET|event=SEND|from=node00|to=node00|tick=91|height=0|deliver_tick=92|type=core.Transaction
TICK000000002837|NET|event=SEND|from=node00|to=node01|tick=91|height=0|deliver_tick=94|type=core.Transaction
TICK000000002838|NET|event=SEND|from=node00|to=node02|tick=91|height=0|deliver_tick=93|type=core.Transaction
TICK000000002839|NET|event=SEND|from=node00|to=node03|tick=91|height=0|deliver_tick=92|type=core.Transaction
TICK000000002840|NET|event=SEND|from=node00|to=node04|tick=91|height=0|deliver_tick=92|type=core.Transaction
TICK000000002841|NET|event=RATE_BLOCK|from=node00|to=node05|tick=91|height=0|until=96
TICK000000002842|NET|event=BLOCKED|from=node00|to=node06|tick=91|height=0|until=96
TICK000000002843|NET|event=BLOCKED|from=node00|to=node07|tick=91|height=0|until=96
TICK000000002844|NODE|node00|ENQUEUE_TX|nonce=19
TICK000000002845|NET|event=BLOCKED|from=node00|to=node00|tick=91|height=1|until=96
TICK000000002846|NET|event=BLOCKED|from=node00|to=node01|tick=91|height=1|until=96
TICK000000002847|NET|event=BLOCKED|from=node00|to=node02|tick=91|height=1|until=96
TICK000000002848|NET|event=BLOCKED|from=node00|to=node03|tick=91|height=1|until=96
TICK000000002849|NET|event=BLOCKED|from=node00|to=node04|tick=91|height=1|until=96
TICK000000002850|NET|event=BLOCKED|from=node00|to=node05|tick=91|height=1|until=96
TICK000000002851|NET|event=BLOCKED|from=node00|to=node06|tick=91|height=1|until=96
TICK000000002852|NET|event=BLOCKED|from=node00|to=node07|tick=91|height=1|until=96
TICK000000002853|NODE|node00|PROPOSE|H=1|txs=8
TICK000000002854|NET|event=SEND|from=node01|to=node00|tick=91|height=0|deliver_tick=94|type=core.Transaction
TICK000000002855|NET|event=SEND|from=node01|to=node01|tick=91|height=0|deliver_tick=93|type=core.Transaction
TICK000000002856|NET|event=SEND|from=node01|to=node02|tick=91|height=0|deliver_tick=93|type=core.Transaction
TICK000000002857|NET|event=DUP|from=node01|to=node02|tick=91|height=0|tick=93
TICK000000002858|NET|event=SEND|from=node01|to=node03|tick=91|height=0|deliver_tick=92|type=core.Transaction
TICK000000002859|NET|event=SEND|from=node01|to=node04|tick=91|height=0|deliver_tick=92|type=core.Transaction
TICK000000002860|NET|event=RATE_BLOCK|from=node01|to=node05|tick=91|height=0|until=96
TICK000000002861|NET|event=BLOCKED|from=node01|to=node06|tick=91|height=0|until=96
TICK000000002862|NET|event=BLOCKED|from=node01|to=node07|tick=91|height=0|until=96
TICK000000002863|NODE|node01|ENQUEUE_TX|nonce=19
TICK000000002864|NET|event=SEND|from=node02|to=node00|tick=91|height=0|deliver_tick=92|type=core.Transaction
TICK000000002865|NET|event=SEND|from=node02|to=node01|tick=91|height=0|deliver_tick=94|type=core.Transaction
TICK000000002866|NET|event=SEND|from=node02|to=node02|tick=91|height=0|deliver_tick=92|type=core.Transaction
TICK000000002867|NET|event=SEND|from=node02|to=node03|tick=91|height=0|deliver_tick=93|type=core.Transaction
TICK000000002868|NET|event=SEND|from=node02|to=node04|tick=91|height=0|deliver_tick=94|type=core.Transaction
TICK000000002869|NET|event=RATE_BLOCK|from=node02|to=node05|tick=91|height=0|until=96
TICK000000002870|NET|event=BLOCKED|from=node02|to=node06|tick=91|height=0|until=96
TICK000000002871|NET|event=BLOCKED|from=node02|to=node07|tick=91|height=0|until=96
TICK000000002872|NODE|node02|ENQUEUE_TX|nonce=19
TICK000000002873|NET|event=SEND|from=node03|to=node00|tick=91|height=0|deliver_tick=92|type=core.Transaction
TICK000000002874|NET|event=SEND|from=node03|to=node01|tick=91|height=0|deliver_tick=93|type=core.Transaction
TICK000000002875|NET|event=DROP|from=node03|to=node02|tick=91|height=0|lat=3
TICK000000002876|NET|event=DROP|from=node03|to=node03|tick=91|height=0|lat=1
TICK000000002877|NET|event=SEND|from=node03|to=node04|tick=91|height=0|deliver_tick=94|type=core.Transaction
TICK000000002878|NET|event=RATE_BLOCK|from=node03|to=node05|tick=91|height=0|until=96
TICK000000002879|NET|event=BLOCKED|from=node03|to=node06|tick=91|height=0|until=96
TICK000000002880|NET|event=BLOCKED|from=node03|to=node07|tick=91|height=0|until=96
TICK000000002881|NODE|node03|ENQUEUE_TX|nonce=19
TICK000000002882|NET|event=SEND|from=node04|to=node00|tick=91|height=0|deliver_tick=94|type=core.Transaction
TICK000000002883|NET|event=SEND|from=node04|to=node01|tick=91|height=0|deliver_tick=94|type=core.Transaction
TICK000000002884|NET|event=SEND|from=node04|to=node02|tick=91|height=0|deliver_tick=92|type=core.Transaction
TICK000000002885|NET|event=SEND|from=node04|to=node03|tick=91|height=0|deliver_tick=92|type=core.Transaction
TICK000000002886|NET|event=SEND|from=node04|to=node04|tick=91|height=0|deliver_tick=94|type=core.Transaction
TICK000000002887|NET|event=RATE_BLOCK|from=node04|to=node05|tick=91|height=0|until=96
TICK000000002888|NET|event=BLOCKED|from=node04|to=node06|tick=91|height=0|until=96
TICK000000002889|NET|event=BLOCKED|from=node04|to=node07|tick=91|height=0|until=96
TICK000000002890|NODE|node04|ENQUEUE_TX|nonce=19
TICK000000002891|NET|event=SEND|from=node05|to=node00|tick=91|height=0|deliver_tick=93|type=core.Transaction
TICK000000002892|NET|event=SEND|from=node05|to=node01|tick=91|height=0|deliver_tick=92|type=core.Transaction
TICK000000002893|NET|event=SEND|from=node05|to=node02|tick=91|height=0|deliver_tick=94|type=core.Transaction
TICK000000002894|NET|event=SEND|from=node05|to=node03|tick=91|height=0|deliver_tick=92|type=core.Transaction
TICK000000002895|NET|event=SEND|from=node05|to=node04|tick=91|height=0|deliver_tick=94|type=core.Transaction
TICK000000002896|NET|event=RATE_BLOCK|from=node05|to=node05|tick=91|height=0|until=96
TICK000000002897|NET|event=BLOCKED|from=node05|to=node06|tick=91|height=0|until=96
TICK000000002898|NET|event=BLOCKED|from=node05|to=node07|tick=91|height=0|until=96
TICK000000002899|NODE|node05|ENQUEUE_TX|nonce=19
TICK000000002900|NET|event=SEND|from=node06|to=node00|tick=91|height=0|deliver_tick=92|type=core.Transaction
TICK000000002901|NET|event=SEND|from=node06|to=node01|tick=91|height=0|deliver_tick=93|type=core.Transaction
TICK000000002902|NET|event=SEND|from=node06|to=node02|tick=91|height=0|deliver_tick=93|type=core.Transaction
TICK000000002903|NET|event=SEND|from=node06|to=node03|tick=91|height=0|deliver_tick=92|type=core.Transaction
TICK000000002904|NET|event=DUP|from=node06|to=node03|tick=91|height=0|tick=92
TICK000000002905|NET|event=SEND|from=node06|to=node04|tick=91|height=0|deliver_tick=94|type=core.Transaction
TICK000000002906|NET|event=RATE_BLOCK|from=node06|to=node05|tick=91|height=0|until=96
TICK000000002907|NET|event=BLOCKED|from=node06|to=node06|tick=91|height=0|until=96
TICK000000002908|NET|event=BLOCKED|from=node06|to=node07|tick=91|height=0|until=96
TICK000000002909|NODE|node06|ENQUEUE_TX|nonce=19
TICK000000002910|NET|event=SEND|from=node07|to=node00|tick=91|height=0|deliver_tick=93|type=core.Transaction
TICK000000002911|NET|event=SEND|from=node07|to=node01|tick=91|height=0|deliver_tick=93|type=core.Transaction
TICK000000002912|NET|event=SEND|from=node07|to=node02|tick=91|height=0|deliver_tick=92|type=core.Transaction
TICK000000002913|NET|event=SEND|from=node07|to=node03|tick=91|height=0|deliver_tick=93|type=core.Transaction
TICK000000002914|NET|event=SEND|from=node07|to=node04|tick=91|height=0|deliver_tick=94|type=core.Transaction
TICK000000002915|NET|event=RATE_BLOCK|from=node07|to=node05|tick=91|height=0|until=96
TICK000000002916|NET|event=BLOCKED|from=node07|to=node06|tick=91|height=0|until=96
TICK000000002917|NET|event=BLOCKED|from=node07|to=node07|tick=91|height=0|until=96
TICK000000002918|NODE|node07|ENQUEUE_TX|nonce=19
TICK000000002919|NET|event=DELIVER|from=node00|to=node00|tick=92|height=0|type=core.Transaction
TICK000000002920|NET|event=DELIVER|from=node00|to=node03|tick=92|height=0|type=core.Transaction
TICK000000002921|NET|event=DELIVER|from=node00|to=node04|tick=92|height=0|type=core.Transaction
TICK000000002922|NET|event=DELIVER|from=node01|to=node03|tick=92|height=0|type=core.Transaction
TICK000000002923|NET|event=DELIVER|from=node01|to=node04|tick=92|height=0|type=core.Transaction
TICK000000002924|NET|event=DELIVER|from=node02|to=node00|tick=92|height=0|type=core.Transaction
TICK000000002925|NET|event=DELIVER|from=node02|to=node02|tick=92|height=0|type=core.Transaction
TICK000000002926|NET|event=DELIVER|from=node03|to=node00|tick=92|height=0|type=core.Transaction
TICK000000002927|NET|event=DELIVER|from=node04|to=node02|tick=92|height=0|type=core.Transaction
TICK000000002928|NET|event=DELIVER|from=node04|to=node03|tick=92|height=0|type=core.Transaction
TICK000000002929|NET|event=DELIVER|from=node05|to=node01|tick=92|height=0|type=core.Transaction
TICK000000002930|NET|event=DELIVER|from=node05|to=node03|tick=92|height=0|type=core.Transaction
TICK000000002931|NET|event=DELIVER|from=node06|to=node00|tick=92|height=0|type=core.Transaction
TICK000000002932|NET|event=DELIVER|from=node06|to=node03|tick=92|height=0|type=core.Transaction
TICK000000002933|NET|event=DELIVER|from=node06|to=node03|tick=92|height=0|type=core.Transaction
TICK000000002934|NET|event=DELIVER|from=node07|to=node02|tick=92|height=0|type=core.Transaction
TICK000000002935|NODE|node00|RECV|TX|from=node02|sender=node02|nonce=19
TICK000000002936|NODE|node00|RECV|TX|from=node03|sender=node03|nonce=19
TICK000000002937|NODE|node00|RECV|TX|from=node06|sender=node06|nonce=19
TICK000000002938|NODE|node02|RECV|TX|from=node07|sender=node07|nonce=19
TICK000000002939|NODE|node03|RECV|TX|from=node04|sender=node04|nonce=19
TICK000000002940|NODE|node03|RECV|TX|from=node05|sender=node05|nonce=19
TICK000000002941|NODE|node04|RECV|TX|from=node01|sender=node01|nonce=19
TICK000000002942|NET|event=DELIVER|from=node00|to=node02|tick=93|height=0|type=core.Transaction
TICK000000002943|NET|event=DELIVER|from=node01|to=node01|tick=93|height=0|type=core.Transaction
TICK000000002944|NET|event=DELIVER|from=node01|to=node02|tick=93|height=0|type=core.Transaction
TICK000000002945|NET|event=DELIVER|from=node01|to=node02|tick=93|height=0|type=core.Transaction
TICK000000002946|NET|event=DELIVER|from=node02|to=node03|tick=93|height=0|type=core.Transaction
TICK000000002947|NET|event=DELIVER|from=node03|to=node01|tick=93|height=0|type=core.Transaction
TICK000000002948|NET|event=DELIVER|from=node05|to=node00|tick=93|height=0|type=core.Transaction
TICK000000002949|NET|event=DELIVER|from=node06|to=node01|tick=93|height=0|type=core.Transaction
TICK000000002950|NET|event=DELIVER|from=node06|to=node02|tick=93|height=0|type=core.Transaction
TICK000000002951|NET|event=DELIVER|from=node07|to=node00|tick=93|height=0|type=core.Transaction
TICK000000002952|NET|event=DELIVER|from=node07|to=node01|tick=93|height=0|type=core.Transaction
TICK000000002953|NET|event=DELIVER|from=node07|to=node03|tick=93|height=0|type=core.Transaction
TICK000000002954|NODE|node00|RECV|TX|from=node05|sender=node05|nonce=19
TICK000000002955|NODE|node00|RECV|TX|from=node07|sender=node07|nonce=19
TICK000000002956|NODE|node01|RECV|TX|from=node06|sender=node06|nonce=19
TICK000000002957|NODE|node01|RECV|TX|from=node07|sender=node07|nonce=19
TICK000000002958|NODE|node02|RECV|TX|from=node00|sender=node00|nonce=19
TICK000000002959|NODE|node02|RECV|TX|from=node01|sender=node01|nonce=19
TICK000000002960|NODE|node02|RECV|TX|from=node06|sender=node06|nonce=19
TICK000000002961|NODE|node03|RECV|TX|from=node07|sender=node07|nonce=19
TICK000000002962|NET|event=DELIVER|from=node00|to=node01|tick=94|height=0|type=core.Transaction
TICK000000002963|NET|event=DELIVER|from=node01|to=node00|tick=94|height=0|type=core.Transaction
TICK000000002964|NET|event=DELIVER|from=node02|to=node01|tick=94|height=0|type=core.Transaction
TICK000000002965|NET|event=DELIVER|from=node02|to=node04|tick=94|height=0|type=core.Transaction
TICK000000002966|NET|event=DELIVER|from=node03|to=node04|tick=94|height=0|type=core.Transaction
TICK000000002967|NET|event=DELIVER|from=node04|to=node00|tick=94|height=0|type=core.Transaction
TICK000000002968|NET|event=DELIVER|from=node04|to=node01|tick=94|height=0|type=core.Transaction
TICK000000002969|NET|event=DELIVER|from=node04|to=node04|tick=94|height=0|type=core.Transaction
TICK000000002970|NET|event=DELIVER|from=node05|to=node02|tick=94|height=0|type=core.Transaction
TICK000000002971|NET|event=DELIVER|from=node05|to=node04|tick=94|height=0|type=core.Transaction
TICK000000002972|NET|event=DELIVER|from=node06|to=node04|tick=94|height=0|type=core.Transaction
TICK000000002973|NET|event=DELIVER|from=node07|to=node04|tick=94|height=0|type=core.Transaction
TICK000000002974|NODE|node00|RECV|TX|from=node04|sender=node04|nonce=19
TICK000000002975|NET|event=UNBLOCK|from=node00|to=|tick=96|height=0|tick=96
TICK000000002976|NET|event=UNBLOCK|from=node01|to=|tick=96|height=0|tick=96
TICK000000002977|NET|event=UNBLOCK|from=node02|to=|tick=96|height=0|tick=96
TICK000000002978|NET|event=UNBLOCK|from=node03|to=|tick=96|height=0|tick=96
TICK000000002979|NET|event=UNBLOCK|from=node04|to=|tick=96|height=0|tick=96
TICK000000002980|NET|event=UNBLOCK|from=node05|to=|tick=96|height=0|tick=96
TICK000000002981|NET|event=UNBLOCK|from=node06|to=|tick=96|height=0|tick=96
TICK000000002982|NET|event=UNBLOCK|from=node07|to=|tick=96|height=0|tick=96
TICK000000002983|NET|event=SEND|from=node00|to=node00|tick=96|height=0|deliver_tick=97|type=core.Transaction
TICK000000002984|NET|event=SEND|from=node00|to=node01|tick=96|height=0|deliver_tick=98|type=core.Transaction
TICK000000002985|NET|event=SEND|from=node00|to=node02|tick=96|height=0|deliver_tick=98|type=core.Transaction
TICK000000002986|NET|event=SEND|from=node00|to=node03|tick=96|height=0|deliver_tick=98|type=core.Transaction
TICK000000002987|NET|event=DUP|from=node00|to=node03|tick=96|height=0|tick=98
TICK000000002988|NET|event=SEND|from=node00|to=node04|tick=96|height=0|deliver_tick=97|type=core.Transaction
TICK000000002989|NET|event=RATE_BLOCK|from=node00|to=node05|tick=96|height=0|until=101
TICK000000002990|NET|event=BLOCKED|from=node00|to=node06|tick=96|height=0|until=101
TICK000000002991|NET|event=BLOCKED|from=node00|to=node07|tick=96|height=0|until=101
TICK000000002992|NODE|node00|ENQUEUE_TX|nonce=20
TICK000000002993|NET|event=BLOCKED|from=node00|to=node00|tick=96|height=1|until=101
TICK000000002994|NET|event=BLOCKED|from=node00|to=node01|tick=96|height=1|until=101
TICK000000002995|NET|event=BLOCKED|from=node00|to=node02|tick=96|height=1|until=101
TICK000000002996|NET|event=BLOCKED|from=node00|to=node03|tick=96|height=1|until=101
TICK000000002997|NET|event=BLOCKED|from=node00|to=node04|tick=96|height=1|until=101
TICK000000002998|NET|event=BLOCKED|from=node00|to=node05|tick=96|height=1|until=101
TICK000000002999|NET|event=BLOCKED|from=node00|to=node06|tick=96|height=1|until=101
TICK000000003000|NET|event=BLOCKED|from=node00|to=node07|tick=96|height=1|until=101
TICK000000003001|NODE|node00|PROPOSE|H=1|txs=8
TICK000000003002|NET|event=SEND|from=node01|to=node00|tick=96|height=0|deliver_tick=97|type=core.Transaction
TICK000000003003|NET|event=SEND|from=node01|to=node01|tick=96|height=0|deliver_tick=97|type=core.Transaction
TICK000000003004|NET|event=SEND|from=node01|to=node02|tick=96|height=0|deliver_tick=97|type=core.Transaction
TICK000000003005|NET|event=SEND|from=node01|to=node03|tick=96|height=0|deliver_tick=98|type=core.Transaction
TICK000000003006|NET|event=SEND|from=node01|to=node04|tick=96|height=0|deliver_tick=98|type=core.Transaction
TICK000000003007|NET|event=RATE_BLOCK|from=node01|to=node05|tick=96|height=0|until=101
TICK000000003008|NET|event=BLOCKED|from=node01|to=node06|tick=96|height=0|until=101
TICK000000003009|NET|event=BLOCKED|from=node01|to=node07|tick=96|height=0|until=101
TICK000000003010|NODE|node01|ENQUEUE_TX|nonce=20
TICK000000003011|NET|event=SEND|from=node02|to=node00|tick=96|height=0|deliver_tick=98|type=core.Transaction
TICK000000003012|NET|event=SEND|from=node02|to=node01|tick=96|height=0|deliver_tick=99|type=core.Transaction
TICK000000003013|NET|event=SEND|from=node02|to=node02|tick=96|height=0|deliver_tick=98|type=core.Transaction
TICK000000003014|NET|event=SEND|from=node02|to=node03|tick=96|height=0|deliver_tick=97|type=core.Transaction
TICK000000003015|NET|event=SEND|from=node02|to=node04|tick=96|height=0|deliver_tick=97|type=core.Transaction
TICK000000003016|NET|event=RATE_BLOCK|from=node02|to=node05|tick=96|height=0|until=101
TICK000000003017|NET|event=BLOCKED|from=node02|to=node06|tick=96|height=0|until=101
TICK000000003018|NET|event=BLOCKED|from=node02|to=node07|tick=96|height=0|until=101
TICK000000003019|NODE|node02|ENQUEUE_TX|nonce=20
TICK000000003020|NET|event=SEND|from=node03|to=node00|tick=96|height=0|deliver_tick=97|type=core.Transaction
TICK000000003021|NET|event=SEND|from=node03|to=node01|tick=96|height=0|deliver_tick=99|type=core.Transaction
TICK000000003022|NET|event=SEND|from=node03|to=node02|tick=96|height=0|deliver_tick=99|type=core.Transaction
TICK000000003023|NET|event=SEND|from=node03|to=node03|tick=96|height=0|deliver_tick=99|type=core.Transaction
TICK000000003024|NET|event=SEND|from=node03|to=node04|tick=96|height=0|deliver_tick=97|type=core.Transaction
TICK000000003025|NET|event=RATE_BLOCK|from=node03|to=node05|tick=96|height=0|until=101
TICK000000003026|NET|event=BLOCKED|from=node03|to=node06|tick=96|height=0|until=101
TICK000000003027|NET|event=BLOCKED|from=node03|to=node07|tick=96|height=0|until=101
TICK000000003028|NODE|node03|ENQUEUE_TX|nonce=20
TICK000000003029|NET|event=SEND|from=node04|to=node00|tick=96|height=0|deliver_tick=97|type=core.Transaction
TICK000000003030|NET|event=SEND|from=node04|to=node01|tick=96|height=0|deliver_tick=98|type=core.Transaction
TICK000000003031|NET|event=SEND|from=node04|to=node02|tick=96|height=0|deliver_tick=99|type=core.Transaction
TICK000000003032|NET|event=SEND|from=node04|to=node03|tick=96|height=0|deliver_tick=98|type=core.Transaction
TICK000000003033|NET|event=SEND|from=node04|to=node04|tick=96|height=0|deliver_tick=99|type=core.Transaction
TICK000000003034|NET|event=RATE_BLOCK|from=node04|to=node05|tick=96|height=0|until=101
TICK000000003035|NET|event=BLOCKED|from=node04|to=node06|tick=96|height=0|until=101
TICK000000003036|NET|event=BLOCKED|from=node04|to=node07|tick=96|height=0|until=101
TICK000000003037|NODE|node04|ENQUEUE_TX|nonce=20
TICK000000003038|NET|event=SEND|from=node05|to=node00|tick=96|height=0|deliver_tick=98|type=core.Transaction
TICK000000003039|NET|event=SEND|from=node05|to=node01|tick=96|height=0|deliver_tick=99|type=core.Transaction
TICK000000003040|NET|event=SEND|from=node05|to=node02|tick=96|height=0|deliver_tick=99|type=core.Transaction
TICK000000003041|NET|event=SEND|from=node05|to=node03|tick=96|height=0|deliver_tick=98|type=core.Transaction
TICK000000003042|NET|event=SEND|from=node05|to=node04|tick=96|height=0|deliver_tick=98|type=core.Transaction
TICK000000003043|NET|event=RATE_BLOCK|from=node05|to=node05|tick=96|height=0|until=101
TICK000000003044|NET|event=BLOCKED|from=node05|to=node06|tick=96|height=0|until=101
TICK000000003045|NET|event=BLOCKED|from=node05|to=node07|tick=96|height=0|until=101
TICK000000003046|NODE|node05|ENQUEUE_TX|nonce=20
TICK000000003047|NET|event=SEND|from=node06|to=node00|tick=96|height=0|deliver_tick=97|type=core.Transaction
TICK000000003048|NET|event=SEND|from=node06|to=node01|tick=96|height=0|deliver_tick=98|type=core.Transaction
TICK000000003049|NET|event=SEND|from=node06|to=node02|tick=96|height=0|deliver_tick=98|type=core.Transaction
TICK000000003050|NET|event=SEND|from=node06|to=node03|tick=96|height=0|deliver_tick=98|type=core.Transaction
TICK000000003051|NET|event=SEND|from=node06|to=node04|tick=96|height=0|deliver_tick=99|type=core.Transaction
TICK000000003052|NET|event=RATE_BLOCK|from=node06|to=node05|tick=96|height=0|until=101
TICK000000003053|NET|event=BLOCKED|from=node06|to=node06|tick=96|height=0|until=101
TICK000000003054|NET|event=BLOCKED|from=node06|to=node07|tick=96|height=0|until=101
TICK000000003055|NODE|node06|ENQUEUE_TX|nonce=20
TICK000000003056|NET|event=SEND|from=node07|to=node00|tick=96|height=0|deliver_tick=97|type=core.Transaction
TICK000000003057|NET|event=DROP|from=node07|to=node01|tick=96|height=0|lat=2
TICK000000003058|NET|event=SEND|from=node07|to=node02|tick=96|height=0|deliver_tick=97|type=core.Transaction
TICK000000003059|NET|event=SEND|from=node07|to=node03|tick=96|height=0|deliver_tick=98|type=core.Transaction
TICK000000003060|NET|event=SEND|from=node07|to=node04|tick=96|height=0|deliver_tick=99|type=core.Transaction
TICK000000003061|NET|event=RATE_BLOCK|from=node07|to=node05|tick=96|height=0|until=101
TICK000000003062|NET|event=BLOCKED|from=node07|to=node06|tick=96|height=0|until=101
TICK000000003063|NET|event=BLOCKED|from=node07|to=node07|tick=96|height=0|until=101
TICK000000003064|NODE|node07|ENQUEUE_TX|nonce=20
TICK000000003065|NET|event=DELIVER|from=node00|to=node00|tick=97|height=0|type=core.Transaction
TICK000000003066|NET|event=DELIVER|from=node00|to=node04|tick=97|height=0|type=core.Transaction
TICK000000003067|NET|event=DELIVER|from=node01|to=node00|tick=97|height=0|type=core.Transaction
TICK000000003068|NET|event=DELIVER|from=node01|to=node01|tick=97|height=0|type=core.Transaction
TICK000000003069|NET|event=DELIVER|from=node01|to=node02|tick=97|height=0|type=core.Transaction
TICK000000003070|NET|event=DELIVER|from=node02|to=node03|tick=97|height=0|type=core.Transaction
TICK000000003071|NET|event=DELIVER|from=node02|to=node04|tick=97|height=0|type=core.Transaction
TICK000000003072|NET|event=DELIVER|from=node03|to=node00|tick=97|height=0|type=core.Transaction
TICK000000003073|NET|event=DELIVER|from=node03|to=node04|tick=97|height=0|type=core.Transaction
TICK000000003074|NET|event=DELIVER|from=node04|to=node00|tick=97|height=0|type=core.Transaction
TICK000000003075|NET|event=DELIVER|from=node06|to=node00|tick=97|height=0|type=core.Transaction
TICK000000003076|NET|event=DELIVER|from=node07|to=node00|tick=97|height=0|type=core.Transaction
TICK000000003077|NET|event=DELIVER|from=node07|to=node02|tick=97|height=0|type=core.Transaction
TICK000000003078|NODE|node00|RECV|TX|from=node03|sender=node03|nonce=20
TICK000000003079|NODE|node00|RECV|TX|from=node04|sender=node04|nonce=20
TICK000000003080|NODE|node00|RECV|TX|from=node06|sender=node06|nonce=20
TICK000000003081|NODE|node00|RECV|TX|from=node07|sender=node07|nonce=20
TICK000000003082|NODE|node02|RECV|TX|from=node01|sender=node01|nonce=20
TICK000000003083|NODE|node02|RECV|TX|from=node07|sender=node07|nonce=20
TICK000000003084|NET|event=DELIVER|from=node00|to=node01|tick=98|height=0|type=core.Transaction
TICK000000003085|NET|event=DELIVER|from=node00|to=node02|tick=98|height=0|type=core.Transaction
TICK000000003086|NET|event=DELIVER|from=node00|to=node03|tick=98|height=0|type=core.Transaction
TICK000000003087|NET|event=DELIVER|from=node00|to=node03|tick=98|height=0|type=core.Transaction
TICK000000003088|NET|event=DELIVER|from=node01|to=node03|tick=98|height=0|type=core.Transaction
TICK000000003089|NET|event=DELIVER|from=node01|to=node04|tick=98|height=0|type=core.Transaction
TICK000000003090|NET|event=DELIVER|from=node02|to=node00|tick=98|height=0|type=core.Transaction
TICK000000003091|NET|event=DELIVER|from=node02|to=node02|tick=98|height=0|type=core.Transaction
TICK000000003092|NET|event=DELIVER|from=node04|to=node01|tick=98|height=0|type=core.Transaction
TICK000000003093|NET|event=DELIVER|from=node04|to=node03|tick=98|height=0|type=core.Transaction
TICK000000003094|NET|event=DELIVER|from=node05|to=node00|tick=98|height=0|type=core.Transaction
TICK000000003095|NET|event=DELIVER|from=node05|to=node03|tick=98|height=0|type=core.Transaction
TICK000000003096|NET|event=DELIVER|from=node05|to=node04|tick=98|height=0|type=core.Transaction
TICK000000003097|NET|event=DELIVER|from=node06|to=node01|tick=98|height=0|type=core.Transaction
TICK000000003098|NET|event=DELIVER|from=node06|to=node02|tick=98|height=0|type=core.Transaction
TICK000000003099|NET|event=DELIVER|from=node06|to=node03|tick=98|height=0|type=core.Transaction
TICK000000003100|NET|event=DELIVER|from=node07|to=node03|tick=98|height=0|type=core.Transaction
TICK000000003101|NODE|node00|RECV|TX|from=node02|sender=node02|nonce=20
TICK000000003102|NODE|node00|RECV|TX|from=node05|sender=node05|nonce=20
TICK000000003103|NODE|node01|RECV|TX|from=node06|sender=node06|nonce=20
TICK000000003104|NODE|node02|RECV|TX|from=node00|sender=node00|nonce=20
TICK000000003105|NODE|node02|RECV|TX|from=node06|sender=node06|nonce=20
TICK000000003106|NODE|node03|RECV|TX|from=node04|sender=node04|nonce=20
TICK000000003107|NODE|node03|RECV|TX|from=node05|sender=node05|nonce=20
TICK000000003108|NODE|node03|RECV|TX|from=node07|sender=node07|nonce=20
TICK000000003109|NODE|node04|RECV|TX|from=node01|sender=node01|nonce=20
TICK000000003110|NET|event=DELIVER|from=node02|to=node01|tick=99|height=0|type=core.Transaction
TICK000000003111|NET|event=DELIVER|from=node03|to=node01|tick=99|height=0|type=core.Transaction
TICK000000003112|NET|event=DELIVER|from=node03|to=node02|tick=99|height=0|type=core.Transaction
TICK000000003113|NET|event=DELIVER|from=node03|to=node03|tick=99|height=0|type=core.Transaction
TICK000000003114|NET|event=DELIVER|from=node04|to=node02|tick=99|height=0|type=core.Transaction
TICK000000003115|NET|event=DELIVER|from=node04|to=node04|tick=99|height=0|type=core.Transaction
TICK000000003116|NET|event=DELIVER|from=node05|to=node01|tick=99|height=0|type=core.Transaction
TICK000000003117|NET|event=DELIVER|from=node05|to=node02|tick=99|height=0|type=core.Transaction
TICK000000003118|NET|event=DELIVER|from=node06|to=node04|tick=99|height=0|type=core.Transaction
TICK000000003119|NET|event=DELIVER|from=node07|to=node04|tick=99|height=0|type=core.Transaction
TICK000000003120|NET|event=UNBLOCK|from=node00|to=|tick=101|height=0|tick=101
TICK000000003121|NET|event=UNBLOCK|from=node01|to=|tick=101|height=0|tick=101
TICK000000003122|NET|event=UNBLOCK|from=node02|to=|tick=101|height=0|tick=101
TICK000000003123|NET|event=UNBLOCK|from=node03|to=|tick=101|height=0|tick=101
TICK000000003124|NET|event=UNBLOCK|from=node04|to=|tick=101|height=0|tick=101
TICK000000003125|NET|event=UNBLOCK|from=node05|to=|tick=101|height=0|tick=101
TICK000000003126|NET|event=UNBLOCK|from=node06|to=|tick=101|height=0|tick=101
TICK000000003127|NET|event=UNBLOCK|from=node07|to=|tick=101|height=0|tick=101
TICK000000003128|NET|event=SEND|from=node00|to=node00|tick=101|height=0|deliver_tick=103|type=core.Transaction
TICK000000003129|NET|event=SEND|from=node00|to=node01|tick=101|height=0|deliver_tick=103|type=core.Transaction
TICK000000003130|NET|event=SEND|from=node00|to=node02|tick=101|height=0|deliver_tick=102|type=core.Transaction
TICK000000003131|NET|event=SEND|from=node00|to=node03|tick=101|height=0|deliver_tick=103|type=core.Transaction
TICK000000003132|NET|event=SEND|from=node00|to=node04|tick=101|height=0|deliver_tick=104|type=core.Transaction
TICK000000003133|NET|event=RATE_BLOCK|from=node00|to=node05|tick=101|height=0|until=106
TICK000000003134|NET|event=BLOCKED|from=node00|to=node06|tick=101|height=0|until=106
TICK000000003135|NET|event=BLOCKED|from=node00|to=node07|tick=101|height=0|until=106
TICK000000003136|NODE|node00|ENQUEUE_TX|nonce=21
TICK000000003137|NET|event=BLOCKED|from=node00|to=node00|tick=101|height=1|until=106
TICK000000003138|NET|event=BLOCKED|from=node00|to=node01|tick=101|height=1|until=106
TICK000000003139|NET|event=BLOCKED|from=node00|to=node02|tick=101|height=1|until=106
TICK000000003140|NET|event=BLOCKED|from=node00|to=node03|tick=101|height=1|until=106
TICK000000003141|NET|event=BLOCKED|from=node00|to=node04|tick=101|height=1|until=106
TICK000000003142|NET|event=BLOCKED|from=node00|to=node05|tick=101|height=1|until=106
TICK000000003143|NET|event=BLOCKED|from=node00|to=node06|tick=101|height=1|until=106
TICK000000003144|NET|event=BLOCKED|from=node00|to=node07|tick=101|height=1|until=106
TICK000000003145|NODE|node00|PROPOSE|H=1|txs=8
TICK000000003146|NET|event=SEND|from=node01|to=node00|tick=101|height=0|deliver_tick=102|type=core.Transaction
TICK000000003147|NET|event=SEND|from=node01|to=node01|tick=101|height=0|deliver_tick=102|type=core.Transaction
TICK000000003148|NET|event=SEND|from=node01|to=node02|tick=101|height=0|deliver_tick=104|type=core.Transaction
TICK000000003149|NET|event=SEND|from=node01|to=node03|tick=101|height=0|deliver_tick=103|type=core.Transaction
TICK000000003150|NET|event=SEND|from=node01|to=node04|tick=101|height=0|deliver_tick=102|type=core.Transaction
TICK000000003151|NET|event=RATE_BLOCK|from=node01|to=node05|tick=101|height=0|until=106
TICK000000003152|NET|event=BLOCKED|from=node01|to=node06|tick=101|height=0|until=106
TICK000000003153|NET|event=BLOCKED|from=node01|to=node07|tick=101|height=0|until=106
TICK000000003154|NODE|node01|ENQUEUE_TX|nonce=21
TICK000000003155|NET|event=SEND|from=node02|to=node00|tick=101|height=0|deliver_tick=102|type=core.Transaction
TICK000000003156|NET|event=SEND|from=node02|to=node01|tick=101|height=0|deliver_tick=104|type=core.Transaction
TICK000000003157|NET|event=SEND|from=node02|to=node02|tick=101|height=0|deliver_tick=102|type=core.Transaction
TICK000000003158|NET|event=SEND|from=node02|to=node03|tick=101|height=0|deliver_tick=103|type=core.Transaction
TICK000000003159|NET|event=SEND|from=node02|to=node04|tick=101|height=0|deliver_tick=102|type=core.Transaction
TICK000000003160|NET|event=RATE_BLOCK|from=node02|to=node05|tick=101|height=0|until=106
TICK000000003161|NET|event=BLOCKED|from=node02|to=node06|tick=101|height=0|until=106
TICK000000003162|NET|event=BLOCKED|from=node02|to=node07|tick=101|height=0|until=106
TICK000000003163|NODE|node02|ENQUEUE_TX|nonce=21
TICK000000003164|NET|event=SEND|from=node03|to=node00|tick=101|height=0|deliver_tick=103|type=core.Transaction
TICK000000003165|NET|event=SEND|from=node03|to=node01|tick=101|height=0|deliver_tick=103|type=core.Transaction
TICK000000003166|NET|event=SEND|from=node03|to=node02|tick=101|height=0|deliver_tick=104|type=core.Transaction
TICK000000003167|NET|event=SEND|from=node03|to=node03|tick=101|height=0|deliver_tick=103|type=core.Transaction
TICK000000003168|NET|event=SEND|from=node03|to=node04|tick=101|height=0|deliver_tick=102|type=core.Transaction
TICK000000003169|NET|event=RATE_BLOCK|from=node03|to=node05|tick=101|height=0|until=106
TICK000000003170|NET|event=BLOCKED|from=node03|to=node06|tick=101|height=0|until=106
TICK000000003171|NET|event=BLOCKED|from=node03|to=node07|tick=101|height=0|until=106
TICK000000003172|NODE|node03|ENQUEUE_TX|nonce=21
TICK000000003173|NET|event=SEND|from=node04|to=node00|tick=101|height=0|deliver_tick=104|type=core.Transaction
TICK000000003174|NET|event=SEND|from=node04|to=node01|tick=101|height=0|deliver_tick=103|type=core.Transaction
TICK000000003175|NET|event=SEND|from=node04|to=node02|tick=101|height=0|deliver_tick=103|type=core.Transaction
TICK000000003176|NET|event=SEND|from=node04|to=node03|tick=101|height=0|deliver_tick=103|type=core.Transaction
TICK000000003177|NET|event=SEND|from=node04|to=node04|tick=101|height=0|deliver_tick=102|type=core.Transaction
TICK000000003178|NET|event=RATE_BLOCK|from=node04|to=node05|tick=101|height=0|until=106
TICK000000003179|NET|event=BLOCKED|from=node04|to=node06|tick=101|height=0|until=106
TICK000000003180|NET|event=BLOCKED|from=node04|to=node07|tick=101|height=0|until=106
TICK000000003181|NODE|node04|ENQUEUE_TX|nonce=21
TICK000000003182|NET|event=SEND|from=node05|to=node00|tick=101|height=0|deliver_tick=102|type=core.Transaction
TICK000000003183|NET|event=DUP|from=node05|to=node00|tick=101|height=0|tick=102
TICK000000003184|NET|event=SEND|from=node05|to=node01|tick=101|height=0|deliver_tick=104|type=core.Transaction
TICK000000003185|NET|event=SEND|from=node05|to=node02|tick=101|height=0|deliver_tick=103|type=core.Transaction
TICK000000003186|NET|event=DROP|from=node05|to=node03|tick=101|height=0|lat=2
TICK000000003187|NET|event=SEND|from=node05|to=node04|tick=101|height=0|deliver_tick=103|type=core.Transaction
TICK000000003188|NET|event=DUP|from=node05|to=node04|tick=101|height=0|tick=103
TICK000000003189|NET|event=RATE_BLOCK|from=node05|to=node05|tick=101|height=0|until=106
TICK000000003190|NET|event=BLOCKED|from=node05|to=node06|tick=101|height=0|until=106
TICK000000003191|NET|event=BLOCKED|from=node05|to=node07|tick=101|height=0|until=106
TICK000000003192|NODE|node05|ENQUEUE_TX|nonce=21
TICK000000003193|NET|event=SEND|from=node06|to=node00|tick=101|height=0|deliver_tick=102|type=core.Transaction
TICK000000003194|NET|event=SEND|from=node06|to=node01|tick=101|height=0|deliver_tick=104|type=core.Transaction
TICK000000003195|NET|event=DUP|from=node06|to=node01|tick=101|height=0|tick=104
TICK000000003196|NET|event=SEND|from=node06|to=node02|tick=101|height=0|deliver_tick=104|type=core.Transaction
TICK000000003197|NET|event=SEND|from=node06|to=node03|tick=101|height=0|deliver_tick=104|type=core.Transaction
TICK000000003198|NET|event=SEND|from=node06|to=node04|tick=101|height=0|deliver_tick=102|type=core.Transaction
TICK000000003199|NET|event=RATE_BLOCK|from=node06|to=node05|tick=101|height=0|until=106
TICK000000003200|NET|event=BLOCKED|from=node06|to=node06|tick=101|height=0|until=106
TICK000000003201|NET|event=BLOCKED|from=node06|to=node07|tick=101|height=0|until=106
TICK000000003202|NODE|node06|ENQUEUE_TX|nonce=21
TICK000000003203|NET|event=SEND|from=node07|to=node00|tick=101|height=0|deliver_tick=104|type=core.Transaction
TICK000000003204|NET|event=SEND|from=node07|to=node01|tick=101|height=0|deliver_tick=103|type=core.Transaction
TICK000000003205|NET|event=SEND|from=node07|to=node02|tick=101|height=0|deliver_tick=102|type=core.Transaction
TICK000000003206|NET|event=SEND|from=node07|to=node03|tick=101|height=0|deliver_tick=102|type=core.Transaction
TICK000000003207|NET|event=DUP|from=node07|to=node03|tick=101|height=0|tick=102
TICK000000003208|NET|event=SEND|from=node07|to=node04|tick=101|height=0|deliver_tick=103|type=core.Transaction
TICK000000003209|NET|event=RATE_BLOCK|from=node07|to=node05|tick=101|height=0|until=106
TICK000000003210|NET|event=BLOCKED|from=node07|to=node06|tick=101|height=0|until=106
TICK000000003211|NET|event=BLOCKED|from=node07|to=node07|tick=101|height=0|until=106
TICK000000003212|NODE|node07|ENQUEUE_TX|nonce=21
TICK000000003213|NET|event=DELIVER|from=node00|to=node02|tick=102|height=0|type=core.Transaction
TICK000000003214|NET|event=DELIVER|from=node01|to=node00|tick=102|height=0|type=core.Transaction
TICK000000003215|NET|event=DELIVER|from=node01|to=node01|tick=102|height=0|type=core.Transaction
TICK000000003216|NET|event=DELIVER|from=node01|to=node04|tick=102|height=0|type=core.Transaction
TICK000000003217|NET|event=DELIVER|from=node02|to=node00|tick=102|height=0|type=core.Transaction
TICK000000003218|NET|event=DELIVER|from=node02|to=node02|tick=102|height=0|type=core.Transaction
TICK000000003219|NET|event=DELIVER|from=node02|to=node04|tick=102|height=0|type=core.Transaction
TICK000000003220|NET|event=DELIVER|from=node03|to=node04|tick=102|height=0|type=core.Transaction
TICK000000003221|NET|event=DELIVER|from=node04|to=node04|tick=102|height=0|type=core.Transaction
TICK000000003222|NET|event=DELIVER|from=node05|to=node00|tick=102|height=0|type=core.Transaction
TICK000000003223|NET|event=DELIVER|from=node05|to=node00|tick=102|height=0|type=core.Transaction
TICK000000003224|NET|event=DELIVER|from=node06|to=node00|tick=102|height=0|type=core.Transaction
TICK000000003225|NET|event=DELIVER|from=node06|to=node04|tick=102|height=0|type=core.Transaction
TICK000000003226|NET|event=DELIVER|from=node07|to=node02|tick=102|height=0|type=core.Transaction
TICK000000003227|NET|event=DELIVER|from=node07|to=node03|tick=102|height=0|type=core.Transaction
TICK000000003228|NET|event=DELIVER|from=node07|to=node03|tick=102|height=0|type=core.Transaction
TICK000000003229|NODE|node00|RECV|TX|from=node02|sender=node02|nonce=21
TICK000000003230|NODE|node00|RECV|TX|from=node05|sender=node05|nonce=21
TICK000000003231|NODE|node00|RECV|TX|from=node06|sender=node06|nonce=21
TICK000000003232|NODE|node02|RECV|TX|from=node00|sender=node00|nonce=21
TICK000000003233|NODE|node02|RECV|TX|from=node07|sender=node07|nonce=21
TICK000000003234|NODE|node03|RECV|TX|from=node07|sender=node07|nonce=21
TICK000000003235|NODE|node04|RECV|TX|from=node01|sender=node01|nonce=21
TICK000000003236|NET|event=DELIVER|from=node00|to=node00|tick=103|height=0|type=core.Transaction
TICK000000003237|NET|event=DELIVER|from=node00|to=node01|tick=103|height=0|type=core.Transaction
TICK000000003238|NET|event=DELIVER|from=node00|to=node03|tick=103|height=0|type=core.Transaction
TICK000000003239|NET|event=DELIVER|from=node01|to=node03|tick=103|height=0|type=core.Transaction
TICK000000003240|NET|event=DELIVER|from=node02|to=node03|tick=103|height=0|type=core.Transaction
TICK000000003241|NET|event=DELIVER|from=node03|to=node00|tick=103|height=0|type=core.Transaction
TICK000000003242|NET|event=DELIVER|from=node03|to=node01|tick=103|height=0|type=core.Transaction
TICK000000003243|NET|event=DELIVER|from=node03|to=node03|tick=103|height=0|type=core.Transaction
TICK000000003244|NET|event=DELIVER|from=node04|to=node01|tick=103|height=0|type=core.Transaction
TICK000000003245|NET|event=DELIVER|from=node04|to=node02|tick=103|height=0|type=core.Transaction
TICK000000003246|NET|event=DELIVER|from=node04|to=node03|tick=103|height=0|type=core.Transaction
TICK000000003247|NET|event=DELIVER|from=node05|to=node02|tick=103|height=0|type=core.Transaction
TICK000000003248|NET|event=DELIVER|from=node05|to=node04|tick=103|height=0|type=core.Transaction
TICK000000003249|NET|event=DELIVER|from=node05|to=node04|tick=103|height=0|type=core.Transaction
TICK000000003250|NET|event=DELIVER|from=node07|to=node01|tick=103|height=0|type=core.Transaction
TICK000000003251|NET|event=DELIVER|from=node07|to=node04|tick=103|height=0|type=core.Transaction
TICK000000003252|NODE|node00|RECV|TX|from=node03|sender=node03|nonce=21
TICK000000003253|NODE|node03|RECV|TX|from=node04|sender=node04|nonce=21
TICK000000003254|NET|event=DELIVER|from=node00|to=node04|tick=104|height=0|type=core.Transaction
TICK000000003255|NET|event=DELIVER|from=node01|to=node02|tick=104|height=0|type=core.Transaction
TICK000000003256|NET|event=DELIVER|from=node02|to=node01|tick=104|height=0|type=core.Transaction
TICK000000003257|NET|event=DELIVER|from=node03|to=node02|tick=104|height=0|type=core.Transaction
TICK000000003258|NET|event=DELIVER|from=node04|to=node00|tick=104|height=0|type=core.Transaction
TICK000000003259|NET|event=DELIVER|from=node05|to=node01|tick=104|height=0|type=core.Transaction
TICK000000003260|NET|event=DELIVER|from=node06|to=node01|tick=104|height=0|type=core.Transaction
TICK000000003261|NET|event=DELIVER|from=node06|to=node01|tick=104|height=0|type=core.Transaction
TICK000000003262|NET|event=DELIVER|from=node06|to=node02|tick=104|height=0|type=core.Transaction
TICK000000003263|NET|event=DELIVER|from=node06|to=node03|tick=104|height=0|type=core.Transaction
TICK000000003264|NET|event=DELIVER|from=node07|to=node00|tick=104|height=0|type=core.Transaction
TICK000000003265|NODE|node00|RECV|TX|from=node04|sender=node04|nonce=21
TICK000000003266|NODE|node00|RECV|TX|from=node07|sender=node07|nonce=21
TICK000000003267|NODE|node01|RECV|TX|from=node06|sender=node06|nonce=21
TICK000000003268|NODE|node02|RECV|TX|from=node01|sender=node01|nonce=21
TICK000000003269|NODE|node02|RECV|TX|from=node06|sender=node06|nonce=21
TICK000000003270|NET|event=UNBLOCK|from=node00|to=|tick=106|height=0|tick=106
TICK000000003271|NET|event=UNBLOCK|from=node01|to=|tick=106|height=0|tick=106
TICK000000003272|NET|event=UNBLOCK|from=node02|to=|tick=106|height=0|tick=106
TICK000000003273|NET|event=UNBLOCK|from=node03|to=|tick=106|height=0|tick=106
TICK000000003274|NET|event=UNBLOCK|from=node04|to=|tick=106|height=0|tick=106
TICK000000003275|NET|event=UNBLOCK|from=node05|to=|tick=106|height=0|tick=106
TICK000000003276|NET|event=UNBLOCK|from=node06|to=|tick=106|height=0|tick=106
TICK000000003277|NET|event=UNBLOCK|from=node07|to=|tick=106|height=0|tick=106
TICK000000003278|NET|event=SEND|from=node00|to=node00|tick=106|height=0|deliver_tick=108|type=core.Transaction
TICK000000003279|NET|event=SEND|from=node00|to=node01|tick=106|height=0|deliver_tick=107|type=core.Transaction
TICK000000003280|NET|event=SEND|from=node00|to=node02|tick=106|height=0|deliver_tick=108|type=core.Transaction
TICK000000003281|NET|event=SEND|from=node00|to=node03|tick=106|height=0|deliver_tick=109|type=core.Transaction
TICK000000003282|NET|event=SEND|from=node00|to=node04|tick=106|height=0|deliver_tick=107|type=core.Transaction
TICK000000003283|NET|event=RATE_BLOCK|from=node00|to=node05|tick=106|height=0|until=111
TICK000000003284|NET|event=BLOCKED|from=node00|to=node06|tick=106|height=0|until=111
TICK000000003285|NET|event=BLOCKED|from=node00|to=node07|tick=106|height=0|until=111
TICK000000003286|NODE|node00|ENQUEUE_TX|nonce=22
TICK000000003287|NET|event=BLOCKED|from=node00|to=node00|tick=106|height=1|until=111
TICK000000003288|NET|event=BLOCKED|from=node00|to=node01|tick=106|height=1|until=111
TICK000000003289|NET|event=BLOCKED|from=node00|to=node02|tick=106|height=1|until=111
TICK000000003290|NET|event=BLOCKED|from=node00|to=node03|tick=106|height=1|until=111
TICK000000003291|NET|event=BLOCKED|from=node00|to=node04|tick=106|height=1|until=111
TICK000000003292|NET|event=BLOCKED|from=node00|to=node05|tick=106|height=1|until=111
TICK000000003293|NET|event=BLOCKED|from=node00|to=node06|tick=106|height=1|until=111
TICK000000003294|NET|event=BLOCKED|from=node00|to=node07|tick=106|height=1|until=111
TICK000000003295|NODE|node00|PROPOSE|H=1|txs=8
TICK000000003296|NET|event=SEND|from=node01|to=node00|tick=106|height=0|deliver_tick=108|type=core.Transaction
TICK000000003297|NET|event=SEND|from=node01|to=node01|tick=106|height=0|deliver_tick=108|type=core.Transaction
TICK000000003298|NET|event=SEND|from=node01|to=node02|tick=106|height=0|deliver_tick=109|type=core.Transaction
TICK000000003299|NET|event=SEND|from=node01|to=node03|tick=106|height=0|deliver_tick=109|type=core.Transaction
TICK000000003300|NET|event=SEND|from=node01|to=node04|tick=106|height=0|deliver_tick=107|type=core.Transaction
TICK000000003301|NET|event=DUP|from=node01|to=node04|tick=106|height=0|tick=107
TICK000000003302|NET|event=RATE_BLOCK|from=node01|to=node05|tick=106|height=0|until=111
TICK000000003303|NET|event=BLOCKED|from=node01|to=node06|tick=106|height=0|until=111
TICK000000003304|NET|event=BLOCKED|from=node01|to=node07|tick=106|height=0|until=111
TICK000000003305|NODE|node01|ENQUEUE_TX|nonce=22
TICK000000003306|NET|event=SEND|from=node02|to=node00|tick=106|height=0|deliver_tick=108|type=core.Transaction
TICK000000003307|NET|event=SEND|from=node02|to=node01|tick=106|height=0|deliver_tick=108|type=core.Transaction
TICK000000003308|NET|event=SEND|from=node02|to=node02|tick=106|height=0|deliver_tick=109|type=core.Transaction
TICK000000003309|NET|event=SEND|from=node02|to=node03|tick=106|height=0|deliver_tick=109|type=core.Transaction
TICK000000003310|NET|event=DUP|from=node02|to=node03|tick=106|height=0|tick=109
TICK000000003311|NET|event=SEND|from=node02|to=node04|tick=106|height=0|deliver_tick=108|type=core.Transaction
TICK000000003312|NET|event=RATE_BLOCK|from=node02|to=node05|tick=106|height=0|until=111
TICK000000003313|NET|event=BLOCKED|from=node02|to=node06|tick=106|height=0|until=111
TICK000000003314|NET|event=BLOCKED|from=node02|to=node07|tick=106|height=0|until=111
TICK000000003315|NODE|node02|ENQUEUE_TX|nonce=22
TICK000000003316|NET|event=SEND|from=node03|to=node00|tick=106|height=0|deliver_tick=109|type=core.Transaction
TICK000000003317|NET|event=SEND|from=node03|to=node01|tick=106|height=0|deliver_tick=107|type=core.Transaction
TICK000000003318|NET|event=SEND|from=node03|to=node02|tick=106|height=0|deliver_tick=108|type=core.Transaction
TICK000000003319|NET|event=SEND|from=node03|to=node03|tick=106|height=0|deliver_tick=107|type=core.Transaction
TICK000000003320|NET|event=SEND|from=node03|to=node04|tick=106|height=0|deliver_tick=109|type=core.Transaction
TICK000000003321|NET|event=RATE_BLOCK|from=node03|to=node05|tick=106|height=0|until=111
TICK000000003322|NET|event=BLOCKED|from=node03|to=node06|tick=106|height=0|until=111
TICK000000003323|NET|event=BLOCKED|from=node03|to=node07|tick=106|height=0|until=111
TICK000000003324|NODE|node03|ENQUEUE_TX|nonce=22
TICK000000003325|NET|event=SEND|from=node04|to=node00|tick=106|height=0|deliver_tick=109|type=core.Transaction
TICK000000003326|NET|event=SEND|from=node04|to=node01|tick=106|height=0|deliver_tick=109|type=core.Transaction
TICK000000003327|NET|event=DUP|from=node04|to=node01|tick=106|height=0|tick=109
TICK000000003328|NET|event=SEND|from=node04|to=node02|tick=106|height=0|deliver_tick=109|type=core.Transaction
TICK000000003329|NET|event=SEND|from=node04|to=node03|tick=106|height=0|deliver_tick=108|type=core.Transaction
TICK000000003330|NET|event=SEND|from=node04|to=node04|tick=106|height=0|deliver_tick=108|type=core.Transaction
TICK000000003331|NET|event=RATE_BLOCK|from=node04|to=node05|tick=106|height=0|until=111
TICK000000003332|NET|event=BLOCKED|from=node04|to=node06|tick=106|height=0|until=111
TICK000000003333|NET|event=BLOCKED|from=node04|to=node07|tick=106|height=0|until=111
TICK000000003334|NODE|node04|ENQUEUE_TX|nonce=22
TICK000000003335|NET|event=SEND|from=node05|to=node00|tick=106|height=0|deliver_tick=107|type=core.Transaction
TICK000000003336|NET|event=SEND|from=node05|to=node01|tick=106|height=0|deliver_tick=107|type=core.Transaction
TICK000000003337|NET|event=SEND|from=node05|to=node02|tick=106|height=0|deliver_tick=109|type=core.Transaction
TICK000000003338|NET|event=SEND|from=node05|to=node03|tick=106|height=0|deliver_tick=107|type=core.Transaction
TICK000000003339|NET|event=DROP|from=node05|to=node04|tick=106|height=0|lat=3
TICK000000003340|NET|event=RATE_BLOCK|from=node05|to=node05|tick=106|height=0|until=111
TICK000000003341|NET|event=BLOCKED|from=node05|to=node06|tick=106|height=0|until=111
TICK000000003342|NET|event=BLOCKED|from=node05|to=node07|tick=106|height=0|until=111
TICK000000003343|NODE|node05|ENQUEUE_TX|nonce=22
TICK000000003344|NET|event=SEND|from=node06|to=node00|tick=106|height=0|deliver_tick=107|type=core.Transaction
TICK000000003345|NET|event=SEND|from=node06|to=node01|tick=106|height=0|deliver_tick=108|type=core.Transaction
TICK000000003346|NET|event=SEND|from=node06|to=node02|tick=106|height=0|deliver_tick=109|type=core.Transaction
TICK000000003347|NET|event=SEND|from=node06|to=node03|tick=106|height=0|deliver_tick=107|type=core.Transaction
TICK000000003348|NET|event=SEND|from=node06|to=node04|tick=106|height=0|deliver_tick=107|type=core.Transaction
TICK000000003349|NET|event=RATE_BLOCK|from=node06|to=node05|tick=106|height=0|until=111
TICK000000003350|NET|event=BLOCKED|from=node06|to=node06|tick=106|height=0|until=111
TICK000000003351|NET|event=BLOCKED|from=node06|to=node07|tick=106|height=0|until=111
TICK000000003352|NODE|node06|ENQUEUE_TX|nonce=22
TICK000000003353|NET|event=SEND|from=node07|to=node00|tick=106|height=0|deliver_tick=108|type=core.Transaction
TICK000000003354|NET|event=SEND|from=node07|to=node01|tick=106|height=0|deliver_tick=107|type=core.Transaction
TICK000000003355|NET|event=SEND|from=node07|to=node02|tick=106|height=0|deliver_tick=109|type=core.Transaction
TICK000000003356|NET|event=SEND|from=node07|to=node03|tick=106|height=0|deliver_tick=108|type=core.Transaction
TICK000000003357|NET|event=SEND|from=node07|to=node04|tick=106|height=0|deliver_tick=107|type=core.Transaction
TICK000000003358|NET|event=RATE_BLOCK|from=node07|to=node05|tick=106|height=0|until=111
TICK000000003359|NET|event=BLOCKED|from=node07|to=node06|tick=106|height=0|until=111
TICK000000003360|NET|event=BLOCKED|from=node07|to=node07|tick=106|height=0|until=111
TICK000000003361|NODE|node07|ENQUEUE_TX|nonce=22
TICK000000003362|NET|event=DELIVER|from=node00|to=node01|tick=107|height=0|type=core.Transaction
TICK000000003363|NET|event=DELIVER|from=node00|to=node04|tick=107|height=0|type=core.Transaction
TICK000000003364|NET|event=DELIVER|from=node01|to=node04|tick=107|height=0|type=core.Transaction
TICK000000003365|NET|event=DELIVER|from=node01|to=node04|tick=107|height=0|type=core.Transaction
TICK000000003366|NET|event=DELIVER|from=node03|to=node01|tick=107|height=0|type=core.Transaction
TICK000000003367|NET|event=DELIVER|from=node03|to=node03|tick=107|height=0|type=core.Transaction
TICK000000003368|NET|event=DELIVER|from=node05|to=node00|tick=107|height=0|type=core.Transaction
TICK000000003369|NET|event=DELIVER|from=node05|to=node01|tick=107|height=0|type=core.Transaction
TICK000000003370|NET|event=DELIVER|from=node05|to=node03|tick=107|height=0|type=core.Transaction
TICK000000003371|NET|event=DELIVER|from=node06|to=node00|tick=107|height=0|type=core.Transaction
TICK000000003372|NET|event=DELIVER|from=node06|to=node03|tick=107|height=0|type=core.Transaction
TICK000000003373|NET|event=DELIVER|from=node06|to=node04|tick=107|height=0|type=core.Transaction
TICK000000003374|NET|event=DELIVER|from=node07|to=node01|tick=107|height=0|type=core.Transaction
TICK000000003375|NET|event=DELIVER|from=node07|to=node04|tick=107|height=0|type=core.Transaction
TICK000000003376|NODE|node00|RECV|TX|from=node05|sender=node05|nonce=22
TICK000000003377|NODE|node00|RECV|TX|from=node06|sender=node06|nonce=22
TICK000000003378|NODE|node04|RECV|TX|from=node01|sender=node01|nonce=22
TICK000000003379|NET|event=DELIVER|from=node00|to=node00|tick=108|height=0|type=core.Transaction
TICK000000003380|NET|event=DELIVER|from=node00|to=node02|tick=108|height=0|type=core.Transaction
TICK000000003381|NET|event=DELIVER|from=node01|to=node00|tick=108|height=0|type=core.Transaction
TICK000000003382|NET|event=DELIVER|from=node01|to=node01|tick=108|height=0|type=core.Transaction
TICK000000003383|NET|event=DELIVER|from=node02|to=node00|tick=108|height=0|type=core.Transaction
TICK000000003384|NET|event=DELIVER|from=node02|to=node01|tick=108|height=0|type=core.Transaction
TICK000000003385|NET|event=DELIVER|from=node02|to=node04|tick=108|height=0|type=core.Transaction
TICK000000003386|NET|event=DELIVER|from=node03|to=node02|tick=108|height=0|type=core.Transaction
TICK000000003387|NET|event=DELIVER|from=node04|to=node03|tick=108|height=0|type=core.Transaction
TICK000000003388|NET|event=DELIVER|from=node04|to=node04|tick=108|height=0|type=core.Transaction
TICK000000003389|NET|event=DELIVER|from=node06|to=node01|tick=108|height=0|type=core.Transaction
TICK000000003390|NET|event=DELIVER|from=node07|to=node00|tick=108|height=0|type=core.Transaction
TICK000000003391|NET|event=DELIVER|from=node07|to=node03|tick=108|height=0|type=core.Transaction
TICK000000003392|NODE|node00|RECV|TX|from=node02|sender=node02|nonce=22
TICK000000003393|NODE|node00|RECV|TX|from=node07|sender=node07|nonce=22
TICK000000003394|NODE|node01|RECV|TX|from=node06|sender=node06|nonce=22
TICK000000003395|NODE|node02|RECV|TX|from=node00|sender=node00|nonce=22
TICK000000003396|NODE|node03|RECV|TX|from=node04|sender=node04|nonce=22
TICK000000003397|NODE|node03|RECV|TX|from=node07|sender=node07|nonce=22
TICK000000003398|NET|event=DELIVER|from=node00|to=node03|tick=109|height=0|type=core.Transaction
TICK000000003399|NET|event=DELIVER|from=node01|to=node02|tick=109|height=0|type=core.Transaction
TICK000000003400|NET|event=DELIVER|from=node01|to=node03|tick=109|height=0|type=core.Transaction
TICK000000003401|NET|event=DELIVER|from=node02|to=node02|tick=109|height=0|type=core.Transaction
TICK000000003402|NET|event=DELIVER|from=node02|to=node03|tick=109|height=0|type=core.Transaction
TICK000000003403|NET|event=DELIVER|from=node02|to=node03|tick=109|height=0|type=core.Transaction
TICK000000003404|NET|event=DELIVER|from=node03|to=node00|tick=109|height=0|type=core.Transaction
TICK000000003405|NET|event=DELIVER|from=node03|to=node04|tick=109|height=0|type=core.Transaction
TICK000000003406|NET|event=DELIVER|from=node04|to=node00|tick=109|height=0|type=core.Transaction
TICK000000003407|NET|event=DELIVER|from=node04|to=node01|tick=109|height=0|type=core.Transaction
TICK000000003408|NET|event=DELIVER|from=node04|to=node01|tick=109|height=0|type=core.Transaction
TICK000000003409|NET|event=DELIVER|from=node04|to=node02|tick=109|height=0|type=core.Transaction
TICK000000003410|NET|event=DELIVER|from=node05|to=node02|tick=109|height=0|type=core.Transaction
TICK000000003411|NET|event=DELIVER|from=node06|to=node02|tick=109|height=0|type=core.Transaction
TICK000000003412|NET|event=DELIVER|from=node07|to=node02|tick=109|height=0|type=core.Transaction
TICK000000003413|NODE|node00|RECV|TX|from=node03|sender=node03|nonce=22
TICK000000003414|NODE|node00|RECV|TX|from=node04|sender=node04|nonce=22
TICK000000003415|NODE|node02|RECV|TX|from=node01|sender=node01|nonce=22
TICK000000003416|NODE|node02|RECV|TX|from=node06|sender=node06|nonce=22
TICK000000003417|NODE|node02|RECV|TX|from=node07|sender=node07|nonce=22
TICK000000003418|NET|event=UNBLOCK|from=node00|to=|tick=111|height=0|tick=111
TICK000000003419|NET|event=UNBLOCK|from=node01|to=|tick=111|height=0|tick=111
TICK000000003420|NET|event=UNBLOCK|from=node02|to=|tick=111|height=0|tick=111
TICK000000003421|NET|event=UNBLOCK|from=node03|to=|tick=111|height=0|tick=111
TICK000000003422|NET|event=UNBLOCK|from=node04|to=|tick=111|height=0|tick=111
TICK000000003423|NET|event=UNBLOCK|from=node05|to=|tick=111|height=0|tick=111
TICK000000003424|NET|event=UNBLOCK|from=node06|to=|tick=111|height=0|tick=111
TICK000000003425|NET|event=UNBLOCK|from=node07|to=|tick=111|height=0|tick=111
TICK000000003426|NET|event=SEND|from=node00|to=node00|tick=111|height=0|deliver_tick=112|type=core.Transaction
TICK000000003427|NET|event=SEND|from=node00|to=node01|tick=111|height=0|deliver_tick=114|type=core.Transaction
TICK000000003428|NET|event=SEND|from=node00|to=node02|tick=111|height=0|deliver_tick=112|type=core.Transaction
TICK000000003429|NET|event=SEND|from=node00|to=node03|tick=111|height=0|deliver_tick=112|type=core.Transaction
TICK000000003430|NET|event=SEND|from=node00|to=node04|tick=111|height=0|deliver_tick=113|type=core.Transaction
TICK000000003431|NET|event=RATE_BLOCK|from=node00|to=node05|tick=111|height=0|until=116
TICK000000003432|NET|event=BLOCKED|from=node00|to=node06|tick=111|height=0|until=116
TICK000000003433|NET|event=BLOCKED|from=node00|to=node07|tick=111|height=0|until=116
TICK000000003434|NODE|node00|ENQUEUE_TX|nonce=23
TICK000000003435|NET|event=BLOCKED|from=node00|to=node00|tick=111|height=1|until=116
TICK000000003436|NET|event=BLOCKED|from=node00|to=node01|tick=111|height=1|until=116
TICK000000003437|NET|event=BLOCKED|from=node00|to=node02|tick=111|height=1|until=116
TICK000000003438|NET|event=BLOCKED|from=node00|to=node03|tick=111|height=1|until=116
TICK000000003439|NET|event=BLOCKED|from=node00|to=node04|tick=111|height=1|until=116
TICK000000003440|NET|event=BLOCKED|from=node00|to=node05|tick=111|height=1|until=116
TICK000000003441|NET|event=BLOCKED|from=node00|to=node06|tick=111|height=1|until=116
TICK000000003442|NET|event=BLOCKED|from=node00|to=node07|tick=111|height=1|until=116
TICK000000003443|NODE|node00|PROPOSE|H=1|txs=8
TICK000000003444|NET|event=SEND|from=node01|to=node00|tick=111|height=0|deliver_tick=114|type=core.Transaction
TICK000000003445|NET|event=SEND|from=node01|to=node01|tick=111|height=0|deliver_tick=113|type=core.Transaction
TICK000000003446|NET|event=SEND|from=node01|to=node02|tick=111|height=0|deliver_tick=113|type=core.Transaction
TICK000000003447|NET|event=SEND|from=node01|to=node03|tick=111|height=0|deliver_tick=114|type=core.Transaction
TICK000000003448|NET|event=SEND|from=node01|to=node04|tick=111|height=0|deliver_tick=112|type=core.Transaction
TICK000000003449|NET|event=RATE_BLOCK|from=node01|to=node05|tick=111|height=0|until=116
TICK000000003450|NET|event=BLOCKED|from=node01|to=node06|tick=111|height=0|until=116
TICK000000003451|NET|event=BLOCKED|from=node01|to=node07|tick=111|height=0|until=116
TICK000000003452|NODE|node01|ENQUEUE_TX|nonce=23
TICK000000003453|NET|event=DROP|from=node02|to=node00|tick=111|height=0|lat=1
TICK000000003454|NET|event=SEND|from=node02|to=node01|tick=111|height=0|deliver_tick=114|type=core.Transaction
TICK000000003455|NET|event=SEND|from=node02|to=node02|tick=111|height=0|deliver_tick=113|type=core.Transaction
TICK000000003456|NET|event=SEND|from=node02|to=node03|tick=111|height=0|deliver_tick=113|type=core.Transaction
TICK000000003457|NET|event=SEND|from=node02|to=node04|tick=111|height=0|deliver_tick=113|type=core.Transaction
TICK000000003458|NET|event=RATE_BLOCK|from=node02|to=node05|tick=111|height=0|until=116
TICK000000003459|NET|event=BLOCKED|from=node02|to=node06|tick=111|height=0|until=116
TICK000000003460|NET|event=BLOCKED|from=node02|to=node07|tick=111|height=0|until=116
TICK000000003461|NODE|node02|ENQUEUE_TX|nonce=23
TICK000000003462|NET|event=SEND|from=node03|to=node00|tick=111|height=0|deliver_tick=112|type=core.Transaction
TICK000000003463|NET|event=SEND|from=node03|to=node01|tick=111|height=0|deliver_tick=114|type=core.Transaction
TICK000000003464|NET|event=SEND|from=node03|to=node02|tick=111|height=0|deliver_tick=113|type=core.Transaction
TICK000000003465|NET|event=SEND|from=node03|to=node03|tick=111|height=0|deliver_tick=112|type=core.Transaction
TICK000000003466|NET|event=SEND|from=node03|to=node04|tick=111|height=0|deliver_tick=114|type=core.Transaction
TICK000000003467|NET|event=RATE_BLOCK|from=node03|to=node05|tick=111|height=0|until=116
TICK000000003468|NET|event=BLOCKED|from=node03|to=node06|tick=111|height=0|until=116
TICK000000003469|NET|event=BLOCKED|from=node03|to=node07|tick=111|height=0|until=116
TICK000000003470|NODE|node03|ENQUEUE_TX|nonce=23
TICK000000003471|NET|event=SEND|from=node04|to=node00|tick=111|height=0|deliver_tick=113|type=core.Transaction
TICK000000003472|NET|event=SEND|from=node04|to=node01|tick=111|height=0|deliver_tick=112|type=core.Transaction
TICK000000003473|NET|event=SEND|from=node04|to=node02|tick=111|height=0|deliver_tick=113|type=core.Transaction
TICK000000003474|NET|event=SEND|from=node04|to=node03|tick=111|height=0|deliver_tick=112|type=core.Transaction
TICK000000003475|NET|event=SEND|from=node04|to=node04|tick=111|height=0|deliver_tick=114|type=core.Transaction
TICK000000003476|NET|event=RATE_BLOCK|from=node04|to=node05|tick=111|height=0|until=116
TICK000000003477|NET|event=BLOCKED|from=node04|to=node06|tick=111|height=0|until=116
TICK000000003478|NET|event=BLOCKED|from=node04|to=node07|tick=111|height=0|until=116
TICK000000003479|NODE|node04|ENQUEUE_TX|nonce=23
TICK000000003480|NET|event=DROP|from=node05|to=node00|tick=111|height=0|lat=3
TICK000000003481|NET|event=SEND|from=node05|to=node01|tick=111|height=0|deliver_tick=114|type=core.Transaction
TICK000000003482|NET|event=SEND|from=node05|to=node02|tick=111|height=0|deliver_tick=112|type=core.Transaction
TICK000000003483|NET|event=SEND|from=node05|to=node03|tick=111|height=0|deliver_tick=113|type=core.Transaction
TICK000000003484|NET|event=SEND|from=node05|to=node04|tick=111|height=0|deliver_tick=112|type=core.Transaction
TICK000000003485|NET|event=RATE_BLOCK|from=node05|to=node05|tick=111|height=0|until=116
TICK000000003486|NET|event=BLOCKED|from=node05|to=node06|tick=111|height=0|until=116
TICK000000003487|NET|event=BLOCKED|from=node05|to=node07|tick=111|height=0|until=116
TICK000000003488|NODE|node05|ENQUEUE_TX|nonce=23
TICK000000003489|NET|event=SEND|from=node06|to=node00|tick=111|height=0|deliver_tick=113|type=core.Transaction
TICK000000003490|NET|event=SEND|from=node06|to=node01|tick=111|height=0|deliver_tick=113|type=core.Transaction
TICK000000003491|NET|event=SEND|from=node06|to=node02|tick=111|height=0|deliver_tick=114|type=core.Transaction
TICK000000003492|NET|event=SEND|from=node06|to=node03|tick=111|height=0|deliver_tick=113|type=core.Transaction
TICK000000003493|NET|event=SEND|from=node06|to=node04|tick=111|height=0|deliver_tick=113|type=core.Transaction
TICK000000003494|NET|event=RATE_BLOCK|from=node06|to=node05|tick=111|height=0|until=116
TICK000000003495|NET|event=BLOCKED|from=node06|to=node06|tick=111|height=0|until=116
TICK000000003496|NET|event=BLOCKED|from=node06|to=node07|tick=111|height=0|until=116
TICK000000003497|NODE|node06|ENQUEUE_TX|nonce=23
TICK000000003498|NET|event=SEND|from=node07|to=node00|tick=111|height=0|deliver_tick=112|type=core.Transaction
TICK000000003499|NET|event=SEND|from=node07|to=node01|tick=111|height=0|deliver_tick=113|type=core.Transaction
TICK000000003500|NET|event=SEND|from=node07|to=node02|tick=111|height=0|deliver_tick=112|type=core.Transaction
TICK000000003501|NET|event=SEND|from=node07|to=node03|tick=111|height=0|deliver_tick=114|type=core.Transaction
TICK000000003502|NET|event=SEND|from=node07|to=node04|tick=111|height=0|deliver_tick=113|type=core.Transaction
TICK000000003503|NET|event=RATE_BLOCK|from=node07|to=node05|tick=111|height=0|until=116
TICK000000003504|NET|event=BLOCKED|from=node07|to=node06|tick=111|height=0|until=116
TICK000000003505|NET|event=BLOCKED|from=node07|to=node07|tick=111|height=0|until=116
TICK000000003506|NODE|node07|ENQUEUE_TX|nonce=23
TICK000000003507|NET|event=DELIVER|from=node00|to=node00|tick=112|height=0|type=core.Transaction
TICK000000003508|NET|event=DELIVER|from=node00|to=node02|tick=112|height=0|type=core.Transaction
TICK000000003509|NET|event=DELIVER|from=node00|to=node03|tick=112|height=0|type=core.Transaction
TICK000000003510|NET|event=DELIVER|from=node01|to=node04|tick=112|height=0|type=core.Transaction
TICK000000003511|NET|event=DELIVER|from=node03|to=node00|tick=112|height=0|type=core.Transaction
TICK000000003512|NET|event=DELIVER|from=node03|to=node03|tick=112|height=0|type=core.Transaction
TICK000000003513|NET|event=DELIVER|from=node04|to=node01|tick=112|height=0|type=core.Transaction
TICK000000003514|NET|event=DELIVER|from=node04|to=node03|tick=112|height=0|type=core.Transaction
TICK000000003515|NET|event=DELIVER|from=node05|to=node02|tick=112|height=0|type=core.Transaction
TICK000000003516|NET|event=DELIVER|from=node05|to=node04|tick=112|height=0|type=core.Transaction
TICK000000003517|NET|event=DELIVER|from=node07|to=node00|tick=112|height=0|type=core.Transaction
TICK000000003518|NET|event=DELIVER|from=node07|to=node02|tick=112|height=0|type=core.Transaction
TICK000000003519|NODE|node00|RECV|TX|from=node03|sender=node03|nonce=23
TICK000000003520|NODE|node00|RECV|TX|from=node07|sender=node07|nonce=23
TICK000000003521|NODE|node02|RECV|TX|from=node00|sender=node00|nonce=23
TICK000000003522|NODE|node02|RECV|TX|from=node07|sender=node07|nonce=23
TICK000000003523|NODE|node03|RECV|TX|from=node04|sender=node04|nonce=23
TICK000000003524|NODE|node04|RECV|TX|from=node01|sender=node01|nonce=23
TICK000000003525|NET|event=DELIVER|from=node00|to=node04|tick=113|height=0|type=core.Transaction
TICK000000003526|NET|event=DELIVER|from=node01|to=node01|tick=113|height=0|type=core.Transaction
TICK000000003527|NET|event=DELIVER|from=node01|to=node02|tick=113|height=0|type=core.Transaction
TICK000000003528|NET|event=DELIVER|from=node02|to=node02|tick=113|height=0|type=core.Transaction
TICK000000003529|NET|event=DELIVER|from=node02|to=node03|tick=113|height=0|type=core.Transaction
TICK000000003530|NET|event=DELIVER|from=node02|to=node04|tick=113|height=0|type=core.Transaction
TICK000000003531|NET|event=DELIVER|from=node03|to=node02|tick=113|height=0|type=core.Transaction
TICK000000003532|NET|event=DELIVER|from=node04|to=node00|tick=113|height=0|type=core.Transaction
TICK000000003533|NET|event=DELIVER|from=node04|to=node02|tick=113|height=0|type=core.Transaction
TICK000000003534|NET|event=DELIVER|from=node05|to=node03|tick=113|height=0|type=core.Transaction
TICK000000003535|NET|event=DELIVER|from=node06|to=node00|tick=113|height=0|type=core.Transaction
TICK000000003536|NET|event=DELIVER|from=node06|to=node01|tick=113|height=0|type=core.Transaction
TICK000000003537|NET|event=DELIVER|from=node06|to=node03|tick=113|height=0|type=core.Transaction
TICK000000003538|NET|event=DELIVER|from=node06|to=node04|tick=113|height=0|type=core.Transaction
TICK000000003539|NET|event=DELIVER|from=node07|to=node01|tick=113|height=0|type=core.Transaction
TICK000000003540|NET|event=DELIVER|from=node07|to=node04|tick=113|height=0|type=core.Transaction
TICK000000003541|NODE|node00|RECV|TX|from=node04|sender=node04|nonce=23
TICK000000003542|NODE|node00|RECV|TX|from=node06|sender=node06|nonce=23
TICK000000003543|NODE|node01|RECV|TX|from=node06|sender=node06|nonce=23
TICK000000003544|NODE|node02|RECV|TX|from=node01|sender=node01|nonce=23
TICK000000003545|NET|event=DELIVER|from=node00|to=node01|tick=114|height=0|type=core.Transaction
TICK000000003546|NET|event=DELIVER|from=node01|to=node00|tick=114|height=0|type=core.Transaction
TICK000000003547|NET|event=DELIVER|from=node01|to=node03|tick=114|height=0|type=core.Transaction
TICK000000003548|NET|event=DELIVER|from=node02|to=node01|tick=114|height=0|type=core.Transaction
TICK000000003549|NET|event=DELIVER|from=node03|to=node01|tick=114|height=0|type=core.Transaction
TICK000000003550|NET|event=DELIVER|from=node03|to=node04|tick=114|height=0|type=core.Transaction
TICK000000003551|NET|event=DELIVER|from=node04|to=node04|tick=114|height=0|type=core.Transaction
TICK000000003552|NET|event=DELIVER|from=node05|to=node01|tick=114|height=0|type=core.Transaction
TICK000000003553|NET|event=DELIVER|from=node06|to=node02|tick=114|height=0|type=core.Transaction
TICK000000003554|NET|event=DELIVER|from=node07|to=node03|tick=114|height=0|type=core.Transaction
TICK000000003555|NODE|node02|RECV|TX|from=node06|sender=node06|nonce=23
TICK000000003556|NODE|node03|RECV|TX|from=node07|sender=node07|nonce=23
TICK000000003557|NET|event=UNBLOCK|from=node00|to=|tick=116|height=0|tick=116
TICK000000003558|NET|event=UNBLOCK|from=node01|to=|tick=116|height=0|tick=116
TICK000000003559|NET|event=UNBLOCK|from=node02|to=|tick=116|height=0|tick=116
TICK000000003560|NET|event=UNBLOCK|from=node03|to=|tick=116|height=0|tick=116
TICK000000003561|NET|event=UNBLOCK|from=node04|to=|tick=116|height=0|tick=116
TICK000000003562|NET|event=UNBLOCK|from=node05|to=|tick=116|height=0|tick=116
TICK000000003563|NET|event=UNBLOCK|from=node06|to=|tick=116|height=0|tick=116
TICK000000003564|NET|event=UNBLOCK|from=node07|to=|tick=116|height=0|tick=116
TICK000000003565|NET|event=SEND|from=node00|to=node00|tick=116|height=0|deliver_tick=117|type=core.Transaction
TICK000000003566|NET|event=SEND|from=node00|to=node01|tick=116|height=0|deliver_tick=119|type=core.Transaction
TICK000000003567|NET|event=SEND|from=node00|to=node02|tick=116|height=0|deliver_tick=119|type=core.Transaction
TICK000000003568|NET|event=SEND|from=node00|to=node03|tick=116|height=0|deliver_tick=118|type=core.Transaction
TICK000000003569|NET|event=SEND|from=node00|to=node04|tick=116|height=0|deliver_tick=119|type=core.Transaction
TICK000000003570|NET|event=RATE_BLOCK|from=node00|to=node05|tick=116|height=0|until=121
TICK000000003571|NET|event=BLOCKED|from=node00|to=node06|tick=116|height=0|until=121
TICK000000003572|NET|event=BLOCKED|from=node00|to=node07|tick=116|height=0|until=121
TICK000000003573|NODE|node00|ENQUEUE_TX|nonce=24
TICK000000003574|NET|event=BLOCKED|from=node00|to=node00|tick=116|height=1|until=121
TICK000000003575|NET|event=BLOCKED|from=node00|to=node01|tick=116|height=1|until=121
TICK000000003576|NET|event=BLOCKED|from=node00|to=node02|tick=116|height=1|until=121
TICK000000003577|NET|event=BLOCKED|from=node00|to=node03|tick=116|height=1|until=121
TICK000000003578|NET|event=BLOCKED|from=node00|to=node04|tick=116|height=1|until=121
TICK000000003579|NET|event=BLOCKED|from=node00|to=node05|tick=116|height=1|until=121
TICK000000003580|NET|event=BLOCKED|from=node00|to=node06|tick=116|height=1|until=121
TICK000000003581|NET|event=BLOCKED|from=node00|to=node07|tick=116|height=1|until=121
TICK000000003582|NODE|node00|PROPOSE|H=1|txs=8
TICK000000003583|NET|event=DROP|from=node01|to=node00|tick=116|height=0|lat=2
TICK000000003584|NET|event=SEND|from=node01|to=node01|tick=116|height=0|deliver_tick=119|type=core.Transaction
TICK000000003585|NET|event=SEND|from=node01|to=node02|tick=116|height=0|deliver_tick=119|type=core.Transaction
TICK000000003586|NET|event=SEND|from=node01|to=node03|tick=116|height=0|deliver_tick=117|type=core.Transaction
TICK000000003587|NET|event=SEND|from=node01|to=node04|tick=116|height=0|deliver_tick=119|type=core.Transaction
TICK000000003588|NET|event=RATE_BLOCK|from=node01|to=node05|tick=116|height=0|until=121
TICK000000003589|NET|event=BLOCKED|from=node01|to=node06|tick=116|height=0|until=121
TICK000000003590|NET|event=BLOCKED|from=node01|to=node07|tick=116|height=0|until=121
TICK000000003591|NODE|node01|ENQUEUE_TX|nonce=24
TICK000000003592|NET|event=SEND|from=node02|to=node00|tick=116|height=0|deliver_tick=117|type=core.Transaction
TICK000000003593|NET|event=SEND|from=node02|to=node01|tick=116|height=0|deliver_tick=117|type=core.Transaction
TICK000000003594|NET|event=DUP|from=node02|to=node01|tick=116|height=0|tick=117
TICK000000003595|NET|event=SEND|from=node02|to=node02|tick=116|height=0|deliver_tick=117|type=core.Transaction
TICK000000003596|NET|event=SEND|from=node02|to=node03|tick=116|height=0|deliver_tick=117|type=core.Transaction
TICK000000003597|NET|event=SEND|from=node02|to=node04|tick=116|height=0|deliver_tick=119|type=core.Transaction
TICK000000003598|NET|event=RATE_BLOCK|from=node02|to=node05|tick=116|height=0|until=121
TICK000000003599|NET|event=BLOCKED|from=node02|to=node06|tick=116|height=0|until=121
TICK000000003600|NET|event=BLOCKED|from=node02|to=node07|tick=116|height=0|until=121
TICK000000003601|NODE|node02|ENQUEUE_TX|nonce=24
TICK000000003602|NET|event=SEND|from=node03|to=node00|tick=116|height=0|deliver_tick=118|type=core.Transaction
TICK000000003603|NET|event=SEND|from=node03|to=node01|tick=116|height=0|deliver_tick=117|type=core.Transaction
TICK000000003604|NET|event=SEND|from=node03|to=node02|tick=116|height=0|deliver_tick=119|type=core.Transaction
TICK000000003605|NET|event=SEND|from=node03|to=node03|tick=116|height=0|deliver_tick=119|type=core.Transaction
TICK000000003606|NET|event=SEND|from=node03|to=node04|tick=116|height=0|deliver_tick=118|type=core.Transaction
TICK000000003607|NET|event=RATE_BLOCK|from=node03|to=node05|tick=116|height=0|until=121
TICK000000003608|NET|event=BLOCKED|from=node03|to=node06|tick=116|height=0|until=121
TICK000000003609|NET|event=BLOCKED|from=node03|to=node07|tick=116|height=0|until=121
TICK000000003610|NODE|node03|ENQUEUE_TX|nonce=24
TICK000000003611|NET|event=SEND|from=node04|to=node00|tick=116|height=0|deliver_tick=117|type=core.Transaction
TICK000000003612|NET|event=SEND|from=node04|to=node01|tick=116|height=0|deliver_tick=118|type=core.Transaction
TICK000000003613|NET|event=SEND|from=node04|to=node02|tick=116|height=0|deliver_tick=119|type=core.Transaction
TICK000000003614|NET|event=SEND|from=node04|to=node03|tick=116|height=0|deliver_tick=119|type=core.Transaction
TICK000000003615|NET|event=DUP|from=node04|to=node03|tick=116|height=0|tick=119
TICK000000003616|NET|event=SEND|from=node04|to=node04|tick=116|height=0|deliver_tick=119|type=core.Transaction
TICK000000003617|NET|event=DUP|from=node04|to=node04|tick=116|height=0|tick=119
TICK000000003618|NET|event=RATE_BLOCK|from=node04|to=node05|tick=116|height=0|until=121
TICK000000003619|NET|event=BLOCKED|from=node04|to=node06|tick=116|height=0|until=121
TICK000000003620|NET|event=BLOCKED|from=node04|to=node07|tick=116|height=0|until=121
TICK000000003621|NODE|node04|ENQUEUE_TX|nonce=24
TICK000000003622|NET|event=SEND|from=node05|to=node00|tick=116|height=0|deliver_tick=118|type=core.Transaction
TICK000000003623|NET|event=SEND|from=node05|to=node01|tick=116|height=0|deliver_tick=118|type=core.Transaction
TICK000000003624|NET|event=SEND|from=node05|to=node02|tick=116|height=0|deliver_tick=119|type=core.Transaction
TICK000000003625|NET|event=SEND|from=node05|to=node03|tick=116|height=0|deliver_tick=119|type=core.Transaction
TICK000000003626|NET|event=SEND|from=node05|to=node04|tick=116|height=0|deliver_tick=119|type=core.Transaction
TICK000000003627|NET|event=RATE_BLOCK|from=node05|to=node05|tick=116|height=0|until=121
TICK000000003628|NET|event=BLOCKED|from=node05|to=node06|tick=116|height=0|until=121
TICK000000003629|NET|event=BLOCKED|from=node05|to=node07|tick=116|height=0|until=121
TICK000000003630|NODE|node05|ENQUEUE_TX|nonce=24
TICK000000003631|NET|event=SEND|from=node06|to=node00|tick=116|height=0|deliver_tick=117|type=core.Transaction
TICK000000003632|NET|event=SEND|from=node06|to=node01|tick=116|height=0|deliver_tick=117|type=core.Transaction
TICK000000003633|NET|event=SEND|from=node06|to=node02|tick=116|height=0|deliver_tick=119|type=core.Transaction
TICK000000003634|NET|event=DUP|from=node06|to=node02|tick=116|height=0|tick=119
TICK000000003635|NET|event=SEND|from=node06|to=node03|tick=116|height=0|deliver_tick=119|type=core.Transaction
TICK000000003636|NET|event=SEND|from=node06|to=node04|tick=116|height=0|deliver_tick=117|type=core.Transaction
TICK000000003637|NET|event=RATE_BLOCK|from=node06|to=node05|tick=116|height=0|until=121
TICK000000003638|NET|event=BLOCKED|from=node06|to=node06|tick=116|height=0|until=121
TICK000000003639|NET|event=BLOCKED|from=node06|to=node07|tick=116|height=0|until=121
TICK000000003640|NODE|node06|ENQUEUE_TX|nonce=24
TICK000000003641|NET|event=SEND|from=node07|to=node00|tick=116|height=0|deliver_tick=117|type=core.Transaction
TICK000000003642|NET|event=SEND|from=node07|to=node01|tick=116|height=0|deliver_tick=118|type=core.Transaction
TICK000000003643|NET|event=SEND|from=node07|to=node02|tick=116|height=0|deliver_tick=118|type=core.Transaction
TICK000000003644|NET|event=SEND|from=node07|to=node03|tick=116|height=0|deliver_tick=118|type=core.Transaction
TICK000000003645|NET|event=SEND|from=node07|to=node04|tick=116|height=0|deliver_tick=117|type=core.Transaction
TICK000000003646|NET|event=RATE_BLOCK|from=node07|to=node05|tick=116|height=0|until=121
TICK000000003647|NET|event=BLOCKED|from=node07|to=node06|tick=116|height=0|until=121
TICK000000003648|NET|event=BLOCKED|from=node07|to=node07|tick=116|height=0|until=121
TICK000000003649|NODE|node07|ENQUEUE_TX|nonce=24
TICK000000003650|NET|event=DELIVER|from=node00|to=node00|tick=117|height=0|type=core.Transaction
TICK000000003651|NET|event=DELIVER|from=node01|to=node03|tick=117|height=0|type=core.Transaction
TICK000000003652|NET|event=DELIVER|from=node02|to=node00|tick=117|height=0|type=core.Transaction
TICK000000003653|NET|event=DELIVER|from=node02|to=node01|tick=117|height=0|type=core.Transaction
TICK000000003654|NET|event=DELIVER|from=node02|to=node01|tick=117|height=0|type=core.Transaction
TICK000000003655|NET|event=DELIVER|from=node02|to=node02|tick=117|height=0|type=core.Transaction
TICK000000003656|NET|event=DELIVER|from=node02|to=node03|tick=117|height=0|type=core.Transaction
TICK000000003657|NET|event=DELIVER|from=node03|to=node01|tick=117|height=0|type=core.Transaction
TICK000000003658|NET|event=DELIVER|from=node04|to=node00|tick=117|height=0|type=core.Transaction
TICK000000003659|NET|event=DELIVER|from=node06|to=node00|tick=117|height=0|type=core.Transaction
TICK000000003660|NET|event=DELIVER|from=node06|to=node01|tick=117|height=0|type=core.Transaction
TICK000000003661|NET|event=DELIVER|from=node06|to=node04|tick=117|height=0|type=core.Transaction
TICK000000003662|NET|event=DELIVER|from=node07|to=node00|tick=117|height=0|type=core.Transaction
TICK000000003663|NET|event=DELIVER|from=node07|to=node04|tick=117|height=0|type=core.Transaction
TICK000000003664|NODE|node00|RECV|TX|from=node04|sender=node04|nonce=24
TICK000000003665|NODE|node00|RECV|TX|from=node06|sender=node06|nonce=24
TICK000000003666|NODE|node00|RECV|TX|from=node07|sender=node07|nonce=24
TICK000000003667|NODE|node01|RECV|TX|from=node06|sender=node06|nonce=24
TICK000000003668|NET|event=DELIVER|from=node00|to=node03|tick=118|height=0|type=core.Transaction
TICK000000003669|NET|event=DELIVER|from=node03|to=node00|tick=118|height=0|type=core.Transaction
TICK000000003670|NET|event=DELIVER|from=node03|to=node04|tick=118|height=0|type=core.Transaction
TICK000000003671|NET|event=DELIVER|from=node04|to=node01|tick=118|height=0|type=core.Transaction
TICK000000003672|NET|event=DELIVER|from=node05|to=node00|tick=118|height=0|type=core.Transaction
TICK000000003673|NET|event=DELIVER|from=node05|to=node01|tick=118|height=0|type=core.Transaction
TICK000000003674|NET|event=DELIVER|from=node07|to=node01|tick=118|height=0|type=core.Transaction
TICK000000003675|NET|event=DELIVER|from=node07|to=node02|tick=118|height=0|type=core.Transaction
TICK000000003676|NET|event=DELIVER|from=node07|to=node03|tick=118|height=0|type=core.Transaction
TICK000000003677|NODE|node00|RECV|TX|from=node03|sender=node03|nonce=24
TICK000000003678|NODE|node02|RECV|TX|from=node07|sender=node07|nonce=24
TICK000000003679|NODE|node03|RECV|TX|from=node07|sender=node07|nonce=24
TICK000000003680|NET|event=DELIVER|from=node00|to=node01|tick=119|height=0|type=core.Transaction
TICK000000003681|NET|event=DELIVER|from=node00|to=node02|tick=119|height=0|type=core.Transaction
TICK000000003682|NET|event=DELIVER|from=node00|to=node04|tick=119|height=0|type=core.Transaction
TICK000000003683|NET|event=DELIVER|from=node01|to=node01|tick=119|height=0|type=core.Transaction
TICK000000003684|NET|event=DELIVER|from=node01|to=node02|tick=119|height=0|type=core.Transaction
TICK000000003685|NET|event=DELIVER|from=node01|to=node04|tick=119|height=0|type=core.Transaction
TICK000000003686|NET|event=DELIVER|from=node02|to=node04|tick=119|height=0|type=core.Transaction
TICK000000003687|NET|event=DELIVER|from=node03|to=node02|tick=119|height=0|type=core.Transaction
TICK000000003688|NET|event=DELIVER|from=node03|to=node03|tick=119|height=0|type=core.Transaction
TICK000000003689|NET|event=DELIVER|from=node04|to=node02|tick=119|height=0|type=core.Transaction
TICK000000003690|NET|event=DELIVER|from=node04|to=node03|tick=119|height=0|type=core.Transaction
TICK000000003691|NET|event=DELIVER|from=node04|to=node03|tick=119|height=0|type=core.Transaction
TICK000000003692|NET|event=DELIVER|from=node04|to=node04|tick=119|height=0|type=core.Transaction
TICK000000003693|NET|event=DELIVER|from=node04|to=node04|tick=119|height=0|type=core.Transaction
TICK000000003694|NET|event=DELIVER|from=node05|to=node02|tick=119|height=0|type=core.Transaction
TICK000000003695|NET|event=DELIVER|from=node05|to=node03|tick=119|height=0|type=core.Transaction
TICK000000003696|NET|event=DELIVER|from=node05|to=node04|tick=119|height=0|type=core.Transaction
TICK000000003697|NET|event=DELIVER|from=node06|to=node02|tick=119|height=0|type=core.Transaction
TICK000000003698|NET|event=DELIVER|from=node06|to=node02|tick=119|height=0|type=core.Transaction
TICK000000003699|NET|event=DELIVER|from=node06|to=node03|tick=119|height=0|type=core.Transaction
TICK000000003700|NODE|node02|RECV|TX|from=node00|sender=node00|nonce=24
TICK000000003701|NODE|node02|RECV|TX|from=node01|sender=node01|nonce=24
TICK000000003702|NODE|node02|RECV|TX|from=node06|sender=node06|nonce=24
TICK000000003703|NODE|node03|RECV|TX|from=node04|sender=node04|nonce=24
TICK000000003704|NODE|node04|RECV|TX|from=node01|sender=node01|nonce=24
TICK000000003705|NET|event=UNBLOCK|from=node00|to=|tick=121|height=0|tick=121
TICK000000003706|NET|event=UNBLOCK|from=node01|to=|tick=121|height=0|tick=121
TICK000000003707|NET|event=UNBLOCK|from=node02|to=|tick=121|height=0|tick=121
TICK000000003708|NET|event=UNBLOCK|from=node03|to=|tick=121|height=0|tick=121
TICK000000003709|NET|event=UNBLOCK|from=node04|to=|tick=121|height=0|tick=121
TICK000000003710|NET|event=UNBLOCK|from=node05|to=|tick=121|height=0|tick=121
TICK000000003711|NET|event=UNBLOCK|from=node06|to=|tick=121|height=0|tick=121
TICK000000003712|NET|event=UNBLOCK|from=node07|to=|tick=121|height=0|tick=121
TICK000000003713|NET|event=SEND|from=node00|to=node00|tick=121|height=0|deliver_tick=122|type=core.Transaction
TICK000000003714|NET|event=SEND|from=node00|to=node01|tick=121|height=0|deliver_tick=122|type=core.Transaction
TICK000000003715|NET|event=SEND|from=node00|to=node02|tick=121|height=0|deliver_tick=123|type=core.Transaction
TICK000000003716|NET|event=SEND|from=node00|to=node03|tick=121|height=0|deliver_tick=122|type=core.Transaction
TICK000000003717|NET|event=SEND|from=node00|to=node04|tick=121|height=0|deliver_tick=124|type=core.Transaction
TICK000000003718|NET|event=RATE_BLOCK|from=node00|to=node05|tick=121|height=0|until=126
TICK000000003719|NET|event=BLOCKED|from=node00|to=node06|tick=121|height=0|until=126
TICK000000003720|NET|event=BLOCKED|from=node00|to=node07|tick=121|height=0|until=126
TICK000000003721|NODE|node00|ENQUEUE_TX|nonce=25
TICK000000003722|NET|event=BLOCKED|from=node00|to=node00|tick=121|height=1|until=126
TICK000000003723|NET|event=BLOCKED|from=node00|to=node01|tick=121|height=1|until=126
TICK000000003724|NET|event=BLOCKED|from=node00|to=node02|tick=121|height=1|until=126
TICK000000003725|NET|event=BLOCKED|from=node00|to=node03|tick=121|height=1|until=126
TICK000000003726|NET|event=BLOCKED|from=node00|to=node04|tick=121|height=1|until=126
TICK000000003727|NET|event=BLOCKED|from=node00|to=node05|tick=121|height=1|until=126
TICK000000003728|NET|event=BLOCKED|from=node00|to=node06|tick=121|height=1|until=126
TICK000000003729|NET|event=BLOCKED|from=node00|to=node07|tick=121|height=1|until=126
TICK000000003730|NODE|node00|PROPOSE|H=1|txs=8
TICK000000003731|NET|event=SEND|from=node01|to=node00|tick=121|height=0|deliver_tick=124|type=core.Transaction
TICK000000003732|NET|event=SEND|from=node01|to=node01|tick=121|height=0|deliver_tick=124|type=core.Transaction
TICK000000003733|NET|event=SEND|from=node01|to=node02|tick=121|height=0|deliver_tick=124|type=core.Transaction
TICK000000003734|NET|event=SEND|from=node01|to=node03|tick=121|height=0|deliver_tick=124|type=core.Transaction
TICK000000003735|NET|event=SEND|from=node01|to=node04|tick=121|height=0|deliver_tick=124|type=core.Transaction
TICK000000003736|NET|event=RATE_BLOCK|from=node01|to=node05|tick=121|height=0|until=126
TICK000000003737|NET|event=BLOCKED|from=node01|to=node06|tick=121|height=0|until=126
TICK000000003738|NET|event=BLOCKED|from=node01|to=node07|tick=121|height=0|until=126
TICK000000003739|NODE|node01|ENQUEUE_TX|nonce=25
TICK000000003740|NET|event=SEND|from=node02|to=node00|tick=121|height=0|deliver_tick=123|type=core.Transaction
TICK000000003741|NET|event=SEND|from=node02|to=node01|tick=121|height=0|deliver_tick=123|type=core.Transaction
TICK000000003742|NET|event=SEND|from=node02|to=node02|tick=121|height=0|deliver_tick=122|type=core.Transaction
TICK000000003743|NET|event=SEND|from=node02|to=node03|tick=121|height=0|deliver_tick=122|type=core.Transaction
TICK000000003744|NET|event=SEND|from=node02|to=node04|tick=121|height=0|deliver_tick=124|type=core.Transaction
TICK000000003745|NET|event=RATE_BLOCK|from=node02|to=node05|tick=121|height=0|until=126
TICK000000003746|NET|event=BLOCKED|from=node02|to=node06|tick=121|height=0|until=126
TICK000000003747|NET|event=BLOCKED|from=node02|to=node07|tick=121|height=0|until=126
TICK000000003748|NODE|node02|ENQUEUE_TX|nonce=25
TICK000000003749|NET|event=DROP|from=node03|to=node00|tick=121|height=0|lat=2
TICK000000003750|NET|event=DROP|from=node03|to=node01|tick=121|height=0|lat=1
TICK000000003751|NET|event=SEND|from=node03|to=node02|tick=121|height=0|deliver_tick=124|type=core.Transaction
TICK000000003752|NET|event=SEND|from=node03|to=node03|tick=121|height=0|deliver_tick=122|type=core.Transaction
TICK000000003753|NET|event=SEND|from=node03|to=node04|tick=121|height=0|deliver_tick=122|type=core.Transaction
TICK000000003754|NET|event=RATE_BLOCK|from=node03|to=node05|tick=121|height=0|until=126
TICK000000003755|NET|event=BLOCKED|from=node03|to=node06|tick=121|height=0|until=126
TICK000000003756|NET|event=BLOCKED|from=node03|to=node07|tick=121|height=0|until=126
TICK000000003757|NODE|node03|ENQUEUE_TX|nonce=25
TICK000000003758|NET|event=SEND|from=node04|to=node00|tick=121|height=0|deliver_tick=123|type=core.Transaction
TICK000000003759|NET|event=SEND|from=node04|to=node01|tick=121|height=0|deliver_tick=123|type=core.Transaction
TICK000000003760|NET|event=SEND|from=node04|to=node02|tick=121|height=0|deliver_tick=123|type=core.Transaction
TICK000000003761|NET|event=SEND|from=node04|to=node03|tick=121|height=0|deliver_tick=122|type=core.Transaction
TICK000000003762|NET|event=SEND|from=node04|to=node04|tick=121|height=0|deliver_tick=122|type=core.Transaction
TICK000000003763|NET|event=RATE_BLOCK|from=node04|to=node05|tick=121|height=0|until=126
TICK000000003764|NET|event=BLOCKED|from=node04|to=node06|tick=121|height=0|until=126
TICK000000003765|NET|event=BLOCKED|from=node04|to=node07|tick=121|height=0|until=126
TICK000000003766|NODE|node04|ENQUEUE_TX|nonce=25
TICK000000003767|NET|event=SEND|from=node05|to=node00|tick=121|height=0|deliver_tick=123|type=core.Transaction
TICK000000003768|NET|event=SEND|from=node05|to=node01|tick=121|height=0|deliver_tick=123|type=core.Transaction
TICK000000003769|NET|event=SEND|from=node05|to=node02|tick=121|height=0|deliver_tick=122|type=core.Transaction
TICK000000003770|NET|event=SEND|from=node05|to=node03|tick=121|height=0|deliver_tick=122|type=core.Transaction
TICK000000003771|NET|event=DUP|from=node05|to=node03|tick=121|height=0|tick=122
TICK000000003772|NET|event=SEND|from=node05|to=node04|tick=121|height=0|deliver_tick=122|type=core.Transaction
TICK000000003773|NET|event=RATE_BLOCK|from=node05|to=node05|tick=121|height=0|until=126
TICK000000003774|NET|event=BLOCKED|from=node05|to=node06|tick=121|height=0|until=126
TICK000000003775|NET|event=BLOCKED|from=node05|to=node07|tick=121|height=0|until=126
TICK000000003776|NODE|node05|ENQUEUE_TX|nonce=25
TICK000000003777|NET|event=SEND|from=node06|to=node00|tick=121|height=0|deliver_tick=123|type=core.Transaction
TICK000000003778|NET|event=SEND|from=node06|to=node01|tick=121|height=0|deliver_tick=124|type=core.Transaction
TICK000000003779|NET|event=SEND|from=node06|to=node02|tick=121|height=0|deliver_tick=122|type=core.Transaction
TICK000000003780|NET|event=SEND|from=node06|to=node03|tick=121|height=0|deliver_tick=123|type=core.Transaction
TICK000000003781|NET|event=SEND|from=node06|to=node04|tick=121|height=0|deliver_tick=122|type=core.Transaction
TICK000000003782|NET|event=RATE_BLOCK|from=node06|to=node05|tick=121|height=0|until=126
TICK000000003783|NET|event=BLOCKED|from=node06|to=node06|tick=121|height=0|until=126
TICK000000003784|NET|event=BLOCKED|from=node06|to=node07|tick=121|height=0|until=126
TICK000000003785|NODE|node06|ENQUEUE_TX|nonce=25
TICK000000003786|NET|event=SEND|from=node07|to=node00|tick=121|height=0|deliver_tick=123|type=core.Transaction
TICK000000003787|NET|event=SEND|from=node07|to=node01|tick=121|height=0|deliver_tick=123|type=core.Transaction
TICK000000003788|NET|event=DUP|from=node07|to=node01|tick=121|height=0|tick=123
TICK000000003789|NET|event=SEND|from=node07|to=node02|tick=121|height=0|deliver_tick=122|type=core.Transaction
TICK000000003790|NET|event=DROP|from=node07|to=node03|tick=121|height=0|lat=2
TICK000000003791|NET|event=SEND|from=node07|to=node04|tick=121|height=0|deliver_tick=124|type=core.Transaction
TICK000000003792|NET|event=RATE_BLOCK|from=node07|to=node05|tick=121|height=0|until=126
TICK000000003793|NET|event=BLOCKED|from=node07|to=node06|tick=121|height=0|until=126
TICK000000003794|NET|event=BLOCKED|from=node07|to=node07|tick=121|height=0|until=126
TICK000000003795|NODE|node07|ENQUEUE_TX|nonce=25
TICK000000003796|NET|event=DELIVER|from=node00|to=node00|tick=122|height=0|type=core.Transaction
TICK000000003797|NET|event=DELIVER|from=node00|to=node01|tick=122|height=0|type=core.Transaction
TICK000000003798|NET|event=DELIVER|from=node00|to=node03|tick=122|height=0|type=core.Transaction
TICK000000003799|NET|event=DELIVER|from=node02|to=node02|tick=122|height=0|type=core.Transaction
TICK000000003800|NET|event=DELIVER|from=node02|to=node03|tick=122|height=0|type=core.Transaction
TICK000000003801|NET|event=DELIVER|from=node03|to=node03|tick=122|height=0|type=core.Transaction
TICK000000003802|NET|event=DELIVER|from=node03|to=node04|tick=122|height=0|type=core.Transaction
TICK000000003803|NET|event=DELIVER|from=node04|to=node03|tick=122|height=0|type=core.Transaction
TICK000000003804|NET|event=DELIVER|from=node04|to=node04|tick=122|height=0|type=core.Transaction
TICK000000003805|NET|event=DELIVER|from=node05|to=node02|tick=122|height=0|type=core.Transaction
TICK000000003806|NET|event=DELIVER|from=node05|to=node03|tick=122|height=0|type=core.Transaction
TICK000000003807|NET|event=DELIVER|from=node05|to=node03|tick=122|height=0|type=core.Transaction
TICK000000003808|NET|event=DELIVER|from=node05|to=node04|tick=122|height=0|type=core.Transaction
TICK000000003809|NET|event=DELIVER|from=node06|to=node02|tick=122|height=0|type=core.Transaction
TICK000000003810|NET|event=DELIVER|from=node06|to=node04|tick=122|height=0|type=core.Transaction
TICK000000003811|NET|event=DELIVER|from=node07|to=node02|tick=122|height=0|type=core.Transaction
TICK000000003812|NODE|node02|RECV|TX|from=node06|sender=node06|nonce=25
TICK000000003813|NODE|node02|RECV|TX|from=node07|sender=node07|nonce=25
TICK000000003814|NODE|node03|RECV|TX|from=node04|sender=node04|nonce=25
TICK000000003815|NET|event=DELIVER|from=node00|to=node02|tick=123|height=0|type=core.Transaction
TICK000000003816|NET|event=DELIVER|from=node02|to=node00|tick=123|height=0|type=core.Transaction
TICK000000003817|NET|event=DELIVER|from=node02|to=node01|tick=123|height=0|type=core.Transaction
TICK000000003818|NET|event=DELIVER|from=node04|to=node00|tick=123|height=0|type=core.Transaction
TICK000000003819|NET|event=DELIVER|from=node04|to=node01|tick=123|height=0|type=core.Transaction
TICK000000003820|NET|event=DELIVER|from=node04|to=node02|tick=123|height=0|type=core.Transaction
TICK000000003821|NET|event=DELIVER|from=node05|to=node00|tick=123|height=0|type=core.Transaction
TICK000000003822|NET|event=DELIVER|from=node05|to=node01|tick=123|height=0|type=core.Transaction
TICK000000003823|NET|event=DELIVER|from=node06|to=node00|tick=123|height=0|type=core.Transaction
TICK000000003824|NET|event=DELIVER|from=node06|to=node03|tick=123|height=0|type=core.Transaction
TICK000000003825|NET|event=DELIVER|from=node07|to=node00|tick=123|height=0|type=core.Transaction
TICK000000003826|NET|event=DELIVER|from=node07|to=node01|tick=123|height=0|type=core.Transaction
TICK000000003827|NET|event=DELIVER|from=node07|to=node01|tick=123|height=0|type=core.Transaction
TICK000000003828|NODE|node00|RECV|TX|from=node04|sender=node04|nonce=25
TICK000000003829|NODE|node00|RECV|TX|from=node06|sender=node06|nonce=25
TICK000000003830|NODE|node00|RECV|TX|from=node07|sender=node07|nonce=25
TICK000000003831|NODE|node02|RECV|TX|from=node00|sender=node00|nonce=25
TICK000000003832|NET|event=DELIVER|from=node00|to=node04|tick=124|height=0|type=core.Transaction
TICK000000003833|NET|event=DELIVER|from=node01|to=node00|tick=124|height=0|type=core.Transaction
TICK000000003834|NET|event=DELIVER|from=node01|to=node01|tick=124|height=0|type=core.Transaction
TICK000000003835|NET|event=DELIVER|from=node01|to=node02|tick=124|height=0|type=core.Transaction
TICK000000003836|NET|event=DELIVER|from=node01|to=node03|tick=124|height=0|type=core.Transaction
TICK000000003837|NET|event=DELIVER|from=node01|to=node04|tick=124|height=0|type=core.Transaction
TICK000000003838|NET|event=DELIVER|from=node02|to=node04|tick=124|height=0|type=core.Transaction
TICK000000003839|NET|event=DELIVER|from=node03|to=node02|tick=124|height=0|type=core.Transaction
TICK000000003840|NET|event=DELIVER|from=node06|to=node01|tick=124|height=0|type=core.Transaction
TICK000000003841|NET|event=DELIVER|from=node07|to=node04|tick=124|height=0|type=core.Transaction
TICK000000003842|NODE|node01|RECV|TX|from=node06|sender=node06|nonce=25
TICK000000003843|NODE|node02|RECV|TX|from=node01|sender=node01|nonce=25
TICK000000003844|NODE|node04|RECV|TX|from=node01|sender=node01|nonce=25
TICK000000003845|NET|event=UNBLOCK|from=node00|to=|tick=126|height=0|tick=126
TICK000000003846|NET|event=UNBLOCK|from=node01|to=|tick=126|height=0|tick=126
TICK000000003847|NET|event=UNBLOCK|from=node02|to=|tick=126|height=0|tick=126
TICK000000003848|NET|event=UNBLOCK|from=node03|to=|tick=126|height=0|tick=126
TICK000000003849|NET|event=UNBLOCK|from=node04|to=|tick=126|height=0|tick=126
TICK000000003850|NET|event=UNBLOCK|from=node05|to=|tick=126|height=0|tick=126
TICK000000003851|NET|event=UNBLOCK|from=node06|to=|tick=126|height=0|tick=126
TICK000000003852|NET|event=UNBLOCK|from=node07|to=|tick=126|height=0|tick=126
TICK000000003853|NET|event=SEND|from=node00|to=node00|tick=126|height=0|deliver_tick=129|type=core.Transaction
TICK000000003854|NET|event=SEND|from=node00|to=node01|tick=126|height=0|deliver_tick=129|type=core.Transaction
TICK000000003855|NET|event=SEND|from=node00|to=node02|tick=126|height=0|deliver_tick=128|type=core.Transaction
TICK000000003856|NET|event=SEND|from=node00|to=node03|tick=126|height=0|deliver_tick=128|type=core.Transaction
TICK000000003857|NET|event=SEND|from=node00|to=node04|tick=126|height=0|deliver_tick=128|type=core.Transaction
TICK000000003858|NET|event=RATE_BLOCK|from=node00|to=node05|tick=126|height=0|until=131
TICK000000003859|NET|event=BLOCKED|from=node00|to=node06|tick=126|height=0|until=131
TICK000000003860|NET|event=BLOCKED|from=node00|to=node07|tick=126|height=0|until=131
TICK000000003861|NODE|node00|ENQUEUE_TX|nonce=26
TICK000000003862|NET|event=BLOCKED|from=node00|to=node00|tick=126|height=1|until=131
TICK000000003863|NET|event=BLOCKED|from=node00|to=node01|tick=126|height=1|until=131
TICK000000003864|NET|event=BLOCKED|from=node00|to=node02|tick=126|height=1|until=131
TICK000000003865|NET|event=BLOCKED|from=node00|to=node03|tick=126|height=1|until=131
TICK000000003866|NET|event=BLOCKED|from=node00|to=node04|tick=126|height=1|until=131
TICK000000003867|NET|event=BLOCKED|from=node00|to=node05|tick=126|height=1|until=131
TICK000000003868|NET|event=BLOCKED|from=node00|to=node06|tick=126|height=1|until=131
TICK000000003869|NET|event=BLOCKED|from=node00|to=node07|tick=126|height=1|until=131
TICK000000003870|NODE|node00|PROPOSE|H=1|txs=8
TICK000000003871|NET|event=SEND|from=node01|to=node00|tick=126|height=0|deliver_tick=128|type=core.Transaction
TICK000000003872|NET|event=DROP|from=node01|to=node01|tick=126|height=0|lat=3
TICK000000003873|NET|event=SEND|from=node01|to=node02|tick=126|height=0|deliver_tick=129|type=core.Transaction
TICK000000003874|NET|event=SEND|from=node01|to=node03|tick=126|height=0|deliver_tick=128|type=core.Transaction
TICK000000003875|NET|event=DUP|from=node01|to=node03|tick=126|height=0|tick=128
TICK000000003876|NET|event=SEND|from=node01|to=node04|tick=126|height=0|deliver_tick=128|type=core.Transaction
TICK000000003877|NET|event=RATE_BLOCK|from=node01|to=node05|tick=126|height=0|until=131
TICK000000003878|NET|event=BLOCKED|from=node01|to=node06|tick=126|height=0|until=131
TICK000000003879|NET|event=BLOCKED|from=node01|to=node07|tick=126|height=0|until=131
TICK000000003880|NODE|node01|ENQUEUE_TX|nonce=26
TICK000000003881|NET|event=SEND|from=node02|to=node00|tick=126|height=0|deliver_tick=129|type=core.Transaction
TICK000000003882|NET|event=DROP|from=node02|to=node01|tick=126|height=0|lat=2
TICK000000003883|NET|event=SEND|from=node02|to=node02|tick=126|height=0|deliver_tick=127|type=core.Transaction
TICK000000003884|NET|event=DROP|from=node02|to=node03|tick=126|height=0|lat=1
TICK000000003885|NET|event=SEND|from=node02|to=node04|tick=126|height=0|deliver_tick=127|type=core.Transaction
TICK000000003886|NET|event=RATE_BLOCK|from=node02|to=node05|tick=126|height=0|until=131
TICK000000003887|NET|event=BLOCKED|from=node02|to=node06|tick=126|height=0|until=131
TICK000000003888|NET|event=BLOCKED|from=node02|to=node07|tick=126|height=0|until=131
TICK000000003889|NODE|node02|ENQUEUE_TX|nonce=26
TICK000000003890|NET|event=SEND|from=node03|to=node00|tick=126|height=0|deliver_tick=129|type=core.Transaction
TICK000000003891|NET|event=SEND|from=node03|to=node01|tick=126|height=0|deliver_tick=129|type=core.Transaction
TICK000000003892|NET|event=SEND|from=node03|to=node02|tick=126|height=0|deliver_tick=127|type=core.Transaction
TICK000000003893|NET|event=SEND|from=node03|to=node03|tick=126|height=0|deliver_tick=127|type=core.Transaction
TICK000000003894|NET|event=SEND|from=node03|to=node04|tick=126|height=0|deliver_tick=128|type=core.Transaction
TICK000000003895|NET|event=RATE_BLOCK|from=node03|to=node05|tick=126|height=0|until=131
TICK000000003896|NET|event=BLOCKED|from=node03|to=node06|tick=126|height=0|until=131
TICK000000003897|NET|event=BLOCKED|from=node03|to=node07|tick=126|height=0|until=131
TICK000000003898|NODE|node03|ENQUEUE_TX|nonce=26
TICK000000003899|NET|event=SEND|from=node04|to=node00|tick=126|height=0|deliver_tick=127|type=core.Transaction
TICK000000003900|NET|event=SEND|from=node04|to=node01|tick=126|height=0|deliver_tick=127|type=core.Transaction
TICK000000003901|NET|event=SEND|from=node04|to=node02|tick=126|height=0|deliver_tick=128|type=core.Transaction
TICK000000003902|NET|event=SEND|from=node04|to=node03|tick=126|height=0|deliver_tick=127|type=core.Transaction
TICK000000003903|NET|event=SEND|from=node04|to=node04|tick=126|height=0|deliver_tick=129|type=core.Transaction
TICK000000003904|NET|event=RATE_BLOCK|from=node04|to=node05|tick=126|height=0|until=131
TICK000000003905|NET|event=BLOCKED|from=node04|to=node06|tick=126|height=0|until=131
TICK000000003906|NET|event=BLOCKED|from=node04|to=node07|tick=126|height=0|until=131
TICK000000003907|NODE|node04|ENQUEUE_TX|nonce=26
TICK000000003908|NET|event=SEND|from=node05|to=node00|tick=126|height=0|deliver_tick=127|type=core.Transaction
TICK000000003909|NET|event=SEND|from=node05|to=node01|tick=126|height=0|deliver_tick=127|type=core.Transaction
TICK000000003910|NET|event=SEND|from=node05|to=node02|tick=126|height=0|deliver_tick=128|type=core.Transaction
TICK000000003911|NET|event=DUP|from=node05|to=node02|tick=126|height=0|tick=128
TICK000000003912|NET|event=SEND|from=node05|to=node03|tick=126|height=0|deliver_tick=128|type=core.Transaction
TICK000000003913|NET|event=SEND|from=node05|to=node04|tick=126|height=0|deliver_tick=128|type=core.Transaction
TICK000000003914|NET|event=RATE_BLOCK|from=node05|to=node05|tick=126|height=0|until=131
TICK000000003915|NET|event=BLOCKED|from=node05|to=node06|tick=126|height=0|until=131
TICK000000003916|NET|event=BLOCKED|from=node05|to=node07|tick=126|height=0|until=131
TICK000000003917|NODE|node05|ENQUEUE_TX|nonce=26
TICK000000003918|NET|event=SEND|from=node06|to=node00|tick=126|height=0|deliver_tick=128|type=core.Transaction
TICK000000003919|NET|event=SEND|from=node06|to=node01|tick=126|height=0|deliver_tick=128|type=core.Transaction
TICK000000003920|NET|event=SEND|from=node06|to=node02|tick=126|height=0|deliver_tick=127|type=core.Transaction
TICK000000003921|NET|event=SEND|from=node06|to=node03|tick=126|height=0|deliver_tick=128|type=core.Transaction
TICK000000003922|NET|event=SEND|from=node06|to=node04|tick=126|height=0|deliver_tick=128|type=core.Transaction
TICK000000003923|NET|event=RATE_BLOCK|from=node06|to=node05|tick=126|height=0|until=131
TICK000000003924|NET|event=BLOCKED|from=node06|to=node06|tick=126|height=0|until=131
TICK000000003925|NET|event=BLOCKED|from=node06|to=node07|tick=126|height=0|until=131
TICK000000003926|NODE|node06|ENQUEUE_TX|nonce=26
TICK000000003927|NET|event=SEND|from=node07|to=node00|tick=126|height=0|deliver_tick=128|type=core.Transaction
TICK000000003928|NET|event=SEND|from=node07|to=node01|tick=126|height=0|deliver_tick=128|type=core.Transaction
TICK000000003929|NET|event=SEND|from=node07|to=node02|tick=126|height=0|deliver_tick=129|type=core.Transaction
TICK000000003930|NET|event=SEND|from=node07|to=node03|tick=126|height=0|deliver_tick=128|type=core.Transaction
TICK000000003931|NET|event=SEND|from=node07|to=node04|tick=126|height=0|deliver_tick=128|type=core.Transaction
TICK000000003932|NET|event=RATE_BLOCK|from=node07|to=node05|tick=126|height=0|until=131
TICK000000003933|NET|event=BLOCKED|from=node07|to=node06|tick=126|height=0|until=131
TICK000000003934|NET|event=BLOCKED|from=node07|to=node07|tick=126|height=0|until=131
TICK000000003935|NODE|node07|ENQUEUE_TX|nonce=26
TICK000000003936|NET|event=DELIVER|from=node02|to=node02|tick=127|height=0|type=core.Transaction
TICK000000003937|NET|event=DELIVER|from=node02|to=node04|tick=127|height=0|type=core.Transaction
TICK000000003938|NET|event=DELIVER|from=node03|to=node02|tick=127|height=0|type=core.Transaction
TICK000000003939|NET|event=DELIVER|from=node03|to=node03|tick=127|height=0|type=core.Transaction
TICK000000003940|NET|event=DELIVER|from=node04|to=node00|tick=127|height=0|type=core.Transaction
TICK000000003941|NET|event=DELIVER|from=node04|to=node01|tick=127|height=0|type=core.Transaction
TICK000000003942|NET|event=DELIVER|from=node04|to=node03|tick=127|height=0|type=core.Transaction
TICK000000003943|NET|event=DELIVER|from=node05|to=node00|tick=127|height=0|type=core.Transaction
TICK000000003944|NET|event=DELIVER|from=node05|to=node01|tick=127|height=0|type=core.Transaction
TICK000000003945|NET|event=DELIVER|from=node06|to=node02|tick=127|height=0|type=core.Transaction
TICK000000003946|NODE|node00|RECV|TX|from=node04|sender=node04|nonce=26
TICK000000003947|NODE|node02|RECV|TX|from=node06|sender=node06|nonce=26
TICK000000003948|NODE|node03|RECV|TX|from=node04|sender=node04|nonce=26
TICK000000003949|NET|event=DELIVER|from=node00|to=node02|tick=128|height=0|type=core.Transaction
TICK000000003950|NET|event=DELIVER|from=node00|to=node03|tick=128|height=0|type=core.Transaction
TICK000000003951|NET|event=DELIVER|from=node00|to=node04|tick=128|height=0|type=core.Transaction
TICK000000003952|NET|event=DELIVER|from=node01|to=node00|tick=128|height=0|type=core.Transaction
TICK000000003953|NET|event=DELIVER|from=node01|to=node03|tick=128|height=0|type=core.Transaction
TICK000000003954|NET|event=DELIVER|from=node01|to=node03|tick=128|height=0|type=core.Transaction
TICK000000003955|NET|event=DELIVER|from=node01|to=node04|tick=128|height=0|type=core.Transaction
TICK000000003956|NET|event=DELIVER|from=node03|to=node04|tick=128|height=0|type=core.Transaction
TICK000000003957|NET|event=DELIVER|from=node04|to=node02|tick=128|height=0|type=core.Transaction
TICK000000003958|NET|event=DELIVER|from=node05|to=node02|tick=128|height=0|type=core.Transaction
TICK000000003959|NET|event=DELIVER|from=node05|to=node02|tick=128|height=0|type=core.Transaction
TICK000000003960|NET|event=DELIVER|from=node05|to=node03|tick=128|height=0|type=core.Transaction
TICK000000003961|NET|event=DELIVER|from=node05|to=node04|tick=128|height=0|type=core.Transaction
TICK000000003962|NET|event=DELIVER|from=node06|to=node00|tick=128|height=0|type=core.Transaction
TICK000000003963|NET|event=DELIVER|from=node06|to=node01|tick=128|height=0|type=core.Transaction
TICK000000003964|NET|event=DELIVER|from=node06|to=node03|tick=128|height=0|type=core.Transaction
TICK000000003965|NET|event=DELIVER|from=node06|to=node04|tick=128|height=0|type=core.Transaction
TICK000000003966|NET|event=DELIVER|from=node07|to=node00|tick=128|height=0|type=core.Transaction
TICK000000003967|NET|event=DELIVER|from=node07|to=node01|tick=128|height=0|type=core.Transaction
TICK000000003968|NET|event=DELIVER|from=node07|to=node03|tick=128|height=0|type=core.Transaction
TICK000000003969|NET|event=DELIVER|from=node07|to=node04|tick=128|height=0|type=core.Transaction
TICK000000003970|NODE|node00|RECV|TX|from=node06|sender=node06|nonce=26
TICK000000003971|NODE|node00|RECV|TX|from=node07|sender=node07|nonce=26
TICK000000003972|NODE|node01|RECV|TX|from=node06|sender=node06|nonce=26
TICK000000003973|NODE|node02|RECV|TX|from=node00|sender=node00|nonce=26
TICK000000003974|NODE|node04|RECV|TX|from=node01|sender=node01|nonce=26
TICK000000003975|NET|event=DELIVER|from=node00|to=node00|tick=129|height=0|type=core.Transaction
TICK000000003976|NET|event=DELIVER|from=node00|to=node01|tick=129|height=0|type=core.Transaction
TICK000000003977|NET|event=DELIVER|from=node01|to=node02|tick=129|height=0|type=core.Transaction
TICK000000003978|NET|event=DELIVER|from=node02|to=node00|tick=129|height=0|type=core.Transaction
TICK000000003979|NET|event=DELIVER|from=node03|to=node00|tick=129|height=0|type=core.Transaction
TICK000000003980|NET|event=DELIVER|from=node03|to=node01|tick=129|height=0|type=core.Transaction
TICK000000003981|NET|event=DELIVER|from=node04|to=node04|tick=129|height=0|type=core.Transaction
TICK000000003982|NET|event=DELIVER|from=node07|to=node02|tick=129|height=0|type=core.Transaction
TICK000000003983|NODE|node02|RECV|TX|from=node01|sender=node01|nonce=26
TICK000000003984|NODE|node02|RECV|TX|from=node07|sender=node07|nonce=26
TICK000000003985|NET|event=UNBLOCK|from=node00|to=|tick=131|height=0|tick=131
TICK000000003986|NET|event=UNBLOCK|from=node01|to=|tick=131|height=0|tick=131
TICK000000003987|NET|event=UNBLOCK|from=node02|to=|tick=131|height=0|tick=131
TICK000000003988|NET|event=UNBLOCK|from=node03|to=|tick=131|height=0|tick=131
TICK000000003989|NET|event=UNBLOCK|from=node04|to=|tick=131|height=0|tick=131
TICK000000003990|NET|event=UNBLOCK|from=node05|to=|tick=131|height=0|tick=131
TICK000000003991|NET|event=UNBLOCK|from=node06|to=|tick=131|height=0|tick=131
TICK000000003992|NET|event=UNBLOCK|from=node07|to=|tick=131|height=0|tick=131
TICK000000003993|NET|event=DROP|from=node00|to=node00|tick=131|height=0|lat=1
TICK000000003994|NET|event=SEND|from=node00|to=node01|tick=131|height=0|deliver_tick=132|type=core.Transaction
TICK000000003995|NET|event=DUP|from=node00|to=node01|tick=131|height=0|tick=132
TICK000000003996|NET|event=SEND|from=node00|to=node02|tick=131|height=0|deliver_tick=133|type=core.Transaction
TICK000000003997|NET|event=SEND|from=node00|to=node03|tick=131|height=0|deliver_tick=132|type=core.Transaction
TICK000000003998|NET|event=SEND|from=node00|to=node04|tick=131|height=0|deliver_tick=133|type=core.Transaction
TICK000000003999|NET|event=RATE_BLOCK|from=node00|to=node05|tick=131|height=0|until=136
TICK000000004000|NET|event=BLOCKED|from=node00|to=node06|tick=131|height=0|until=136
TICK000000004001|NET|event=BLOCKED|from=node00|to=node07|tick=131|height=0|until=136
TICK000000004002|NODE|node00|ENQUEUE_TX|nonce=27
TICK000000004003|NET|event=BLOCKED|from=node00|to=node00|tick=131|height=1|until=136
TICK000000004004|NET|event=BLOCKED|from=node00|to=node01|tick=131|height=1|until=136
TICK000000004005|NET|event=BLOCKED|from=node00|to=node02|tick=131|height=1|until=136
TICK000000004006|NET|event=BLOCKED|from=node00|to=node03|tick=131|height=1|until=136
TICK000000004007|NET|event=BLOCKED|from=node00|to=node04|tick=131|height=1|until=136
TICK000000004008|NET|event=BLOCKED|from=node00|to=node05|tick=131|height=1|until=136
TICK000000004009|NET|event=BLOCKED|from=node00|to=node06|tick=131|height=1|until=136
TICK000000004010|NET|event=BLOCKED|from=node00|to=node07|tick=131|height=1|until=136
TICK000000004011|NODE|node00|PROPOSE|H=1|txs=8
TICK000000004012|NET|event=SEND|from=node01|to=node00|tick=131|height=0|deliver_tick=133|type=core.Transaction
TICK000000004013|NET|event=SEND|from=node01|to=node01|tick=131|height=0|deliver_tick=132|type=core.Transaction
TICK000000004014|NET|event=SEND|from=node01|to=node02|tick=131|height=0|deliver_tick=132|type=core.Transaction
TICK000000004015|NET|event=DUP|from=node01|to=node02|tick=131|height=0|tick=132
TICK000000004016|NET|event=SEND|from=node01|to=node03|tick=131|height=0|deliver_tick=132|type=core.Transaction
TICK000000004017|NET|event=SEND|from=node01|to=node04|tick=131|height=0|deliver_tick=133|type=core.Transaction
TICK000000004018|NET|event=RATE_BLOCK|from=node01|to=node05|tick=131|height=0|until=136
TICK000000004019|NET|event=BLOCKED|from=node01|to=node06|tick=131|height=0|until=136
TICK000000004020|NET|event=BLOCKED|from=node01|to=node07|tick=131|height=0|until=136
TICK000000004021|NODE|node01|ENQUEUE_TX|nonce=27
TICK000000004022|NET|event=SEND|from=node02|to=node00|tick=131|height=0|deliver_tick=133|type=core.Transaction
TICK000000004023|NET|event=SEND|from=node02|to=node01|tick=131|height=0|deliver_tick=134|type=core.Transaction
TICK000000004024|NET|event=SEND|from=node02|to=node02|tick=131|height=0|deliver_tick=134|type=core.Transaction
TICK000000004025|NET|event=SEND|from=node02|to=node03|tick=131|height=0|deliver_tick=133|type=core.Transaction
TICK000000004026|NET|event=SEND|from=node02|to=node04|tick=131|height=0|deliver_tick=132|type=core.Transaction
TICK000000004027|NET|event=DUP|from=node02|to=node04|tick=131|height=0|tick=132
TICK000000004028|NET|event=RATE_BLOCK|from=node02|to=node05|tick=131|height=0|until=136
TICK000000004029|NET|event=BLOCKED|from=node02|to=node06|tick=131|height=0|until=136
TICK000000004030|NET|event=BLOCKED|from=node02|to=node07|tick=131|height=0|until=136
TICK000000004031|NODE|node02|ENQUEUE_TX|nonce=27
TICK000000004032|NET|event=SEND|from=node03|to=node00|tick=131|height=0|deliver_tick=132|type=core.Transaction
TICK000000004033|NET|event=SEND|from=node03|to=node01|tick=131|height=0|deliver_tick=132|type=core.Transaction
TICK000000004034|NET|event=SEND|from=node03|to=node02|tick=131|height=0|deliver_tick=134|type=core.Transaction
TICK000000004035|NET|event=SEND|from=node03|to=node03|tick=131|height=0|deliver_tick=133|type=core.Transaction
TICK000000004036|NET|event=SEND|from=node03|to=node04|tick=131|height=0|deliver_tick=134|type=core.Transaction
TICK000000004037|NET|event=RATE_BLOCK|from=node03|to=node05|tick=131|height=0|until=136
TICK000000004038|NET|event=BLOCKED|from=node03|to=node06|tick=131|height=0|until=136
TICK000000004039|NET|event=BLOCKED|from=node03|to=node07|tick=131|height=0|until=136
TICK000000004040|NODE|node03|ENQUEUE_TX|nonce=27
TICK000000004041|NET|event=SEND|from=node04|to=node00|tick=131|height=0|deliver_tick=132|type=core.Transaction
TICK000000004042|NET|event=SEND|from=node04|to=node01|tick=131|height=0|deliver_tick=134|type=core.Transaction
TICK000000004043|NET|event=SEND|from=node04|to=node02|tick=131|height=0|deliver_tick=133|type=core.Transaction
TICK000000004044|NET|event=SEND|from=node04|to=node03|tick=131|height=0|deliver_tick=133|type=core.Transaction
TICK000000004045|NET|event=SEND|from=node04|to=node04|tick=131|height=0|deliver_tick=134|type=core.Transaction
TICK000000004046|NET|event=RATE_BLOCK|from=node04|to=node05|tick=131|height=0|until=136
TICK000000004047|NET|event=BLOCKED|from=node04|to=node06|tick=131|height=0|until=136
TICK000000004048|NET|event=BLOCKED|from=node04|to=node07|tick=131|height=0|until=136
TICK000000004049|NODE|node04|ENQUEUE_TX|nonce=27
TICK000000004050|NET|event=SEND|from=node05|to=node00|tick=131|height=0|deliver_tick=134|type=core.Transaction
TICK000000004051|NET|event=SEND|from=node05|to=node01|tick=131|height=0|deliver_tick=133|type=core.Transaction
TICK000000004052|NET|event=SEND|from=node05|to=node02|tick=131|height=0|deliver_tick=134|type=core.Transaction
TICK000000004053|NET|event=SEND|from=node05|to=node03|tick=131|height=0|deliver_tick=134|type=core.Transaction
TICK000000004054|NET|event=SEND|from=node05|to=node04|tick=131|height=0|deliver_tick=134|type=core.Transaction
TICK000000004055|NET|event=RATE_BLOCK|from=node05|to=node05|tick=131|height=0|until=136
TICK000000004056|NET|event=BLOCKED|from=node05|to=node06|tick=131|height=0|until=136
TICK000000004057|NET|event=BLOCKED|from=node05|to=node07|tick=131|height=0|until=136
TICK000000004058|NODE|node05|ENQUEUE_TX|nonce=27
TICK000000004059|NET|event=DROP|from=node06|to=node00|tick=131|height=0|lat=2
TICK000000004060|NET|event=SEND|from=node06|to=node01|tick=131|height=0|deliver_tick=133|type=core.Transaction
TICK000000004061|NET|event=SEND|from=node06|to=node02|tick=131|height=0|deliver_tick=134|type=core.Transaction
TICK000000004062|NET|event=SEND|from=node06|to=node03|tick=131|height=0|deliver_tick=133|type=core.Transaction
TICK000000004063|NET|event=SEND|from=node06|to=node04|tick=131|height=0|deliver_tick=133|type=core.Transaction
TICK000000004064|NET|event=RATE_BLOCK|from=node06|to=node05|tick=131|height=0|until=136
TICK000000004065|NET|event=BLOCKED|from=node06|to=node06|tick=131|height=0|until=136
TICK000000004066|NET|event=BLOCKED|from=node06|to=node07|tick=131|height=0|until=136
TICK000000004067|NODE|node06|ENQUEUE_TX|nonce=27
TICK000000004068|NET|event=SEND|from=node07|to=node00|tick=131|height=0|deliver_tick=134|type=core.Transaction
TICK000000004069|NET|event=SEND|from=node07|to=node01|tick=131|height=0|deliver_tick=133|type=core.Transaction
TICK000000004070|NET|event=SEND|from=node07|to=node02|tick=131|height=0|deliver_tick=132|type=core.Transaction
TICK000000004071|NET|event=SEND|from=node07|to=node03|tick=131|height=0|deliver_tick=132|type=core.Transaction
TICK000000004072|NET|event=SEND|from=node07|to=node04|tick=131|height=0|deliver_tick=134|type=core.Transaction
TICK000000004073|NET|event=RATE_BLOCK|from=node07|to=node05|tick=131|height=0|until=136
TICK000000004074|NET|event=BLOCKED|from=node07|to=node06|tick=131|height=0|until=136
TICK000000004075|NET|event=BLOCKED|from=node07|to=node07|tick=131|height=0|until=136
TICK000000004076|NODE|node07|ENQUEUE_TX|nonce=27
TICK000000004077|NET|event=DELIVER|from=node00|to=node01|tick=132|height=0|type=core.Transaction
TICK000000004078|NET|event=DELIVER|from=node00|to=node01|tick=132|height=0|type=core.Transaction
TICK000000004079|NET|event=DELIVER|from=node00|to=node03|tick=132|height=0|type=core.Transaction
TICK000000004080|NET|event=DELIVER|from=node01|to=node01|tick=132|height=0|type=core.Transaction
TICK000000004081|NET|event=DELIVER|from=node01|to=node02|tick=132|height=0|type=core.Transaction
TICK000000004082|NET|event=DELIVER|from=node01|to=node02|tick=132|height=0|type=core.Transaction
TICK000000004083|NET|event=DELIVER|from=node01|to=node03|tick=132|height=0|type=core.Transaction
TICK000000004084|NET|event=DELIVER|from=node02|to=node04|tick=132|height=0|type=core.Transaction
TICK000000004085|NET|event=DELIVER|from=node02|to=node04|tick=132|height=0|type=core.Transaction
TICK000000004086|NET|event=DELIVER|from=node03|to=node00|tick=132|height=0|type=core.Transaction
TICK000000004087|NET|event=DELIVER|from=node03|to=node01|tick=132|height=0|type=core.Transaction
TICK000000004088|NET|event=DELIVER|from=node04|to=node00|tick=132|height=0|type=core.Transaction
TICK000000004089|NET|event=DELIVER|from=node07|to=node02|tick=132|height=0|type=core.Transaction
TICK000000004090|NET|event=DELIVER|from=node07|to=node03|tick=132|height=0|type=core.Transaction
TICK000000004091|NODE|node00|RECV|TX|from=node04|sender=node04|nonce=27
TICK000000004092|NODE|node02|RECV|TX|from=node01|sender=node01|nonce=27
TICK000000004093|NODE|node02|RECV|TX|from=node07|sender=node07|nonce=27
TICK000000004094|NET|event=DELIVER|from=node00|to=node02|tick=133|height=0|type=core.Transaction
TICK000000004095|NET|event=DELIVER|from=node00|to=node04|tick=133|height=0|type=core.Transaction
TICK000000004096|NET|event=DELIVER|from=node01|to=node00|tick=133|height=0|type=core.Transaction
TICK000000004097|NET|event=DELIVER|from=node01|to=node04|tick=133|height=0|type=core.Transaction
TICK000000004098|NET|event=DELIVER|from=node02|to=node00|tick=133|height=0|type=core.Transaction
TICK000000004099|NET|event=DELIVER|from=node02|to=node03|tick=133|height=0|type=core.Transaction
TICK000000004100|NET|event=DELIVER|from=node03|to=node03|tick=133|height=0|type=core.Transaction
TICK000000004101|NET|event=DELIVER|from=node04|to=node02|tick=133|height=0|type=core.Transaction
TICK000000004102|NET|event=DELIVER|from=node04|to=node03|tick=133|height=0|type=core.Transaction
TICK000000004103|NET|event=DELIVER|from=node05|to=node01|tick=133|height=0|type=core.Transaction
TICK000000004104|NET|event=DELIVER|from=node06|to=node01|tick=133|height=0|type=core.Transaction
TICK000000004105|NET|event=DELIVER|from=node06|to=node03|tick=133|height=0|type=core.Transaction
TICK000000004106|NET|event=DELIVER|from=node06|to=node04|tick=133|height=0|type=core.Transaction
TICK000000004107|NET|event=DELIVER|from=node07|to=node01|tick=133|height=0|type=core.Transaction
TICK000000004108|NODE|node01|RECV|TX|from=node06|sender=node06|nonce=27
TICK000000004109|NODE|node02|RECV|TX|from=node00|sender=node00|nonce=27
TICK000000004110|NODE|node03|RECV|TX|from=node04|sender=node04|nonce=27
TICK000000004111|NODE|node04|RECV|TX|from=node01|sender=node01|nonce=27
TICK000000004112|NET|event=DELIVER|from=node02|to=node01|tick=134|height=0|type=core.Transaction
TICK000000004113|NET|event=DELIVER|from=node02|to=node02|tick=134|height=0|type=core.Transaction
TICK000000004114|NET|event=DELIVER|from=node03|to=node02|tick=134|height=0|type=core.Transaction
TICK000000004115|NET|event=DELIVER|from=node03|to=node04|tick=134|height=0|type=core.Transaction
TICK000000004116|NET|event=DELIVER|from=node04|to=node01|tick=134|height=0|type=core.Transaction
TICK000000004117|NET|event=DELIVER|from=node04|to=node04|tick=134|height=0|type=core.Transaction
TICK000000004118|NET|event=DELIVER|from=node05|to=node00|tick=134|height=0|type=core.Transaction
TICK000000004119|NET|event=DELIVER|from=node05|to=node02|tick=134|height=0|type=core.Transaction
TICK000000004120|NET|event=DELIVER|from=node05|to=node03|tick=134|height=0|type=core.Transaction
TICK000000004121|NET|event=DELIVER|from=node05|to=node04|tick=134|height=0|type=core.Transaction
TICK000000004122|NET|event=DELIVER|from=node06|to=node02|tick=134|height=0|type=core.Transaction
TICK000000004123|NET|event=DELIVER|from=node07|to=node00|tick=134|height=0|type=core.Transaction
TICK000000004124|NET|event=DELIVER|from=node07|to=node04|tick=134|height=0|type=core.Transaction
TICK000000004125|NODE|node00|RECV|TX|from=node07|sender=node07|nonce=27
TICK000000004126|NODE|node02|RECV|TX|from=node06|sender=node06|nonce=27
TICK000000004127|NET|event=UNBLOCK|from=node00|to=|tick=136|height=0|tick=136
TICK000000004128|NET|event=UNBLOCK|from=node01|to=|tick=136|height=0|tick=136
TICK000000004129|NET|event=UNBLOCK|from=node02|to=|tick=136|height=0|tick=136
TICK000000004130|NET|event=UNBLOCK|from=node03|to=|tick=136|height=0|tick=136
TICK000000004131|NET|event=UNBLOCK|from=node04|to=|tick=136|height=0|tick=136
TICK000000004132|NET|event=UNBLOCK|from=node05|to=|tick=136|height=0|tick=136
TICK000000004133|NET|event=UNBLOCK|from=node06|to=|tick=136|height=0|tick=136
TICK000000004134|NET|event=UNBLOCK|from=node07|to=|tick=136|height=0|tick=136
TICK000000004135|NET|event=SEND|from=node00|to=node00|tick=136|height=0|deliver_tick=138|type=core.Transaction
TICK000000004136|NET|event=SEND|from=node00|to=node01|tick=136|height=0|deliver_tick=139|type=core.Transaction
TICK000000004137|NET|event=SEND|from=node00|to=node02|tick=136|height=0|deliver_tick=138|type=core.Transaction
TICK000000004138|NET|event=SEND|from=node00|to=node03|tick=136|height=0|deliver_tick=139|type=core.Transaction
TICK000000004139|NET|event=SEND|from=node00|to=node04|tick=136|height=0|deliver_tick=139|type=core.Transaction
TICK000000004140|NET|event=RATE_BLOCK|from=node00|to=node05|tick=136|height=0|until=141
TICK000000004141|NET|event=BLOCKED|from=node00|to=node06|tick=136|height=0|until=141
TICK000000004142|NET|event=BLOCKED|from=node00|to=node07|tick=136|height=0|until=141
TICK000000004143|NODE|node00|ENQUEUE_TX|nonce=28
TICK000000004144|NET|event=BLOCKED|from=node00|to=node00|tick=136|height=1|until=141
TICK000000004145|NET|event=BLOCKED|from=node00|to=node01|tick=136|height=1|until=141
TICK000000004146|NET|event=BLOCKED|from=node00|to=node02|tick=136|height=1|until=141
TICK000000004147|NET|event=BLOCKED|from=node00|to=node03|tick=136|height=1|until=141
TICK000000004148|NET|event=BLOCKED|from=node00|to=node04|tick=136|height=1|until=141
TICK000000004149|NET|event=BLOCKED|from=node00|to=node05|tick=136|height=1|until=141
TICK000000004150|NET|event=BLOCKED|from=node00|to=node06|tick=136|height=1|until=141
TICK000000004151|NET|event=BLOCKED|from=node00|to=node07|tick=136|height=1|until=141
TICK000000004152|NODE|node00|PROPOSE|H=1|txs=8
TICK000000004153|NET|event=DROP|from=node01|to=node00|tick=136|height=0|lat=3
TICK000000004154|NET|event=SEND|from=node01|to=node01|tick=136|height=0|deliver_tick=137|type=core.Transaction
TICK000000004155|NET|event=SEND|from=node01|to=node02|tick=136|height=0|deliver_tick=137|type=core.Transaction
TICK000000004156|NET|event=SEND|from=node01|to=node03|tick=136|height=0|deliver_tick=137|type=core.Transaction
TICK000000004157|NET|event=SEND|from=node01|to=node04|tick=136|height=0|deliver_tick=138|type=core.Transaction
TICK000000004158|NET|event=RATE_BLOCK|from=node01|to=node05|tick=136|height=0|until=141
TICK000000004159|NET|event=BLOCKED|from=node01|to=node06|tick=136|height=0|until=141
TICK000000004160|NET|event=BLOCKED|from=node01|to=node07|tick=136|height=0|until=141
TICK000000004161|NODE|node01|ENQUEUE_TX|nonce=28
TICK000000004162|NET|event=SEND|from=node02|to=node00|tick=136|height=0|deliver_tick=138|type=core.Transaction
TICK000000004163|NET|event=SEND|from=node02|to=node01|tick=136|height=0|deliver_tick=137|type=core.Transaction
TICK000000004164|NET|event=SEND|from=node02|to=node02|tick=136|height=0|deliver_tick=137|type=core.Transaction
TICK000000004165|NET|event=SEND|from=node02|to=node03|tick=136|height=0|deliver_tick=138|type=core.Transaction
TICK000000004166|NET|event=SEND|from=node02|to=node04|tick=136|height=0|deliver_tick=138|type=core.Transaction
TICK000000004167|NET|event=RATE_BLOCK|from=node02|to=node05|tick=136|height=0|until=141
TICK000000004168|NET|event=BLOCKED|from=node02|to=node06|tick=136|height=0|until=141
TICK000000004169|NET|event=BLOCKED|from=node02|to=node07|tick=136|height=0|until=141
TICK000000004170|NODE|node02|ENQUEUE_TX|nonce=28
TICK000000004171|NET|event=SEND|from=node03|to=node00|tick=136|height=0|deliver_tick=137|type=core.Transaction
TICK000000004172|NET|event=SEND|from=node03|to=node01|tick=136|height=0|deliver_tick=137|type=core.Transaction
TICK000000004173|NET|event=DUP|from=node03|to=node01|tick=136|height=0|tick=137
TICK000000004174|NET|event=SEND|from=node03|to=node02|tick=136|height=0|deliver_tick=138|type=core.Transaction
TICK000000004175|NET|event=SEND|from=node03|to=node03|tick=136|height=0|deliver_tick=139|type=core.Transaction
TICK000000004176|NET|event=SEND|from=node03|to=node04|tick=136|height=0|deliver_tick=138|type=core.Transaction
TICK000000004177|NET|event=RATE_BLOCK|from=node03|to=node05|tick=136|height=0|until=141
TICK000000004178|NET|event=BLOCKED|from=node03|to=node06|tick=136|height=0|until=141
TICK000000004179|NET|event=BLOCKED|from=node03|to=node07|tick=136|height=0|until=141
TICK000000004180|NODE|node03|ENQUEUE_TX|nonce=28
TICK000000004181|NET|event=SEND|from=node04|to=node00|tick=136|height=0|deliver_tick=138|type=core.Transaction
TICK000000004182|NET|event=SEND|from=node04|to=node01|tick=136|height=0|deliver_tick=139|type=core.Transaction
TICK000000004183|NET|event=SEND|from=node04|to=node02|tick=136|height=0|deliver_tick=138|type=core.Transaction
TICK000000004184|NET|event=DUP|from=node04|to=node02|tick=136|height=0|tick=138
TICK000000004185|NET|event=SEND|from=node04|to=node03|tick=136|height=0|deliver_tick=137|type=core.Transaction
TICK000000004186|NET|event=SEND|from=node04|to=node04|tick=136|height=0|deliver_tick=137|type=core.Transaction
TICK000000004187|NET|event=RATE_BLOCK|from=node04|to=node05|tick=136|height=0|until=141
TICK000000004188|NET|event=BLOCKED|from=node04|to=node06|tick=136|height=0|until=141
TICK000000004189|NET|event=BLOCKED|from=node04|to=node07|tick=136|height=0|until=141
TICK000000004190|NODE|node04|ENQUEUE_TX|nonce=28
TICK000000004191|NET|event=SEND|from=node05|to=node00|tick=136|height=0|deliver_tick=139|type=core.Transaction
TICK000000004192|NET|event=SEND|from=node05|to=node01|tick=136|height=0|deliver_tick=139|type=core.Transaction
TICK000000004193|NET|event=SEND|from=node05|to=node02|tick=136|height=0|deliver_tick=137|type=core.Transaction
TICK000000004194|NET|event=SEND|from=node05|to=node03|tick=136|height=0|deliver_tick=137|type=core.Transaction
TICK000000004195|NET|event=SEND|from=node05|to=node04|tick=136|height=0|deliver_tick=138|type=core.Transaction
TICK000000004196|NET|event=RATE_BLOCK|from=node05|to=node05|tick=136|height=0|until=141
TICK000000004197|NET|event=BLOCKED|from=node05|to=node06|tick=136|height=0|until=141
TICK000000004198|NET|event=BLOCKED|from=node05|to=node07|tick=136|height=0|until=141
TICK000000004199|NODE|node05|ENQUEUE_TX|nonce=28
TICK000000004200|NET|event=SEND|from=node06|to=node00|tick=136|height=0|deliver_tick=137|type=core.Transaction
TICK000000004201|NET|event=SEND|from=node06|to=node01|tick=136|height=0|deliver_tick=138|type=core.Transaction
TICK000000004202|NET|event=DUP|from=node06|to=node01|tick=136|height=0|tick=138
TICK000000004203|NET|event=SEND|from=node06|to=node02|tick=136|height=0|deliver_tick=139|type=core.Transaction
TICK000000004204|NET|event=SEND|from=node06|to=node03|tick=136|height=0|deliver_tick=137|type=core.Transaction
TICK000000004205|NET|event=SEND|from=node06|to=node04|tick=136|height=0|deliver_tick=139|type=core.Transaction
TICK000000004206|NET|event=RATE_BLOCK|from=node06|to=node05|tick=136|height=0|until=141
TICK000000004207|NET|event=BLOCKED|from=node06|to=node06|tick=136|height=0|until=141
TICK000000004208|NET|event=BLOCKED|from=node06|to=node07|tick=136|height=0|until=141
TICK000000004209|NODE|node06|ENQUEUE_TX|nonce=28
TICK000000004210|NET|event=SEND|from=node07|to=node00|tick=136|height=0|deliver_tick=139|type=core.Transaction
TICK000000004211|NET|event=SEND|from=node07|to=node01|tick=136|height=0|deliver_tick=139|type=core.Transaction
TICK000000004212|NET|event=DUP|from=node07|to=node01|tick=136|height=0|tick=139
TICK000000004213|NET|event=SEND|from=node07|to=node02|tick=136|height=0|deliver_tick=137|type=core.Transaction
TICK000000004214|NET|event=SEND|from=node07|to=node03|tick=136|height=0|deliver_tick=139|type=core.Transaction
TICK000000004215|NET|event=SEND|from=node07|to=node04|tick=136|height=0|deliver_tick=137|type=core.Transaction
TICK000000004216|NET|event=DUP|from=node07|to=node04|tick=136|height=0|tick=137
TICK000000004217|NET|event=RATE_BLOCK|from=node07|to=node05|tick=136|height=0|until=141
TICK000000004218|NET|event=BLOCKED|from=node07|to=node06|tick=136|height=0|until=141
TICK000000004219|NET|event=BLOCKED|from=node07|to=node07|tick=136|height=0|until=141
TICK000000004220|NODE|node07|ENQUEUE_TX|nonce=28
TICK000000004221|NET|event=DELIVER|from=node01|to=node01|tick=137|height=0|type=core.Transaction
TICK000000004222|NET|event=DELIVER|from=node01|to=node02|tick=137|height=0|type=core.Transaction
TICK000000004223|NET|event=DELIVER|from=node01|to=node03|tick=137|height=0|type=core.Transaction
TICK000000004224|NET|event=DELIVER|from=node02|to=node01|tick=137|height=0|type=core.Transaction
TICK000000004225|NET|event=DELIVER|from=node02|to=node02|tick=137|height=0|type=core.Transaction
TICK000000004226|NET|event=DELIVER|from=node03|to=node00|tick=137|height=0|type=core.Transaction
TICK000000004227|NET|event=DELIVER|from=node03|to=node01|tick=137|height=0|type=core.Transaction
TICK000000004228|NET|event=DELIVER|from=node03|to=node01|tick=137|height=0|type=core.Transaction
TICK000000004229|NET|event=DELIVER|from=node04|to=node03|tick=137|height=0|type=core.Transaction
TICK000000004230|NET|event=DELIVER|from=node04|to=node04|tick=137|height=0|type=core.Transaction
TICK000000004231|NET|event=DELIVER|from=node05|to=node02|tick=137|height=0|type=core.Transaction
TICK000000004232|NET|event=DELIVER|from=node05|to=node03|tick=137|height=0|type=core.Transaction
TICK000000004233|NET|event=DELIVER|from=node06|to=node00|tick=137|height=0|type=core.Transaction
TICK000000004234|NET|event=DELIVER|from=node06|to=node03|tick=137|height=0|type=core.Transaction
TICK000000004235|NET|event=DELIVER|from=node07|to=node02|tick=137|height=0|type=core.Transaction
TICK000000004236|NET|event=DELIVER|from=node07|to=node04|tick=137|height=0|type=core.Transaction
TICK000000004237|NET|event=DELIVER|from=node07|to=node04|tick=137|height=0|type=core.Transaction
TICK000000004238|NODE|node02|RECV|TX|from=node01|sender=node01|nonce=28
TICK000000004239|NODE|node02|RECV|TX|from=node07|sender=node07|nonce=28
TICK000000004240|NODE|node03|RECV|TX|from=node04|sender=node04|nonce=28
TICK000000004241|NET|event=DELIVER|from=node00|to=node00|tick=138|height=0|type=core.Transaction
TICK000000004242|NET|event=DELIVER|from=node00|to=node02|tick=138|height=0|type=core.Transaction
TICK000000004243|NET|event=DELIVER|from=node01|to=node04|tick=138|height=0|type=core.Transaction
TICK000000004244|NET|event=DELIVER|from=node02|to=node00|tick=138|height=0|type=core.Transaction
TICK000000004245|NET|event=DELIVER|from=node02|to=node03|tick=138|height=0|type=core.Transaction
TICK000000004246|NET|event=DELIVER|from=node02|to=node04|tick=138|height=0|type=core.Transaction
TICK000000004247|NET|event=DELIVER|from=node03|to=node02|tick=138|height=0|type=core.Transaction
TICK000000004248|NET|event=DELIVER|from=node03|to=node04|tick=138|height=0|type=core.Transaction
TICK000000004249|NET|event=DELIVER|from=node04|to=node00|tick=138|height=0|type=core.Transaction
TICK000000004250|NET|event=DELIVER|from=node04|to=node02|tick=138|height=0|type=core.Transaction
TICK000000004251|NET|event=DELIVER|from=node04|to=node02|tick=138|height=0|type=core.Transaction
TICK000000004252|NET|event=DELIVER|from=node05|to=node04|tick=138|height=0|type=core.Transaction
TICK000000004253|NET|event=DELIVER|from=node06|to=node01|tick=138|height=0|type=core.Transaction
TICK000000004254|NET|event=DELIVER|from=node06|to=node01|tick=138|height=0|type=core.Transaction
TICK000000004255|NODE|node00|RECV|TX|from=node04|sender=node04|nonce=28
TICK000000004256|NODE|node01|RECV|TX|from=node06|sender=node06|nonce=28
TICK000000004257|NODE|node02|RECV|TX|from=node00|sender=node00|nonce=28
TICK000000004258|NODE|node04|RECV|TX|from=node01|sender=node01|nonce=28
TICK000000004259|NET|event=DELIVER|from=node00|to=node01|tick=139|height=0|type=core.Transaction
TICK000000004260|NET|event=DELIVER|from=node00|to=node03|tick=139|height=0|type=core.Transaction
TICK000000004261|NET|event=DELIVER|from=node00|to=node04|tick=139|height=0|type=core.Transaction
TICK000000004262|NET|event=DELIVER|from=node03|to=node03|tick=139|height=0|type=core.Transaction
TICK000000004263|NET|event=DELIVER|from=node04|to=node01|tick=139|height=0|type=core.Transaction
TICK000000004264|NET|event=DELIVER|from=node05|to=node00|tick=139|height=0|type=core.Transaction
TICK000000004265|NET|event=DELIVER|from=node05|to=node01|tick=139|height=0|type=core.Transaction
TICK000000004266|NET|event=DELIVER|from=node06|to=node02|tick=139|height=0|type=core.Transaction
TICK000000004267|NET|event=DELIVER|from=node06|to=node04|tick=139|height=0|type=core.Transaction
TICK000000004268|NET|event=DELIVER|from=node07|to=node00|tick=139|height=0|type=core.Transaction
TICK000000004269|NET|event=DELIVER|from=node07|to=node01|tick=139|height=0|type=core.Transaction
TICK000000004270|NET|event=DELIVER|from=node07|to=node01|tick=139|height=0|type=core.Transaction
TICK000000004271|NET|event=DELIVER|from=node07|to=node03|tick=139|height=0|type=core.Transaction
TICK000000004272|NODE|node00|RECV|TX|from=node07|sender=node07|nonce=28
TICK000000004273|NODE|node02|RECV|TX|from=node06|sender=node06|nonce=28
TICK000000004274|NET|event=UNBLOCK|from=node00|to=|tick=141|height=0|tick=141
TICK000000004275|NET|event=UNBLOCK|from=node01|to=|tick=141|height=0|tick=141
TICK000000004276|NET|event=UNBLOCK|from=node02|to=|tick=141|height=0|tick=141
TICK000000004277|NET|event=UNBLOCK|from=node03|to=|tick=141|height=0|tick=141
TICK000000004278|NET|event=UNBLOCK|from=node04|to=|tick=141|height=0|tick=141
TICK000000004279|NET|event=UNBLOCK|from=node05|to=|tick=141|height=0|tick=141
TICK000000004280|NET|event=UNBLOCK|from=node06|to=|tick=141|height=0|tick=141
TICK000000004281|NET|event=UNBLOCK|from=node07|to=|tick=141|height=0|tick=141
TICK000000004282|NET|event=SEND|from=node00|to=node00|tick=141|height=0|deliver_tick=142|type=core.Transaction
TICK000000004283|NET|event=SEND|from=node00|to=node01|tick=141|height=0|deliver_tick=142|type=core.Transaction
TICK000000004284|NET|event=SEND|from=node00|to=node02|tick=141|height=0|deliver_tick=144|type=core.Transaction
TICK000000004285|NET|event=SEND|from=node00|to=node03|tick=141|height=0|deliver_tick=142|type=core.Transaction
TICK000000004286|NET|event=SEND|from=node00|to=node04|tick=141|height=0|deliver_tick=144|type=core.Transaction
TICK000000004287|NET|event=RATE_BLOCK|from=node00|to=node05|tick=141|height=0|until=146
TICK000000004288|NET|event=BLOCKED|from=node00|to=node06|tick=141|height=0|until=146
TICK000000004289|NET|event=BLOCKED|from=node00|to=node07|tick=141|height=0|until=146
TICK000000004290|NODE|node00|ENQUEUE_TX|nonce=29
TICK000000004291|NET|event=BLOCKED|from=node00|to=node00|tick=141|height=1|until=146
TICK000000004292|NET|event=BLOCKED|from=node00|to=node01|tick=141|height=1|until=146
TICK000000004293|NET|event=BLOCKED|from=node00|to=node02|tick=141|height=1|until=146
TICK000000004294|NET|event=BLOCKED|from=node00|to=node03|tick=141|height=1|until=146
TICK000000004295|NET|event=BLOCKED|from=node00|to=node04|tick=141|height=1|until=146
TICK000000004296|NET|event=BLOCKED|from=node00|to=node05|tick=141|height=1|until=146
TICK000000004297|NET|event=BLOCKED|from=node00|to=node06|tick=141|height=1|until=146
TICK000000004298|NET|event=BLOCKED|from=node00|to=node07|tick=141|height=1|until=146
TICK000000004299|NODE|node00|PROPOSE|H=1|txs=8
TICK000000004300|NET|event=SEND|from=node01|to=node00|tick=141|height=0|deliver_tick=144|type=core.Transaction
TICK000000004301|NET|event=SEND|from=node01|to=node01|tick=141|height=0|deliver_tick=143|type=core.Transaction
TICK000000004302|NET|event=SEND|from=node01|to=node02|tick=141|height=0|deliver_tick=144|type=core.Transaction
TICK000000004303|NET|event=SEND|from=node01|to=node03|tick=141|height=0|deliver_tick=144|type=core.Transaction
TICK000000004304|NET|event=SEND|from=node01|to=node04|tick=141|height=0|deliver_tick=144|type=core.Transaction
TICK000000004305|NET|event=DUP|from=node01|to=node04|tick=141|height=0|tick=144
TICK000000004306|NET|event=RATE_BLOCK|from=node01|to=node05|tick=141|height=0|until=146
TICK000000004307|NET|event=BLOCKED|from=node01|to=node06|tick=141|height=0|until=146
TICK000000004308|NET|event=BLOCKED|from=node01|to=node07|tick=141|height=0|until=146
TICK000000004309|NODE|node01|ENQUEUE_TX|nonce=29
TICK000000004310|NET|event=SEND|from=node02|to=node00|tick=141|height=0|deliver_tick=144|type=core.Transaction
TICK000000004311|NET|event=SEND|from=node02|to=node01|tick=141|height=0|deliver_tick=142|type=core.Transaction
TICK000000004312|NET|event=SEND|from=node02|to=node02|tick=141|height=0|deliver_tick=144|type=core.Transaction
TICK000000004313|NET|event=SEND|from=node02|to=node03|tick=141|height=0|deliver_tick=144|type=core.Transaction
TICK000000004314|NET|event=SEND|from=node02|to=node04|tick=141|height=0|deliver_tick=144|type=core.Transaction
TICK000000004315|NET|event=RATE_BLOCK|from=node02|to=node05|tick=141|height=0|until=146
TICK000000004316|NET|event=BLOCKED|from=node02|to=node06|tick=141|height=0|until=146
TICK000000004317|NET|event=BLOCKED|from=node02|to=node07|tick=141|height=0|until=146
TICK000000004318|NODE|node02|ENQUEUE_TX|nonce=29
TICK000000004319|NET|event=SEND|from=node03|to=node00|tick=141|height=0|deliver_tick=144|type=core.Transaction
TICK000000004320|NET|event=SEND|from=node03|to=node01|tick=141|height=0|deliver_tick=142|type=core.Transaction
TICK000000004321|NET|event=DROP|from=node03|to=node02|tick=141|height=0|lat=1
TICK000000004322|NET|event=SEND|from=node03|to=node03|tick=141|height=0|deliver_tick=142|type=core.Transaction
TICK000000004323|NET|event=SEND|from=node03|to=node04|tick=141|height=0|deliver_tick=143|type=core.Transaction
TICK000000004324|NET|event=RATE_BLOCK|from=node03|to=node05|tick=141|height=0|until=146
TICK000000004325|NET|event=BLOCKED|from=node03|to=node06|tick=141|height=0|until=146
TICK000000004326|NET|event=BLOCKED|from=node03|to=node07|tick=141|height=0|until=146
TICK000000004327|NODE|node03|ENQUEUE_TX|nonce=29
TICK000000004328|NET|event=SEND|from=node04|to=node00|tick=141|height=0|deliver_tick=142|type=core.Transaction
TICK000000004329|NET|event=SEND|from=node04|to=node01|tick=141|height=0|deliver_tick=143|type=core.Transaction
TICK000000004330|NET|event=SEND|from=node04|to=node02|tick=141|height=0|deliver_tick=142|type=core.Transaction
TICK000000004331|NET|event=SEND|from=node04|to=node03|tick=141|height=0|deliver_tick=142|type=core.Transaction
TICK000000004332|NET|event=SEND|from=node04|to=node04|tick=141|height=0|deliver_tick=144|type=core.Transaction
TICK000000004333|NET|event=RATE_BLOCK|from=node04|to=node05|tick=141|height=0|until=146
TICK000000004334|NET|event=BLOCKED|from=node04|to=node06|tick=141|height=0|until=146
TICK000000004335|NET|event=BLOCKED|from=node04|to=node07|tick=141|height=0|until=146
TICK000000004336|NODE|node04|ENQUEUE_TX|nonce=29
TICK000000004337|NET|event=SEND|from=node05|to=node00|tick=141|height=0|deliver_tick=142|type=core.Transaction
TICK000000004338|NET|event=DUP|from=node05|to=node00|tick=141|height=0|tick=142
TICK000000004339|NET|event=SEND|from=node05|to=node01|tick=141|height=0|deliver_tick=142|type=core.Transaction
TICK000000004340|NET|event=SEND|from=node05|to=node02|tick=141|height=0|deliver_tick=142|type=core.Transaction
TICK000000004341|NET|event=SEND|from=node05|to=node03|tick=141|height=0|deliver_tick=144|type=core.Transaction
TICK000000004342|NET|event=SEND|from=node05|to=node04|tick=141|height=0|deliver_tick=142|type=core.Transaction
TICK000000004343|NET|event=RATE_BLOCK|from=node05|to=node05|tick=141|height=0|until=146
TICK000000004344|NET|event=BLOCKED|from=node05|to=node06|tick=141|height=0|until=146
TICK000000004345|NET|event=BLOCKED|from=node05|to=node07|tick=141|height=0|until=146
TICK000000004346|NODE|node05|ENQUEUE_TX|nonce=29
TICK000000004347|NET|event=SEND|from=node06|to=node00|tick=141|height=0|deliver_tick=142|type=core.Transaction
TICK000000004348|NET|event=SEND|from=node06|to=node01|tick=141|height=0|deliver_tick=142|type=core.Transaction
TICK000000004349|NET|event=SEND|from=node06|to=node02|tick=141|height=0|deliver_tick=142|type=core.Transaction
TICK000000004350|NET|event=SEND|from=node06|to=node03|tick=141|height=0|deliver_tick=142|type=core.Transaction
TICK000000004351|NET|event=SEND|from=node06|to=node04|tick=141|height=0|deliver_tick=142|type=core.Transaction
TICK000000004352|NET|event=RATE_BLOCK|from=node06|to=node05|tick=141|height=0|until=146
TICK000000004353|NET|event=BLOCKED|from=node06|to=node06|tick=141|height=0|until=146
TICK000000004354|NET|event=BLOCKED|from=node06|to=node07|tick=141|height=0|until=146
TICK000000004355|NODE|node06|ENQUEUE_TX|nonce=29
TICK000000004356|NET|event=SEND|from=node07|to=node00|tick=141|height=0|deliver_tick=144|type=core.Transaction
TICK000000004357|NET|event=SEND|from=node07|to=node01|tick=141|height=0|deliver_tick=142|type=core.Transaction
TICK000000004358|NET|event=SEND|from=node07|to=node02|tick=141|height=0|deliver_tick=144|type=core.Transaction
TICK000000004359|NET|event=SEND|from=node07|to=node03|tick=141|height=0|deliver_tick=143|type=core.Transaction
TICK000000004360|NET|event=SEND|from=node07|to=node04|tick=141|height=0|deliver_tick=143|type=core.Transaction
TICK000000004361|NET|event=RATE_BLOCK|from=node07|to=node05|tick=141|height=0|until=146
TICK000000004362|NET|event=BLOCKED|from=node07|to=node06|tick=141|height=0|until=146
TICK000000004363|NET|event=BLOCKED|from=node07|to=node07|tick=141|height=0|until=146
TICK000000004364|NODE|node07|ENQUEUE_TX|nonce=29
TICK000000004365|NET|event=DELIVER|from=node00|to=node00|tick=142|height=0|type=core.Transaction
TICK000000004366|NET|event=DELIVER|from=node00|to=node01|tick=142|height=0|type=core.Transaction
TICK000000004367|NET|event=DELIVER|from=node00|to=node03|tick=142|height=0|type=core.Transaction
TICK000000004368|NET|event=DELIVER|from=node02|to=node01|tick=142|height=0|type=core.Transaction
TICK000000004369|NET|event=DELIVER|from=node03|to=node01|tick=142|height=0|type=core.Transaction
TICK000000004370|NET|event=DELIVER|from=node03|to=node03|tick=142|height=0|type=core.Transaction
TICK000000004371|NET|event=DELIVER|from=node04|to=node00|tick=142|height=0|type=core.Transaction
TICK000000004372|NET|event=DELIVER|from=node04|to=node02|tick=142|height=0|type=core.Transaction
TICK000000004373|NET|event=DELIVER|from=node04|to=node03|tick=142|height=0|type=core.Transaction
TICK000000004374|NET|event=DELIVER|from=node05|to=node00|tick=142|height=0|type=core.Transaction
TICK000000004375|NET|event=DELIVER|from=node05|to=node00|tick=142|height=0|type=core.Transaction
TICK000000004376|NET|event=DELIVER|from=node05|to=node01|tick=142|height=0|type=core.Transaction
TICK000000004377|NET|event=DELIVER|from=node05|to=node02|tick=142|height=0|type=core.Transaction
TICK000000004378|NET|event=DELIVER|from=node05|to=node04|tick=142|height=0|type=core.Transaction
TICK000000004379|NET|event=DELIVER|from=node06|to=node00|tick=142|height=0|type=core.Transaction
TICK000000004380|NET|event=DELIVER|from=node06|to=node01|tick=142|height=0|type=core.Transaction
TICK000000004381|NET|event=DELIVER|from=node06|to=node02|tick=142|height=0|type=core.Transaction
TICK000000004382|NET|event=DELIVER|from=node06|to=node03|tick=142|height=0|type=core.Transaction
TICK000000004383|NET|event=DELIVER|from=node06|to=node04|tick=142|height=0|type=core.Transaction
TICK000000004384|NET|event=DELIVER|from=node07|to=node01|tick=142|height=0|type=core.Transaction
TICK000000004385|NODE|node00|RECV|TX|from=node04|sender=node04|nonce=29
TICK000000004386|NODE|node01|RECV|TX|from=node06|sender=node06|nonce=29
TICK000000004387|NODE|node02|RECV|TX|from=node06|sender=node06|nonce=29
TICK000000004388|NODE|node03|RECV|TX|from=node04|sender=node04|nonce=29
TICK000000004389|NET|event=DELIVER|from=node01|to=node01|tick=143|height=0|type=core.Transaction
TICK000000004390|NET|event=DELIVER|from=node03|to=node04|tick=143|height=0|type=core.Transaction
TICK000000004391|NET|event=DELIVER|from=node04|to=node01|tick=143|height=0|type=core.Transaction
TICK000000004392|NET|event=DELIVER|from=node07|to=node03|tick=143|height=0|type=core.Transaction
TICK000000004393|NET|event=DELIVER|from=node07|to=node04|tick=143|height=0|type=core.Transaction
TICK000000004394|NET|event=DELIVER|from=node00|to=node02|tick=144|height=0|type=core.Transaction
TICK000000004395|NET|event=DELIVER|from=node00|to=node04|tick=144|height=0|type=core.Transaction
TICK000000004396|NET|event=DELIVER|from=node01|to=node00|tick=144|height=0|type=core.Transaction
TICK000000004397|NET|event=DELIVER|from=node01|to=node02|tick=144|height=0|type=core.Transaction
TICK000000004398|NET|event=DELIVER|from=node01|to=node03|tick=144|height=0|type=core.Transaction
TICK000000004399|NET|event=DELIVER|from=node01|to=node04|tick=144|height=0|type=core.Transaction
TICK000000004400|NET|event=DELIVER|from=node01|to=node04|tick=144|height=0|type=core.Transaction
TICK000000004401|NET|event=DELIVER|from=node02|to=node00|tick=144|height=0|type=core.Transaction
TICK000000004402|NET|event=DELIVER|from=node02|to=node02|tick=144|height=0|type=core.Transaction
TICK000000004403|NET|event=DELIVER|from=node02|to=node03|tick=144|height=0|type=core.Transaction
TICK000000004404|NET|event=DELIVER|from=node02|to=node04|tick=144|height=0|type=core.Transaction
TICK000000004405|NET|event=DELIVER|from=node03|to=node00|tick=144|height=0|type=core.Transaction
TICK000000004406|NET|event=DELIVER|from=node04|to=node04|tick=144|height=0|type=core.Transaction
TICK000000004407|NET|event=DELIVER|from=node05|to=node03|tick=144|height=0|type=core.Transaction
TICK000000004408|NET|event=DELIVER|from=node07|to=node00|tick=144|height=0|type=core.Transaction
TICK000000004409|NET|event=DELIVER|from=node07|to=node02|tick=144|height=0|type=core.Transaction
TICK000000004410|NODE|node00|RECV|TX|from=node07|sender=node07|nonce=29
TICK000000004411|NODE|node02|RECV|TX|from=node00|sender=node00|nonce=29
TICK000000004412|NODE|node02|RECV|TX|from=node01|sender=node01|nonce=29
TICK000000004413|NODE|node02|RECV|TX|from=node07|sender=node07|nonce=29
TICK000000004414|NODE|node04|RECV|TX|from=node01|sender=node01|nonce=29
TICK000000004415|NET|event=UNBLOCK|from=node00|to=|tick=146|height=0|tick=146
TICK000000004416|NET|event=UNBLOCK|from=node01|to=|tick=146|height=0|tick=146
TICK000000004417|NET|event=UNBLOCK|from=node02|to=|tick=146|height=0|tick=146
TICK000000004418|NET|event=UNBLOCK|from=node03|to=|tick=146|height=0|tick=146
TICK000000004419|NET|event=UNBLOCK|from=node04|to=|tick=146|height=0|tick=146
TICK000000004420|NET|event=UNBLOCK|from=node05|to=|tick=146|height=0|tick=146
TICK000000004421|NET|event=UNBLOCK|from=node06|to=|tick=146|height=0|tick=146
TICK000000004422|NET|event=UNBLOCK|from=node07|to=|tick=146|height=0|tick=146
TICK000000004423|NET|event=SEND|from=node00|to=node00|tick=146|height=0|deliver_tick=147|type=core.Transaction
TICK000000004424|NET|event=SEND|from=node00|to=node01|tick=146|height=0|deliver_tick=147|type=core.Transaction
TICK000000004425|NET|event=SEND|from=node00|to=node02|tick=146|height=0|deliver_tick=147|type=core.Transaction
TICK000000004426|NET|event=SEND|from=node00|to=node03|tick=146|height=0|deliver_tick=147|type=core.Transaction
TICK000000004427|NET|event=SEND|from=node00|to=node04|tick=146|height=0|deliver_tick=149|type=core.Transaction
TICK000000004428|NET|event=DUP|from=node00|to=node04|tick=146|height=0|tick=149
TICK000000004429|NET|event=RATE_BLOCK|from=node00|to=node05|tick=146|height=0|until=151
TICK000000004430|NET|event=BLOCKED|from=node00|to=node06|tick=146|height=0|until=151
TICK000000004431|NET|event=BLOCKED|from=node00|to=node07|tick=146|height=0|until=151
TICK000000004432|NODE|node00|ENQUEUE_TX|nonce=30
TICK000000004433|NET|event=BLOCKED|from=node00|to=node00|tick=146|height=1|until=151
TICK000000004434|NET|event=BLOCKED|from=node00|to=node01|tick=146|height=1|until=151
TICK000000004435|NET|event=BLOCKED|from=node00|to=node02|tick=146|height=1|until=151
TICK000000004436|NET|event=BLOCKED|from=node00|to=node03|tick=146|height=1|until=151
TICK000000004437|NET|event=BLOCKED|from=node00|to=node04|tick=146|height=1|until=151
TICK000000004438|NET|event=BLOCKED|from=node00|to=node05|tick=146|height=1|until=151
TICK000000004439|NET|event=BLOCKED|from=node00|to=node06|tick=146|height=1|until=151
TICK000000004440|NET|event=BLOCKED|from=node00|to=node07|tick=146|height=1|until=151
TICK000000004441|NODE|node00|PROPOSE|H=1|txs=8
TICK000000004442|NET|event=SEND|from=node01|to=node00|tick=146|height=0|deliver_tick=147|type=core.Transaction
TICK000000004443|NET|event=DUP|from=node01|to=node00|tick=146|height=0|tick=147
TICK000000004444|NET|event=SEND|from=node01|to=node01|tick=146|height=0|deliver_tick=148|type=core.Transaction
TICK000000004445|NET|event=SEND|from=node01|to=node02|tick=146|height=0|deliver_tick=148|type=core.Transaction
TICK000000004446|NET|event=DROP|from=node01|to=node03|tick=146|height=0|lat=3
TICK000000004447|NET|event=SEND|from=node01|to=node04|tick=146|height=0|deliver_tick=147|type=core.Transaction
TICK000000004448|NET|event=RATE_BLOCK|from=node01|to=node05|tick=146|height=0|until=151
TICK000000004449|NET|event=BLOCKED|from=node01|to=node06|tick=146|height=0|until=151
TICK000000004450|NET|event=BLOCKED|from=node01|to=node07|tick=146|height=0|until=151
TICK000000004451|NODE|node01|ENQUEUE_TX|nonce=30
TICK000000004452|NET|event=DROP|from=node02|to=node00|tick=146|height=0|lat=1
TICK000000004453|NET|event=SEND|from=node02|to=node01|tick=146|height=0|deliver_tick=149|type=core.Transaction
TICK000000004454|NET|event=SEND|from=node02|to=node02|tick=146|height=0|deliver_tick=149|type=core.Transaction
TICK000000004455|NET|event=SEND|from=node02|to=node03|tick=146|height=0|deliver_tick=149|type=core.Transaction
TICK000000004456|NET|event=SEND|from=node02|to=node04|tick=146|height=0|deliver_tick=148|type=core.Transaction
TICK000000004457|NET|event=RATE_BLOCK|from=node02|to=node05|tick=146|height=0|until=151
TICK000000004458|NET|event=BLOCKED|from=node02|to=node06|tick=146|height=0|until=151
TICK000000004459|NET|event=BLOCKED|from=node02|to=node07|tick=146|height=0|until=151
TICK000000004460|NODE|node02|ENQUEUE_TX|nonce=30
TICK000000004461|NET|event=SEND|from=node03|to=node00|tick=146|height=0|deliver_tick=149|type=core.Transaction
TICK000000004462|NET|event=DROP|from=node03|to=node01|tick=146|height=0|lat=3
TICK000000004463|NET|event=SEND|from=node03|to=node02|tick=146|height=0|deliver_tick=148|type=core.Transaction
TICK000000004464|NET|event=SEND|from=node03|to=node03|tick=146|height=0|deliver_tick=149|type=core.Transaction
TICK000000004465|NET|event=DUP|from=node03|to=node03|tick=146|height=0|tick=149
TICK000000004466|NET|event=SEND|from=node03|to=node04|tick=146|height=0|deliver_tick=147|type=core.Transaction
TICK000000004467|NET|event=RATE_BLOCK|from=node03|to=node05|tick=146|height=0|until=151
TICK000000004468|NET|event=BLOCKED|from=node03|to=node06|tick=146|height=0|until=151
TICK000000004469|NET|event=BLOCKED|from=node03|to=node07|tick=146|height=0|until=151
TICK000000004470|NODE|node03|ENQUEUE_TX|nonce=30
TICK000000004471|NET|event=SEND|from=node04|to=node00|tick=146|height=0|deliver_tick=148|type=core.Transaction
TICK000000004472|NET|event=SEND|from=node04|to=node01|tick=146|height=0|deliver_tick=148|type=core.Transaction
TICK000000004473|NET|event=DROP|from=node04|to=node02|tick=146|height=0|lat=2
TICK000000004474|NET|event=SEND|from=node04|to=node03|tick=146|height=0|deliver_tick=149|type=core.Transaction
TICK000000004475|NET|event=DROP|from=node04|to=node04|tick=146|height=0|lat=1
TICK000000004476|NET|event=RATE_BLOCK|from=node04|to=node05|tick=146|height=0|until=151
TICK000000004477|NET|event=BLOCKED|from=node04|to=node06|tick=146|height=0|until=151
TICK000000004478|NET|event=BLOCKED|from=node04|to=node07|tick=146|height=0|until=151
TICK000000004479|NODE|node04|ENQUEUE_TX|nonce=30
TICK000000004480|NET|event=SEND|from=node05|to=node00|tick=146|height=0|deliver_tick=147|type=core.Transaction
TICK000000004481|NET|event=SEND|from=node05|to=node01|tick=146|height=0|deliver_tick=147|type=core.Transaction
TICK000000004482|NET|event=SEND|from=node05|to=node02|tick=146|height=0|deliver_tick=147|type=core.Transaction
TICK000000004483|NET|event=SEND|from=node05|to=node03|tick=146|height=0|deliver_tick=148|type=core.Transaction
TICK000000004484|NET|event=SEND|from=node05|to=node04|tick=146|height=0|deliver_tick=149|type=core.Transaction
TICK000000004485|NET|event=RATE_BLOCK|from=node05|to=node05|tick=146|height=0|until=151
TICK000000004486|NET|event=BLOCKED|from=node05|to=node06|tick=146|height=0|until=151
TICK000000004487|NET|event=BLOCKED|from=node05|to=node07|tick=146|height=0|until=151
TICK000000004488|NODE|node05|ENQUEUE_TX|nonce=30
TICK000000004489|NET|event=SEND|from=node06|to=node00|tick=146|height=0|deliver_tick=148|type=core.Transaction
TICK000000004490|NET|event=DUP|from=node06|to=node00|tick=146|height=0|tick=148
TICK000000004491|NET|event=DROP|from=node06|to=node01|tick=146|height=0|lat=2
TICK000000004492|NET|event=SEND|from=node06|to=node02|tick=146|height=0|deliver_tick=148|type=core.Transaction
TICK000000004493|NET|event=SEND|from=node06|to=node03|tick=146|height=0|deliver_tick=148|type=core.Transaction
TICK000000004494|NET|event=SEND|from=node06|to=node04|tick=146|height=0|deliver_tick=147|type=core.Transaction
TICK000000004495|NET|event=DUP|from=node06|to=node04|tick=146|height=0|tick=147
TICK000000004496|NET|event=RATE_BLOCK|from=node06|to=node05|tick=146|height=0|until=151
TICK000000004497|NET|event=BLOCKED|from=node06|to=node06|tick=146|height=0|until=151
TICK000000004498|NET|event=BLOCKED|from=node06|to=node07|tick=146|height=0|until=151
TICK000000004499|NODE|node06|ENQUEUE_TX|nonce=30
TICK000000004500|NET|event=SEND|from=node07|to=node00|tick=146|height=0|deliver_tick=149|type=core.Transaction
TICK000000004501|NET|event=SEND|from=node07|to=node01|tick=146|height=0|deliver_tick=147|type=core.Transaction
TICK000000004502|NET|event=SEND|from=node07|to=node02|tick=146|height=0|deliver_tick=148|type=core.Transaction
TICK000000004503|NET|event=SEND|from=node07|to=node03|tick=146|height=0|deliver_tick=147|type=core.Transaction
TICK000000004504|NET|event=SEND|from=node07|to=node04|tick=146|height=0|deliver_tick=149|type=core.Transaction
TICK000000004505|NET|event=RATE_BLOCK|from=node07|to=node05|tick=146|height=0|until=151
TICK000000004506|NET|event=BLOCKED|from=node07|to=node06|tick=146|height=0|until=151
TICK000000004507|NET|event=BLOCKED|from=node07|to=node07|tick=146|height=0|until=151
TICK000000004508|NODE|node07|ENQUEUE_TX|nonce=30
TICK000000004509|NET|event=DELIVER|from=node00|to=node00|tick=147|height=0|type=core.Transaction
TICK000000004510|NET|event=DELIVER|from=node00|to=node01|tick=147|height=0|type=core.Transaction
TICK000000004511|NET|event=DELIVER|from=node00|to=node02|tick=147|height=0|type=core.Transaction
TICK000000004512|NET|event=DELIVER|from=node00|to=node03|tick=147|height=0|type=core.Transaction
TICK000000004513|NET|event=DELIVER|from=node01|to=node00|tick=147|height=0|type=core.Transaction
TICK000000004514|NET|event=DELIVER|from=node01|to=node00|tick=147|height=0|type=core.Transaction
TICK000000004515|NET|event=DELIVER|from=node01|to=node04|tick=147|height=0|type=core.Transaction
TICK000000004516|NET|event=DELIVER|from=node03|to=node04|tick=147|height=0|type=core.Transaction
TICK000000004517|NET|event=DELIVER|from=node05|to=node00|tick=147|height=0|type=core.Transaction
TICK000000004518|NET|event=DELIVER|from=node05|to=node01|tick=147|height=0|type=core.Transaction
TICK000000004519|NET|event=DELIVER|from=node05|to=node02|tick=147|height=0|type=core.Transaction
TICK000000004520|NET|event=DELIVER|from=node06|to=node04|tick=147|height=0|type=core.Transaction
TICK000000004521|NET|event=DELIVER|from=node06|to=node04|tick=147|height=0|type=core.Transaction
TICK000000004522|NET|event=DELIVER|from=node07|to=node01|tick=147|height=0|type=core.Transaction
TICK000000004523|NET|event=DELIVER|from=node07|to=node03|tick=147|height=0|type=core.Transaction
TICK000000004524|NODE|node02|RECV|TX|from=node00|sender=node00|nonce=30
TICK000000004525|NODE|node04|RECV|TX|from=node01|sender=node01|nonce=30
TICK000000004526|NET|event=DELIVER|from=node01|to=node01|tick=148|height=0|type=core.Transaction
TICK000000004527|NET|event=DELIVER|from=node01|to=node02|tick=148|height=0|type=core.Transaction
TICK000000004528|NET|event=DELIVER|from=node02|to=node04|tick=148|height=0|type=core.Transaction
TICK000000004529|NET|event=DELIVER|from=node03|to=node02|tick=148|height=0|type=core.Transaction
TICK000000004530|NET|event=DELIVER|from=node04|to=node00|tick=148|height=0|type=core.Transaction
TICK000000004531|NET|event=DELIVER|from=node04|to=node01|tick=148|height=0|type=core.Transaction
TICK000000004532|NET|event=DELIVER|from=node05|to=node03|tick=148|height=0|type=core.Transaction
TICK000000004533|NET|event=DELIVER|from=node06|to=node00|tick=148|height=0|type=core.Transaction
TICK000000004534|NET|event=DELIVER|from=node06|to=node00|tick=148|height=0|type=core.Transaction
TICK000000004535|NET|event=DELIVER|from=node06|to=node02|tick=148|height=0|type=core.Transaction
TICK000000004536|NET|event=DELIVER|from=node06|to=node03|tick=148|height=0|type=core.Transaction
TICK000000004537|NET|event=DELIVER|from=node07|to=node02|tick=148|height=0|type=core.Transaction
TICK000000004538|NODE|node00|RECV|TX|from=node04|sender=node04|nonce=30
TICK000000004539|NODE|node02|RECV|TX|from=node01|sender=node01|nonce=30
TICK000000004540|NODE|node02|RECV|TX|from=node06|sender=node06|nonce=30
TICK000000004541|NODE|node02|RECV|TX|from=node07|sender=node07|nonce=30
TICK000000004542|NET|event=DELIVER|from=node00|to=node04|tick=149|height=0|type=core.Transaction
TICK000000004543|NET|event=DELIVER|from=node00|to=node04|tick=149|height=0|type=core.Transaction
TICK000000004544|NET|event=DELIVER|from=node02|to=node01|tick=149|height=0|type=core.Transaction
TICK000000004545|NET|event=DELIVER|from=node02|to=node02|tick=149|height=0|type=core.Transaction
TICK000000004546|NET|event=DELIVER|from=node02|to=node03|tick=149|height=0|type=core.Transaction
TICK000000004547|NET|event=DELIVER|from=node03|to=node00|tick=149|height=0|type=core.Transaction
TICK000000004548|NET|event=DELIVER|from=node03|to=node03|tick=149|height=0|type=core.Transaction
TICK000000004549|NET|event=DELIVER|from=node03|to=node03|tick=149|height=0|type=core.Transaction
TICK000000004550|NET|event=DELIVER|from=node04|to=node03|tick=149|height=0|type=core.Transaction
TICK000000004551|NET|event=DELIVER|from=node05|to=node04|tick=149|height=0|type=core.Transaction
TICK000000004552|NET|event=DELIVER|from=node07|to=node00|tick=149|height=0|type=core.Transaction
TICK000000004553|NET|event=DELIVER|from=node07|to=node04|tick=149|height=0|type=core.Transaction
TICK000000004554|NODE|node00|RECV|TX|from=node07|sender=node07|nonce=30
TICK000000004555|NODE|node03|RECV|TX|from=node04|sender=node04|nonce=30
TICK000000004556|NET|event=UNBLOCK|from=node00|to=|tick=151|height=0|tick=151
TICK000000004557|NET|event=UNBLOCK|from=node01|to=|tick=151|height=0|tick=151
TICK000000004558|NET|event=UNBLOCK|from=node02|to=|tick=151|height=0|tick=151
TICK000000004559|NET|event=UNBLOCK|from=node03|to=|tick=151|height=0|tick=151
TICK000000004560|NET|event=UNBLOCK|from=node04|to=|tick=151|height=0|tick=151
TICK000000004561|NET|event=UNBLOCK|from=node05|to=|tick=151|height=0|tick=151
TICK000000004562|NET|event=UNBLOCK|from=node06|to=|tick=151|height=0|tick=151
TICK000000004563|NET|event=UNBLOCK|from=node07|to=|tick=151|height=0|tick=151
TICK000000004564|NET|event=DROP|from=node00|to=node00|tick=151|height=0|lat=3
TICK000000004565|NET|event=SEND|from=node00|to=node01|tick=151|height=0|deliver_tick=154|type=core.Transaction
TICK000000004566|NET|event=SEND|from=node00|to=node02|tick=151|height=0|deliver_tick=152|type=core.Transaction
TICK000000004567|NET|event=SEND|from=node00|to=node03|tick=151|height=0|deliver_tick=154|type=core.Transaction
TICK000000004568|NET|event=SEND|from=node00|to=node04|tick=151|height=0|deliver_tick=152|type=core.Transaction
TICK000000004569|NET|event=RATE_BLOCK|from=node00|to=node05|tick=151|height=0|until=156
TICK000000004570|NET|event=BLOCKED|from=node00|to=node06|tick=151|height=0|until=156
TICK000000004571|NET|event=BLOCKED|from=node00|to=node07|tick=151|height=0|until=156
TICK000000004572|NODE|node00|ENQUEUE_TX|nonce=31
TICK000000004573|NET|event=BLOCKED|from=node00|to=node00|tick=151|height=1|until=156
TICK000000004574|NET|event=BLOCKED|from=node00|to=node01|tick=151|height=1|until=156
TICK000000004575|NET|event=BLOCKED|from=node00|to=node02|tick=151|height=1|until=156
TICK000000004576|NET|event=BLOCKED|from=node00|to=node03|tick=151|height=1|until=156
TICK000000004577|NET|event=BLOCKED|from=node00|to=node04|tick=151|height=1|until=156
TICK000000004578|NET|event=BLOCKED|from=node00|to=node05|tick=151|height=1|until=156
TICK000000004579|NET|event=BLOCKED|from=node00|to=node06|tick=151|height=1|until=156
TICK000000004580|NET|event=BLOCKED|from=node00|to=node07|tick=151|height=1|until=156
TICK000000004581|NODE|node00|PROPOSE|H=1|txs=8
TICK000000004582|NET|event=SEND|from=node01|to=node00|tick=151|height=0|deliver_tick=152|type=core.Transaction
TICK000000004583|NET|event=DUP|from=node01|to=node00|tick=151|height=0|tick=152
TICK000000004584|NET|event=SEND|from=node01|to=node01|tick=151|height=0|deliver_tick=152|type=core.Transaction
TICK000000004585|NET|event=DROP|from=node01|to=node02|tick=151|height=0|lat=2
TICK000000004586|NET|event=SEND|from=node01|to=node03|tick=151|height=0|deliver_tick=154|type=core.Transaction
TICK000000004587|NET|event=SEND|from=node01|to=node04|tick=151|height=0|deliver_tick=153|type=core.Transaction
TICK000000004588|NET|event=RATE_BLOCK|from=node01|to=node05|tick=151|height=0|until=156
TICK000000004589|NET|event=BLOCKED|from=node01|to=node06|tick=151|height=0|until=156
TICK000000004590|NET|event=BLOCKED|from=node01|to=node07|tick=151|height=0|until=156
TICK000000004591|NODE|node01|ENQUEUE_TX|nonce=31
TICK000000004592|NET|event=SEND|from=node02|to=node00|tick=151|height=0|deliver_tick=154|type=core.Transaction
TICK000000004593|NET|event=SEND|from=node02|to=node01|tick=151|height=0|deliver_tick=154|type=core.Transaction
TICK000000004594|NET|event=SEND|from=node02|to=node02|tick=151|height=0|deliver_tick=152|type=core.Transaction
TICK000000004595|NET|event=SEND|from=node02|to=node03|tick=151|height=0|deliver_tick=152|type=core.Transaction
TICK000000004596|NET|event=DUP|from=node02|to=node03|tick=151|height=0|tick=152
TICK000000004597|NET|event=SEND|from=node02|to=node04|tick=151|height=0|deliver_tick=152|type=core.Transaction
TICK000000004598|NET|event=RATE_BLOCK|from=node02|to=node05|tick=151|height=0|until=156
TICK000000004599|NET|event=BLOCKED|from=node02|to=node06|tick=151|height=0|until=156
TICK000000004600|NET|event=BLOCKED|from=node02|to=node07|tick=151|height=0|until=156
TICK000000004601|NODE|node02|ENQUEUE_TX|nonce=31
TICK000000004602|NET|event=SEND|from=node03|to=node00|tick=151|height=0|deliver_tick=152|type=core.Transaction
TICK000000004603|NET|event=SEND|from=node03|to=node01|tick=151|height=0|deliver_tick=152|type=core.Transaction
TICK000000004604|NET|event=SEND|from=node03|to=node02|tick=151|height=0|deliver_tick=152|type=core.Transaction
TICK000000004605|NET|event=SEND|from=node03|to=node03|tick=151|height=0|deliver_tick=154|type=core.Transaction
TICK000000004606|NET|event=SEND|from=node03|to=node04|tick=151|height=0|deliver_tick=154|type=core.Transaction
TICK000000004607|NET|event=RATE_BLOCK|from=node03|to=node05|tick=151|height=0|until=156
TICK000000004608|NET|event=BLOCKED|from=node03|to=node06|tick=151|height=0|until=156
TICK000000004609|NET|event=BLOCKED|from=node03|to=node07|tick=151|height=0|until=156
TICK000000004610|NODE|node03|ENQUEUE_TX|nonce=31
TICK000000004611|NET|event=SEND|from=node04|to=node00|tick=151|height=0|deliver_tick=152|type=core.Transaction
TICK000000004612|NET|event=SEND|from=node04|to=node01|tick=151|height=0|deliver_tick=153|type=core.Transaction
TICK000000004613|NET|event=SEND|from=node04|to=node02|tick=151|height=0|deliver_tick=152|type=core.Transaction
TICK000000004614|NET|event=SEND|from=node04|to=node03|tick=151|height=0|deliver_tick=154|type=core.Transaction
TICK000000004615|NET|event=DROP|from=node04|to=node04|tick=151|height=0|lat=1
TICK000000004616|NET|event=RATE_BLOCK|from=node04|to=node05|tick=151|height=0|until=156
TICK000000004617|NET|event=BLOCKED|from=node04|to=node06|tick=151|height=0|until=156
TICK000000004618|NET|event=BLOCKED|from=node04|to=node07|tick=151|height=0|until=156
TICK000000004619|NODE|node04|ENQUEUE_TX|nonce=31
TICK000000004620|NET|event=SEND|from=node05|to=node00|tick=151|height=0|deliver_tick=154|type=core.Transaction
TICK000000004621|NET|event=SEND|from=node05|to=node01|tick=151|height=0|deliver_tick=154|type=core.Transaction
TICK000000004622|NET|event=SEND|from=node05|to=node02|tick=151|height=0|deliver_tick=153|type=core.Transaction
TICK000000004623|NET|event=SEND|from=node05|to=node03|tick=151|height=0|deliver_tick=152|type=core.Transaction
TICK000000004624|NET|event=SEND|from=node05|to=node04|tick=151|height=0|deliver_tick=154|type=core.Transaction
TICK000000004625|NET|event=RATE_BLOCK|from=node05|to=node05|tick=151|height=0|until=156
TICK000000004626|NET|event=BLOCKED|from=node05|to=node06|tick=151|height=0|until=156
TICK000000004627|NET|event=BLOCKED|from=node05|to=node07|tick=151|height=0|until=156
TICK000000004628|NODE|node05|ENQUEUE_TX|nonce=31
TICK000000004629|NET|event=SEND|from=node06|to=node00|tick=151|height=0|deliver_tick=152|type=core.Transaction
TICK000000004630|NET|event=SEND|from=node06|to=node01|tick=151|height=0|deliver_tick=153|type=core.Transaction
TICK000000004631|NET|event=SEND|from=node06|to=node02|tick=151|height=0|deliver_tick=154|type=core.Transaction
TICK000000004632|NET|event=SEND|from=node06|to=node03|tick=151|height=0|deliver_tick=152|type=core.Transaction
TICK000000004633|NET|event=SEND|from=node06|to=node04|tick=151|height=0|deliver_tick=154|type=core.Transaction
TICK000000004634|NET|event=RATE_BLOCK|from=node06|to=node05|tick=151|height=0|until=156
TICK000000004635|NET|event=BLOCKED|from=node06|to=node06|tick=151|height=0|until=156
TICK000000004636|NET|event=BLOCKED|from=node06|to=node07|tick=151|height=0|until=156
TICK000000004637|NODE|node06|ENQUEUE_TX|nonce=31
TICK000000004638|NET|event=SEND|from=node07|to=node00|tick=151|height=0|deliver_tick=154|type=core.Transaction
TICK000000004639|NET|event=SEND|from=node07|to=node01|tick=151|height=0|deliver_tick=152|type=core.Transaction
TICK000000004640|NET|event=SEND|from=node07|to=node02|tick=151|height=0|deliver_tick=152|type=core.Transaction
TICK000000004641|NET|event=SEND|from=node07|to=node03|tick=151|height=0|deliver_tick=152|type=core.Transaction
TICK000000004642|NET|event=SEND|from=node07|to=node04|tick=151|height=0|deliver_tick=154|type=core.Transaction
TICK000000004643|NET|event=RATE_BLOCK|from=node07|to=node05|tick=151|height=0|until=156
TICK000000004644|NET|event=BLOCKED|from=node07|to=node06|tick=151|height=0|until=156
TICK000000004645|NET|event=BLOCKED|from=node07|to=node07|tick=151|height=0|until=156
TICK000000004646|NODE|node07|ENQUEUE_TX|nonce=31
TICK000000004647|NET|event=DELIVER|from=node00|to=node02|tick=152|height=0|type=core.Transaction
TICK000000004648|NET|event=DELIVER|from=node00|to=node04|tick=152|height=0|type=core.Transaction
TICK000000004649|NET|event=DELIVER|from=node01|to=node00|tick=152|height=0|type=core.Transaction
TICK000000004650|NET|event=DELIVER|from=node01|to=node00|tick=152|height=0|type=core.Transaction
TICK000000004651|NET|event=DELIVER|from=node01|to=node01|tick=152|height=0|type=core.Transaction
TICK000000004652|NET|event=DELIVER|from=node02|to=node02|tick=152|height=0|type=core.Transaction
TICK000000004653|NET|event=DELIVER|from=node02|to=node03|tick=152|height=0|type=core.Transaction
TICK000000004654|NET|event=DELIVER|from=node02|to=node03|tick=152|height=0|type=core.Transaction
TICK000000004655|NET|event=DELIVER|from=node02|to=node04|tick=152|height=0|type=core.Transaction
TICK000000004656|NET|event=DELIVER|from=node03|to=node00|tick=152|height=0|type=core.Transaction
TICK000000004657|NET|event=DELIVER|from=node03|to=node01|tick=152|height=0|type=core.Transaction
TICK000000004658|NET|event=DELIVER|from=node03|to=node02|tick=152|height=0|type=core.Transaction
TICK000000004659|NET|event=DELIVER|from=node04|to=node00|tick=152|height=0|type=core.Transaction
TICK000000004660|NET|event=DELIVER|from=node04|to=node02|tick=152|height=0|type=core.Transaction
TICK000000004661|NET|event=DELIVER|from=node05|to=node03|tick=152|height=0|type=core.Transaction
TICK000000004662|NET|event=DELIVER|from=node06|to=node00|tick=152|height=0|type=core.Transaction
TICK000000004663|NET|event=DELIVER|from=node06|to=node03|tick=152|height=0|type=core.Transaction
TICK000000004664|NET|event=DELIVER|from=node07|to=node01|tick=152|height=0|type=core.Transaction
TICK000000004665|NET|event=DELIVER|from=node07|to=node02|tick=152|height=0|type=core.Transaction
TICK000000004666|NET|event=DELIVER|from=node07|to=node03|tick=152|height=0|type=core.Transaction
TICK000000004667|NODE|node00|RECV|TX|from=node04|sender=node04|nonce=31
TICK000000004668|NODE|node02|RECV|TX|from=node00|sender=node00|nonce=31
TICK000000004669|NODE|node02|RECV|TX|from=node07|sender=node07|nonce=31
TICK000000004670|NET|event=DELIVER|from=node01|to=node04|tick=153|height=0|type=core.Transaction
TICK000000004671|NET|event=DELIVER|from=node04|to=node01|tick=153|height=0|type=core.Transaction
TICK000000004672|NET|event=DELIVER|from=node05|to=node02|tick=153|height=0|type=core.Transaction
TICK000000004673|NET|event=DELIVER|from=node06|to=node01|tick=153|height=0|type=core.Transaction
TICK000000004674|NODE|node04|RECV|TX|from=node01|sender=node01|nonce=31
TICK000000004675|NET|event=DELIVER|from=node00|to=node01|tick=154|height=0|type=core.Transaction
TICK000000004676|NET|event=DELIVER|from=node00|to=node03|tick=154|height=0|type=core.Transaction
TICK000000004677|NET|event=DELIVER|from=node01|to=node03|tick=154|height=0|type=core.Transaction
TICK000000004678|NET|event=DELIVER|from=node02|to=node00|tick=154|height=0|type=core.Transaction
TICK000000004679|NET|event=DELIVER|from=node02|to=node01|tick=154|height=0|type=core.Transaction
TICK000000004680|NET|event=DELIVER|from=node03|to=node03|tick=154|height=0|type=core.Transaction
TICK000000004681|NET|event=DELIVER|from=node03|to=node04|tick=154|height=0|type=core.Transaction
TICK000000004682|NET|event=DELIVER|from=node04|to=node03|tick=154|height=0|type=core.Transaction
TICK000000004683|NET|event=DELIVER|from=node05|to=node00|tick=154|height=0|type=core.Transaction
TICK000000004684|NET|event=DELIVER|from=node05|to=node01|tick=154|height=0|type=core.Transaction
TICK000000004685|NET|event=DELIVER|from=node05|to=node04|tick=154|height=0|type=core.Transaction
TICK000000004686|NET|event=DELIVER|from=node06|to=node02|tick=154|height=0|type=core.Transaction
TICK000000004687|NET|event=DELIVER|from=node06|to=node04|tick=154|height=0|type=core.Transaction
TICK000000004688|NET|event=DELIVER|from=node07|to=node00|tick=154|height=0|type=core.Transaction
TICK000000004689|NET|event=DELIVER|from=node07|to=node04|tick=154|height=0|type=core.Transaction
TICK000000004690|NODE|node00|RECV|TX|from=node07|sender=node07|nonce=31
TICK000000004691|NODE|node02|RECV|TX|from=node06|sender=node06|nonce=31
TICK000000004692|NODE|node03|RECV|TX|from=node04|sender=node04|nonce=31
TICK000000004693|NET|event=UNBLOCK|from=node00|to=|tick=156|height=0|tick=156
TICK000000004694|NET|event=UNBLOCK|from=node01|to=|tick=156|height=0|tick=156
TICK000000004695|NET|event=UNBLOCK|from=node02|to=|tick=156|height=0|tick=156
TICK000000004696|NET|event=UNBLOCK|from=node03|to=|tick=156|height=0|tick=156
TICK000000004697|NET|event=UNBLOCK|from=node04|to=|tick=156|height=0|tick=156
TICK000000004698|NET|event=UNBLOCK|from=node05|to=|tick=156|height=0|tick=156
TICK000000004699|NET|event=UNBLOCK|from=node06|to=|tick=156|height=0|tick=156
TICK000000004700|NET|event=UNBLOCK|from=node07|to=|tick=156|height=0|tick=156
TICK000000004701|NET|event=SEND|from=node00|to=node00|tick=156|height=0|deliver_tick=159|type=core.Transaction
TICK000000004702|NET|event=SEND|from=node00|to=node01|tick=156|height=0|deliver_tick=157|type=core.Transaction
TICK000000004703|NET|event=DUP|from=node00|to=node01|tick=156|height=0|tick=157
TICK000000004704|NET|event=SEND|from=node00|to=node02|tick=156|height=0|deliver_tick=159|type=core.Transaction
TICK000000004705|NET|event=SEND|from=node00|to=node03|tick=156|height=0|deliver_tick=158|type=core.Transaction
TICK000000004706|NET|event=SEND|from=node00|to=node04|tick=156|height=0|deliver_tick=159|type=core.Transaction
TICK000000004707|NET|event=RATE_BLOCK|from=node00|to=node05|tick=156|height=0|until=161
TICK000000004708|NET|event=BLOCKED|from=node00|to=node06|tick=156|height=0|until=161
TICK000000004709|NET|event=BLOCKED|from=node00|to=node07|tick=156|height=0|until=161
TICK000000004710|NODE|node00|ENQUEUE_TX|nonce=32
TICK000000004711|NET|event=BLOCKED|from=node00|to=node00|tick=156|height=1|until=161
TICK000000004712|NET|event=BLOCKED|from=node00|to=node01|tick=156|height=1|until=161
TICK000000004713|NET|event=BLOCKED|from=node00|to=node02|tick=156|height=1|until=161
TICK000000004714|NET|event=BLOCKED|from=node00|to=node03|tick=156|height=1|until=161
TICK000000004715|NET|event=BLOCKED|from=node00|to=node04|tick=156|height=1|until=161
TICK000000004716|NET|event=BLOCKED|from=node00|to=node05|tick=156|height=1|until=161
TICK000000004717|NET|event=BLOCKED|from=node00|to=node06|tick=156|height=1|until=161
TICK000000004718|NET|event=BLOCKED|from=node00|to=node07|tick=156|height=1|until=161
TICK000000004719|NODE|node00|PROPOSE|H=1|txs=8
TICK000000004720|NET|event=SEND|from=node01|to=node00|tick=156|height=0|deliver_tick=158|type=core.Transaction
TICK000000004721|NET|event=SEND|from=node01|to=node01|tick=156|height=0|deliver_tick=157|type=core.Transaction
TICK000000004722|NET|event=SEND|from=node01|to=node02|tick=156|height=0|deliver_tick=158|type=core.Transaction
TICK000000004723|NET|event=SEND|from=node01|to=node03|tick=156|height=0|deliver_tick=158|type=core.Transaction
TICK000000004724|NET|event=SEND|from=node01|to=node04|tick=156|height=0|deliver_tick=157|type=core.Transaction
TICK000000004725|NET|event=RATE_BLOCK|from=node01|to=node05|tick=156|height=0|until=161
TICK000000004726|NET|event=BLOCKED|from=node01|to=node06|tick=156|height=0|until=161
TICK000000004727|NET|event=BLOCKED|from=node01|to=node07|tick=156|height=0|until=161
TICK000000004728|NODE|node01|ENQUEUE_TX|nonce=32
TICK000000004729|NET|event=SEND|from=node02|to=node00|tick=156|height=0|deliver_tick=158|type=core.Transaction
TICK000000004730|NET|event=SEND|from=node02|to=node01|tick=156|height=0|deliver_tick=159|type=core.Transaction
TICK000000004731|NET|event=SEND|from=node02|to=node02|tick=156|height=0|deliver_tick=159|type=core.Transaction
TICK000000004732|NET|event=SEND|from=node02|to=node03|tick=156|height=0|deliver_tick=158|type=core.Transaction
TICK000000004733|NET|event=SEND|from=node02|to=node04|tick=156|height=0|deliver_tick=159|type=core.Transaction
TICK000000004734|NET|event=RATE_BLOCK|from=node02|to=node05|tick=156|height=0|until=161
TICK000000004735|NET|event=BLOCKED|from=node02|to=node06|tick=156|height=0|until=161
TICK000000004736|NET|event=BLOCKED|from=node02|to=node07|tick=156|height=0|until=161
TICK000000004737|NODE|node02|ENQUEUE_TX|nonce=32
TICK000000004738|NET|event=SEND|from=node03|to=node00|tick=156|height=0|deliver_tick=158|type=core.Transaction
TICK000000004739|NET|event=SEND|from=node03|to=node01|tick=156|height=0|deliver_tick=157|type=core.Transaction
TICK000000004740|NET|event=SEND|from=node03|to=node02|tick=156|height=0|deliver_tick=158|type=core.Transaction
TICK000000004741|NET|event=SEND|from=node03|to=node03|tick=156|height=0|deliver_tick=158|type=core.Transaction
TICK000000004742|NET|event=SEND|from=node03|to=node04|tick=156|height=0|deliver_tick=158|type=core.Transaction
TICK000000004743|NET|event=RATE_BLOCK|from=node03|to=node05|tick=156|height=0|until=161
TICK000000004744|NET|event=BLOCKED|from=node03|to=node06|tick=156|height=0|until=161
TICK000000004745|NET|event=BLOCKED|from=node03|to=node07|tick=156|height=0|until=161
TICK000000004746|NODE|node03|ENQUEUE_TX|nonce=32
TICK000000004747|NET|event=SEND|from=node04|to=node00|tick=156|height=0|deliver_tick=159|type=core.Transaction
TICK000000004748|NET|event=SEND|from=node04|to=node01|tick=156|height=0|deliver_tick=158|type=core.Transaction
TICK000000004749|NET|event=SEND|from=node04|to=node02|tick=156|height=0|deliver_tick=159|type=core.Transaction
TICK000000004750|NET|event=SEND|from=node04|to=node03|tick=156|height=0|deliver_tick=159|type=core.Transaction
TICK000000004751|NET|event=SEND|from=node04|to=node04|tick=156|height=0|deliver_tick=158|type=core.Transaction
TICK000000004752|NET|event=RATE_BLOCK|from=node04|to=node05|tick=156|height=0|until=161
TICK000000004753|NET|event=BLOCKED|from=node04|to=node06|tick=156|height=0|until=161
TICK000000004754|NET|event=BLOCKED|from=node04|to=node07|tick=156|height=0|until=161
TICK000000004755|NODE|node04|ENQUEUE_TX|nonce=32
TICK000000004756|NET|event=SEND|from=node05|to=node00|tick=156|height=0|deliver_tick=157|type=core.Transaction
TICK000000004757|NET|event=SEND|from=node05|to=node01|tick=156|height=0|deliver_tick=157|type=core.Transaction
TICK000000004758|NET|event=SEND|from=node05|to=node02|tick=156|height=0|deliver_tick=159|type=core.Transaction
TICK000000004759|NET|event=DUP|from=node05|to=node02|tick=156|height=0|tick=159
TICK000000004760|NET|event=SEND|from=node05|to=node03|tick=156|height=0|deliver_tick=157|type=core.Transaction
TICK000000004761|NET|event=SEND|from=node05|to=node04|tick=156|height=0|deliver_tick=158|type=core.Transaction
TICK000000004762|NET|event=RATE_BLOCK|from=node05|to=node05|tick=156|height=0|until=161
TICK000000004763|NET|event=BLOCKED|from=node05|to=node06|tick=156|height=0|until=161
TICK000000004764|NET|event=BLOCKED|from=node05|to=node07|tick=156|height=0|until=161
TICK000000004765|NODE|node05|ENQUEUE_TX|nonce=32
TICK000000004766|NET|event=SEND|from=node06|to=node00|tick=156|height=0|deliver_tick=159|type=core.Transaction
TICK000000004767|NET|event=SEND|from=node06|to=node01|tick=156|height=0|deliver_tick=157|type=core.Transaction
TICK000000004768|NET|event=SEND|from=node06|to=node02|tick=156|height=0|deliver_tick=157|type=core.Transaction
TICK000000004769|NET|event=DUP|from=node06|to=node02|tick=156|height=0|tick=157
TICK000000004770|NET|event=SEND|from=node06|to=node03|tick=156|height=0|deliver_tick=158|type=core.Transaction
TICK000000004771|NET|event=SEND|from=node06|to=node04|tick=156|height=0|deliver_tick=159|type=core.Transaction
TICK000000004772|NET|event=RATE_BLOCK|from=node06|to=node05|tick=156|height=0|until=161
TICK000000004773|NET|event=BLOCKED|from=node06|to=node06|tick=156|height=0|until=161
TICK000000004774|NET|event=BLOCKED|from=node06|to=node07|tick=156|height=0|until=161
TICK000000004775|NODE|node06|ENQUEUE_TX|nonce=32
TICK000000004776|NET|event=SEND|from=node07|to=node00|tick=156|height=0|deliver_tick=159|type=core.Transaction
TICK000000004777|NET|event=SEND|from=node07|to=node01|tick=156|height=0|deliver_tick=159|type=core.Transaction
TICK000000004778|NET|event=DROP|from=node07|to=node02|tick=156|height=0|lat=2
TICK000000004779|NET|event=SEND|from=node07|to=node03|tick=156|height=0|deliver_tick=157|type=core.Transaction
TICK000000004780|NET|event=SEND|from=node07|to=node04|tick=156|height=0|deliver_tick=159|type=core.Transaction
TICK000000004781|NET|event=RATE_BLOCK|from=node07|to=node05|tick=156|height=0|until=161
TICK000000004782|NET|event=BLOCKED|from=node07|to=node06|tick=156|height=0|until=161
TICK000000004783|NET|event=BLOCKED|from=node07|to=node07|tick=156|height=0|until=161
TICK000000004784|NODE|node07|ENQUEUE_TX|nonce=32
TICK000000004785|NET|event=DELIVER|from=node00|to=node01|tick=157|height=0|type=core.Transaction
TICK000000004786|NET|event=DELIVER|from=node00|to=node01|tick=157|height=0|type=core.Transaction
TICK000000004787|NET|event=DELIVER|from=node01|to=node01|tick=157|height=0|type=core.Transaction
TICK000000004788|NET|event=DELIVER|from=node01|to=node04|tick=157|height=0|type=core.Transaction
TICK000000004789|NET|event=DELIVER|from=node03|to=node01|tick=157|height=0|type=core.Transaction
TICK000000004790|NET|event=DELIVER|from=node05|to=node00|tick=157|height=0|type=core.Transaction
TICK000000004791|NET|event=DELIVER|from=node05|to=node01|tick=157|height=0|type=core.Transaction
TICK000000004792|NET|event=DELIVER|from=node05|to=node03|tick=157|height=0|type=core.Transaction
TICK000000004793|NET|event=DELIVER|from=node06|to=node01|tick=157|height=0|type=core.Transaction
TICK000000004794|NET|event=DELIVER|from=node06|to=node02|tick=157|height=0|type=core.Transaction
TICK000000004795|NET|event=DELIVER|from=node06|to=node02|tick=157|height=0|type=core.Transaction
TICK000000004796|NET|event=DELIVER|from=node07|to=node03|tick=157|height=0|type=core.Transaction
TICK000000004797|NODE|node02|RECV|TX|from=node06|sender=node06|nonce=32
TICK000000004798|NODE|node04|RECV|TX|from=node01|sender=node01|nonce=32
TICK000000004799|NET|event=DELIVER|from=node00|to=node03|tick=158|height=0|type=core.Transaction
TICK000000004800|NET|event=DELIVER|from=node01|to=node00|tick=158|height=0|type=core.Transaction
TICK000000004801|NET|event=DELIVER|from=node01|to=node02|tick=158|height=0|type=core.Transaction
TICK000000004802|NET|event=DELIVER|from=node01|to=node03|tick=158|height=0|type=core.Transaction
TICK000000004803|NET|event=DELIVER|from=node02|to=node00|tick=158|height=0|type=core.Transaction
TICK000000004804|NET|event=DELIVER|from=node02|to=node03|tick=158|height=0|type=core.Transaction
TICK000000004805|NET|event=DELIVER|from=node03|to=node00|tick=158|height=0|type=core.Transaction
TICK000000004806|NET|event=DELIVER|from=node03|to=node02|tick=158|height=0|type=core.Transaction
TICK000000004807|NET|event=DELIVER|from=node03|to=node03|tick=158|height=0|type=core.Transaction
TICK000000004808|NET|event=DELIVER|from=node03|to=node04|tick=158|height=0|type=core.Transaction
TICK000000004809|NET|event=DELIVER|from=node04|to=node01|tick=158|height=0|type=core.Transaction
TICK000000004810|NET|event=DELIVER|from=node04|to=node04|tick=158|height=0|type=core.Transaction
TICK000000004811|NET|event=DELIVER|from=node05|to=node04|tick=158|height=0|type=core.Transaction
TICK000000004812|NET|event=DELIVER|from=node06|to=node03|tick=158|height=0|type=core.Transaction
TICK000000004813|NET|event=DELIVER|from=node00|to=node00|tick=159|height=0|type=core.Transaction
TICK000000004814|NET|event=DELIVER|from=node00|to=node02|tick=159|height=0|type=core.Transaction
TICK000000004815|NET|event=DELIVER|from=node00|to=node04|tick=159|height=0|type=core.Transaction
TICK000000004816|NET|event=DELIVER|from=node02|to=node01|tick=159|height=0|type=core.Transaction
TICK000000004817|NET|event=DELIVER|from=node02|to=node02|tick=159|height=0|type=core.Transaction
TICK000000004818|NET|event=DELIVER|from=node02|to=node04|tick=159|height=0|type=core.Transaction
TICK000000004819|NET|event=DELIVER|from=node04|to=node00|tick=159|height=0|type=core.Transaction
TICK000000004820|NET|event=DELIVER|from=node04|to=node02|tick=159|height=0|type=core.Transaction
TICK000000004821|NET|event=DELIVER|from=node04|to=node03|tick=159|height=0|type=core.Transaction
TICK000000004822|NET|event=DELIVER|from=node05|to=node02|tick=159|height=0|type=core.Transaction
TICK000000004823|NET|event=DELIVER|from=node05|to=node02|tick=159|height=0|type=core.Transaction
TICK000000004824|NET|event=DELIVER|from=node06|to=node00|tick=159|height=0|type=core.Transaction
TICK000000004825|NET|event=DELIVER|from=node06|to=node04|tick=159|height=0|type=core.Transaction
TICK000000004826|NET|event=DELIVER|from=node07|to=node00|tick=159|height=0|type=core.Transaction
TICK000000004827|NET|event=DELIVER|from=node07|to=node01|tick=159|height=0|type=core.Transaction
TICK000000004828|NET|event=DELIVER|from=node07|to=node04|tick=159|height=0|type=core.Transaction
TICK000000004829|NODE|node00|RECV|TX|from=node04|sender=node04|nonce=32
TICK000000004830|NODE|node00|RECV|TX|from=node07|sender=node07|nonce=32
TICK000000004831|NODE|node02|RECV|TX|from=node00|sender=node00|nonce=32
TICK000000004832|NODE|node03|RECV|TX|from=node04|sender=node04|nonce=32
TICK000000004833|NET|event=UNBLOCK|from=node00|to=|tick=161|height=0|tick=161
TICK000000004834|NET|event=UNBLOCK|from=node01|to=|tick=161|height=0|tick=161
TICK000000004835|NET|event=UNBLOCK|from=node02|to=|tick=161|height=0|tick=161
TICK000000004836|NET|event=UNBLOCK|from=node03|to=|tick=161|height=0|tick=161
TICK000000004837|NET|event=UNBLOCK|from=node04|to=|tick=161|height=0|tick=161
TICK000000004838|NET|event=UNBLOCK|from=node05|to=|tick=161|height=0|tick=161
TICK000000004839|NET|event=UNBLOCK|from=node06|to=|tick=161|height=0|tick=161
TICK000000004840|NET|event=UNBLOCK|from=node07|to=|tick=161|height=0|tick=161
TICK000000004841|NET|event=SEND|from=node00|to=node00|tick=161|height=0|deliver_tick=162|type=core.Transaction
TICK000000004842|NET|event=SEND|from=node00|to=node01|tick=161|height=0|deliver_tick=164|type=core.Transaction
TICK000000004843|NET|event=SEND|from=node00|to=node02|tick=161|height=0|deliver_tick=162|type=core.Transaction
TICK000000004844|NET|event=SEND|from=node00|to=node03|tick=161|height=0|deliver_tick=164|type=core.Transaction
TICK000000004845|NET|event=SEND|from=node00|to=node04|tick=161|height=0|deliver_tick=164|type=core.Transaction
TICK000000004846|NET|event=RATE_BLOCK|from=node00|to=node05|tick=161|height=0|until=166
TICK000000004847|NET|event=BLOCKED|from=node00|to=node06|tick=161|height=0|until=166
TICK000000004848|NET|event=BLOCKED|from=node00|to=node07|tick=161|height=0|until=166
TICK000000004849|NODE|node00|ENQUEUE_TX|nonce=33
TICK000000004850|NET|event=BLOCKED|from=node00|to=node00|tick=161|height=1|until=166
TICK000000004851|NET|event=BLOCKED|from=node00|to=node01|tick=161|height=1|until=166
TICK000000004852|NET|event=BLOCKED|from=node00|to=node02|tick=161|height=1|until=166
TICK000000004853|NET|event=BLOCKED|from=node00|to=node03|tick=161|height=1|until=166
TICK000000004854|NET|event=BLOCKED|from=node00|to=node04|tick=161|height=1|until=166
TICK000000004855|NET|event=BLOCKED|from=node00|to=node05|tick=161|height=1|until=166
TICK000000004856|NET|event=BLOCKED|from=node00|to=node06|tick=161|height=1|until=166
TICK000000004857|NET|event=BLOCKED|from=node00|to=node07|tick=161|height=1|until=166
TICK000000004858|NODE|node00|PROPOSE|H=1|txs=8
TICK000000004859|NET|event=SEND|from=node01|to=node00|tick=161|height=0|deliver_tick=164|type=core.Transaction
TICK000000004860|NET|event=SEND|from=node01|to=node01|tick=161|height=0|deliver_tick=163|type=core.Transaction
TICK000000004861|NET|event=SEND|from=node01|to=node02|tick=161|height=0|deliver_tick=162|type=core.Transaction
TICK000000004862|NET|event=SEND|from=node01|to=node03|tick=161|height=0|deliver_tick=164|type=core.Transaction
TICK000000004863|NET|event=SEND|from=node01|to=node04|tick=161|height=0|deliver_tick=163|type=core.Transaction
TICK000000004864|NET|event=RATE_BLOCK|from=node01|to=node05|tick=161|height=0|until=166
TICK000000004865|NET|event=BLOCKED|from=node01|to=node06|tick=161|height=0|until=166
TICK000000004866|NET|event=BLOCKED|from=node01|to=node07|tick=161|height=0|until=166
TICK000000004867|NODE|node01|ENQUEUE_TX|nonce=33
TICK000000004868|NET|event=SEND|from=node02|to=node00|tick=161|height=0|deliver_tick=163|type=core.Transaction
TICK000000004869|NET|event=SEND|from=node02|to=node01|tick=161|height=0|deliver_tick=164|type=core.Transaction
TICK000000004870|NET|event=SEND|from=node02|to=node02|tick=161|height=0|deliver_tick=164|type=core.Transaction
TICK000000004871|NET|event=DUP|from=node02|to=node02|tick=161|height=0|tick=164
TICK000000004872|NET|event=SEND|from=node02|to=node03|tick=161|height=0|deliver_tick=163|type=core.Transaction
TICK000000004873|NET|event=SEND|from=node02|to=node04|tick=161|height=0|deliver_tick=163|type=core.Transaction
TICK000000004874|NET|event=RATE_BLOCK|from=node02|to=node05|tick=161|height=0|until=166
TICK000000004875|NET|event=BLOCKED|from=node02|to=node06|tick=161|height=0|until=166
TICK000000004876|NET|event=BLOCKED|from=node02|to=node07|tick=161|height=0|until=166
TICK000000004877|NODE|node02|ENQUEUE_TX|nonce=33
TICK000000004878|NET|event=SEND|from=node03|to=node00|tick=161|height=0|deliver_tick=162|type=core.Transaction
TICK000000004879|NET|event=SEND|from=node03|to=node01|tick=161|height=0|deliver_tick=163|type=core.Transaction
TICK000000004880|NET|event=SEND|from=node03|to=node02|tick=161|height=0|deliver_tick=163|type=core.Transaction
TICK000000004881|NET|event=SEND|from=node03|to=node03|tick=161|height=0|deliver_tick=162|type=core.Transaction
TICK000000004882|NET|event=SEND|from=node03|to=node04|tick=161|height=0|deliver_tick=162|type=core.Transaction
TICK000000004883|NET|event=RATE_BLOCK|from=node03|to=node05|tick=161|height=0|until=166
TICK000000004884|NET|event=BLOCKED|from=node03|to=node06|tick=161|height=0|until=166
TICK000000004885|NET|event=BLOCKED|from=node03|to=node07|tick=161|height=0|until=166
TICK000000004886|NODE|node03|ENQUEUE_TX|nonce=33
TICK000000004887|NET|event=SEND|from=node04|to=node00|tick=161|height=0|deliver_tick=163|type=core.Transaction
TICK000000004888|NET|event=SEND|from=node04|to=node01|tick=161|height=0|deliver_tick=164|type=core.Transaction
TICK000000004889|NET|event=SEND|from=node04|to=node02|tick=161|height=0|deliver_tick=163|type=core.Transaction
TICK000000004890|NET|event=SEND|from=node04|to=node03|tick=161|height=0|deliver_tick=162|type=core.Transaction
TICK000000004891|NET|event=SEND|from=node04|to=node04|tick=161|height=0|deliver_tick=163|type=core.Transaction
TICK000000004892|NET|event=RATE_BLOCK|from=node04|to=node05|tick=161|height=0|until=166
TICK000000004893|NET|event=BLOCKED|from=node04|to=node06|tick=161|height=0|until=166
TICK000000004894|NET|event=BLOCKED|from=node04|to=node07|tick=161|height=0|until=166
TICK000000004895|NODE|node04|ENQUEUE_TX|nonce=33
TICK000000004896|NET|event=SEND|from=node05|to=node00|tick=161|height=0|deliver_tick=163|type=core.Transaction
TICK000000004897|NET|event=SEND|from=node05|to=node01|tick=161|height=0|deliver_tick=164|type=core.Transaction
TICK000000004898|NET|event=SEND|from=node05|to=node02|tick=161|height=0|deliver_tick=163|type=core.Transaction
TICK000000004899|NET|event=SEND|from=node05|to=node03|tick=161|height=0|deliver_tick=164|type=core.Transaction
TICK000000004900|NET|event=SEND|from=node05|to=node04|tick=161|height=0|deliver_tick=164|type=core.Transaction
TICK000000004901|NET|event=RATE_BLOCK|from=node05|to=node05|tick=161|height=0|until=166
TICK000000004902|NET|event=BLOCKED|from=node05|to=node06|tick=161|height=0|until=166
TICK000000004903|NET|event=BLOCKED|from=node05|to=node07|tick=161|height=0|until=166
TICK000000004904|NODE|node05|ENQUEUE_TX|nonce=33
TICK000000004905|NET|event=SEND|from=node06|to=node00|tick=161|height=0|deliver_tick=162|type=core.Transaction
TICK000000004906|NET|event=SEND|from=node06|to=node01|tick=161|height=0|deliver_tick=163|type=core.Transaction
TICK000000004907|NET|event=SEND|from=node06|to=node02|tick=161|height=0|deliver_tick=164|type=core.Transaction
TICK000000004908|NET|event=DUP|from=node06|to=node02|tick=161|height=0|tick=164
TICK000000004909|NET|event=SEND|from=node06|to=node03|tick=161|height=0|deliver_tick=163|type=core.Transaction
TICK000000004910|NET|event=SEND|from=node06|to=node04|tick=161|height=0|deliver_tick=162|type=core.Transaction
TICK000000004911|NET|event=RATE_BLOCK|from=node06|to=node05|tick=161|height=0|until=166
TICK000000004912|NET|event=BLOCKED|from=node06|to=node06|tick=161|height=0|until=166
TICK000000004913|NET|event=BLOCKED|from=node06|to=node07|tick=161|height=0|until=166
TICK000000004914|NODE|node06|ENQUEUE_TX|nonce=33
TICK000000004915|NET|event=SEND|from=node07|to=node00|tick=161|height=0|deliver_tick=162|type=core.Transaction
TICK000000004916|NET|event=SEND|from=node07|to=node01|tick=161|height=0|deliver_tick=163|type=core.Transaction
TICK000000004917|NET|event=SEND|from=node07|to=node02|tick=161|height=0|deliver_tick=164|type=core.Transaction
TICK000000004918|NET|event=SEND|from=node07|to=node03|tick=161|height=0|deliver_tick=162|type=core.Transaction
TICK000000004919|NET|event=SEND|from=node07|to=node04|tick=161|height=0|deliver_tick=163|type=core.Transaction
TICK000000004920|NET|event=RATE_BLOCK|from=node07|to=node05|tick=161|height=0|until=166
TICK000000004921|NET|event=BLOCKED|from=node07|to=node06|tick=161|height=0|until=166
TICK000000004922|NET|event=BLOCKED|from=node07|to=node07|tick=161|height=0|until=166
TICK000000004923|NODE|node07|ENQUEUE_TX|nonce=33
TICK000000004924|NET|event=DELIVER|from=node00|to=node00|tick=162|height=0|type=core.Transaction
TICK000000004925|NET|event=DELIVER|from=node00|to=node02|tick=162|height=0|type=core.Transaction
TICK000000004926|NET|event=DELIVER|from=node01|to=node02|tick=162|height=0|type=core.Transaction
TICK000000004927|NET|event=DELIVER|from=node03|to=node00|tick=162|height=0|type=core.Transaction
TICK000000004928|NET|event=DELIVER|from=node03|to=node03|tick=162|height=0|type=core.Transaction
TICK000000004929|NET|event=DELIVER|from=node03|to=node04|tick=162|height=0|type=core.Transaction
TICK000000004930|NET|event=DELIVER|from=node04|to=node03|tick=162|height=0|type=core.Transaction
TICK000000004931|NET|event=DELIVER|from=node06|to=node00|tick=162|height=0|type=core.Transaction
TICK000000004932|NET|event=DELIVER|from=node06|to=node04|tick=162|height=0|type=core.Transaction
TICK000000004933|NET|event=DELIVER|from=node07|to=node00|tick=162|height=0|type=core.Transaction
TICK000000004934|NET|event=DELIVER|from=node07|to=node03|tick=162|height=0|type=core.Transaction
TICK000000004935|NODE|node00|RECV|TX|from=node07|sender=node07|nonce=33
TICK000000004936|NODE|node02|RECV|TX|from=node00|sender=node00|nonce=33
TICK000000004937|NODE|node03|RECV|TX|from=node04|sender=node04|nonce=33
TICK000000004938|NET|event=DELIVER|from=node01|to=node01|tick=163|height=0|type=core.Transaction
TICK000000004939|NET|event=DELIVER|from=node01|to=node04|tick=163|height=0|type=core.Transaction
TICK000000004940|NET|event=DELIVER|from=node02|to=node00|tick=163|height=0|type=core.Transaction
TICK000000004941|NET|event=DELIVER|from=node02|to=node03|tick=163|height=0|type=core.Transaction
TICK000000004942|NET|event=DELIVER|from=node02|to=node04|tick=163|height=0|type=core.Transaction
TICK000000004943|NET|event=DELIVER|from=node03|to=node01|tick=163|height=0|type=core.Transaction
TICK000000004944|NET|event=DELIVER|from=node03|to=node02|tick=163|height=0|type=core.Transaction
TICK000000004945|NET|event=DELIVER|from=node04|to=node00|tick=163|height=0|type=core.Transaction
TICK000000004946|NET|event=DELIVER|from=node04|to=node02|tick=163|height=0|type=core.Transaction
TICK000000004947|NET|event=DELIVER|from=node04|to=node04|tick=163|height=0|type=core.Transaction
TICK000000004948|NET|event=DELIVER|from=node05|to=node00|tick=163|height=0|type=core.Transaction
TICK000000004949|NET|event=DELIVER|from=node05|to=node02|tick=163|height=0|type=core.Transaction
TICK000000004950|NET|event=DELIVER|from=node06|to=node01|tick=163|height=0|type=core.Transaction
TICK000000004951|NET|event=DELIVER|from=node06|to=node03|tick=163|height=0|type=core.Transaction
TICK000000004952|NET|event=DELIVER|from=node07|to=node01|tick=163|height=0|type=core.Transaction
TICK000000004953|NET|event=DELIVER|from=node07|to=node04|tick=163|height=0|type=core.Transaction
TICK000000004954|NODE|node00|RECV|TX|from=node04|sender=node04|nonce=33
TICK000000004955|NODE|node04|RECV|TX|from=node01|sender=node01|nonce=33
TICK000000004956|NET|event=DELIVER|from=node00|to=node01|tick=164|height=0|type=core.Transaction
TICK000000004957|NET|event=DELIVER|from=node00|to=node03|tick=164|height=0|type=core.Transaction
TICK000000004958|NET|event=DELIVER|from=node00|to=node04|tick=164|height=0|type=core.Transaction
TICK000000004959|NET|event=DELIVER|from=node01|to=node00|tick=164|height=0|type=core.Transaction
TICK000000004960|NET|event=DELIVER|from=node01|to=node03|tick=164|height=0|type=core.Transaction
TICK000000004961|NET|event=DELIVER|from=node02|to=node01|tick=164|height=0|type=core.Transaction
TICK000000004962|NET|event=DELIVER|from=node02|to=node02|tick=164|height=0|type=core.Transaction
TICK000000004963|NET|event=DELIVER|from=node02|to=node02|tick=164|height=0|type=core.Transaction
TICK000000004964|NET|event=DELIVER|from=node04|to=node01|tick=164|height=0|type=core.Transaction
TICK000000004965|NET|event=DELIVER|from=node05|to=node01|tick=164|height=0|type=core.Transaction
TICK000000004966|NET|event=DELIVER|from=node05|to=node03|tick=164|height=0|type=core.Transaction
TICK000000004967|NET|event=DELIVER|from=node05|to=node04|tick=164|height=0|type=core.Transaction
TICK000000004968|NET|event=DELIVER|from=node06|to=node02|tick=164|height=0|type=core.Transaction
TICK000000004969|NET|event=DELIVER|from=node06|to=node02|tick=164|height=0|type=core.Transaction
TICK000000004970|NET|event=DELIVER|from=node07|to=node02|tick=164|height=0|type=core.Transaction
TICK000000004971|NODE|node02|RECV|TX|from=node06|sender=node06|nonce=33
TICK000000004972|NET|event=UNBLOCK|from=node00|to=|tick=166|height=0|tick=166
TICK000000004973|NET|event=UNBLOCK|from=node01|to=|tick=166|height=0|tick=166
TICK000000004974|NET|event=UNBLOCK|from=node02|to=|tick=166|height=0|tick=166
TICK000000004975|NET|event=UNBLOCK|from=node03|to=|tick=166|height=0|tick=166
TICK000000004976|NET|event=UNBLOCK|from=node04|to=|tick=166|height=0|tick=166
TICK000000004977|NET|event=UNBLOCK|from=node05|to=|tick=166|height=0|tick=166
TICK000000004978|NET|event=UNBLOCK|from=node06|to=|tick=166|height=0|tick=166
TICK000000004979|NET|event=UNBLOCK|from=node07|to=|tick=166|height=0|tick=166
TICK000000004980|NET|event=SEND|from=node00|to=node00|tick=166|height=0|deliver_tick=168|type=core.Transaction
TICK000000004981|NET|event=SEND|from=node00|to=node01|tick=166|height=0|deliver_tick=168|type=core.Transaction
TICK000000004982|NET|event=SEND|from=node00|to=node02|tick=166|height=0|deliver_tick=167|type=core.Transaction
TICK000000004983|NET|event=DUP|from=node00|to=node02|tick=166|height=0|tick=167
TICK000000004984|NET|event=SEND|from=node00|to=node03|tick=166|height=0|deliver_tick=167|type=core.Transaction
TICK000000004985|NET|event=SEND|from=node00|to=node04|tick=166|height=0|deliver_tick=168|type=core.Transaction
TICK000000004986|NET|event=RATE_BLOCK|from=node00|to=node05|tick=166|height=0|until=171
TICK000000004987|NET|event=BLOCKED|from=node00|to=node06|tick=166|height=0|until=171
TICK000000004988|NET|event=BLOCKED|from=node00|to=node07|tick=166|height=0|until=171
TICK000000004989|NODE|node00|ENQUEUE_TX|nonce=34
TICK000000004990|NET|event=BLOCKED|from=node00|to=node00|tick=166|height=1|until=171
TICK000000004991|NET|event=BLOCKED|from=node00|to=node01|tick=166|height=1|until=171
TICK000000004992|NET|event=BLOCKED|from=node00|to=node02|tick=166|height=1|until=171
TICK000000004993|NET|event=BLOCKED|from=node00|to=node03|tick=166|height=1|until=171
TICK000000004994|NET|event=BLOCKED|from=node00|to=node04|tick=166|height=1|until=171
TICK000000004995|NET|event=BLOCKED|from=node00|to=node05|tick=166|height=1|until=171
TICK000000004996|NET|event=BLOCKED|from=node00|to=node06|tick=166|height=1|until=171
TICK000000004997|NET|event=BLOCKED|from=node00|to=node07|tick=166|height=1|until=171
TICK000000004998|NODE|node00|PROPOSE|H=1|txs=8
TICK000000004999|NET|event=SEND|from=node01|to=node00|tick=166|height=0|deliver_tick=167|type=core.Transaction
TICK000000005000|NET|event=SEND|from=node01|to=node01|tick=166|height=0|deliver_tick=167|type=core.Transaction
TICK000000005001|NET|event=DROP|from=node01|to=node02|tick=166|height=0|lat=3
TICK000000005002|NET|event=SEND|from=node01|to=node03|tick=166|height=0|deliver_tick=169|type=core.Transaction
TICK000000005003|NET|event=SEND|from=node01|to=node04|tick=166|height=0|deliver_tick=169|type=core.Transaction
TICK000000005004|NET|event=RATE_BLOCK|from=node01|to=node05|tick=166|height=0|until=171
TICK000000005005|NET|event=BLOCKED|from=node01|to=node06|tick=166|height=0|until=171
TICK000000005006|NET|event=BLOCKED|from=node01|to=node07|tick=166|height=0|until=171
TICK000000005007|NODE|node01|ENQUEUE_TX|nonce=34
TICK000000005008|NET|event=SEND|from=node02|to=node00|tick=166|height=0|deliver_tick=169|type=core.Transaction
TICK000000005009|NET|event=SEND|from=node02|to=node01|tick=166|height=0|deliver_tick=167|type=core.Transaction
TICK000000005010|NET|event=DROP|from=node02|to=node02|tick=166|height=0|lat=2
TICK000000005011|NET|event=SEND|from=node02|to=node03|tick=166|height=0|deliver_tick=168|type=core.Transaction
TICK000000005012|NET|event=SEND|from=node02|to=node04|tick=166|height=0|deliver_tick=168|type=core.Transaction
TICK000000005013|NET|event=RATE_BLOCK|from=node02|to=node05|tick=166|height=0|until=171
TICK000000005014|NET|event=BLOCKED|from=node02|to=node06|tick=166|height=0|until=171
TICK000000005015|NET|event=BLOCKED|from=node02|to=node07|tick=166|height=0|until=171
TICK000000005016|NODE|node02|ENQUEUE_TX|nonce=34
TICK000000005017|NET|event=SEND|from=node03|to=node00|tick=166|height=0|deliver_tick=169|type=core.Transaction
TICK000000005018|NET|event=SEND|from=node03|to=node01|tick=166|height=0|deliver_tick=167|type=core.Transaction
TICK000000005019|NET|event=SEND|from=node03|to=node02|tick=166|height=0|deliver_tick=167|type=core.Transaction
TICK000000005020|NET|event=SEND|from=node03|to=node03|tick=166|height=0|deliver_tick=167|type=core.Transaction
TICK000000005021|NET|event=SEND|from=node03|to=node04|tick=166|height=0|deliver_tick=168|type=core.Transaction
TICK000000005022|NET|event=RATE_BLOCK|from=node03|to=node05|tick=166|height=0|until=171
TICK000000005023|NET|event=BLOCKED|from=node03|to=node06|tick=166|height=0|until=171
TICK000000005024|NET|event=BLOCKED|from=node03|to=node07|tick=166|height=0|until=171
TICK000000005025|NODE|node03|ENQUEUE_TX|nonce=34
TICK000000005026|NET|event=SEND|from=node04|to=node00|tick=166|height=0|deliver_tick=168|type=core.Transaction
TICK000000005027|NET|event=DUP|from=node04|to=node00|tick=166|height=0|tick=168
TICK000000005028|NET|event=SEND|from=node04|to=node01|tick=166|height=0|deliver_tick=168|type=core.Transaction
TICK000000005029|NET|event=SEND|from=node04|to=node02|tick=166|height=0|deliver_tick=169|type=core.Transaction
TICK000000005030|NET|event=DROP|from=node04|to=node03|tick=166|height=0|lat=2
TICK000000005031|NET|event=SEND|from=node04|to=node04|tick=166|height=0|deliver_tick=167|type=core.Transaction
TICK000000005032|NET|event=RATE_BLOCK|from=node04|to=node05|tick=166|height=0|until=171
TICK000000005033|NET|event=BLOCKED|from=node04|to=node06|tick=166|height=0|until=171
TICK000000005034|NET|event=BLOCKED|from=node04|to=node07|tick=166|height=0|until=171
TICK000000005035|NODE|node04|ENQUEUE_TX|nonce=34
TICK000000005036|NET|event=SEND|from=node05|to=node00|tick=166|height=0|deliver_tick=167|type=core.Transaction
TICK000000005037|NET|event=SEND|from=node05|to=node01|tick=166|height=0|deliver_tick=167|type=core.Transaction
TICK000000005038|NET|event=SEND|from=node05|to=node02|tick=166|height=0|deliver_tick=168|type=core.Transaction
TICK000000005039|NET|event=SEND|from=node05|to=node03|tick=166|height=0|deliver_tick=169|type=core.Transaction
TICK000000005040|NET|event=SEND|from=node05|to=node04|tick=166|height=0|deliver_tick=168|type=core.Transaction
TICK000000005041|NET|event=RATE_BLOCK|from=node05|to=node05|tick=166|height=0|until=171
TICK000000005042|NET|event=BLOCKED|from=node05|to=node06|tick=166|height=0|until=171
TICK000000005043|NET|event=BLOCKED|from=node05|to=node07|tick=166|height=0|until=171
TICK000000005044|NODE|node05|ENQUEUE_TX|nonce=34
TICK000000005045|NET|event=SEND|from=node06|to=node00|tick=166|height=0|deliver_tick=169|type=core.Transaction
TICK000000005046|NET|event=SEND|from=node06|to=node01|tick=166|height=0|deliver_tick=168|type=core.Transaction
TICK000000005047|NET|event=SEND|from=node06|to=node02|tick=166|height=0|deliver_tick=167|type=core.Transaction
TICK000000005048|NET|event=SEND|from=node06|to=node03|tick=166|height=0|deliver_tick=167|type=core.Transaction
TICK000000005049|NET|event=SEND|from=node06|to=node04|tick=166|height=0|deliver_tick=168|type=core.Transaction
TICK000000005050|NET|event=RATE_BLOCK|from=node06|to=node05|tick=166|height=0|until=171
TICK000000005051|NET|event=BLOCKED|from=node06|to=node06|tick=166|height=0|until=171
TICK000000005052|NET|event=BLOCKED|from=node06|to=node07|tick=166|height=0|until=171
TICK000000005053|NODE|node06|ENQUEUE_TX|nonce=34
TICK000000005054|NET|event=SEND|from=node07|to=node00|tick=166|height=0|deliver_tick=169|type=core.Transaction
TICK000000005055|NET|event=SEND|from=node07|to=node01|tick=166|height=0|deliver_tick=167|type=core.Transaction
TICK000000005056|NET|event=SEND|from=node07|to=node02|tick=166|height=0|deliver_tick=167|type=core.Transaction
TICK000000005057|NET|event=SEND|from=node07|to=node03|tick=166|height=0|deliver_tick=169|type=core.Transaction
TICK000000005058|NET|event=DROP|from=node07|to=node04|tick=166|height=0|lat=3
TICK000000005059|NET|event=RATE_BLOCK|from=node07|to=node05|tick=166|height=0|until=171
TICK000000005060|NET|event=BLOCKED|from=node07|to=node06|tick=166|height=0|until=171
TICK000000005061|NET|event=BLOCKED|from=node07|to=node07|tick=166|height=0|until=171
TICK000000005062|NODE|node07|ENQUEUE_TX|nonce=34
TICK000000005063|NET|event=DELIVER|from=node00|to=node02|tick=167|height=0|type=core.Transaction
TICK000000005064|NET|event=DELIVER|from=node00|to=node02|tick=167|height=0|type=core.Transaction
TICK000000005065|NET|event=DELIVER|from=node00|to=node03|tick=167|height=0|type=core.Transaction
TICK000000005066|NET|event=DELIVER|from=node01|to=node00|tick=167|height=0|type=core.Transaction
TICK000000005067|NET|event=DELIVER|from=node01|to=node01|tick=167|height=0|type=core.Transaction
TICK000000005068|NET|event=DELIVER|from=node02|to=node01|tick=167|height=0|type=core.Transaction
TICK000000005069|NET|event=DELIVER|from=node03|to=node01|tick=167|height=0|type=core.Transaction
TICK000000005070|NET|event=DELIVER|from=node03|to=node02|tick=167|height=0|type=core.Transaction
TICK000000005071|NET|event=DELIVER|from=node03|to=node03|tick=167|height=0|type=core.Transaction
TICK000000005072|NET|event=DELIVER|from=node04|to=node04|tick=167|height=0|type=core.Transaction
TICK000000005073|NET|event=DELIVER|from=node05|to=node00|tick=167|height=0|type=core.Transaction
TICK000000005074|NET|event=DELIVER|from=node05|to=node01|tick=167|height=0|type=core.Transaction
TICK000000005075|NET|event=DELIVER|from=node06|to=node02|tick=167|height=0|type=core.Transaction
TICK000000005076|NET|event=DELIVER|from=node06|to=node03|tick=167|height=0|type=core.Transaction
TICK000000005077|NET|event=DELIVER|from=node07|to=node01|tick=167|height=0|type=core.Transaction
TICK000000005078|NET|event=DELIVER|from=node07|to=node02|tick=167|height=0|type=core.Transaction
TICK000000005079|NODE|node02|RECV|TX|from=node00|sender=node00|nonce=34
TICK000000005080|NODE|node02|RECV|TX|from=node06|sender=node06|nonce=34
TICK000000005081|NET|event=DELIVER|from=node00|to=node00|tick=168|height=0|type=core.Transaction
TICK000000005082|NET|event=DELIVER|from=node00|to=node01|tick=168|height=0|type=core.Transaction
TICK000000005083|NET|event=DELIVER|from=node00|to=node04|tick=168|height=0|type=core.Transaction
TICK000000005084|NET|event=DELIVER|from=node02|to=node03|tick=168|height=0|type=core.Transaction
TICK000000005085|NET|event=DELIVER|from=node02|to=node04|tick=168|height=0|type=core.Transaction
TICK000000005086|NET|event=DELIVER|from=node03|to=node04|tick=168|height=0|type=core.Transaction
TICK000000005087|NET|event=DELIVER|from=node04|to=node00|tick=168|height=0|type=core.Transaction
TICK000000005088|NET|event=DELIVER|from=node04|to=node00|tick=168|height=0|type=core.Transaction
TICK000000005089|NET|event=DELIVER|from=node04|to=node01|tick=168|height=0|type=core.Transaction
TICK000000005090|NET|event=DELIVER|from=node05|to=node02|tick=168|height=0|type=core.Transaction
TICK000000005091|NET|event=DELIVER|from=node05|to=node04|tick=168|height=0|type=core.Transaction
TICK000000005092|NET|event=DELIVER|from=node06|to=node01|tick=168|height=0|type=core.Transaction
TICK000000005093|NET|event=DELIVER|from=node06|to=node04|tick=168|height=0|type=core.Transaction
TICK000000005094|NODE|node00|RECV|TX|from=node04|sender=node04|nonce=34
TICK000000005095|NET|event=DELIVER|from=node01|to=node03|tick=169|height=0|type=core.Transaction
TICK000000005096|NET|event=DELIVER|from=node01|to=node04|tick=169|height=0|type=core.Transaction
TICK000000005097|NET|event=DELIVER|from=node02|to=node00|tick=169|height=0|type=core.Transaction
TICK000000005098|NET|event=DELIVER|from=node03|to=node00|tick=169|height=0|type=core.Transaction
TICK000000005099|NET|event=DELIVER|from=node04|to=node02|tick=169|height=0|type=core.Transaction
TICK000000005100|NET|event=DELIVER|from=node05|to=node03|tick=169|height=0|type=core.Transaction
TICK000000005101|NET|event=DELIVER|from=node06|to=node00|tick=169|height=0|type=core.Transaction
TICK000000005102|NET|event=DELIVER|from=node07|to=node00|tick=169|height=0|type=core.Transaction
TICK000000005103|NET|event=DELIVER|from=node07|to=node03|tick=169|height=0|type=core.Transaction
TICK000000005104|NODE|node00|RECV|TX|from=node07|sender=node07|nonce=34
TICK000000005105|NODE|node04|RECV|TX|from=node01|sender=node01|nonce=34
TICK000000005106|NET|event=UNBLOCK|from=node00|to=|tick=171|height=0|tick=171
TICK000000005107|NET|event=UNBLOCK|from=node01|to=|tick=171|height=0|tick=171
TICK000000005108|NET|event=UNBLOCK|from=node02|to=|tick=171|height=0|tick=171
TICK000000005109|NET|event=UNBLOCK|from=node03|to=|tick=171|height=0|tick=171
TICK000000005110|NET|event=UNBLOCK|from=node04|to=|tick=171|height=0|tick=171
TICK000000005111|NET|event=UNBLOCK|from=node05|to=|tick=171|height=0|tick=171
TICK000000005112|NET|event=UNBLOCK|from=node06|to=|tick=171|height=0|tick=171
TICK000000005113|NET|event=UNBLOCK|from=node07|to=|tick=171|height=0|tick=171
TICK000000005114|NET|event=SEND|from=node00|to=node00|tick=171|height=0|deliver_tick=174|type=core.Transaction
TICK000000005115|NET|event=SEND|from=node00|to=node01|tick=171|height=0|deliver_tick=172|type=core.Transaction
TICK000000005116|NET|event=SEND|from=node00|to=node02|tick=171|height=0|deliver_tick=173|type=core.Transaction
TICK000000005117|NET|event=DUP|from=node00|to=node02|tick=171|height=0|tick=173
TICK000000005118|NET|event=SEND|from=node00|to=node03|tick=171|height=0|deliver_tick=174|type=core.Transaction
TICK000000005119|NET|event=SEND|from=node00|to=node04|tick=171|height=0|deliver_tick=173|type=core.Transaction
TICK000000005120|NET|event=RATE_BLOCK|from=node00|to=node05|tick=171|height=0|until=176
TICK000000005121|NET|event=BLOCKED|from=node00|to=node06|tick=171|height=0|until=176
TICK000000005122|NET|event=BLOCKED|from=node00|to=node07|tick=171|height=0|until=176
TICK000000005123|NODE|node00|ENQUEUE_TX|nonce=35
TICK000000005124|NET|event=BLOCKED|from=node00|to=node00|tick=171|height=1|until=176
TICK000000005125|NET|event=BLOCKED|from=node00|to=node01|tick=171|height=1|until=176
TICK000000005126|NET|event=BLOCKED|from=node00|to=node02|tick=171|height=1|until=176
TICK000000005127|NET|event=BLOCKED|from=node00|to=node03|tick=171|height=1|until=176
TICK000000005128|NET|event=BLOCKED|from=node00|to=node04|tick=171|height=1|until=176
TICK000000005129|NET|event=BLOCKED|from=node00|to=node05|tick=171|height=1|until=176
TICK000000005130|NET|event=BLOCKED|from=node00|to=node06|tick=171|height=1|until=176
TICK000000005131|NET|event=BLOCKED|from=node00|to=node07|tick=171|height=1|until=176
TICK000000005132|NODE|node00|PROPOSE|H=1|txs=8
TICK000000005133|NET|event=SEND|from=node01|to=node00|tick=171|height=0|deliver_tick=172|type=core.Transaction
TICK000000005134|NET|event=SEND|from=node01|to=node01|tick=171|height=0|deliver_tick=174|type=core.Transaction
TICK000000005135|NET|event=DROP|from=node01|to=node02|tick=171|height=0|lat=3
TICK000000005136|NET|event=SEND|from=node01|to=node03|tick=171|height=0|deliver_tick=172|type=core.Transaction
TICK000000005137|NET|event=SEND|from=node01|to=node04|tick=171|height=0|deliver_tick=174|type=core.Transaction
TICK000000005138|NET|event=RATE_BLOCK|from=node01|to=node05|tick=171|height=0|until=176
TICK000000005139|NET|event=BLOCKED|from=node01|to=node06|tick=171|height=0|until=176
TICK000000005140|NET|event=BLOCKED|from=node01|to=node07|tick=171|height=0|until=176
TICK000000005141|NODE|node01|ENQUEUE_TX|nonce=35
TICK000000005142|NET|event=SEND|from=node02|to=node00|tick=171|height=0|deliver_tick=172|type=core.Transaction
TICK000000005143|NET|event=SEND|from=node02|to=node01|tick=171|height=0|deliver_tick=172|type=core.Transaction
TICK000000005144|NET|event=SEND|from=node02|to=node02|tick=171|height=0|deliver_tick=174|type=core.Transaction
TICK000000005145|NET|event=SEND|from=node02|to=node03|tick=171|height=0|deliver_tick=174|type=core.Transaction
TICK000000005146|NET|event=SEND|from=node02|to=node04|tick=171|height=0|deliver_tick=173|type=core.Transaction
TICK000000005147|NET|event=RATE_BLOCK|from=node02|to=node05|tick=171|height=0|until=176
TICK000000005148|NET|event=BLOCKED|from=node02|to=node06|tick=171|height=0|until=176
TICK000000005149|NET|event=BLOCKED|from=node02|to=node07|tick=171|height=0|until=176
TICK000000005150|NODE|node02|ENQUEUE_TX|nonce=35
TICK000000005151|NET|event=SEND|from=node03|to=node00|tick=171|height=0|deliver_tick=173|type=core.Transaction
TICK000000005152|NET|event=SEND|from=node03|to=node01|tick=171|height=0|deliver_tick=172|type=core.Transaction
TICK000000005153|NET|event=SEND|from=node03|to=node02|tick=171|height=0|deliver_tick=172|type=core.Transaction
TICK000000005154|NET|event=DROP|from=node03|to=node03|tick=171|height=0|lat=2
TICK000000005155|NET|event=SEND|from=node03|to=node04|tick=171|height=0|deliver_tick=174|type=core.Transaction
TICK000000005156|NET|event=DUP|from=node03|to=node04|tick=171|height=0|tick=174
TICK000000005157|NET|event=RATE_BLOCK|from=node03|to=node05|tick=171|height=0|until=176
TICK000000005158|NET|event=BLOCKED|from=node03|to=node06|tick=171|height=0|until=176
TICK000000005159|NET|event=BLOCKED|from=node03|to=node07|tick=171|height=0|until=176
TICK000000005160|NODE|node03|ENQUEUE_TX|nonce=35
TICK000000005161|NET|event=SEND|from=node04|to=node00|tick=171|height=0|deliver_tick=174|type=core.Transaction
TICK000000005162|NET|event=SEND|from=node04|to=node01|tick=171|height=0|deliver_tick=173|type=core.Transaction
TICK000000005163|NET|event=SEND|from=node04|to=node02|tick=171|height=0|deliver_tick=173|type=core.Transaction
TICK000000005164|NET|event=SEND|from=node04|to=node03|tick=171|height=0|deliver_tick=173|type=core.Transaction
TICK000000005165|NET|event=SEND|from=node04|to=node04|tick=171|height=0|deliver_tick=174|type=core.Transaction
TICK000000005166|NET|event=RATE_BLOCK|from=node04|to=node05|tick=171|height=0|until=176
TICK000000005167|NET|event=BLOCKED|from=node04|to=node06|tick=171|height=0|until=176
TICK000000005168|NET|event=BLOCKED|from=node04|to=node07|tick=171|height=0|until=176
TICK000000005169|NODE|node04|ENQUEUE_TX|nonce=35
TICK000000005170|NET|event=SEND|from=node05|to=node00|tick=171|height=0|deliver_tick=172|type=core.Transaction
TICK000000005171|NET|event=SEND|from=node05|to=node01|tick=171|height=0|deliver_tick=172|type=core.Transaction
TICK000000005172|NET|event=SEND|from=node05|to=node02|tick=171|height=0|deliver_tick=173|type=core.Transaction
TICK000000005173|NET|event=SEND|from=node05|to=node03|tick=171|height=0|deliver_tick=173|type=core.Transaction
TICK000000005174|NET|event=SEND|from=node05|to=node04|tick=171|height=0|deliver_tick=173|type=core.Transaction
TICK000000005175|NET|event=RATE_BLOCK|from=node05|to=node05|tick=171|height=0|until=176
TICK000000005176|NET|event=BLOCKED|from=node05|to=node06|tick=171|height=0|until=176
TICK000000005177|NET|event=BLOCKED|from=node05|to=node07|tick=171|height=0|until=176
TICK000000005178|NODE|node05|ENQUEUE_TX|nonce=35
TICK000000005179|NET|event=SEND|from=node06|to=node00|tick=171|height=0|deliver_tick=174|type=core.Transaction
TICK000000005180|NET|event=DROP|from=node06|to=node01|tick=171|height=0|lat=3
TICK000000005181|NET|event=SEND|from=node06|to=node02|tick=171|height=0|deliver_tick=173|type=core.Transaction
TICK000000005182|NET|event=SEND|from=node06|to=node03|tick=171|height=0|deliver_tick=173|type=core.Transaction
TICK000000005183|NET|event=SEND|from=node06|to=node04|tick=171|height=0|deliver_tick=172|type=core.Transaction
TICK000000005184|NET|event=DUP|from=node06|to=node04|tick=171|height=0|tick=172
TICK000000005185|NET|event=RATE_BLOCK|from=node06|to=node05|tick=171|height=0|until=176
TICK000000005186|NET|event=BLOCKED|from=node06|to=node06|tick=171|height=0|until=176
TICK000000005187|NET|event=BLOCKED|from=node06|to=node07|tick=171|height=0|until=176
TICK000000005188|NODE|node06|ENQUEUE_TX|nonce=35
TICK000000005189|NET|event=DROP|from=node07|to=node00|tick=171|height=0|lat=3
TICK000000005190|NET|event=SEND|from=node07|to=node01|tick=171|height=0|deliver_tick=174|type=core.Transaction
TICK000000005191|NET|event=SEND|from=node07|to=node02|tick=171|height=0|deliver_tick=172|type=core.Transaction
TICK000000005192|NET|event=SEND|from=node07|to=node03|tick=171|height=0|deliver_tick=174|type=core.Transaction
TICK000000005193|NET|event=DUP|from=node07|to=node03|tick=171|height=0|tick=174
TICK000000005194|NET|event=SEND|from=node07|to=node04|tick=171|height=0|deliver_tick=173|type=core.Transaction
TICK000000005195|NET|event=RATE_BLOCK|from=node07|to=node05|tick=171|height=0|until=176
TICK000000005196|NET|event=BLOCKED|from=node07|to=node06|tick=171|height=0|until=176
TICK000000005197|NET|event=BLOCKED|from=node07|to=node07|tick=171|height=0|until=176
TICK000000005198|NODE|node07|ENQUEUE_TX|nonce=35
TICK000000005199|NET|event=DELIVER|from=node00|to=node01|tick=172|height=0|type=core.Transaction
TICK000000005200|NET|event=DELIVER|from=node01|to=node00|tick=172|height=0|type=core.Transaction
TICK000000005201|NET|event=DELIVER|from=node01|to=node03|tick=172|height=0|type=core.Transaction
TICK000000005202|NET|event=DELIVER|from=node02|to=node00|tick=172|height=0|type=core.Transaction
TICK000000005203|NET|event=DELIVER|from=node02|to=node01|tick=172|height=0|type=core.Transaction
TICK000000005204|NET|event=DELIVER|from=node03|to=node01|tick=172|height=0|type=core.Transaction
TICK000000005205|NET|event=DELIVER|from=node03|to=node02|tick=172|height=0|type=core.Transaction
TICK000000005206|NET|event=DELIVER|from=node05|to=node00|tick=172|height=0|type=core.Transaction
TICK000000005207|NET|event=DELIVER|from=node05|to=node01|tick=172|height=0|type=core.Transaction
TICK000000005208|NET|event=DELIVER|from=node06|to=node04|tick=172|height=0|type=core.Transaction
TICK000000005209|NET|event=DELIVER|from=node06|to=node04|tick=172|height=0|type=core.Transaction
TICK000000005210|NET|event=DELIVER|from=node07|to=node02|tick=172|height=0|type=core.Transaction
TICK000000005211|NET|event=DELIVER|from=node00|to=node02|tick=173|height=0|type=core.Transaction
TICK000000005212|NET|event=DELIVER|from=node00|to=node02|tick=173|height=0|type=core.Transaction
TICK000000005213|NET|event=DELIVER|from=node00|to=node04|tick=173|height=0|type=core.Transaction
TICK000000005214|NET|event=DELIVER|from=node02|to=node04|tick=173|height=0|type=core.Transaction
TICK000000005215|NET|event=DELIVER|from=node03|to=node00|tick=173|height=0|type=core.Transaction
TICK000000005216|NET|event=DELIVER|from=node04|to=node01|tick=173|height=0|type=core.Transaction
TICK000000005217|NET|event=DELIVER|from=node04|to=node02|tick=173|height=0|type=core.Transaction
TICK000000005218|NET|event=DELIVER|from=node04|to=node03|tick=173|height=0|type=core.Transaction
TICK000000005219|NET|event=DELIVER|from=node05|to=node02|tick=173|height=0|type=core.Transaction
TICK000000005220|NET|event=DELIVER|from=node05|to=node03|tick=173|height=0|type=core.Transaction
TICK000000005221|NET|event=DELIVER|from=node05|to=node04|tick=173|height=0|type=core.Transaction
TICK000000005222|NET|event=DELIVER|from=node06|to=node02|tick=173|height=0|type=core.Transaction
TICK000000005223|NET|event=DELIVER|from=node06|to=node03|tick=173|height=0|type=core.Transaction
TICK000000005224|NET|event=DELIVER|from=node07|to=node04|tick=173|height=0|type=core.Transaction
TICK000000005225|NODE|node02|RECV|TX|from=node00|sender=node00|nonce=35
TICK000000005226|NODE|node02|RECV|TX|from=node06|sender=node06|nonce=35
TICK000000005227|NET|event=DELIVER|from=node00|to=node00|tick=174|height=0|type=core.Transaction
TICK000000005228|NET|event=DELIVER|from=node00|to=node03|tick=174|height=0|type=core.Transaction
TICK000000005229|NET|event=DELIVER|from=node01|to=node01|tick=174|height=0|type=core.Transaction
TICK000000005230|NET|event=DELIVER|from=node01|to=node04|tick=174|height=0|type=core.Transaction
TICK000000005231|NET|event=DELIVER|from=node02|to=node02|tick=174|height=0|type=core.Transaction
TICK000000005232|NET|event=DELIVER|from=node02|to=node03|tick=174|height=0|type=core.Transaction
TICK000000005233|NET|event=DELIVER|from=node03|to=node04|tick=174|height=0|type=core.Transaction
TICK000000005234|NET|event=DELIVER|from=node03|to=node04|tick=174|height=0|type=core.Transaction
TICK000000005235|NET|event=DELIVER|from=node04|to=node00|tick=174|height=0|type=core.Transaction
TICK000000005236|NET|event=DELIVER|from=node04|to=node04|tick=174|height=0|type=core.Transaction
TICK000000005237|NET|event=DELIVER|from=node06|to=node00|tick=174|height=0|type=core.Transaction
TICK000000005238|NET|event=DELIVER|from=node07|to=node01|tick=174|height=0|type=core.Transaction
TICK000000005239|NET|event=DELIVER|from=node07|to=node03|tick=174|height=0|type=core.Transaction
TICK000000005240|NET|event=DELIVER|from=node07|to=node03|tick=174|height=0|type=core.Transaction
TICK000000005241|NODE|node00|RECV|TX|from=node04|sender=node04|nonce=35
TICK000000005242|NODE|node04|RECV|TX|from=node01|sender=node01|nonce=35
TICK000000005243|NET|event=UNBLOCK|from=node00|to=|tick=176|height=0|tick=176
TICK000000005244|NET|event=UNBLOCK|from=node01|to=|tick=176|height=0|tick=176
TICK000000005245|NET|event=UNBLOCK|from=node02|to=|tick=176|height=0|tick=176
TICK000000005246|NET|event=UNBLOCK|from=node03|to=|tick=176|height=0|tick=176
TICK000000005247|NET|event=UNBLOCK|from=node04|to=|tick=176|height=0|tick=176
TICK000000005248|NET|event=UNBLOCK|from=node05|to=|tick=176|height=0|tick=176
TICK000000005249|NET|event=UNBLOCK|from=node06|to=|tick=176|height=0|tick=176
TICK000000005250|NET|event=UNBLOCK|from=node07|to=|tick=176|height=0|tick=176
TICK000000005251|NET|event=SEND|from=node00|to=node00|tick=176|height=0|deliver_tick=177|type=core.Transaction
TICK000000005252|NET|event=SEND|from=node00|to=node01|tick=176|height=0|deliver_tick=177|type=core.Transaction
TICK000000005253|NET|event=SEND|from=node00|to=node02|tick=176|height=0|deliver_tick=179|type=core.Transaction
TICK000000005254|NET|event=SEND|from=node00|to=node03|tick=176|height=0|deliver_tick=179|type=core.Transaction
TICK000000005255|NET|event=SEND|from=node00|to=node04|tick=176|height=0|deliver_tick=179|type=core.Transaction
TICK000000005256|NET|event=RATE_BLOCK|from=node00|to=node05|tick=176|height=0|until=181
TICK000000005257|NET|event=BLOCKED|from=node00|to=node06|tick=176|height=0|until=181
TICK000000005258|NET|event=BLOCKED|from=node00|to=node07|tick=176|height=0|until=181
TICK000000005259|NODE|node00|ENQUEUE_TX|nonce=36
TICK000000005260|NET|event=BLOCKED|from=node00|to=node00|tick=176|height=1|until=181
TICK000000005261|NET|event=BLOCKED|from=node00|to=node01|tick=176|height=1|until=181
TICK000000005262|NET|event=BLOCKED|from=node00|to=node02|tick=176|height=1|until=181
TICK000000005263|NET|event=BLOCKED|from=node00|to=node03|tick=176|height=1|until=181
TICK000000005264|NET|event=BLOCKED|from=node00|to=node04|tick=176|height=1|until=181
TICK000000005265|NET|event=BLOCKED|from=node00|to=node05|tick=176|height=1|until=181
TICK000000005266|NET|event=BLOCKED|from=node00|to=node06|tick=176|height=1|until=181
TICK000000005267|NET|event=BLOCKED|from=node00|to=node07|tick=176|height=1|until=181
TICK000000005268|NODE|node00|PROPOSE|H=1|txs=8
TICK000000005269|NET|event=DROP|from=node01|to=node00|tick=176|height=0|lat=3
TICK000000005270|NET|event=SEND|from=node01|to=node01|tick=176|height=0|deliver_tick=179|type=core.Transaction
TICK000000005271|NET|event=SEND|from=node01|to=node02|tick=176|height=0|deliver_tick=179|type=core.Transaction
TICK000000005272|NET|event=SEND|from=node01|to=node03|tick=176|height=0|deliver_tick=179|type=core.Transaction
TICK000000005273|NET|event=SEND|from=node01|to=node04|tick=176|height=0|deliver_tick=179|type=core.Transaction
TICK000000005274|NET|event=RATE_BLOCK|from=node01|to=node05|tick=176|height=0|until=181
TICK000000005275|NET|event=BLOCKED|from=node01|to=node06|tick=176|height=0|until=181
TICK000000005276|NET|event=BLOCKED|from=node01|to=node07|tick=176|height=0|until=181
TICK000000005277|NODE|node01|ENQUEUE_TX|nonce=36
TICK000000005278|NET|event=SEND|from=node02|to=node00|tick=176|height=0|deliver_tick=178|type=core.Transaction
TICK000000005279|NET|event=SEND|from=node02|to=node01|tick=176|height=0|deliver_tick=178|type=core.Transaction
TICK000000005280|NET|event=SEND|from=node02|to=node02|tick=176|height=0|deliver_tick=179|type=core.Transaction
TICK000000005281|NET|event=SEND|from=node02|to=node03|tick=176|height=0|deliver_tick=179|type=core.Transaction
TICK000000005282|NET|event=SEND|from=node02|to=node04|tick=176|height=0|deliver_tick=178|type=core.Transaction
TICK000000005283|NET|event=RATE_BLOCK|from=node02|to=node05|tick=176|height=0|until=181
TICK000000005284|NET|event=BLOCKED|from=node02|to=node06|tick=176|height=0|until=181
TICK000000005285|NET|event=BLOCKED|from=node02|to=node07|tick=176|height=0|until=181
TICK000000005286|NODE|node02|ENQUEUE_TX|nonce=36
TICK000000005287|NET|event=SEND|from=node03|to=node00|tick=176|height=0|deliver_tick=177|type=core.Transaction
TICK000000005288|NET|event=SEND|from=node03|to=node01|tick=176|height=0|deliver_tick=177|type=core.Transaction
TICK000000005289|NET|event=SEND|from=node03|to=node02|tick=176|height=0|deliver_tick=179|type=core.Transaction
TICK000000005290|NET|event=DUP|from=node03|to=node02|tick=176|height=0|tick=179
TICK000000005291|NET|event=SEND|from=node03|to=node03|tick=176|height=0|deliver_tick=179|type=core.Transaction
TICK000000005292|NET|event=DROP|from=node03|to=node04|tick=176|height=0|lat=1
TICK000000005293|NET|event=RATE_BLOCK|from=node03|to=node05|tick=176|height=0|until=181
TICK000000005294|NET|event=BLOCKED|from=node03|to=node06|tick=176|height=0|until=181
TICK000000005295|NET|event=BLOCKED|from=node03|to=node07|tick=176|height=0|until=181
TICK000000005296|NODE|node03|ENQUEUE_TX|nonce=36
TICK000000005297|NET|event=SEND|from=node04|to=node00|tick=176|height=0|deliver_tick=179|type=core.Transaction
TICK000000005298|NET|event=SEND|from=node04|to=node01|tick=176|height=0|deliver_tick=177|type=core.Transaction
TICK000000005299|NET|event=SEND|from=node04|to=node02|tick=176|height=0|deliver_tick=179|type=core.Transaction
TICK000000005300|NET|event=SEND|from=node04|to=node03|tick=176|height=0|deliver_tick=177|type=core.Transaction
TICK000000005301|NET|event=SEND|from=node04|to=node04|tick=176|height=0|deliver_tick=179|type=core.Transaction
TICK000000005302|NET|event=RATE_BLOCK|from=node04|to=node05|tick=176|height=0|until=181
TICK000000005303|NET|event=BLOCKED|from=node04|to=node06|tick=176|height=0|until=181
TICK000000005304|NET|event=BLOCKED|from=node04|to=node07|tick=176|height=0|until=181
TICK000000005305|NODE|node04|ENQUEUE_TX|nonce=36
TICK000000005306|NET|event=SEND|from=node05|to=node00|tick=176|height=0|deliver_tick=179|type=core.Transaction
TICK000000005307|NET|event=SEND|from=node05|to=node01|tick=176|height=0|deliver_tick=177|type=core.Transaction
TICK000000005308|NET|event=SEND|from=node05|to=node02|tick=176|height=0|deliver_tick=179|type=core.Transaction
TICK000000005309|NET|event=SEND|from=node05|to=node03|tick=176|height=0|deliver_tick=177|type=core.Transaction
TICK000000005310|NET|event=SEND|from=node05|to=node04|tick=176|height=0|deliver_tick=179|type=core.Transaction
TICK000000005311|NET|event=RATE_BLOCK|from=node05|to=node05|tick=176|height=0|until=181
TICK000000005312|NET|event=BLOCKED|from=node05|to=node06|tick=176|height=0|until=181
TICK000000005313|NET|event=BLOCKED|from=node05|to=node07|tick=176|height=0|until=181
TICK000000005314|NODE|node05|ENQUEUE_TX|nonce=36
TICK000000005315|NET|event=SEND|from=node06|to=node00|tick=176|height=0|deliver_tick=179|type=core.Transaction
TICK000000005316|NET|event=SEND|from=node06|to=node01|tick=176|height=0|deliver_tick=178|type=core.Transaction
TICK000000005317|NET|event=SEND|from=node06|to=node02|tick=176|height=0|deliver_tick=178|type=core.Transaction
TICK000000005318|NET|event=DUP|from=node06|to=node02|tick=176|height=0|tick=178
TICK000000005319|NET|event=SEND|from=node06|to=node03|tick=176|height=0|deliver_tick=179|type=core.Transaction
TICK000000005320|NET|event=SEND|from=node06|to=node04|tick=176|height=0|deliver_tick=179|type=core.Transaction
TICK000000005321|NET|event=RATE_BLOCK|from=node06|to=node05|tick=176|height=0|until=181
TICK000000005322|NET|event=BLOCKED|from=node06|to=node06|tick=176|height=0|until=181
TICK000000005323|NET|event=BLOCKED|from=node06|to=node07|tick=176|height=0|until=181
TICK000000005324|NODE|node06|ENQUEUE_TX|nonce=36
TICK000000005325|NET|event=SEND|from=node07|to=node00|tick=176|height=0|deliver_tick=177|type=core.Transaction
TICK000000005326|NET|event=SEND|from=node07|to=node01|tick=176|height=0|deliver_tick=179|type=core.Transaction
TICK000000005327|NET|event=SEND|from=node07|to=node02|tick=176|height=0|deliver_tick=178|type=core.Transaction
TICK000000005328|NET|event=SEND|from=node07|to=node03|tick=176|height=0|deliver_tick=178|type=core.Transaction
TICK000000005329|NET|event=SEND|from=node07|to=node04|tick=176|height=0|deliver_tick=177|type=core.Transaction
TICK000000005330|NET|event=RATE_BLOCK|from=node07|to=node05|tick=176|height=0|until=181
TICK000000005331|NET|event=BLOCKED|from=node07|to=node06|tick=176|height=0|until=181
TICK000000005332|NET|event=BLOCKED|from=node07|to=node07|tick=176|height=0|until=181
TICK000000005333|NODE|node07|ENQUEUE_TX|nonce=36
TICK000000005334|NET|event=DELIVER|from=node00|to=node00|tick=177|height=0|type=core.Transaction
TICK000000005335|NET|event=DELIVER|from=node00|to=node01|tick=177|height=0|type=core.Transaction
TICK000000005336|NET|event=DELIVER|from=node03|to=node00|tick=177|height=0|type=core.Transaction
TICK000000005337|NET|event=DELIVER|from=node03|to=node01|tick=177|height=0|type=core.Transaction
TICK000000005338|NET|event=DELIVER|from=node04|to=node01|tick=177|height=0|type=core.Transaction
TICK000000005339|NET|event=DELIVER|from=node04|to=node03|tick=177|height=0|type=core.Transaction
TICK000000005340|NET|event=DELIVER|from=node05|to=node01|tick=177|height=0|type=core.Transaction
TICK000000005341|NET|event=DELIVER|from=node05|to=node03|tick=177|height=0|type=core.Transaction
TICK000000005342|NET|event=DELIVER|from=node07|to=node00|tick=177|height=0|type=core.Transaction
TICK000000005343|NET|event=DELIVER|from=node07|to=node04|tick=177|height=0|type=core.Transaction
TICK000000005344|NET|event=DELIVER|from=node02|to=node00|tick=178|height=0|type=core.Transaction
TICK000000005345|NET|event=DELIVER|from=node02|to=node01|tick=178|height=0|type=core.Transaction
TICK000000005346|NET|event=DELIVER|from=node02|to=node04|tick=178|height=0|type=core.Transaction
TICK000000005347|NET|event=DELIVER|from=node06|to=node01|tick=178|height=0|type=core.Transaction
TICK000000005348|NET|event=DELIVER|from=node06|to=node02|tick=178|height=0|type=core.Transaction
TICK000000005349|NET|event=DELIVER|from=node06|to=node02|tick=178|height=0|type=core.Transaction
TICK000000005350|NET|event=DELIVER|from=node07|to=node02|tick=178|height=0|type=core.Transaction
TICK000000005351|NET|event=DELIVER|from=node07|to=node03|tick=178|height=0|type=core.Transaction
TICK000000005352|NODE|node02|RECV|TX|from=node06|sender=node06|nonce=36
TICK000000005353|NET|event=DELIVER|from=node00|to=node02|tick=179|height=0|type=core.Transaction
TICK000000005354|NET|event=DELIVER|from=node00|to=node03|tick=179|height=0|type=core.Transaction
TICK000000005355|NET|event=DELIVER|from=node00|to=node04|tick=179|height=0|type=core.Transaction
TICK000000005356|NET|event=DELIVER|from=node01|to=node01|tick=179|height=0|type=core.Transaction
TICK000000005357|NET|event=DELIVER|from=node01|to=node02|tick=179|height=0|type=core.Transaction
TICK000000005358|NET|event=DELIVER|from=node01|to=node03|tick=179|height=0|type=core.Transaction
TICK000000005359|NET|event=DELIVER|from=node01|to=node04|tick=179|height=0|type=core.Transaction
TICK000000005360|NET|event=DELIVER|from=node02|to=node02|tick=179|height=0|type=core.Transaction
TICK000000005361|NET|event=DELIVER|from=node02|to=node03|tick=179|height=0|type=core.Transaction
TICK000000005362|NET|event=DELIVER|from=node03|to=node02|tick=179|height=0|type=core.Transaction
TICK000000005363|NET|event=DELIVER|from=node03|to=node02|tick=179|height=0|type=core.Transaction
TICK000000005364|NET|event=DELIVER|from=node03|to=node03|tick=179|height=0|type=core.Transaction
TICK000000005365|NET|event=DELIVER|from=node04|to=node00|tick=179|height=0|type=core.Transaction
TICK000000005366|NET|event=DELIVER|from=node04|to=node02|tick=179|height=0|type=core.Transaction
TICK000000005367|NET|event=DELIVER|from=node04|to=node04|tick=179|height=0|type=core.Transaction
TICK000000005368|NET|event=DELIVER|from=node05|to=node00|tick=179|height=0|type=core.Transaction
TICK000000005369|NET|event=DELIVER|from=node05|to=node02|tick=179|height=0|type=core.Transaction
TICK000000005370|NET|event=DELIVER|from=node05|to=node04|tick=179|height=0|type=core.Transaction
TICK000000005371|NET|event=DELIVER|from=node06|to=node00|tick=179|height=0|type=core.Transaction
TICK000000005372|NET|event=DELIVER|from=node06|to=node03|tick=179|height=0|type=core.Transaction
TICK000000005373|NET|event=DELIVER|from=node06|to=node04|tick=179|height=0|type=core.Transaction
TICK000000005374|NET|event=DELIVER|from=node07|to=node01|tick=179|height=0|type=core.Transaction
TICK000000005375|NODE|node00|RECV|TX|from=node04|sender=node04|nonce=36
TICK000000005376|NODE|node02|RECV|TX|from=node00|sender=node00|nonce=36
TICK000000005377|NODE|node04|RECV|TX|from=node01|sender=node01|nonce=36
TICK000000005378|NET|event=UNBLOCK|from=node00|to=|tick=181|height=0|tick=181
TICK000000005379|NET|event=UNBLOCK|from=node01|to=|tick=181|height=0|tick=181
TICK000000005380|NET|event=UNBLOCK|from=node02|to=|tick=181|height=0|tick=181
TICK000000005381|NET|event=UNBLOCK|from=node03|to=|tick=181|height=0|tick=181
TICK000000005382|NET|event=UNBLOCK|from=node04|to=|tick=181|height=0|tick=181
TICK000000005383|NET|event=UNBLOCK|from=node05|to=|tick=181|height=0|tick=181
TICK000000005384|NET|event=UNBLOCK|from=node06|to=|tick=181|height=0|tick=181
TICK000000005385|NET|event=UNBLOCK|from=node07|to=|tick=181|height=0|tick=181
TICK000000005386|NET|event=SEND|from=node00|to=node00|tick=181|height=0|deliver_tick=182|type=core.Transaction
TICK000000005387|NET|event=SEND|from=node00|to=node01|tick=181|height=0|deliver_tick=183|type=core.Transaction
TICK000000005388|NET|event=SEND|from=node00|to=node02|tick=181|height=0|deliver_tick=184|type=core.Transaction
TICK000000005389|NET|event=SEND|from=node00|to=node03|tick=181|height=0|deliver_tick=184|type=core.Transaction
TICK000000005390|NET|event=SEND|from=node00|to=node04|tick=181|height=0|deliver_tick=182|type=core.Transaction
TICK000000005391|NET|event=DUP|from=node00|to=node04|tick=181|height=0|tick=182
TICK000000005392|NET|event=RATE_BLOCK|from=node00|to=node05|tick=181|height=0|until=186
TICK000000005393|NET|event=BLOCKED|from=node00|to=node06|tick=181|height=0|until=186
TICK000000005394|NET|event=BLOCKED|from=node00|to=node07|tick=181|height=0|until=186
TICK000000005395|NODE|node00|ENQUEUE_TX|nonce=37
TICK000000005396|NET|event=BLOCKED|from=node00|to=node00|tick=181|height=1|until=186
TICK000000005397|NET|event=BLOCKED|from=node00|to=node01|tick=181|height=1|until=186
TICK000000005398|NET|event=BLOCKED|from=node00|to=node02|tick=181|height=1|until=186
TICK000000005399|NET|event=BLOCKED|from=node00|to=node03|tick=181|height=1|until=186
TICK000000005400|NET|event=BLOCKED|from=node00|to=node04|tick=181|height=1|until=186
TICK000000005401|NET|event=BLOCKED|from=node00|to=node05|tick=181|height=1|until=186
TICK000000005402|NET|event=BLOCKED|from=node00|to=node06|tick=181|height=1|until=186
TICK000000005403|NET|event=BLOCKED|from=node00|to=node07|tick=181|height=1|until=186
TICK000000005404|NODE|node00|PROPOSE|H=1|txs=8
TICK000000005405|NET|event=SEND|from=node01|to=node00|tick=181|height=0|deliver_tick=184|type=core.Transaction
TICK000000005406|NET|event=SEND|from=node01|to=node01|tick=181|height=0|deliver_tick=184|type=core.Transaction
TICK000000005407|NET|event=SEND|from=node01|to=node02|tick=181|height=0|deliver_tick=183|type=core.Transaction
TICK000000005408|NET|event=SEND|from=node01|to=node03|tick=181|height=0|deliver_tick=184|type=core.Transaction
TICK000000005409|NET|event=SEND|from=node01|to=node04|tick=181|height=0|deliver_tick=184|type=core.Transaction
TICK000000005410|NET|event=RATE_BLOCK|from=node01|to=node05|tick=181|height=0|until=186
TICK000000005411|NET|event=BLOCKED|from=node01|to=node06|tick=181|height=0|until=186
TICK000000005412|NET|event=BLOCKED|from=node01|to=node07|tick=181|height=0|until=186
TICK000000005413|NODE|node01|ENQUEUE_TX|nonce=37
TICK000000005414|NET|event=SEND|from=node02|to=node00|tick=181|height=0|deliver_tick=184|type=core.Transaction
TICK000000005415|NET|event=SEND|from=node02|to=node01|tick=181|height=0|deliver_tick=183|type=core.Transaction
TICK000000005416|NET|event=SEND|from=node02|to=node02|tick=181|height=0|deliver_tick=184|type=core.Transaction
TICK000000005417|NET|event=SEND|from=node02|to=node03|tick=181|height=0|deliver_tick=182|type=core.Transaction
TICK000000005418|NET|event=DUP|from=node02|to=node03|tick=181|height=0|tick=182
TICK000000005419|NET|event=SEND|from=node02|to=node04|tick=181|height=0|deliver_tick=184|type=core.Transaction
TICK000000005420|NET|event=RATE_BLOCK|from=node02|to=node05|tick=181|height=0|until=186
TICK000000005421|NET|event=BLOCKED|from=node02|to=node06|tick=181|height=0|until=186
TICK000000005422|NET|event=BLOCKED|from=node02|to=node07|tick=181|height=0|until=186
TICK000000005423|NODE|node02|ENQUEUE_TX|nonce=37
TICK000000005424|NET|event=SEND|from=node03|to=node00|tick=181|height=0|deliver_tick=184|type=core.Transaction
TICK000000005425|NET|event=SEND|from=node03|to=node01|tick=181|height=0|deliver_tick=182|type=core.Transaction
TICK000000005426|NET|event=SEND|from=node03|to=node02|tick=181|height=0|deliver_tick=184|type=core.Transaction
TICK000000005427|NET|event=SEND|from=node03|to=node03|tick=181|height=0|deliver_tick=184|type=core.Transaction
TICK000000005428|NET|event=SEND|from=node03|to=node04|tick=181|height=0|deliver_tick=184|type=core.Transaction
TICK000000005429|NET|event=RATE_BLOCK|from=node03|to=node05|tick=181|height=0|until=186
TICK000000005430|NET|event=BLOCKED|from=node03|to=node06|tick=181|height=0|until=186
TICK000000005431|NET|event=BLOCKED|from=node03|to=node07|tick=181|height=0|until=186
TICK000000005432|NODE|node03|ENQUEUE_TX|nonce=37
TICK000000005433|NET|event=SEND|from=node04|to=node00|tick=181|height=0|deliver_tick=182|type=core.Transaction
TICK000000005434|NET|event=DUP|from=node04|to=node00|tick=181|height=0|tick=182
TICK000000005435|NET|event=SEND|from=node04|to=node01|tick=181|height=0|deliver_tick=184|type=core.Transaction
TICK000000005436|NET|event=SEND|from=node04|to=node02|tick=181|height=0|deliver_tick=182|type=core.Transaction
TICK000000005437|NET|event=SEND|from=node04|to=node03|tick=181|height=0|deliver_tick=184|type=core.Transaction
TICK000000005438|NET|event=DROP|from=node04|to=node04|tick=181|height=0|lat=1
TICK000000005439|NET|event=RATE_BLOCK|from=node04|to=node05|tick=181|height=0|until=186
TICK000000005440|NET|event=BLOCKED|from=node04|to=node06|tick=181|height=0|until=186
TICK000000005441|NET|event=BLOCKED|from=node04|to=node07|tick=181|height=0|until=186
TICK000000005442|NODE|node04|ENQUEUE_TX|nonce=37
TICK000000005443|NET|event=SEND|from=node05|to=node00|tick=181|height=0|deliver_tick=183|type=core.Transaction
TICK000000005444|NET|event=SEND|from=node05|to=node01|tick=181|height=0|deliver_tick=183|type=core.Transaction
TICK000000005445|NET|event=SEND|from=node05|to=node02|tick=181|height=0|deliver_tick=184|type=core.Transaction
TICK000000005446|NET|event=SEND|from=node05|to=node03|tick=181|height=0|deliver_tick=183|type=core.Transaction
TICK000000005447|NET|event=SEND|from=node05|to=node04|tick=181|height=0|deliver_tick=183|type=core.Transaction
TICK000000005448|NET|event=RATE_BLOCK|from=node05|to=node05|tick=181|height=0|until=186
TICK000000005449|NET|event=BLOCKED|from=node05|to=node06|tick=181|height=0|until=186
TICK000000005450|NET|event=BLOCKED|from=node05|to=node07|tick=181|height=0|until=186
TICK000000005451|NODE|node05|ENQUEUE_TX|nonce=37
TICK000000005452|NET|event=SEND|from=node06|to=node00|tick=181|height=0|deliver_tick=183|type=core.Transaction
TICK000000005453|NET|event=SEND|from=node06|to=node01|tick=181|height=0|deliver_tick=184|type=core.Transaction
TICK000000005454|NET|event=DROP|from=node06|to=node02|tick=181|height=0|lat=2
TICK000000005455|NET|event=DROP|from=node06|to=node03|tick=181|height=0|lat=2
TICK000000005456|NET|event=SEND|from=node06|to=node04|tick=181|height=0|deliver_tick=182|type=core.Transaction
TICK000000005457|NET|event=RATE_BLOCK|from=node06|to=node05|tick=181|height=0|until=186
TICK000000005458|NET|event=BLOCKED|from=node06|to=node06|tick=181|height=0|until=186
TICK000000005459|NET|event=BLOCKED|from=node06|to=node07|tick=181|height=0|until=186
TICK000000005460|NODE|node06|ENQUEUE_TX|nonce=37
TICK000000005461|NET|event=SEND|from=node07|to=node00|tick=181|height=0|deliver_tick=183|type=core.Transaction
TICK000000005462|NET|event=SEND|from=node07|to=node01|tick=181|height=0|deliver_tick=182|type=core.Transaction
TICK000000005463|NET|event=SEND|from=node07|to=node02|tick=181|height=0|deliver_tick=182|type=core.Transaction
TICK000000005464|NET|event=SEND|from=node07|to=node03|tick=181|height=0|deliver_tick=184|type=core.Transaction
TICK000000005465|NET|event=SEND|from=node07|to=node04|tick=181|height=0|deliver_tick=183|type=core.Transaction
TICK000000005466|NET|event=RATE_BLOCK|from=node07|to=node05|tick=181|height=0|until=186
TICK000000005467|NET|event=BLOCKED|from=node07|to=node06|tick=181|height=0|until=186
TICK000000005468|NET|event=BLOCKED|from=node07|to=node07|tick=181|height=0|until=186
TICK000000005469|NODE|node07|ENQUEUE_TX|nonce=37
TICK000000005470|NET|event=DELIVER|from=node00|to=node00|tick=182|height=0|type=core.Transaction
TICK000000005471|NET|event=DELIVER|from=node00|to=node04|tick=182|height=0|type=core.Transaction
TICK000000005472|NET|event=DELIVER|from=node00|to=node04|tick=182|height=0|type=core.Transaction
TICK000000005473|NET|event=DELIVER|from=node02|to=node03|tick=182|height=0|type=core.Transaction
TICK000000005474|NET|event=DELIVER|from=node02|to=node03|tick=182|height=0|type=core.Transaction
TICK000000005475|NET|event=DELIVER|from=node03|to=node01|tick=182|height=0|type=core.Transaction
TICK000000005476|NET|event=DELIVER|from=node04|to=node00|tick=182|height=0|type=core.Transaction
TICK000000005477|NET|event=DELIVER|from=node04|to=node00|tick=182|height=0|type=core.Transaction
TICK000000005478|NET|event=DELIVER|from=node04|to=node02|tick=182|height=0|type=core.Transaction
TICK000000005479|NET|event=DELIVER|from=node06|to=node04|tick=182|height=0|type=core.Transaction
TICK000000005480|NET|event=DELIVER|from=node07|to=node01|tick=182|height=0|type=core.Transaction
TICK000000005481|NET|event=DELIVER|from=node07|to=node02|tick=182|height=0|type=core.Transaction
TICK000000005482|NODE|node00|RECV|TX|from=node04|sender=node04|nonce=37
TICK000000005483|NET|event=DELIVER|from=node00|to=node01|tick=183|height=0|type=core.Transaction
TICK000000005484|NET|event=DELIVER|from=node01|to=node02|tick=183|height=0|type=core.Transaction
TICK000000005485|NET|event=DELIVER|from=node02|to=node01|tick=183|height=0|type=core.Transaction
TICK000000005486|NET|event=DELIVER|from=node05|to=node00|tick=183|height=0|type=core.Transaction
TICK000000005487|NET|event=DELIVER|from=node05|to=node01|tick=183|height=0|type=core.Transaction
TICK000000005488|NET|event=DELIVER|from=node05|to=node03|tick=183|height=0|type=core.Transaction
TICK000000005489|NET|event=DELIVER|from=node05|to=node04|tick=183|height=0|type=core.Transaction
TICK000000005490|NET|event=DELIVER|from=node06|to=node00|tick=183|height=0|type=core.Transaction
TICK000000005491|NET|event=DELIVER|from=node07|to=node00|tick=183|height=0|type=core.Transaction
TICK000000005492|NET|event=DELIVER|from=node07|to=node04|tick=183|height=0|type=core.Transaction
TICK000000005493|NET|event=DELIVER|from=node00|to=node02|tick=184|height=0|type=core.Transaction
TICK000000005494|NET|event=DELIVER|from=node00|to=node03|tick=184|height=0|type=core.Transaction
TICK000000005495|NET|event=DELIVER|from=node01|to=node00|tick=184|height=0|type=core.Transaction
TICK000000005496|NET|event=DELIVER|from=node01|to=node01|tick=184|height=0|type=core.Transaction
TICK000000005497|NET|event=DELIVER|from=node01|to=node03|tick=184|height=0|type=core.Transaction
TICK000000005498|NET|event=DELIVER|from=node01|to=node04|tick=184|height=0|type=core.Transaction
TICK000000005499|NET|event=DELIVER|from=node02|to=node00|tick=184|height=0|type=core.Transaction
TICK000000005500|NET|event=DELIVER|from=node02|to=node02|tick=184|height=0|type=core.Transaction
TICK000000005501|NET|event=DELIVER|from=node02|to=node04|tick=184|height=0|type=core.Transaction
TICK000000005502|NET|event=DELIVER|from=node03|to=node00|tick=184|height=0|type=core.Transaction
TICK000000005503|NET|event=DELIVER|from=node03|to=node02|tick=184|height=0|type=core.Transaction
TICK000000005504|NET|event=DELIVER|from=node03|to=node03|tick=184|height=0|type=core.Transaction
TICK000000005505|NET|event=DELIVER|from=node03|to=node04|tick=184|height=0|type=core.Transaction
TICK000000005506|NET|event=DELIVER|from=node04|to=node01|tick=184|height=0|type=core.Transaction
TICK000000005507|NET|event=DELIVER|from=node04|to=node03|tick=184|height=0|type=core.Transaction
TICK000000005508|NET|event=DELIVER|from=node05|to=node02|tick=184|height=0|type=core.Transaction
TICK000000005509|NET|event=DELIVER|from=node06|to=node01|tick=184|height=0|type=core.Transaction
TICK000000005510|NET|event=DELIVER|from=node07|to=node03|tick=184|height=0|type=core.Transaction
TICK000000005511|NODE|node02|RECV|TX|from=node00|sender=node00|nonce=37
TICK000000005512|NODE|node04|RECV|TX|from=node01|sender=node01|nonce=37
TICK000000005513|NET|event=UNBLOCK|from=node00|to=|tick=186|height=0|tick=186
TICK000000005514|NET|event=UNBLOCK|from=node01|to=|tick=186|height=0|tick=186
TICK000000005515|NET|event=UNBLOCK|from=node02|to=|tick=186|height=0|tick=186
TICK000000005516|NET|event=UNBLOCK|from=node03|to=|tick=186|height=0|tick=186
TICK000000005517|NET|event=UNBLOCK|from=node04|to=|tick=186|height=0|tick=186
TICK000000005518|NET|event=UNBLOCK|from=node05|to=|tick=186|height=0|tick=186
TICK000000005519|NET|event=UNBLOCK|from=node06|to=|tick=186|height=0|tick=186
TICK000000005520|NET|event=UNBLOCK|from=node07|to=|tick=186|height=0|tick=186
TICK000000005521|NET|event=SEND|from=node00|to=node00|tick=186|height=0|deliver_tick=189|type=core.Transaction
TICK000000005522|NET|event=SEND|from=node00|to=node01|tick=186|height=0|deliver_tick=187|type=core.Transaction
TICK000000005523|NET|event=SEND|from=node00|to=node02|tick=186|height=0|deliver_tick=188|type=core.Transaction
TICK000000005524|NET|event=SEND|from=node00|to=node03|tick=186|height=0|deliver_tick=189|type=core.Transaction
TICK000000005525|NET|event=SEND|from=node00|to=node04|tick=186|height=0|deliver_tick=188|type=core.Transaction
TICK000000005526|NET|event=RATE_BLOCK|from=node00|to=node05|tick=186|height=0|until=191
TICK000000005527|NET|event=BLOCKED|from=node00|to=node06|tick=186|height=0|until=191
TICK000000005528|NET|event=BLOCKED|from=node00|to=node07|tick=186|height=0|until=191
TICK000000005529|NODE|node00|ENQUEUE_TX|nonce=38
TICK000000005530|NET|event=BLOCKED|from=node00|to=node00|tick=186|height=1|until=191
TICK000000005531|NET|event=BLOCKED|from=node00|to=node01|tick=186|height=1|until=191
TICK000000005532|NET|event=BLOCKED|from=node00|to=node02|tick=186|height=1|until=191
TICK000000005533|NET|event=BLOCKED|from=node00|to=node03|tick=186|height=1|until=191
TICK000000005534|NET|event=BLOCKED|from=node00|to=node04|tick=186|height=1|until=191
TICK000000005535|NET|event=BLOCKED|from=node00|to=node05|tick=186|height=1|until=191
TICK000000005536|NET|event=BLOCKED|from=node00|to=node06|tick=186|height=1|until=191
TICK000000005537|NET|event=BLOCKED|from=node00|to=node07|tick=186|height=1|until=191
TICK000000005538|NODE|node00|PROPOSE|H=1|txs=8
TICK000000005539|NET|event=SEND|from=node01|to=node00|tick=186|height=0|deliver_tick=189|type=core.Transaction
TICK000000005540|NET|event=DUP|from=node01|to=node00|tick=186|height=0|tick=189
TICK000000005541|NET|event=SEND|from=node01|to=node01|tick=186|height=0|deliver_tick=188|type=core.Transaction
TICK000000005542|NET|event=SEND|from=node01|to=node02|tick=186|height=0|deliver_tick=187|type=core.Transaction
TICK000000005543|NET|event=SEND|from=node01|to=node03|tick=186|height=0|deliver_tick=188|type=core.Transaction
TICK000000005544|NET|event=DROP|from=node01|to=node04|tick=186|height=0|lat=3
TICK000000005545|NET|event=RATE_BLOCK|from=node01|to=node05|tick=186|height=0|until=191
TICK000000005546|NET|event=BLOCKED|from=node01|to=node06|tick=186|height=0|until=191
TICK000000005547|NET|event=BLOCKED|from=node01|to=node07|tick=186|height=0|until=191
TICK000000005548|NODE|node01|ENQUEUE_TX|nonce=38
TICK000000005549|NET|event=SEND|from=node02|to=node00|tick=186|height=0|deliver_tick=188|type=core.Transaction
TICK000000005550|NET|event=SEND|from=node02|to=node01|tick=186|height=0|deliver_tick=189|type=core.Transaction
TICK000000005551|NET|event=SEND|from=node02|to=node02|tick=186|height=0|deliver_tick=187|type=core.Transaction
TICK000000005552|NET|event=SEND|from=node02|to=node03|tick=186|height=0|deliver_tick=188|type=core.Transaction
TICK000000005553|NET|event=SEND|from=node02|to=node04|tick=186|height=0|deliver_tick=188|type=core.Transaction
TICK000000005554|NET|event=RATE_BLOCK|from=node02|to=node05|tick=186|height=0|until=191
TICK000000005555|NET|event=BLOCKED|from=node02|to=node06|tick=186|height=0|until=191
TICK000000005556|NET|event=BLOCKED|from=node02|to=node07|tick=186|height=0|until=191
TICK000000005557|NODE|node02|ENQUEUE_TX|nonce=38
TICK000000005558|NET|event=SEND|from=node03|to=node00|tick=186|height=0|deliver_tick=189|type=core.Transaction
TICK000000005559|NET|event=DROP|from=node03|to=node01|tick=186|height=0|lat=1
TICK000000005560|NET|event=SEND|from=node03|to=node02|tick=186|height=0|deliver_tick=188|type=core.Transaction
TICK000000005561|NET|event=SEND|from=node03|to=node03|tick=186|height=0|deliver_tick=189|type=core.Transaction
TICK000000005562|NET|event=SEND|from=node03|to=node04|tick=186|height=0|deliver_tick=188|type=core.Transaction
TICK000000005563|NET|event=RATE_BLOCK|from=node03|to=node05|tick=186|height=0|until=191
TICK000000005564|NET|event=BLOCKED|from=node03|to=node06|tick=186|height=0|until=191
TICK000000005565|NET|event=BLOCKED|from=node03|to=node07|tick=186|height=0|until=191
TICK000000005566|NODE|node03|ENQUEUE_TX|nonce=38
TICK000000005567|NET|event=SEND|from=node04|to=node00|tick=186|height=0|deliver_tick=187|type=core.Transaction
TICK000000005568|NET|event=SEND|from=node04|to=node01|tick=186|height=0|deliver_tick=187|type=core.Transaction
TICK000000005569|NET|event=SEND|from=node04|to=node02|tick=186|height=0|deliver_tick=188|type=core.Transaction
TICK000000005570|NET|event=SEND|from=node04|to=node03|tick=186|height=0|deliver_tick=187|type=core.Transaction
TICK000000005571|NET|event=SEND|from=node04|to=node04|tick=186|height=0|deliver_tick=187|type=core.Transaction
TICK000000005572|NET|event=RATE_BLOCK|from=node04|to=node05|tick=186|height=0|until=191
TICK000000005573|NET|event=BLOCKED|from=node04|to=node06|tick=186|height=0|until=191
TICK000000005574|NET|event=BLOCKED|from=node04|to=node07|tick=186|height=0|until=191
TICK000000005575|NODE|node04|ENQUEUE_TX|nonce=38
TICK000000005576|NET|event=SEND|from=node05|to=node00|tick=186|height=0|deliver_tick=189|type=core.Transaction
TICK000000005577|NET|event=SEND|from=node05|to=node01|tick=186|height=0|deliver_tick=187|type=core.Transaction
TICK000000005578|NET|event=SEND|from=node05|to=node02|tick=186|height=0|deliver_tick=188|type=core.Transaction
TICK000000005579|NET|event=SEND|from=node05|to=node03|tick=186|height=0|deliver_tick=187|type=core.Transaction
TICK000000005580|NET|event=SEND|from=node05|to=node04|tick=186|height=0|deliver_tick=188|type=core.Transaction
TICK000000005581|NET|event=RATE_BLOCK|from=node05|to=node05|tick=186|height=0|until=191
TICK000000005582|NET|event=BLOCKED|from=node05|to=node06|tick=186|height=0|until=191
TICK000000005583|NET|event=BLOCKED|from=node05|to=node07|tick=186|height=0|until=191
TICK000000005584|NODE|node05|ENQUEUE_TX|nonce=38
TICK000000005585|NET|event=SEND|from=node06|to=node00|tick=186|height=0|deliver_tick=187|type=core.Transaction
TICK000000005586|NET|event=SEND|from=node06|to=node01|tick=186|height=0|deliver_tick=189|type=core.Transaction
TICK000000005587|NET|event=SEND|from=node06|to=node02|tick=186|height=0|deliver_tick=189|type=core.Transaction
TICK000000005588|NET|event=SEND|from=node06|to=node03|tick=186|height=0|deliver_tick=188|type=core.Transaction
TICK000000005589|NET|event=SEND|from=node06|to=node04|tick=186|height=0|deliver_tick=187|type=core.Transaction
TICK000000005590|NET|event=RATE_BLOCK|from=node06|to=node05|tick=186|height=0|until=191
TICK000000005591|NET|event=BLOCKED|from=node06|to=node06|tick=186|height=0|until=191
TICK000000005592|NET|event=BLOCKED|from=node06|to=node07|tick=186|height=0|until=191
TICK000000005593|NODE|node06|ENQUEUE_TX|nonce=38
TICK000000005594|NET|event=SEND|from=node07|to=node00|tick=186|height=0|deliver_tick=189|type=core.Transaction
TICK000000005595|NET|event=SEND|from=node07|to=node01|tick=186|height=0|deliver_tick=188|type=core.Transaction
TICK000000005596|NET|event=SEND|from=node07|to=node02|tick=186|height=0|deliver_tick=189|type=core.Transaction
TICK000000005597|NET|event=SEND|from=node07|to=node03|tick=186|height=0|deliver_tick=188|type=core.Transaction
TICK000000005598|NET|event=SEND|from=node07|to=node04|tick=186|height=0|deliver_tick=187|type=core.Transaction
TICK000000005599|NET|event=RATE_BLOCK|from=node07|to=node05|tick=186|height=0|until=191
TICK000000005600|NET|event=BLOCKED|from=node07|to=node06|tick=186|height=0|until=191
TICK000000005601|NET|event=BLOCKED|from=node07|to=node07|tick=186|height=0|until=191
TICK000000005602|NODE|node07|ENQUEUE_TX|nonce=38
TICK000000005603|NET|event=DELIVER|from=node00|to=node01|tick=187|height=0|type=core.Transaction
TICK000000005604|NET|event=DELIVER|from=node01|to=node02|tick=187|height=0|type=core.Transaction
TICK000000005605|NET|event=DELIVER|from=node02|to=node02|tick=187|height=0|type=core.Transaction
TICK000000005606|NET|event=DELIVER|from=node04|to=node00|tick=187|height=0|type=core.Transaction
TICK000000005607|NET|event=DELIVER|from=node04|to=node01|tick=187|height=0|type=core.Transaction
TICK000000005608|NET|event=DELIVER|from=node04|to=node03|tick=187|height=0|type=core.Transaction
TICK000000005609|NET|event=DELIVER|from=node04|to=node04|tick=187|height=0|type=core.Transaction
TICK000000005610|NET|event=DELIVER|from=node05|to=node01|tick=187|height=0|type=core.Transaction
TICK000000005611|NET|event=DELIVER|from=node05|to=node03|tick=187|height=0|type=core.Transaction
TICK000000005612|NET|event=DELIVER|from=node06|to=node00|tick=187|height=0|type=core.Transaction
TICK000000005613|NET|event=DELIVER|from=node06|to=node04|tick=187|height=0|type=core.Transaction
TICK000000005614|NET|event=DELIVER|from=node07|to=node04|tick=187|height=0|type=core.Transaction
TICK000000005615|NODE|node00|RECV|TX|from=node04|sender=node04|nonce=38
TICK000000005616|NET|event=DELIVER|from=node00|to=node02|tick=188|height=0|type=core.Transaction
TICK000000005617|NET|event=DELIVER|from=node00|to=node04|tick=188|height=0|type=core.Transaction
TICK000000005618|NET|event=DELIVER|from=node01|to=node01|tick=188|height=0|type=core.Transaction
TICK000000005619|NET|event=DELIVER|from=node01|to=node03|tick=188|height=0|type=core.Transaction
TICK000000005620|NET|event=DELIVER|from=node02|to=node00|tick=188|height=0|type=core.Transaction
TICK000000005621|NET|event=DELIVER|from=node02|to=node03|tick=188|height=0|type=core.Transaction
TICK000000005622|NET|event=DELIVER|from=node02|to=node04|tick=188|height=0|type=core.Transaction
TICK000000005623|NET|event=DELIVER|from=node03|to=node02|tick=188|height=0|type=core.Transaction
TICK000000005624|NET|event=DELIVER|from=node03|to=node04|tick=188|height=0|type=core.Transaction
TICK000000005625|NET|event=DELIVER|from=node04|to=node02|tick=188|height=0|type=core.Transaction
TICK000000005626|NET|event=DELIVER|from=node05|to=node02|tick=188|height=0|type=core.Transaction
TICK000000005627|NET|event=DELIVER|from=node05|to=node04|tick=188|height=0|type=core.Transaction
TICK000000005628|NET|event=DELIVER|from=node06|to=node03|tick=188|height=0|type=core.Transaction
TICK000000005629|NET|event=DELIVER|from=node07|to=node01|tick=188|height=0|type=core.Transaction
TICK000000005630|NET|event=DELIVER|from=node07|to=node03|tick=188|height=0|type=core.Transaction
TICK000000005631|NODE|node02|RECV|TX|from=node00|sender=node00|nonce=38
TICK000000005632|NET|event=DELIVER|from=node00|to=node00|tick=189|height=0|type=core.Transaction
TICK000000005633|NET|event=DELIVER|from=node00|to=node03|tick=189|height=0|type=core.Transaction
TICK000000005634|NET|event=DELIVER|from=node01|to=node00|tick=189|height=0|type=core.Transaction
TICK000000005635|NET|event=DELIVER|from=node01|to=node00|tick=189|height=0|type=core.Transaction
TICK000000005636|NET|event=DELIVER|from=node02|to=node01|tick=189|height=0|type=core.Transaction
TICK000000005637|NET|event=DELIVER|from=node03|to=node00|tick=189|height=0|type=core.Transaction
TICK000000005638|NET|event=DELIVER|from=node03|to=node03|tick=189|height=0|type=core.Transaction
TICK000000005639|NET|event=DELIVER|from=node05|to=node00|tick=189|height=0|type=core.Transaction
TICK000000005640|NET|event=DELIVER|from=node06|to=node01|tick=189|height=0|type=core.Transaction
TICK000000005641|NET|event=DELIVER|from=node06|to=node02|tick=189|height=0|type=core.Transaction
TICK000000005642|NET|event=DELIVER|from=node07|to=node00|tick=189|height=0|type=core.Transaction
TICK000000005643|NET|event=DELIVER|from=node07|to=node02|tick=189|height=0|type=core.Transaction
TICK000000005644|NET|event=UNBLOCK|from=node00|to=|tick=191|height=0|tick=191
TICK000000005645|NET|event=UNBLOCK|from=node01|to=|tick=191|height=0|tick=191
TICK000000005646|NET|event=UNBLOCK|from=node02|to=|tick=191|height=0|tick=191
TICK000000005647|NET|event=UNBLOCK|from=node03|to=|tick=191|height=0|tick=191
TICK000000005648|NET|event=UNBLOCK|from=node04|to=|tick=191|height=0|tick=191
TICK000000005649|NET|event=UNBLOCK|from=node05|to=|tick=191|height=0|tick=191
TICK000000005650|NET|event=UNBLOCK|from=node06|to=|tick=191|height=0|tick=191
TICK000000005651|NET|event=UNBLOCK|from=node07|to=|tick=191|height=0|tick=191
TICK000000005652|NET|event=SEND|from=node00|to=node00|tick=191|height=0|deliver_tick=194|type=core.Transaction
TICK000000005653|NET|event=SEND|from=node00|to=node01|tick=191|height=0|deliver_tick=194|type=core.Transaction
TICK000000005654|NET|event=SEND|from=node00|to=node02|tick=191|height=0|deliver_tick=193|type=core.Transaction
TICK000000005655|NET|event=SEND|from=node00|to=node03|tick=191|height=0|deliver_tick=192|type=core.Transaction
TICK000000005656|NET|event=SEND|from=node00|to=node04|tick=191|height=0|deliver_tick=192|type=core.Transaction
TICK000000005657|NET|event=RATE_BLOCK|from=node00|to=node05|tick=191|height=0|until=196
TICK000000005658|NET|event=BLOCKED|from=node00|to=node06|tick=191|height=0|until=196
TICK000000005659|NET|event=BLOCKED|from=node00|to=node07|tick=191|height=0|until=196
TICK000000005660|NODE|node00|ENQUEUE_TX|nonce=39
TICK000000005661|NET|event=BLOCKED|from=node00|to=node00|tick=191|height=1|until=196
TICK000000005662|NET|event=BLOCKED|from=node00|to=node01|tick=191|height=1|until=196
TICK000000005663|NET|event=BLOCKED|from=node00|to=node02|tick=191|height=1|until=196
TICK000000005664|NET|event=BLOCKED|from=node00|to=node03|tick=191|height=1|until=196
TICK000000005665|NET|event=BLOCKED|from=node00|to=node04|tick=191|height=1|until=196
TICK000000005666|NET|event=BLOCKED|from=node00|to=node05|tick=191|height=1|until=196
TICK000000005667|NET|event=BLOCKED|from=node00|to=node06|tick=191|height=1|until=196
TICK000000005668|NET|event=BLOCKED|from=node00|to=node07|tick=191|height=1|until=196
TICK000000005669|NODE|node00|PROPOSE|H=1|txs=8
TICK000000005670|NET|event=SEND|from=node01|to=node00|tick=191|height=0|deliver_tick=193|type=core.Transaction
TICK000000005671|NET|event=SEND|from=node01|to=node01|tick=191|height=0|deliver_tick=194|type=core.Transaction
TICK000000005672|NET|event=SEND|from=node01|to=node02|tick=191|height=0|deliver_tick=194|type=core.Transaction
TICK000000005673|NET|event=SEND|from=node01|to=node03|tick=191|height=0|deliver_tick=194|type=core.Transaction
TICK000000005674|NET|event=SEND|from=node01|to=node04|tick=191|height=0|deliver_tick=194|type=core.Transaction
TICK000000005675|NET|event=RATE_BLOCK|from=node01|to=node05|tick=191|height=0|until=196
TICK000000005676|NET|event=BLOCKED|from=node01|to=node06|tick=191|height=0|until=196
TICK000000005677|NET|event=BLOCKED|from=node01|to=node07|tick=191|height=0|until=196
TICK000000005678|NODE|node01|ENQUEUE_TX|nonce=39
TICK000000005679|NET|event=DROP|from=node02|to=node00|tick=191|height=0|lat=1
TICK000000005680|NET|event=SEND|from=node02|to=node01|tick=191|height=0|deliver_tick=192|type=core.Transaction
TICK000000005681|NET|event=SEND|from=node02|to=node02|tick=191|height=0|deliver_tick=192|type=core.Transaction
TICK000000005682|NET|event=SEND|from=node02|to=node03|tick=191|height=0|deliver_tick=194|type=core.Transaction
TICK000000005683|NET|event=SEND|from=node02|to=node04|tick=191|height=0|deliver_tick=193|type=core.Transaction
TICK000000005684|NET|event=RATE_BLOCK|from=node02|to=node05|tick=191|height=0|until=196
TICK000000005685|NET|event=BLOCKED|from=node02|to=node06|tick=191|height=0|until=196
TICK000000005686|NET|event=BLOCKED|from=node02|to=node07|tick=191|height=0|until=196
TICK000000005687|NODE|node02|ENQUEUE_TX|nonce=39
TICK000000005688|NET|event=SEND|from=node03|to=node00|tick=191|height=0|deliver_tick=193|type=core.Transaction
TICK000000005689|NET|event=SEND|from=node03|to=node01|tick=191|height=0|deliver_tick=193|type=core.Transaction
TICK000000005690|NET|event=SEND|from=node03|to=node02|tick=191|height=0|deliver_tick=193|type=core.Transaction
TICK000000005691|NET|event=SEND|from=node03|to=node03|tick=191|height=0|deliver_tick=193|type=core.Transaction
TICK000000005692|NET|event=SEND|from=node03|to=node04|tick=191|height=0|deliver_tick=192|type=core.Transaction
TICK000000005693|NET|event=RATE_BLOCK|from=node03|to=node05|tick=191|height=0|until=196
TICK000000005694|NET|event=BLOCKED|from=node03|to=node06|tick=191|height=0|until=196
TICK000000005695|NET|event=BLOCKED|from=node03|to=node07|tick=191|height=0|until=196
TICK000000005696|NODE|node03|ENQUEUE_TX|nonce=39
TICK000000005697|NET|event=SEND|from=node04|to=node00|tick=191|height=0|deliver_tick=192|type=core.Transaction
TICK000000005698|NET|event=SEND|from=node04|to=node01|tick=191|height=0|deliver_tick=194|type=core.Transaction
TICK000000005699|NET|event=SEND|from=node04|to=node02|tick=191|height=0|deliver_tick=193|type=core.Transaction
TICK000000005700|NET|event=SEND|from=node04|to=node03|tick=191|height=0|deliver_tick=192|type=core.Transaction
TICK000000005701|NET|event=SEND|from=node04|to=node04|tick=191|height=0|deliver_tick=192|type=core.Transaction
TICK000000005702|NET|event=RATE_BLOCK|from=node04|to=node05|tick=191|height=0|until=196
TICK000000005703|NET|event=BLOCKED|from=node04|to=node06|tick=191|height=0|until=196
TICK000000005704|NET|event=BLOCKED|from=node04|to=node07|tick=191|height=0|until=196
TICK000000005705|NODE|node04|ENQUEUE_TX|nonce=39
TICK000000005706|NET|event=SEND|from=node05|to=node00|tick=191|height=0|deliver_tick=192|type=core.Transaction
TICK000000005707|NET|event=DUP|from=node05|to=node00|tick=191|height=0|tick=192
TICK000000005708|NET|event=SEND|from=node05|to=node01|tick=191|height=0|deliver_tick=194|type=core.Transaction
TICK000000005709|NET|event=SEND|from=node05|to=node02|tick=191|height=0|deliver_tick=194|type=core.Transaction
TICK000000005710|NET|event=SEND|from=node05|to=node03|tick=191|height=0|deliver_tick=192|type=core.Transaction
TICK000000005711|NET|event=SEND|from=node05|to=node04|tick=191|height=0|deliver_tick=193|type=core.Transaction
TICK000000005712|NET|event=DUP|from=node05|to=node04|tick=191|height=0|tick=193
TICK000000005713|NET|event=RATE_BLOCK|from=node05|to=node05|tick=191|height=0|until=196
TICK000000005714|NET|event=BLOCKED|from=node05|to=node06|tick=191|height=0|until=196
TICK000000005715|NET|event=BLOCKED|from=node05|to=node07|tick=191|height=0|until=196
TICK000000005716|NODE|node05|ENQUEUE_TX|nonce=39
TICK000000005717|NET|event=SEND|from=node06|to=node00|tick=191|height=0|deliver_tick=193|type=core.Transaction
TICK000000005718|NET|event=SEND|from=node06|to=node01|tick=191|height=0|deliver_tick=193|type=core.Transaction
TICK000000005719|NET|event=SEND|from=node06|to=node02|tick=191|height=0|deliver_tick=194|type=core.Transaction
TICK000000005720|NET|event=SEND|from=node06|to=node03|tick=191|height=0|deliver_tick=192|type=core.Transaction
TICK000000005721|NET|event=SEND|from=node06|to=node04|tick=191|height=0|deliver_tick=194|type=core.Transaction
TICK000000005722|NET|event=RATE_BLOCK|from=node06|to=node05|tick=191|height=0|until=196
TICK000000005723|NET|event=BLOCKED|from=node06|to=node06|tick=191|height=0|until=196
TICK000000005724|NET|event=BLOCKED|from=node06|to=node07|tick=191|height=0|until=196
TICK000000005725|NODE|node06|ENQUEUE_TX|nonce=39
TICK000000005726|NET|event=SEND|from=node07|to=node00|tick=191|height=0|deliver_tick=192|type=core.Transaction
TICK000000005727|NET|event=SEND|from=node07|to=node01|tick=191|height=0|deliver_tick=193|type=core.Transaction
TICK000000005728|NET|event=SEND|from=node07|to=node02|tick=191|height=0|deliver_tick=193|type=core.Transaction
TICK000000005729|NET|event=SEND|from=node07|to=node03|tick=191|height=0|deliver_tick=194|type=core.Transaction
TICK000000005730|NET|event=DROP|from=node07|to=node04|tick=191|height=0|lat=2
TICK000000005731|NET|event=RATE_BLOCK|from=node07|to=node05|tick=191|height=0|until=196
TICK000000005732|NET|event=BLOCKED|from=node07|to=node06|tick=191|height=0|until=196
TICK000000005733|NET|event=BLOCKED|from=node07|to=node07|tick=191|height=0|until=196
TICK000000005734|NODE|node07|ENQUEUE_TX|nonce=39
TICK000000005735|NET|event=DELIVER|from=node00|to=node03|tick=192|height=0|type=core.Transaction
TICK000000005736|NET|event=DELIVER|from=node00|to=node04|tick=192|height=0|type=core.Transaction
TICK000000005737|NET|event=DELIVER|from=node02|to=node01|tick=192|height=0|type=core.Transaction
TICK000000005738|NET|event=DELIVER|from=node02|to=node02|tick=192|height=0|type=core.Transaction
TICK000000005739|NET|event=DELIVER|from=node03|to=node04|tick=192|height=0|type=core.Transaction
TICK000000005740|NET|event=DELIVER|from=node04|to=node00|tick=192|height=0|type=core.Transaction
TICK000000005741|NET|event=DELIVER|from=node04|to=node03|tick=192|height=0|type=core.Transaction
TICK000000005742|NET|event=DELIVER|from=node04|to=node04|tick=192|height=0|type=core.Transaction
TICK000000005743|NET|event=DELIVER|from=node05|to=node00|tick=192|height=0|type=core.Transaction
TICK000000005744|NET|event=DELIVER|from=node05|to=node00|tick=192|height=0|type=core.Transaction
TICK000000005745|NET|event=DELIVER|from=node05|to=node03|tick=192|height=0|type=core.Transaction
TICK000000005746|NET|event=DELIVER|from=node06|to=node03|tick=192|height=0|type=core.Transaction
TICK000000005747|NET|event=DELIVER|from=node07|to=node00|tick=192|height=0|type=core.Transaction
TICK000000005748|NODE|node00|RECV|TX|from=node04|sender=node04|nonce=39
TICK000000005749|NET|event=DELIVER|from=node00|to=node02|tick=193|height=0|type=core.Transaction
TICK000000005750|NET|event=DELIVER|from=node01|to=node00|tick=193|height=0|type=core.Transaction
TICK000000005751|NET|event=DELIVER|from=node02|to=node04|tick=193|height=0|type=core.Transaction
TICK000000005752|NET|event=DELIVER|from=node03|to=node00|tick=193|height=0|type=core.Transaction
TICK000000005753|NET|event=DELIVER|from=node03|to=node01|tick=193|height=0|type=core.Transaction
TICK000000005754|NET|event=DELIVER|from=node03|to=node02|tick=193|height=0|type=core.Transaction
TICK000000005755|NET|event=DELIVER|from=node03|to=node03|tick=193|height=0|type=core.Transaction
TICK000000005756|NET|event=DELIVER|from=node04|to=node02|tick=193|height=0|type=core.Transaction
TICK000000005757|NET|event=DELIVER|from=node05|to=node04|tick=193|height=0|type=core.Transaction
TICK000000005758|NET|event=DELIVER|from=node05|to=node04|tick=193|height=0|type=core.Transaction
TICK000000005759|NET|event=DELIVER|from=node06|to=node00|tick=193|height=0|type=core.Transaction
TICK000000005760|NET|event=DELIVER|from=node06|to=node01|tick=193|height=0|type=core.Transaction
TICK000000005761|NET|event=DELIVER|from=node07|to=node01|tick=193|height=0|type=core.Transaction
TICK000000005762|NET|event=DELIVER|from=node07|to=node02|tick=193|height=0|type=core.Transaction
TICK000000005763|NODE|node02|RECV|TX|from=node00|sender=node00|nonce=39
TICK000000005764|NET|event=DELIVER|from=node00|to=node00|tick=194|height=0|type=core.Transaction
TICK000000005765|NET|event=DELIVER|from=node00|to=node01|tick=194|height=0|type=core.Transaction
TICK000000005766|NET|event=DELIVER|from=node01|to=node01|tick=194|height=0|type=core.Transaction
TICK000000005767|NET|event=DELIVER|from=node01|to=node02|tick=194|height=0|type=core.Transaction
TICK000000005768|NET|event=DELIVER|from=node01|to=node03|tick=194|height=0|type=core.Transaction
TICK000000005769|NET|event=DELIVER|from=node01|to=node04|tick=194|height=0|type=core.Transaction
TICK000000005770|NET|event=DELIVER|from=node02|to=node03|tick=194|height=0|type=core.Transaction
TICK000000005771|NET|event=DELIVER|from=node04|to=node01|tick=194|height=0|type=core.Transaction
TICK000000005772|NET|event=DELIVER|from=node05|to=node01|tick=194|height=0|type=core.Transaction
TICK000000005773|NET|event=DELIVER|from=node05|to=node02|tick=194|height=0|type=core.Transaction
TICK000000005774|NET|event=DELIVER|from=node06|to=node02|tick=194|height=0|type=core.Transaction
TICK000000005775|NET|event=DELIVER|from=node06|to=node04|tick=194|height=0|type=core.Transaction
TICK000000005776|NET|event=DELIVER|from=node07|to=node03|tick=194|height=0|type=core.Transaction
TICK000000005777|NET|event=UNBLOCK|from=node00|to=|tick=196|height=0|tick=196
TICK000000005778|NET|event=UNBLOCK|from=node01|to=|tick=196|height=0|tick=196
TICK000000005779|NET|event=UNBLOCK|from=node02|to=|tick=196|height=0|tick=196
TICK000000005780|NET|event=UNBLOCK|from=node03|to=|tick=196|height=0|tick=196
TICK000000005781|NET|event=UNBLOCK|from=node04|to=|tick=196|height=0|tick=196
TICK000000005782|NET|event=UNBLOCK|from=node05|to=|tick=196|height=0|tick=196
TICK000000005783|NET|event=UNBLOCK|from=node06|to=|tick=196|height=0|tick=196
TICK000000005784|NET|event=UNBLOCK|from=node07|to=|tick=196|height=0|tick=196
TICK000000005785|NET|event=SEND|from=node00|to=node00|tick=196|height=0|deliver_tick=197|type=core.Transaction
TICK000000005786|NET|event=SEND|from=node00|to=node01|tick=196|height=0|deliver_tick=199|type=core.Transaction
TICK000000005787|NET|event=SEND|from=node00|to=node02|tick=196|height=0|deliver_tick=197|type=core.Transaction
TICK000000005788|NET|event=SEND|from=node00|to=node03|tick=196|height=0|deliver_tick=199|type=core.Transaction
TICK000000005789|NET|event=SEND|from=node00|to=node04|tick=196|height=0|deliver_tick=198|type=core.Transaction
TICK000000005790|NET|event=RATE_BLOCK|from=node00|to=node05|tick=196|height=0|until=201
TICK000000005791|NET|event=BLOCKED|from=node00|to=node06|tick=196|height=0|until=201
TICK000000005792|NET|event=BLOCKED|from=node00|to=node07|tick=196|height=0|until=201
TICK000000005793|NODE|node00|ENQUEUE_TX|nonce=40
TICK000000005794|NET|event=BLOCKED|from=node00|to=node00|tick=196|height=1|until=201
TICK000000005795|NET|event=BLOCKED|from=node00|to=node01|tick=196|height=1|until=201
TICK000000005796|NET|event=BLOCKED|from=node00|to=node02|tick=196|height=1|until=201
TICK000000005797|NET|event=BLOCKED|from=node00|to=node03|tick=196|height=1|until=201
TICK000000005798|NET|event=BLOCKED|from=node00|to=node04|tick=196|height=1|until=201
TICK000000005799|NET|event=BLOCKED|from=node00|to=node05|tick=196|height=1|until=201
TICK000000005800|NET|event=BLOCKED|from=node00|to=node06|tick=196|height=1|until=201
TICK000000005801|NET|event=BLOCKED|from=node00|to=node07|tick=196|height=1|until=201
TICK000000005802|NODE|node00|PROPOSE|H=1|txs=8
TICK000000005803|NET|event=SEND|from=node01|to=node00|tick=196|height=0|deliver_tick=198|type=core.Transaction
TICK000000005804|NET|event=DUP|from=node01|to=node00|tick=196|height=0|tick=198
TICK000000005805|NET|event=SEND|from=node01|to=node01|tick=196|height=0|deliver_tick=197|type=core.Transaction
TICK000000005806|NET|event=SEND|from=node01|to=node02|tick=196|height=0|deliver_tick=199|type=core.Transaction
TICK000000005807|NET|event=SEND|from=node01|to=node03|tick=196|height=0|deliver_tick=199|type=core.Transaction
TICK000000005808|NET|event=SEND|from=node01|to=node04|tick=196|height=0|deliver_tick=198|type=core.Transaction
TICK000000005809|NET|event=RATE_BLOCK|from=node01|to=node05|tick=196|height=0|until=201
TICK000000005810|NET|event=BLOCKED|from=node01|to=node06|tick=196|height=0|until=201
TICK000000005811|NET|event=BLOCKED|from=node01|to=node07|tick=196|height=0|until=201
TICK000000005812|NODE|node01|ENQUEUE_TX|nonce=40
TICK000000005813|NET|event=SEND|from=node02|to=node00|tick=196|height=0|deliver_tick=198|type=core.Transaction
TICK000000005814|NET|event=SEND|from=node02|to=node01|tick=196|height=0|deliver_tick=198|type=core.Transaction
TICK000000005815|NET|event=SEND|from=node02|to=node02|tick=196|height=0|deliver_tick=198|type=core.Transaction
TICK000000005816|NET|event=SEND|from=node02|to=node03|tick=196|height=0|deliver_tick=199|type=core.Transaction
TICK000000005817|NET|event=SEND|from=node02|to=node04|tick=196|height=0|deliver_tick=198|type=core.Transaction
TICK000000005818|NET|event=RATE_BLOCK|from=node02|to=node05|tick=196|height=0|until=201
TICK000000005819|NET|event=BLOCKED|from=node02|to=node06|tick=196|height=0|until=201
TICK000000005820|NET|event=BLOCKED|from=node02|to=node07|tick=196|height=0|until=201
TICK000000005821|NODE|node02|ENQUEUE_TX|nonce=40
TICK000000005822|NET|event=DROP|from=node03|to=node00|tick=196|height=0|lat=1
TICK000000005823|NET|event=SEND|from=node03|to=node01|tick=196|height=0|deliver_tick=197|type=core.Transaction
TICK000000005824|NET|event=DUP|from=node03|to=node01|tick=196|height=0|tick=197
TICK000000005825|NET|event=SEND|from=node03|to=node02|tick=196|height=0|deliver_tick=197|type=core.Transaction
TICK000000005826|NET|event=SEND|from=node03|to=node03|tick=196|height=0|deliver_tick=199|type=core.Transaction
TICK000000005827|NET|event=SEND|from=node03|to=node04|tick=196|height=0|deliver_tick=197|type=core.Transaction
TICK000000005828|NET|event=RATE_BLOCK|from=node03|to=node05|tick=196|height=0|until=201
TICK000000005829|NET|event=BLOCKED|from=node03|to=node06|tick=196|height=0|until=201
TICK000000005830|NET|event=BLOCKED|from=node03|to=node07|tick=196|height=0|until=201
TICK000000005831|NODE|node03|ENQUEUE_TX|nonce=40
TICK000000005832|NET|event=SEND|from=node04|to=node00|tick=196|height=0|deliver_tick=197|type=core.Transaction
TICK000000005833|NET|event=SEND|from=node04|to=node01|tick=196|height=0|deliver_tick=199|type=core.Transaction
TICK000000005834|NET|event=DUP|from=node04|to=node01|tick=196|height=0|tick=199
TICK000000005835|NET|event=DROP|from=node04|to=node02|tick=196|height=0|lat=2
TICK000000005836|NET|event=DROP|from=node04|to=node03|tick=196|height=0|lat=2
TICK000000005837|NET|event=SEND|from=node04|to=node04|tick=196|height=0|deliver_tick=198|type=core.Transaction
TICK000000005838|NET|event=RATE_BLOCK|from=node04|to=node05|tick=196|height=0|until=201
TICK000000005839|NET|event=BLOCKED|from=node04|to=node06|tick=196|height=0|until=201
TICK000000005840|NET|event=BLOCKED|from=node04|to=node07|tick=196|height=0|until=201
TICK000000005841|NODE|node04|ENQUEUE_TX|nonce=40
TICK000000005842|NET|event=SEND|from=node05|to=node00|tick=196|height=0|deliver_tick=199|type=core.Transaction
TICK000000005843|NET|event=SEND|from=node05|to=node01|tick=196|height=0|deliver_tick=198|type=core.Transaction
TICK000000005844|NET|event=SEND|from=node05|to=node02|tick=196|height=0|deliver_tick=199|type=core.Transaction
TICK000000005845|NET|event=SEND|from=node05|to=node03|tick=196|height=0|deliver_tick=198|type=core.Transaction
TICK000000005846|NET|event=SEND|from=node05|to=node04|tick=196|height=0|deliver_tick=198|type=core.Transaction
TICK000000005847|NET|event=RATE_BLOCK|from=node05|to=node05|tick=196|height=0|until=201
TICK000000005848|NET|event=BLOCKED|from=node05|to=node06|tick=196|height=0|until=201
TICK000000005849|NET|event=BLOCKED|from=node05|to=node07|tick=196|height=0|until=201
TICK000000005850|NODE|node05|ENQUEUE_TX|nonce=40
TICK000000005851|NET|event=SEND|from=node06|to=node00|tick=196|height=0|deliver_tick=199|type=core.Transaction
TICK000000005852|NET|event=SEND|from=node06|to=node01|tick=196|height=0|deliver_tick=199|type=core.Transaction
TICK000000005853|NET|event=SEND|from=node06|to=node02|tick=196|height=0|deliver_tick=198|type=core.Transaction
TICK000000005854|NET|event=SEND|from=node06|to=node03|tick=196|height=0|deliver_tick=197|type=core.Transaction
TICK000000005855|NET|event=SEND|from=node06|to=node04|tick=196|height=0|deliver_tick=198|type=core.Transaction
TICK000000005856|NET|event=RATE_BLOCK|from=node06|to=node05|tick=196|height=0|until=201
TICK000000005857|NET|event=BLOCKED|from=node06|to=node06|tick=196|height=0|until=201
TICK000000005858|NET|event=BLOCKED|from=node06|to=node07|tick=196|height=0|until=201
TICK000000005859|NODE|node06|ENQUEUE_TX|nonce=40
TICK000000005860|NET|event=SEND|from=node07|to=node00|tick=196|height=0|deliver_tick=197|type=core.Transaction
TICK000000005861|NET|event=SEND|from=node07|to=node01|tick=196|height=0|deliver_tick=197|type=core.Transaction
TICK000000005862|NET|event=SEND|from=node07|to=node02|tick=196|height=0|deliver_tick=199|type=core.Transaction
TICK000000005863|NET|event=SEND|from=node07|to=node03|tick=196|height=0|deliver_tick=199|type=core.Transaction
TICK000000005864|NET|event=SEND|from=node07|to=node04|tick=196|height=0|deliver_tick=199|type=core.Transaction
TICK000000005865|NET|event=RATE_BLOCK|from=node07|to=node05|tick=196|height=0|until=201
TICK000000005866|NET|event=BLOCKED|from=node07|to=node06|tick=196|height=0|until=201
TICK000000005867|NET|event=BLOCKED|from=node07|to=node07|tick=196|height=0|until=201
TICK000000005868|NODE|node07|ENQUEUE_TX|nonce=40
TICK000000005869|NET|event=DELIVER|from=node00|to=node00|tick=197|height=0|type=core.Transaction
TICK000000005870|NET|event=DELIVER|from=node00|to=node02|tick=197|height=0|type=core.Transaction
TICK000000005871|NET|event=DELIVER|from=node01|to=node01|tick=197|height=0|type=core.Transaction
TICK000000005872|NET|event=DELIVER|from=node03|to=node01|tick=197|height=0|type=core.Transaction
TICK000000005873|NET|event=DELIVER|from=node03|to=node01|tick=197|height=0|type=core.Transaction
TICK000000005874|NET|event=DELIVER|from=node03|to=node02|tick=197|height=0|type=core.Transaction
TICK000000005875|NET|event=DELIVER|from=node03|to=node04|tick=197|height=0|type=core.Transaction
TICK000000005876|NET|event=DELIVER|from=node04|to=node00|tick=197|height=0|type=core.Transaction
TICK000000005877|NET|event=DELIVER|from=node06|to=node03|tick=197|height=0|type=core.Transaction
TICK000000005878|NET|event=DELIVER|from=node07|to=node00|tick=197|height=0|type=core.Transaction
TICK000000005879|NET|event=DELIVER|from=node07|to=node01|tick=197|height=0|type=core.Transaction
TICK000000005880|NODE|node00|RECV|TX|from=node04|sender=node04|nonce=40
TICK000000005881|NODE|node02|RECV|TX|from=node00|sender=node00|nonce=40
TICK000000005882|NET|event=DELIVER|from=node00|to=node04|tick=198|height=0|type=core.Transaction
TICK000000005883|NET|event=DELIVER|from=node01|to=node00|tick=198|height=0|type=core.Transaction
TICK000000005884|NET|event=DELIVER|from=node01|to=node00|tick=198|height=0|type=core.Transaction
TICK000000005885|NET|event=DELIVER|from=node01|to=node04|tick=198|height=0|type=core.Transaction
TICK000000005886|NET|event=DELIVER|from=node02|to=node00|tick=198|height=0|type=core.Transaction
TICK000000005887|NET|event=DELIVER|from=node02|to=node01|tick=198|height=0|type=core.Transaction
TICK000000005888|NET|event=DELIVER|from=node02|to=node02|tick=198|height=0|type=core.Transaction
TICK000000005889|NET|event=DELIVER|from=node02|to=node04|tick=198|height=0|type=core.Transaction
TICK000000005890|NET|event=DELIVER|from=node04|to=node04|tick=198|height=0|type=core.Transaction
TICK000000005891|NET|event=DELIVER|from=node05|to=node01|tick=198|height=0|type=core.Transaction
TICK000000005892|NET|event=DELIVER|from=node05|to=node03|tick=198|height=0|type=core.Transaction
TICK000000005893|NET|event=DELIVER|from=node05|to=node04|tick=198|height=0|type=core.Transaction
TICK000000005894|NET|event=DELIVER|from=node06|to=node02|tick=198|height=0|type=core.Transaction
TICK000000005895|NET|event=DELIVER|from=node06|to=node04|tick=198|height=0|type=core.Transaction
TICK000000005896|NET|event=DELIVER|from=node00|to=node01|tick=199|height=0|type=core.Transaction
TICK000000005897|NET|event=DELIVER|from=node00|to=node03|tick=199|height=0|type=core.Transaction
TICK000000005898|NET|event=DELIVER|from=node01|to=node02|tick=199|height=0|type=core.Transaction
TICK000000005899|NET|event=DELIVER|from=node01|to=node03|tick=199|height=0|type=core.Transaction
TICK000000005900|NET|event=DELIVER|from=node02|to=node03|tick=199|height=0|type=core.Transaction
TICK000000005901|NET|event=DELIVER|from=node03|to=node03|tick=199|height=0|type=core.Transaction
TICK000000005902|NET|event=DELIVER|from=node04|to=node01|tick=199|height=0|type=core.Transaction
TICK000000005903|NET|event=DELIVER|from=node04|to=node01|tick=199|height=0|type=core.Transaction
TICK000000005904|NET|event=DELIVER|from=node05|to=node00|tick=199|height=0|type=core.Transaction
TICK000000005905|NET|event=DELIVER|from=node05|to=node02|tick=199|height=0|type=core.Transaction
TICK000000005906|NET|event=DELIVER|from=node06|to=node00|tick=199|height=0|type=core.Transaction
TICK000000005907|NET|event=DELIVER|from=node06|to=node01|tick=199|height=0|type=core.Transaction
TICK000000005908|NET|event=DELIVER|from=node07|to=node02|tick=199|height=0|type=core.Transaction
TICK000000005909|NET|event=DELIVER|from=node07|to=node03|tick=199|height=0|type=core.Transaction
TICK000000005910|NET|event=DELIVER|from=node07|to=node04|tick=199|height=0|type=core.Transaction
TICK000000005911|SIM|TICKS=200|END
TICK000000005912|STATE|node=node00|{
  "data": {},
  "nonces": {}
}
