TICK000000000000|NET|SEND|from=node00|to=node03|deliver_tick=4|type=core.BlockHeader
TICK000000000001|NET|DROP|from=node00|to=node00|lat=1
TICK000000000002|NET|SEND|from=node00|to=node01|deliver_tick=3|type=core.BlockHeader
TICK000000000003|NET|SEND|from=node00|to=node02|deliver_tick=4|type=core.BlockHeader
TICK000000000004|NODE|node00|PROPOSE|H=1
TICK000000000005|NET|SEND|from=node00|to=node00|deliver_tick=5|type=core.BlockHeader
TICK000000000006|NET|SEND|from=node00|to=node01|deliver_tick=5|type=core.BlockHeader
TICK000000000007|NET|SEND|from=node00|to=node02|deliver_tick=5|type=core.BlockHeader
TICK000000000008|NET|SEND|from=node00|to=node03|deliver_tick=4|type=core.BlockHeader
TICK000000000009|NODE|node00|PROPOSE|H=1
TICK000000000010|NET|SEND|from=node00|to=node00|deliver_tick=3|type=*core.Block
TICK000000000011|NET|DUP|from=node00|to=node00|tick=3
TICK000000000012|NET|SEND|from=node00|to=node01|deliver_tick=5|type=*core.Block
TICK000000000013|NET|SEND|from=node00|to=node02|deliver_tick=5|type=*core.Block
TICK000000000014|NET|SEND|from=node00|to=node03|deliver_tick=4|type=*core.Block
TICK000000000015|NET|DELIVER|from=node00|to=node01|tick=3|type=core.BlockHeader
TICK000000000016|NET|DELIVER|from=node00|to=node00|tick=3|type=*core.Block
TICK000000000017|NET|DELIVER|from=node00|to=node00|tick=3|type=*core.Block
TICK000000000018|NODE|node00|RECV|BLOCK|from=node00|H=1|txs=1
TICK000000000019|NODE|node01|RECV|HEADER|from=node00|H=1
TICK000000000020|NET|SEND|from=node00|to=node00|deliver_tick=5|type=core.BlockHeader
TICK000000000021|NET|SEND|from=node00|to=node01|deliver_tick=4|type=core.BlockHeader
TICK000000000022|NET|SEND|from=node00|to=node02|deliver_tick=5|type=core.BlockHeader
TICK000000000023|NET|SEND|from=node00|to=node03|deliver_tick=6|type=core.BlockHeader
TICK000000000024|NODE|node00|PROPOSE|H=1
TICK000000000025|NET|SEND|from=node01|to=node00|deliver_tick=4|type=core.Vote
TICK000000000026|NET|SEND|from=node01|to=node01|deliver_tick=5|type=core.Vote
TICK000000000027|NET|SEND|from=node01|to=node02|deliver_tick=4|type=core.Vote
TICK000000000028|NET|SEND|from=node01|to=node03|deliver_tick=4|type=core.Vote
TICK000000000029|NET|DUP|from=node01|to=node03|tick=4
TICK000000000030|NODE|node01|SENT|PREVOTE|H=1
TICK000000000031|NET|SEND|from=node00|to=node00|deliver_tick=6|type=core.Vote
TICK000000000032|NET|SEND|from=node00|to=node01|deliver_tick=4|type=core.Vote
TICK000000000033|NET|SEND|from=node00|to=node02|deliver_tick=5|type=core.Vote
TICK000000000034|NET|SEND|from=node00|to=node03|deliver_tick=5|type=core.Vote
TICK000000000035|NODE|node00|SENT|PREVOTE|H=1
TICK000000000036|NODE|node00|RECV|BLOCK|from=node00|H=1|txs=1
TICK000000000037|NET|SEND|from=node00|to=node00|deliver_tick=6|type=core.Vote
TICK000000000038|NET|SEND|from=node00|to=node01|deliver_tick=5|type=core.Vote
TICK000000000039|NET|SEND|from=node00|to=node02|deliver_tick=6|type=core.Vote
TICK000000000040|NET|SEND|from=node00|to=node03|deliver_tick=4|type=core.Vote
TICK000000000041|NODE|node00|SENT|PREVOTE|H=1
TICK000000000042|NET|SEND|from=node00|to=node01|deliver_tick=5|type=*core.Block
TICK000000000043|NET|SEND|from=node00|to=node02|deliver_tick=6|type=*core.Block
TICK000000000044|NET|SEND|from=node00|to=node03|deliver_tick=5|type=*core.Block
TICK000000000045|NET|SEND|from=node00|to=node00|deliver_tick=5|type=*core.Block
TICK000000000046|NET|DELIVER|from=node00|to=node03|tick=4|type=core.BlockHeader
TICK000000000047|NET|DELIVER|from=node00|to=node02|tick=4|type=core.BlockHeader
TICK000000000048|NET|DELIVER|from=node00|to=node03|tick=4|type=core.BlockHeader
TICK000000000049|NET|DELIVER|from=node00|to=node03|tick=4|type=*core.Block
TICK000000000050|NODE|node03|RECV|HEADER|from=node00|H=1
TICK000000000051|NET|DELIVER|from=node00|to=node01|tick=4|type=core.BlockHeader
TICK000000000052|NET|DELIVER|from=node01|to=node00|tick=4|type=core.Vote
TICK000000000053|NET|DELIVER|from=node01|to=node02|tick=4|type=core.Vote
TICK000000000054|NET|DELIVER|from=node01|to=node03|tick=4|type=core.Vote
TICK000000000055|NET|DELIVER|from=node01|to=node03|tick=4|type=core.Vote
TICK000000000056|NET|DELIVER|from=node00|to=node01|tick=4|type=core.Vote
TICK000000000057|NODE|node01|RECV|HEADER|from=node00|H=1
TICK000000000058|NODE|node02|RECV|HEADER|from=node00|H=1
TICK000000000059|NODE|node00|RECV|VOTE|from=node01|H=1|phase=PREVOTE
TICK000000000060|NET|SEND|from=node03|to=node01|deliver_tick=7|type=core.Vote
TICK000000000061|NET|SEND|from=node03|to=node02|deliver_tick=7|type=core.Vote
TICK000000000062|NET|DUP|from=node03|to=node02|tick=7
TICK000000000063|NET|SEND|from=node03|to=node03|deliver_tick=5|type=core.Vote
TICK000000000064|NET|SEND|from=node03|to=node00|deliver_tick=7|type=core.Vote
TICK000000000065|NODE|node03|SENT|PREVOTE|H=1
TICK000000000066|NODE|node03|RECV|HEADER|from=node00|H=1
TICK000000000067|NET|SEND|from=node03|to=node00|deliver_tick=7|type=core.Vote
TICK000000000068|NET|SEND|from=node03|to=node01|deliver_tick=7|type=core.Vote
TICK000000000069|NET|SEND|from=node03|to=node02|deliver_tick=7|type=core.Vote
TICK000000000070|NET|DROP|from=node03|to=node03|lat=1
TICK000000000071|NODE|node03|SENT|PREVOTE|H=1
TICK000000000072|NET|SEND|from=node02|to=node00|deliver_tick=5|type=core.Vote
TICK000000000073|NET|SEND|from=node02|to=node01|deliver_tick=7|type=core.Vote
TICK000000000074|NET|SEND|from=node02|to=node02|deliver_tick=6|type=core.Vote
TICK000000000075|NET|SEND|from=node02|to=node03|deliver_tick=7|type=core.Vote
TICK000000000076|NODE|node02|SENT|PREVOTE|H=1
TICK000000000077|NODE|node02|RECV|VOTE|from=node01|H=1|phase=PREVOTE
TICK000000000078|NET|SEND|from=node01|to=node00|deliver_tick=7|type=core.Vote
TICK000000000079|NET|SEND|from=node01|to=node01|deliver_tick=7|type=core.Vote
TICK000000000080|NET|SEND|from=node01|to=node02|deliver_tick=6|type=core.Vote
TICK000000000081|NET|SEND|from=node01|to=node03|deliver_tick=7|type=core.Vote
TICK000000000082|NODE|node01|SENT|PREVOTE|H=1
TICK000000000083|NODE|node01|RECV|VOTE|from=node00|H=1|phase=PREVOTE
TICK000000000084|NET|DELIVER|from=node00|to=node03|tick=4|type=core.Vote
TICK000000000085|NODE|node03|RECV|BLOCK|from=node00|H=1|txs=1
TICK000000000086|NET|SEND|from=node00|to=node00|deliver_tick=6|type=core.BlockHeader
TICK000000000087|NET|DUP|from=node00|to=node00|tick=6
TICK000000000088|NET|SEND|from=node00|to=node01|deliver_tick=5|type=core.BlockHeader
TICK000000000089|NET|SEND|from=node00|to=node02|deliver_tick=5|type=core.BlockHeader
TICK000000000090|NET|SEND|from=node00|to=node03|deliver_tick=6|type=core.BlockHeader
TICK000000000091|NODE|node00|PROPOSE|H=1
TICK000000000092|NET|SEND|from=node03|to=node00|deliver_tick=6|type=core.Vote
TICK000000000093|NET|SEND|from=node03|to=node01|deliver_tick=5|type=core.Vote
TICK000000000094|NET|SEND|from=node03|to=node02|deliver_tick=5|type=core.Vote
TICK000000000095|NET|SEND|from=node03|to=node03|deliver_tick=7|type=core.Vote
TICK000000000096|NODE|node03|SENT|PREVOTE|H=1
TICK000000000097|NODE|node03|RECV|VOTE|from=node01|H=1|phase=PREVOTE
TICK000000000098|NODE|node03|RECV|VOTE|from=node01|H=1|phase=PREVOTE
TICK000000000099|NODE|node03|RECV|VOTE|from=node00|H=1|phase=PREVOTE
TICK000000000100|NET|SEND|from=node00|to=node01|deliver_tick=5|type=*core.Block
TICK000000000101|NET|SEND|from=node00|to=node02|deliver_tick=5|type=*core.Block
TICK000000000102|NET|SEND|from=node00|to=node03|deliver_tick=7|type=*core.Block
TICK000000000103|NET|SEND|from=node00|to=node00|deliver_tick=6|type=*core.Block
TICK000000000104|NET|DELIVER|from=node00|to=node00|tick=5|type=core.BlockHeader
TICK000000000105|NET|DELIVER|from=node00|to=node01|tick=5|type=core.BlockHeader
TICK000000000106|NET|DELIVER|from=node00|to=node02|tick=5|type=core.BlockHeader
TICK000000000107|NET|DELIVER|from=node00|to=node01|tick=5|type=*core.Block
TICK000000000108|NET|DELIVER|from=node00|to=node02|tick=5|type=*core.Block
TICK000000000109|NET|DELIVER|from=node00|to=node00|tick=5|type=core.BlockHeader
TICK000000000110|NET|DELIVER|from=node00|to=node02|tick=5|type=core.BlockHeader
TICK000000000111|NET|DELIVER|from=node01|to=node01|tick=5|type=core.Vote
TICK000000000112|NET|DELIVER|from=node00|to=node02|tick=5|type=core.Vote
TICK000000000113|NODE|node00|RECV|HEADER|from=node00|H=1
TICK000000000114|NODE|node01|RECV|HEADER|from=node00|H=1
TICK000000000115|NODE|node02|RECV|HEADER|from=node00|H=1
TICK000000000116|NET|DELIVER|from=node00|to=node03|tick=5|type=core.Vote
TICK000000000117|NODE|node03|RECV|VOTE|from=node00|H=1|phase=PREVOTE
TICK000000000118|NET|SEND|from=node00|to=node00|deliver_tick=6|type=core.Vote
TICK000000000119|NET|SEND|from=node00|to=node01|deliver_tick=6|type=core.Vote
TICK000000000120|NET|SEND|from=node00|to=node02|deliver_tick=8|type=core.Vote
TICK000000000121|NET|SEND|from=node00|to=node03|deliver_tick=6|type=core.Vote
TICK000000000122|NODE|node00|SENT|PREVOTE|H=1
TICK000000000123|NODE|node00|RECV|HEADER|from=node00|H=1
TICK000000000124|NET|SEND|from=node02|to=node00|deliver_tick=8|type=core.Vote
TICK000000000125|NET|DELIVER|from=node00|to=node01|tick=5|type=core.Vote
TICK000000000126|NET|SEND|from=node02|to=node01|deliver_tick=8|type=core.Vote
TICK000000000127|NET|SEND|from=node02|to=node02|deliver_tick=6|type=core.Vote
TICK000000000128|NET|DROP|from=node02|to=node03|lat=1
TICK000000000129|NODE|node02|SENT|PREVOTE|H=1
TICK000000000130|NODE|node02|RECV|BLOCK|from=node00|H=1|txs=1
TICK000000000131|NET|SEND|from=node01|to=node02|deliver_tick=8|type=core.Vote
TICK000000000132|NET|SEND|from=node01|to=node03|deliver_tick=6|type=core.Vote
TICK000000000133|NET|SEND|from=node01|to=node00|deliver_tick=7|type=core.Vote
TICK000000000134|NET|SEND|from=node01|to=node01|deliver_tick=7|type=core.Vote
TICK000000000135|NODE|node01|SENT|PREVOTE|H=1
TICK000000000136|NET|SEND|from=node00|to=node00|deliver_tick=6|type=core.Vote
TICK000000000137|NET|SEND|from=node00|to=node01|deliver_tick=8|type=core.Vote
TICK000000000138|NET|SEND|from=node00|to=node02|deliver_tick=6|type=core.Vote
TICK000000000139|NET|SEND|from=node00|to=node03|deliver_tick=6|type=core.Vote
TICK000000000140|NODE|node00|SENT|PREVOTE|H=1
TICK000000000141|NET|DELIVER|from=node00|to=node01|tick=5|type=*core.Block
TICK000000000142|NET|DELIVER|from=node00|to=node03|tick=5|type=*core.Block
TICK000000000143|NET|DELIVER|from=node00|to=node00|tick=5|type=*core.Block
TICK000000000144|NET|DELIVER|from=node03|to=node03|tick=5|type=core.Vote
TICK000000000145|NODE|node01|RECV|BLOCK|from=node00|H=1|txs=1
TICK000000000146|NODE|node03|RECV|BLOCK|from=node00|H=1|txs=1
TICK000000000147|NODE|node00|RECV|BLOCK|from=node00|H=1|txs=1
TICK000000000148|NET|SEND|from=node02|to=node00|deliver_tick=8|type=core.Vote
TICK000000000149|NET|SEND|from=node02|to=node01|deliver_tick=8|type=core.Vote
TICK000000000150|NET|SEND|from=node02|to=node02|deliver_tick=6|type=core.Vote
TICK000000000151|NET|SEND|from=node02|to=node03|deliver_tick=7|type=core.Vote
TICK000000000152|NODE|node02|SENT|PREVOTE|H=1
TICK000000000153|NODE|node02|RECV|HEADER|from=node00|H=1
TICK000000000154|NET|DELIVER|from=node02|to=node00|tick=5|type=core.Vote
TICK000000000155|NET|SEND|from=node03|to=node00|deliver_tick=6|type=core.Vote
TICK000000000156|NET|SEND|from=node03|to=node01|deliver_tick=7|type=core.Vote
TICK000000000157|NET|SEND|from=node03|to=node02|deliver_tick=7|type=core.Vote
TICK000000000158|NET|SEND|from=node03|to=node03|deliver_tick=6|type=core.Vote
TICK000000000159|NET|SEND|from=node02|to=node00|deliver_tick=7|type=core.Vote
TICK000000000160|NET|SEND|from=node02|to=node01|deliver_tick=6|type=core.Vote
TICK000000000161|NET|SEND|from=node02|to=node02|deliver_tick=8|type=core.Vote
TICK000000000162|NET|SEND|from=node02|to=node03|deliver_tick=6|type=core.Vote
TICK000000000163|NODE|node02|SENT|PREVOTE|H=1
TICK000000000164|NODE|node02|RECV|VOTE|from=node00|H=1|phase=PREVOTE
TICK000000000165|NODE|node03|SENT|PREVOTE|H=1
TICK000000000166|NODE|node03|RECV|VOTE|from=node03|H=1|phase=PREVOTE
TICK000000000167|NET|DROP|from=node01|to=node01|lat=1
TICK000000000168|NET|SEND|from=node01|to=node02|deliver_tick=6|type=core.Vote
TICK000000000169|NET|SEND|from=node01|to=node03|deliver_tick=6|type=core.Vote
TICK000000000170|NET|SEND|from=node01|to=node00|deliver_tick=8|type=core.Vote
TICK000000000171|NODE|node01|SENT|PREVOTE|H=1
TICK000000000172|NODE|node01|RECV|VOTE|from=node01|H=1|phase=PREVOTE
TICK000000000173|NET|SEND|from=node00|to=node00|deliver_tick=6|type=core.Vote
TICK000000000174|NET|SEND|from=node00|to=node01|deliver_tick=6|type=core.Vote
TICK000000000175|NET|SEND|from=node00|to=node02|deliver_tick=8|type=core.Vote
TICK000000000176|NET|SEND|from=node00|to=node03|deliver_tick=8|type=core.Vote
TICK000000000177|NODE|node00|SENT|PREVOTE|H=1
TICK000000000178|NODE|node01|RECV|VOTE|from=node00|H=1|phase=PREVOTE
TICK000000000179|NET|SEND|from=node03|to=node03|deliver_tick=8|type=core.Vote
TICK000000000180|NET|SEND|from=node03|to=node00|deliver_tick=7|type=core.Vote
TICK000000000181|NET|DELIVER|from=node00|to=node01|tick=5|type=core.BlockHeader
TICK000000000182|NODE|node00|RECV|VOTE|from=node02|H=1|phase=PREVOTE
TICK000000000183|NET|SEND|from=node03|to=node01|deliver_tick=6|type=core.Vote
TICK000000000184|NET|SEND|from=node03|to=node02|deliver_tick=6|type=core.Vote
TICK000000000185|NODE|node01|RECV|BLOCK|from=node00|H=1|txs=1
TICK000000000186|NODE|node03|SENT|PRECOMMIT|H=1
TICK000000000187|NET|DELIVER|from=node00|to=node02|tick=5|type=core.BlockHeader
TICK000000000188|NET|DELIVER|from=node03|to=node01|tick=5|type=core.Vote
TICK000000000189|NODE|node02|RECV|HEADER|from=node00|H=1
TICK000000000190|NET|DELIVER|from=node03|to=node02|tick=5|type=core.Vote
TICK000000000191|NET|DELIVER|from=node00|to=node01|tick=5|type=*core.Block
TICK000000000192|NET|DELIVER|from=node00|to=node02|tick=5|type=*core.Block
TICK000000000193|NET|SEND|from=node01|to=node00|deliver_tick=7|type=core.Vote
TICK000000000194|NET|SEND|from=node01|to=node01|deliver_tick=6|type=core.Vote
TICK000000000195|NET|SEND|from=node01|to=node02|deliver_tick=7|type=core.Vote
TICK000000000196|NET|SEND|from=node01|to=node03|deliver_tick=7|type=core.Vote
TICK000000000197|NODE|node01|SENT|PREVOTE|H=1
TICK000000000198|NODE|node01|RECV|HEADER|from=node00|H=1
TICK000000000199|NET|DROP|from=node02|to=node00|lat=1
TICK000000000200|NET|SEND|from=node02|to=node01|deliver_tick=6|type=core.Vote
TICK000000000201|NET|SEND|from=node02|to=node02|deliver_tick=8|type=core.Vote
TICK000000000202|NET|SEND|from=node02|to=node03|deliver_tick=7|type=core.Vote
TICK000000000203|NODE|node02|SENT|PREVOTE|H=1
TICK000000000204|NODE|node02|RECV|VOTE|from=node03|H=1|phase=PREVOTE
TICK000000000205|NET|SEND|from=node00|to=node03|deliver_tick=7|type=core.BlockHeader
TICK000000000206|NET|SEND|from=node00|to=node00|deliver_tick=7|type=core.BlockHeader
TICK000000000207|NET|SEND|from=node00|to=node01|deliver_tick=8|type=core.BlockHeader
TICK000000000208|NET|SEND|from=node00|to=node02|deliver_tick=7|type=core.BlockHeader
TICK000000000209|NET|SEND|from=node01|to=node00|deliver_tick=6|type=core.Vote
TICK000000000210|NET|SEND|from=node01|to=node01|deliver_tick=7|type=core.Vote
TICK000000000211|NET|SEND|from=node01|to=node02|deliver_tick=6|type=core.Vote
TICK000000000212|NET|SEND|from=node01|to=node03|deliver_tick=8|type=core.Vote
TICK000000000213|NODE|node01|SENT|PREVOTE|H=1
TICK000000000214|NODE|node00|PROPOSE|H=1
TICK000000000215|NODE|node01|RECV|VOTE|from=node03|H=1|phase=PREVOTE
TICK000000000216|NET|SEND|from=node02|to=node01|deliver_tick=8|type=core.Vote
TICK000000000217|NET|SEND|from=node02|to=node02|deliver_tick=7|type=core.Vote
TICK000000000218|NET|SEND|from=node02|to=node03|deliver_tick=6|type=core.Vote
TICK000000000219|NET|SEND|from=node02|to=node00|deliver_tick=7|type=core.Vote
TICK000000000220|NODE|node02|SENT|PRECOMMIT|H=1
TICK000000000221|NODE|node02|RECV|BLOCK|from=node00|H=1|txs=1
TICK000000000222|NET|SEND|from=node01|to=node00|deliver_tick=7|type=core.Vote
TICK000000000223|NET|SEND|from=node01|to=node01|deliver_tick=7|type=core.Vote
TICK000000000224|NET|SEND|from=node01|to=node02|deliver_tick=7|type=core.Vote
TICK000000000225|NET|SEND|from=node01|to=node03|deliver_tick=7|type=core.Vote
TICK000000000226|NODE|node01|SENT|PRECOMMIT|H=1
TICK000000000227|NODE|node01|RECV|BLOCK|from=node00|H=1|txs=1
TICK000000000228|NET|SEND|from=node02|to=node01|deliver_tick=8|type=core.Vote
TICK000000000229|NET|SEND|from=node02|to=node02|deliver_tick=6|type=core.Vote
TICK000000000230|NET|SEND|from=node02|to=node03|deliver_tick=8|type=core.Vote
TICK000000000231|NET|SEND|from=node02|to=node00|deliver_tick=7|type=core.Vote
TICK000000000232|NODE|node02|SENT|PREVOTE|H=1
TICK000000000233|NET|SEND|from=node01|to=node00|deliver_tick=8|type=core.Vote
TICK000000000234|NET|SEND|from=node01|to=node01|deliver_tick=7|type=core.Vote
TICK000000000235|NET|SEND|from=node01|to=node02|deliver_tick=6|type=core.Vote
TICK000000000236|NET|SEND|from=node01|to=node03|deliver_tick=7|type=core.Vote
TICK000000000237|NODE|node01|SENT|PREVOTE|H=1
TICK000000000238|NET|SEND|from=node00|to=node01|deliver_tick=7|type=*core.Block
TICK000000000239|NET|SEND|from=node00|to=node02|deliver_tick=7|type=*core.Block
TICK000000000240|NET|SEND|from=node00|to=node03|deliver_tick=8|type=*core.Block
TICK000000000241|NET|SEND|from=node00|to=node00|deliver_tick=8|type=*core.Block
TICK000000000242|NET|DELIVER|from=node00|to=node03|tick=6|type=core.BlockHeader
TICK000000000243|NET|DELIVER|from=node00|to=node00|tick=6|type=core.Vote
TICK000000000244|NET|DELIVER|from=node00|to=node00|tick=6|type=core.Vote
TICK000000000245|NODE|node00|RECV|VOTE|from=node00|H=1|phase=PREVOTE
TICK000000000246|NODE|node03|RECV|HEADER|from=node00|H=1
TICK000000000247|NET|DELIVER|from=node00|to=node02|tick=6|type=core.Vote
TICK000000000248|NODE|node02|RECV|VOTE|from=node00|H=1|phase=PREVOTE
TICK000000000249|NET|SEND|from=node00|to=node00|deliver_tick=7|type=core.Vote
TICK000000000250|NET|DUP|from=node00|to=node00|tick=7
TICK000000000251|NET|SEND|from=node00|to=node01|deliver_tick=9|type=core.Vote
TICK000000000252|NET|SEND|from=node00|to=node02|deliver_tick=7|type=core.Vote
TICK000000000253|NET|SEND|from=node00|to=node03|deliver_tick=8|type=core.Vote
TICK000000000254|NODE|node00|SENT|PRECOMMIT|H=1
TICK000000000255|NODE|node00|RECV|VOTE|from=node00|H=1|phase=PREVOTE
TICK000000000256|NODE|node02|RECV|BLOCK|from=node00|H=1|txs=1
TICK000000000257|NET|DELIVER|from=node00|to=node02|tick=6|type=*core.Block
TICK000000000258|NET|SEND|from=node03|to=node00|deliver_tick=7|type=core.Vote
TICK000000000259|NET|SEND|from=node03|to=node01|deliver_tick=8|type=core.Vote
TICK000000000260|NET|SEND|from=node03|to=node02|deliver_tick=7|type=core.Vote
TICK000000000261|NET|SEND|from=node03|to=node03|deliver_tick=9|type=core.Vote
TICK000000000262|NODE|node03|SENT|PREVOTE|H=1
TICK000000000263|NET|DELIVER|from=node02|to=node02|tick=6|type=core.Vote
TICK000000000264|NET|SEND|from=node02|to=node02|deliver_tick=7|type=core.Vote
TICK000000000265|NET|SEND|from=node02|to=node03|deliver_tick=7|type=core.Vote
TICK000000000266|NET|SEND|from=node02|to=node00|deliver_tick=9|type=core.Vote
TICK000000000267|NET|SEND|from=node02|to=node01|deliver_tick=7|type=core.Vote
TICK000000000268|NODE|node02|SENT|PREVOTE|H=1
TICK000000000269|NET|DELIVER|from=node01|to=node02|tick=6|type=core.Vote
TICK000000000270|NODE|node02|RECV|VOTE|from=node02|H=1|phase=PREVOTE
TICK000000000271|NET|DELIVER|from=node00|to=node00|tick=6|type=core.BlockHeader
TICK000000000272|NET|DELIVER|from=node00|to=node00|tick=6|type=core.BlockHeader
TICK000000000273|NET|DELIVER|from=node00|to=node03|tick=6|type=core.BlockHeader
TICK000000000274|NET|DELIVER|from=node03|to=node00|tick=6|type=core.Vote
TICK000000000275|NET|DELIVER|from=node00|to=node00|tick=6|type=*core.Block
TICK000000000276|NET|DELIVER|from=node00|to=node00|tick=6|type=core.Vote
TICK000000000277|NET|DELIVER|from=node00|to=node01|tick=6|type=core.Vote
TICK000000000278|NET|DELIVER|from=node00|to=node03|tick=6|type=core.Vote
TICK000000000279|NET|DELIVER|from=node02|to=node02|tick=6|type=core.Vote
TICK000000000280|NET|DELIVER|from=node01|to=node03|tick=6|type=core.Vote
TICK000000000281|NET|DELIVER|from=node00|to=node00|tick=6|type=core.Vote
TICK000000000282|NET|DELIVER|from=node00|to=node02|tick=6|type=core.Vote
TICK000000000283|NET|DELIVER|from=node00|to=node03|tick=6|type=core.Vote
TICK000000000284|NET|DELIVER|from=node02|to=node02|tick=6|type=core.Vote
TICK000000000285|NET|DELIVER|from=node03|to=node00|tick=6|type=core.Vote
TICK000000000286|NET|DELIVER|from=node03|to=node03|tick=6|type=core.Vote
TICK000000000287|NET|DELIVER|from=node02|to=node01|tick=6|type=core.Vote
TICK000000000288|NET|DELIVER|from=node02|to=node03|tick=6|type=core.Vote
TICK000000000289|NODE|node02|RECV|VOTE|from=node01|H=1|phase=PREVOTE
TICK000000000290|NODE|node00|RECV|HEADER|from=node00|H=1
TICK000000000291|NODE|node03|RECV|HEADER|from=node00|H=1
TICK000000000292|NODE|node01|RECV|VOTE|from=node00|H=1|phase=PREVOTE
TICK000000000293|NET|SEND|from=node00|to=node00|deliver_tick=8|type=core.Vote
TICK000000000294|NET|SEND|from=node00|to=node01|deliver_tick=7|type=core.Vote
TICK000000000295|NET|SEND|from=node00|to=node02|deliver_tick=8|type=core.Vote
TICK000000000296|NET|SEND|from=node00|to=node03|deliver_tick=9|type=core.Vote
TICK000000000297|NODE|node00|SENT|PREVOTE|H=1
TICK000000000298|NET|DELIVER|from=node01|to=node02|tick=6|type=core.Vote
TICK000000000299|NET|DELIVER|from=node01|to=node03|tick=6|type=core.Vote
TICK000000000300|NET|DELIVER|from=node00|to=node00|tick=6|type=core.Vote
TICK000000000301|NET|SEND|from=node03|to=node00|deliver_tick=8|type=core.Vote
TICK000000000302|NET|SEND|from=node03|to=node01|deliver_tick=7|type=core.Vote
TICK000000000303|NET|SEND|from=node03|to=node02|deliver_tick=8|type=core.Vote
TICK000000000304|NET|SEND|from=node03|to=node03|deliver_tick=8|type=core.Vote
TICK000000000305|NODE|node03|SENT|PREVOTE|H=1
TICK000000000306|NODE|node03|RECV|VOTE|from=node00|H=1|phase=PREVOTE
TICK000000000307|NODE|node02|RECV|VOTE|from=node02|H=1|phase=PREVOTE
TICK000000000308|NODE|node01|RECV|VOTE|from=node02|H=1|phase=PREVOTE
TICK000000000309|NODE|node00|RECV|HEADER|from=node00|H=1
TICK000000000310|NET|DELIVER|from=node00|to=node01|tick=6|type=core.Vote
TICK000000000311|NET|DELIVER|from=node03|to=node01|tick=6|type=core.Vote
TICK000000000312|NET|DELIVER|from=node03|to=node02|tick=6|type=core.Vote
TICK000000000313|NET|DELIVER|from=node01|to=node01|tick=6|type=core.Vote
TICK000000000314|NODE|node01|RECV|VOTE|from=node00|H=1|phase=PREVOTE
TICK000000000315|NODE|node02|RECV|VOTE|from=node00|H=1|phase=PREVOTE
TICK000000000316|NODE|node03|RECV|VOTE|from=node01|H=1|phase=PREVOTE
TICK000000000317|NET|DELIVER|from=node02|to=node01|tick=6|type=core.Vote
TICK000000000318|NET|SEND|from=node00|to=node00|deliver_tick=9|type=core.Vote
TICK000000000319|NET|SEND|from=node00|to=node01|deliver_tick=8|type=core.Vote
TICK000000000320|NET|SEND|from=node00|to=node02|deliver_tick=9|type=core.Vote
TICK000000000321|NODE|node01|RECV|VOTE|from=node03|H=1|phase=PRECOMMIT
TICK000000000322|NODE|node02|RECV|VOTE|from=node02|H=1|phase=PREVOTE
TICK000000000323|NET|SEND|from=node00|to=node03|deliver_tick=9|type=core.Vote
TICK000000000324|NODE|node00|SENT|PREVOTE|H=1
TICK000000000325|NODE|node03|RECV|VOTE|from=node00|H=1|phase=PREVOTE
TICK000000000326|NODE|node01|RECV|VOTE|from=node01|H=1|phase=PREVOTE
TICK000000000327|NODE|node00|RECV|VOTE|from=node03|H=1|phase=PREVOTE
TICK000000000328|NODE|node01|RECV|VOTE|from=node02|H=1|phase=PREVOTE
TICK000000000329|NET|DELIVER|from=node01|to=node00|tick=6|type=core.Vote
TICK000000000330|NET|DELIVER|from=node01|to=node02|tick=6|type=core.Vote
TICK000000000331|NODE|node02|RECV|VOTE|from=node01|H=1|phase=PREVOTE
TICK000000000332|NODE|node03|RECV|VOTE|from=node03|H=1|phase=PREVOTE
TICK000000000333|NET|DELIVER|from=node02|to=node03|tick=6|type=core.Vote
TICK000000000334|NET|DELIVER|from=node02|to=node02|tick=6|type=core.Vote
TICK000000000335|NET|DELIVER|from=node01|to=node02|tick=6|type=core.Vote
TICK000000000336|NODE|node00|RECV|BLOCK|from=node00|H=1|txs=1
TICK000000000337|NODE|node03|RECV|VOTE|from=node02|H=1|phase=PREVOTE
TICK000000000338|NODE|node02|RECV|VOTE|from=node03|H=1|phase=PRECOMMIT
TICK000000000339|NET|SEND|from=node00|to=node01|deliver_tick=9|type=core.BlockHeader
TICK000000000340|NET|SEND|from=node00|to=node02|deliver_tick=8|type=core.BlockHeader
TICK000000000341|NET|SEND|from=node00|to=node03|deliver_tick=8|type=core.BlockHeader
TICK000000000342|NET|SEND|from=node00|to=node00|deliver_tick=7|type=core.BlockHeader
TICK000000000343|NODE|node03|RECV|VOTE|from=node01|H=1|phase=PREVOTE
TICK000000000344|NODE|node02|RECV|VOTE|from=node01|H=1|phase=PREVOTE
TICK000000000345|NODE|node00|PROPOSE|H=1
TICK000000000346|NODE|node02|RECV|VOTE|from=node02|H=1|phase=PREVOTE
TICK000000000347|NODE|node03|RECV|VOTE|from=node02|H=1|phase=PRECOMMIT
TICK000000000348|NODE|node02|RECV|VOTE|from=node01|H=1|phase=PREVOTE
TICK000000000349|NET|SEND|from=node00|to=node02|deliver_tick=8|type=core.Vote
TICK000000000350|NET|SEND|from=node00|to=node03|deliver_tick=9|type=core.Vote
TICK000000000351|NET|SEND|from=node00|to=node00|deliver_tick=7|type=core.Vote
TICK000000000352|NET|SEND|from=node00|to=node01|deliver_tick=7|type=core.Vote
TICK000000000353|NODE|node00|SENT|PREVOTE|H=1
TICK000000000354|NODE|node00|RECV|VOTE|from=node00|H=1|phase=PREVOTE
TICK000000000355|NODE|node00|RECV|VOTE|from=node00|H=1|phase=PREVOTE
TICK000000000356|NODE|node00|RECV|VOTE|from=node03|H=1|phase=PREVOTE
TICK000000000357|NODE|node00|RECV|VOTE|from=node00|H=1|phase=PREVOTE
TICK000000000358|NODE|node00|RECV|VOTE|from=node01|H=1|phase=PREVOTE
TICK000000000359|NET|SEND|from=node00|to=node00|deliver_tick=8|type=*core.Block
TICK000000000360|NET|SEND|from=node00|to=node01|deliver_tick=9|type=*core.Block
TICK000000000361|NET|SEND|from=node00|to=node02|deliver_tick=9|type=*core.Block
TICK000000000362|NET|SEND|from=node00|to=node03|deliver_tick=8|type=*core.Block
TICK000000000363|NET|DELIVER|from=node03|to=node01|tick=7|type=core.Vote
TICK000000000364|NET|DELIVER|from=node03|to=node02|tick=7|type=core.Vote
TICK000000000365|NET|DELIVER|from=node03|to=node02|tick=7|type=core.Vote
TICK000000000366|NET|DELIVER|from=node03|to=node00|tick=7|type=core.Vote
TICK000000000367|NODE|node01|RECV|VOTE|from=node03|H=1|phase=PREVOTE
TICK000000000368|NET|DELIVER|from=node03|to=node00|tick=7|type=core.Vote
TICK000000000369|NET|DELIVER|from=node03|to=node01|tick=7|type=core.Vote
TICK000000000370|NODE|node00|RECV|VOTE|from=node03|H=1|phase=PREVOTE
TICK000000000371|NODE|node02|RECV|VOTE|from=node03|H=1|phase=PREVOTE
TICK000000000372|NET|DELIVER|from=node03|to=node02|tick=7|type=core.Vote
TICK000000000373|NET|DELIVER|from=node02|to=node01|tick=7|type=core.Vote
TICK000000000374|NET|DELIVER|from=node02|to=node03|tick=7|type=core.Vote
TICK000000000375|NET|DELIVER|from=node01|to=node00|tick=7|type=core.Vote
TICK000000000376|NET|DELIVER|from=node01|to=node01|tick=7|type=core.Vote
TICK000000000377|NODE|node00|RECV|VOTE|from=node03|H=1|phase=PREVOTE
TICK000000000378|NODE|node01|RECV|VOTE|from=node03|H=1|phase=PREVOTE
TICK000000000379|NODE|node02|RECV|VOTE|from=node03|H=1|phase=PREVOTE
TICK000000000380|NODE|node01|RECV|VOTE|from=node02|H=1|phase=PREVOTE
TICK000000000381|NODE|node03|RECV|VOTE|from=node02|H=1|phase=PREVOTE
TICK000000000382|NET|DELIVER|from=node01|to=node03|tick=7|type=core.Vote
TICK000000000383|NODE|node00|RECV|VOTE|from=node01|H=1|phase=PREVOTE
TICK000000000384|NET|DELIVER|from=node03|to=node03|tick=7|type=core.Vote
TICK000000000385|NET|DELIVER|from=node00|to=node03|tick=7|type=*core.Block
TICK000000000386|NET|DELIVER|from=node01|to=node00|tick=7|type=core.Vote
TICK000000000387|NET|DELIVER|from=node01|to=node01|tick=7|type=core.Vote
TICK000000000388|NET|DELIVER|from=node02|to=node03|tick=7|type=core.Vote
TICK000000000389|NET|DELIVER|from=node03|to=node01|tick=7|type=core.Vote
TICK000000000390|NET|DELIVER|from=node03|to=node02|tick=7|type=core.Vote
TICK000000000391|NODE|node00|RECV|VOTE|from=node01|H=1|phase=PREVOTE
TICK000000000392|NODE|node01|RECV|VOTE|from=node01|H=1|phase=PREVOTE
TICK000000000393|NODE|node00|RECV|VOTE|from=node02|H=1|phase=PREVOTE
TICK000000000394|NET|DELIVER|from=node02|to=node00|tick=7|type=core.Vote
TICK000000000395|NET|DELIVER|from=node03|to=node00|tick=7|type=core.Vote
TICK000000000396|NET|DELIVER|from=node01|to=node00|tick=7|type=core.Vote
TICK000000000397|NET|DELIVER|from=node01|to=node02|tick=7|type=core.Vote
TICK000000000398|NET|DELIVER|from=node01|to=node03|tick=7|type=core.Vote
TICK000000000399|NODE|node00|RECV|VOTE|from=node03|H=1|phase=PRECOMMIT
TICK000000000400|NODE|node02|RECV|VOTE|from=node03|H=1|phase=PREVOTE
TICK000000000401|NODE|node03|RECV|VOTE|from=node01|H=1|phase=PREVOTE
TICK000000000402|NET|DELIVER|from=node02|to=node03|tick=7|type=core.Vote
TICK000000000403|NODE|node03|RECV|VOTE|from=node03|H=1|phase=PREVOTE
TICK000000000404|NODE|node02|RECV|VOTE|from=node03|H=1|phase=PREVOTE
TICK000000000405|NET|DELIVER|from=node00|to=node03|tick=7|type=core.BlockHeader
TICK000000000406|NODE|node03|RECV|BLOCK|from=node00|H=1|txs=1
TICK000000000407|NET|DELIVER|from=node00|to=node00|tick=7|type=core.BlockHeader
TICK000000000408|NET|DELIVER|from=node00|to=node02|tick=7|type=core.BlockHeader
TICK000000000409|NET|DELIVER|from=node01|to=node01|tick=7|type=core.Vote
TICK000000000410|NET|DELIVER|from=node02|to=node02|tick=7|type=core.Vote
TICK000000000411|NODE|node02|RECV|VOTE|from=node01|H=1|phase=PREVOTE
TICK000000000412|NODE|node01|RECV|VOTE|from=node01|H=1|phase=PREVOTE
TICK000000000413|NET|SEND|from=node03|to=node03|deliver_tick=10|type=core.Vote
TICK000000000414|NET|DROP|from=node03|to=node00|lat=2
TICK000000000415|NET|SEND|from=node03|to=node01|deliver_tick=8|type=core.Vote
TICK000000000416|NET|SEND|from=node03|to=node02|deliver_tick=8|type=core.Vote
TICK000000000417|NODE|node03|SENT|PREVOTE|H=1
TICK000000000418|NODE|node03|RECV|VOTE|from=node02|H=1|phase=PREVOTE
TICK000000000419|NET|DELIVER|from=node02|to=node00|tick=7|type=core.Vote
TICK000000000420|NODE|node02|RECV|HEADER|from=node00|H=1
TICK000000000421|NODE|node01|RECV|VOTE|from=node03|H=1|phase=PREVOTE
TICK000000000422|NET|DELIVER|from=node01|to=node00|tick=7|type=core.Vote
TICK000000000423|NET|DELIVER|from=node01|to=node01|tick=7|type=core.Vote
TICK000000000424|NET|DELIVER|from=node01|to=node02|tick=7|type=core.Vote
TICK000000000425|NET|DELIVER|from=node01|to=node03|tick=7|type=core.Vote
TICK000000000426|NET|DELIVER|from=node02|to=node00|tick=7|type=core.Vote
TICK000000000427|NET|DELIVER|from=node01|to=node01|tick=7|type=core.Vote
TICK000000000428|NET|DELIVER|from=node01|to=node03|tick=7|type=core.Vote
TICK000000000429|NET|DELIVER|from=node00|to=node01|tick=7|type=*core.Block
TICK000000000430|NET|DELIVER|from=node00|to=node02|tick=7|type=*core.Block
TICK000000000431|NET|DELIVER|from=node00|to=node00|tick=7|type=core.Vote
TICK000000000432|NODE|node00|RECV|VOTE|from=node01|H=1|phase=PREVOTE
TICK000000000433|NODE|node03|RECV|VOTE|from=node01|H=1|phase=PREVOTE
TICK000000000434|NET|SEND|from=node02|to=node00|deliver_tick=8|type=core.Vote
TICK000000000435|NET|SEND|from=node02|to=node01|deliver_tick=10|type=core.Vote
TICK000000000436|NODE|node00|RECV|HEADER|from=node00|H=1
TICK000000000437|NET|SEND|from=node02|to=node02|deliver_tick=8|type=core.Vote
TICK000000000438|NODE|node03|RECV|VOTE|from=node02|H=1|phase=PREVOTE
TICK000000000439|NODE|node01|RECV|VOTE|from=node01|H=1|phase=PREVOTE
TICK000000000440|NET|DELIVER|from=node00|to=node00|tick=7|type=core.Vote
TICK000000000441|NET|SEND|from=node02|to=node03|deliver_tick=9|type=core.Vote
TICK000000000442|NODE|node02|SENT|PREVOTE|H=1
TICK000000000443|NET|SEND|from=node00|to=node02|deliver_tick=9|type=core.Vote
TICK000000000444|NET|SEND|from=node00|to=node03|deliver_tick=9|type=core.Vote
TICK000000000445|NODE|node03|RECV|HEADER|from=node00|H=1
TICK000000000446|NODE|node01|RECV|VOTE|from=node01|H=1|phase=PRECOMMIT
TICK000000000447|NODE|node02|RECV|VOTE|from=node02|H=1|phase=PRECOMMIT
TICK000000000448|NET|SEND|from=node00|to=node00|deliver_tick=8|type=core.Vote
TICK000000000449|NET|SEND|from=node00|to=node01|deliver_tick=10|type=core.Vote
TICK000000000450|NODE|node00|SENT|PREVOTE|H=1
TICK000000000451|NODE|node02|RECV|VOTE|from=node01|H=1|phase=PRECOMMIT
TICK000000000452|NODE|node01|RECV|VOTE|from=node01|H=1|phase=PREVOTE
TICK000000000453|NODE|node00|RECV|VOTE|from=node02|H=1|phase=PRECOMMIT
TICK000000000454|NODE|node02|FINALIZED|H=1
TICK000000000455|NET|DELIVER|from=node00|to=node02|tick=7|type=core.Vote
TICK000000000456|NET|SEND|from=node03|to=node00|deliver_tick=9|type=core.Vote
TICK000000000457|NET|SEND|from=node03|to=node01|deliver_tick=8|type=core.Vote
TICK000000000458|NODE|node00|RECV|VOTE|from=node01|H=1|phase=PRECOMMIT
TICK000000000459|NODE|node01|RECV|BLOCK|from=node00|H=1|txs=1
TICK000000000460|NODE|node02|RECV|BLOCK|from=node00|H=1|txs=1
TICK000000000461|NET|SEND|from=node03|to=node02|deliver_tick=8|type=core.Vote
TICK000000000462|NET|SEND|from=node03|to=node03|deliver_tick=8|type=core.Vote
TICK000000000463|NODE|node03|SENT|PREVOTE|H=1
TICK000000000464|NET|DELIVER|from=node03|to=node00|tick=7|type=core.Vote
TICK000000000465|NODE|node00|FINALIZED|H=1
TICK000000000466|NODE|node00|RECV|VOTE|from=node02|H=1|phase=PREVOTE
TICK000000000467|NODE|node03|RECV|VOTE|from=node01|H=1|phase=PRECOMMIT
TICK000000000468|NET|SEND|from=node01|to=node02|deliver_tick=10|type=core.Vote
TICK000000000469|NODE|node00|RECV|VOTE|from=node00|H=1|phase=PRECOMMIT
TICK000000000470|NET|SEND|from=node01|to=node03|deliver_tick=8|type=core.Vote
TICK000000000471|NET|SEND|from=node01|to=node00|deliver_tick=10|type=core.Vote
TICK000000000472|NODE|node03|RECV|VOTE|from=node01|H=1|phase=PREVOTE
TICK000000000473|NET|SEND|from=node01|to=node01|deliver_tick=10|type=core.Vote
TICK000000000474|NODE|node01|SENT|PREVOTE|H=1
TICK000000000475|NODE|node00|RECV|VOTE|from=node00|H=1|phase=PRECOMMIT
TICK000000000476|NET|DELIVER|from=node03|to=node02|tick=7|type=core.Vote
TICK000000000477|NET|SEND|from=node02|to=node00|deliver_tick=9|type=core.Vote
TICK000000000478|NET|SEND|from=node02|to=node01|deliver_tick=10|type=core.Vote
TICK000000000479|NET|SEND|from=node02|to=node02|deliver_tick=10|type=core.Vote
TICK000000000480|NET|SEND|from=node02|to=node03|deliver_tick=10|type=core.Vote
TICK000000000481|NODE|node02|SENT|PREVOTE|H=1
TICK000000000482|NODE|node02|RECV|VOTE|from=node00|H=1|phase=PRECOMMIT
TICK000000000483|NODE|node00|RECV|VOTE|from=node03|H=1|phase=PREVOTE
TICK000000000484|NET|DELIVER|from=node02|to=node02|tick=7|type=core.Vote
TICK000000000485|NET|DELIVER|from=node02|to=node03|tick=7|type=core.Vote
TICK000000000486|NET|DELIVER|from=node02|to=node01|tick=7|type=core.Vote
TICK000000000487|NODE|node03|RECV|VOTE|from=node02|H=1|phase=PREVOTE
TICK000000000488|NET|DELIVER|from=node00|to=node01|tick=7|type=core.Vote
TICK000000000489|NET|DELIVER|from=node03|to=node01|tick=7|type=core.Vote
TICK000000000490|NODE|node01|RECV|VOTE|from=node02|H=1|phase=PREVOTE
TICK000000000491|NODE|node02|RECV|VOTE|from=node03|H=1|phase=PREVOTE
TICK000000000492|NET|DELIVER|from=node00|to=node00|tick=7|type=core.BlockHeader
TICK000000000493|NET|DELIVER|from=node00|to=node00|tick=7|type=core.Vote
TICK000000000494|NET|DELIVER|from=node00|to=node01|tick=7|type=core.Vote
TICK000000000495|NODE|node00|RECV|HEADER|from=node00|H=1
TICK000000000496|NODE|node02|RECV|VOTE|from=node02|H=1|phase=PREVOTE
TICK000000000497|NODE|node01|RECV|VOTE|from=node00|H=1|phase=PREVOTE
TICK000000000498|NET|SEND|from=node00|to=node00|deliver_tick=9|type=core.Vote
TICK000000000499|NET|SEND|from=node00|to=node01|deliver_tick=10|type=core.Vote
TICK000000000500|NET|SEND|from=node00|to=node02|deliver_tick=10|type=core.Vote
TICK000000000501|NET|SEND|from=node00|to=node03|deliver_tick=9|type=core.Vote
TICK000000000502|NODE|node00|SENT|PREVOTE|H=1
TICK000000000503|NODE|node00|RECV|VOTE|from=node00|H=1|phase=PREVOTE
TICK000000000504|NODE|node01|RECV|VOTE|from=node03|H=1|phase=PREVOTE
TICK000000000505|NODE|node01|RECV|VOTE|from=node00|H=1|phase=PREVOTE
TICK000000000506|NET|SEND|from=node00|to=node01|deliver_tick=8|type=*core.Block
TICK000000000507|NET|SEND|from=node00|to=node02|deliver_tick=9|type=*core.Block
TICK000000000508|NET|SEND|from=node00|to=node03|deliver_tick=9|type=*core.Block
TICK000000000509|NET|SEND|from=node00|to=node00|deliver_tick=10|type=*core.Block
TICK000000000510|NET|DELIVER|from=node00|to=node02|tick=8|type=core.Vote
TICK000000000511|NET|DELIVER|from=node02|to=node00|tick=8|type=core.Vote
TICK000000000512|NET|DELIVER|from=node02|to=node01|tick=8|type=core.Vote
TICK000000000513|NET|DELIVER|from=node01|to=node02|tick=8|type=core.Vote
TICK000000000514|NET|DELIVER|from=node00|to=node01|tick=8|type=core.Vote
TICK000000000515|NET|DELIVER|from=node02|to=node00|tick=8|type=core.Vote
TICK000000000516|NET|DELIVER|from=node02|to=node01|tick=8|type=core.Vote
TICK000000000517|NET|DELIVER|from=node02|to=node02|tick=8|type=core.Vote
TICK000000000518|NET|DELIVER|from=node01|to=node00|tick=8|type=core.Vote
TICK000000000519|NET|DELIVER|from=node00|to=node02|tick=8|type=core.Vote
TICK000000000520|NET|DELIVER|from=node00|to=node03|tick=8|type=core.Vote
TICK000000000521|NET|DELIVER|from=node03|to=node03|tick=8|type=core.Vote
TICK000000000522|NET|DELIVER|from=node02|to=node02|tick=8|type=core.Vote
TICK000000000523|NET|DELIVER|from=node00|to=node01|tick=8|type=core.BlockHeader
TICK000000000524|NET|DELIVER|from=node01|to=node03|tick=8|type=core.Vote
TICK000000000525|NET|DELIVER|from=node02|to=node01|tick=8|type=core.Vote
TICK000000000526|NET|DELIVER|from=node02|to=node01|tick=8|type=core.Vote
TICK000000000527|NET|DELIVER|from=node02|to=node03|tick=8|type=core.Vote
TICK000000000528|NET|DELIVER|from=node01|to=node00|tick=8|type=core.Vote
TICK000000000529|NET|DELIVER|from=node00|to=node03|tick=8|type=*core.Block
TICK000000000530|NET|DELIVER|from=node00|to=node00|tick=8|type=*core.Block
TICK000000000531|NET|DELIVER|from=node00|to=node03|tick=8|type=core.Vote
TICK000000000532|NET|DELIVER|from=node03|to=node01|tick=8|type=core.Vote
TICK000000000533|NET|DELIVER|from=node00|to=node00|tick=8|type=core.Vote
TICK000000000534|NET|DELIVER|from=node00|to=node02|tick=8|type=core.Vote
TICK000000000535|NET|DELIVER|from=node03|to=node00|tick=8|type=core.Vote
TICK000000000536|NET|DELIVER|from=node03|to=node02|tick=8|type=core.Vote
TICK000000000537|NET|DELIVER|from=node03|to=node03|tick=8|type=core.Vote
TICK000000000538|NET|DELIVER|from=node00|to=node01|tick=8|type=core.Vote
TICK000000000539|NET|DELIVER|from=node00|to=node02|tick=8|type=core.BlockHeader
TICK000000000540|NET|DELIVER|from=node00|to=node03|tick=8|type=core.BlockHeader
TICK000000000541|NET|DELIVER|from=node00|to=node02|tick=8|type=core.Vote
TICK000000000542|NET|DELIVER|from=node00|to=node00|tick=8|type=*core.Block
TICK000000000543|NET|DELIVER|from=node00|to=node03|tick=8|type=*core.Block
TICK000000000544|NET|DELIVER|from=node03|to=node01|tick=8|type=core.Vote
TICK000000000545|NET|DELIVER|from=node03|to=node02|tick=8|type=core.Vote
TICK000000000546|NET|DELIVER|from=node02|to=node00|tick=8|type=core.Vote
TICK000000000547|NET|DELIVER|from=node02|to=node02|tick=8|type=core.Vote
TICK000000000548|NET|DELIVER|from=node00|to=node00|tick=8|type=core.Vote
TICK000000000549|NET|DELIVER|from=node03|to=node01|tick=8|type=core.Vote
TICK000000000550|NODE|node00|RECV|VOTE|from=node02|H=1|phase=PREVOTE
TICK000000000551|NODE|node02|RECV|VOTE|from=node00|H=1|phase=PREVOTE
TICK000000000552|NODE|node01|RECV|VOTE|from=node02|H=1|phase=PREVOTE
TICK000000000553|NODE|node03|RECV|VOTE|from=node00|H=1|phase=PREVOTE
TICK000000000554|NODE|node02|RECV|VOTE|from=node01|H=1|phase=PREVOTE
TICK000000000555|NET|DELIVER|from=node03|to=node02|tick=8|type=core.Vote
TICK000000000556|NET|DELIVER|from=node03|to=node03|tick=8|type=core.Vote
TICK000000000557|NET|DELIVER|from=node01|to=node03|tick=8|type=core.Vote
TICK000000000558|NODE|node01|RECV|VOTE|from=node00|H=1|phase=PREVOTE
TICK000000000559|NODE|node00|RECV|VOTE|from=node02|H=1|phase=PREVOTE
TICK000000000560|NET|DELIVER|from=node00|to=node01|tick=8|type=*core.Block
TICK000000000561|NODE|node03|RECV|VOTE|from=node03|H=1|phase=PRECOMMIT
TICK000000000562|NODE|node00|RECV|VOTE|from=node01|H=1|phase=PREVOTE
TICK000000000563|NODE|node02|RECV|VOTE|from=node02|H=1|phase=PREVOTE
TICK000000000564|NODE|node01|RECV|VOTE|from=node02|H=1|phase=PREVOTE
TICK000000000565|NODE|node00|RECV|VOTE|from=node01|H=1|phase=PREVOTE
TICK000000000566|NODE|node03|FINALIZED|H=1
TICK000000000567|NODE|node03|RECV|VOTE|from=node01|H=1|phase=PREVOTE
TICK000000000568|NODE|node02|RECV|VOTE|from=node00|H=1|phase=PREVOTE
TICK000000000569|NODE|node01|RECV|HEADER|from=node00|H=1
TICK000000000570|NODE|node03|RECV|VOTE|from=node02|H=1|phase=PREVOTE
TICK000000000571|NODE|node02|RECV|VOTE|from=node02|H=1|phase=PREVOTE
TICK000000000572|NODE|node00|RECV|BLOCK|from=node00|H=1|txs=1
TICK000000000573|NODE|node03|RECV|BLOCK|from=node00|H=1|txs=1
TICK000000000574|NET|SEND|from=node01|to=node03|deliver_tick=9|type=core.Vote
TICK000000000575|NET|SEND|from=node01|to=node00|deliver_tick=10|type=core.Vote
TICK000000000576|NODE|node02|RECV|VOTE|from=node00|H=1|phase=PREVOTE
TICK000000000577|NET|SEND|from=node01|to=node01|deliver_tick=9|type=core.Vote
TICK000000000578|NET|SEND|from=node01|to=node02|deliver_tick=10|type=core.Vote
TICK000000000579|NODE|node01|SENT|PREVOTE|H=1
TICK000000000580|NODE|node01|RECV|VOTE|from=node02|H=1|phase=PRECOMMIT
TICK000000000581|NODE|node02|RECV|VOTE|from=node03|H=1|phase=PREVOTE
TICK000000000582|NODE|node01|FINALIZED|H=1
TICK000000000583|NODE|node01|RECV|VOTE|from=node02|H=1|phase=PREVOTE
TICK000000000584|NODE|node02|RECV|HEADER|from=node00|H=1
TICK000000000585|NODE|node01|RECV|VOTE|from=node03|H=1|phase=PREVOTE
TICK000000000586|NET|DROP|from=node03|to=node00|lat=2
TICK000000000587|NET|SEND|from=node03|to=node01|deliver_tick=11|type=core.Vote
TICK000000000588|NET|SEND|from=node03|to=node02|deliver_tick=10|type=core.Vote
TICK000000000589|NET|SEND|from=node03|to=node03|deliver_tick=10|type=core.Vote
TICK000000000590|NODE|node03|SENT|PREVOTE|H=1
TICK000000000591|NODE|node03|RECV|VOTE|from=node00|H=1|phase=PRECOMMIT
TICK000000000592|NODE|node01|RECV|VOTE|from=node00|H=1|phase=PREVOTE
TICK000000000593|NET|DROP|from=node02|to=node03|lat=1
TICK000000000594|NET|SEND|from=node02|to=node00|deliver_tick=9|type=core.Vote
TICK000000000595|NET|DUP|from=node02|to=node00|tick=9
TICK000000000596|NET|SEND|from=node02|to=node01|deliver_tick=11|type=core.Vote
TICK000000000597|NET|SEND|from=node02|to=node02|deliver_tick=11|type=core.Vote
TICK000000000598|NET|DUP|from=node02|to=node02|tick=11
TICK000000000599|NODE|node03|RECV|VOTE|from=node03|H=1|phase=PREVOTE
TICK000000000600|NODE|node02|SENT|PREVOTE|H=1
TICK000000000601|NODE|node01|RECV|VOTE|from=node03|H=1|phase=PREVOTE
TICK000000000602|NET|SEND|from=node00|to=node00|deliver_tick=10|type=core.Vote
TICK000000000603|NODE|node03|RECV|HEADER|from=node00|H=1
TICK000000000604|NET|SEND|from=node00|to=node01|deliver_tick=11|type=core.Vote
TICK000000000605|NET|SEND|from=node00|to=node02|deliver_tick=11|type=core.Vote
TICK000000000606|NET|SEND|from=node00|to=node03|deliver_tick=9|type=core.Vote
TICK000000000607|NODE|node00|SENT|PREVOTE|H=1
TICK000000000608|NODE|node00|RECV|VOTE|from=node00|H=1|phase=PREVOTE
TICK000000000609|NODE|node01|RECV|VOTE|from=node03|H=1|phase=PREVOTE
TICK000000000610|NODE|node02|RECV|VOTE|from=node00|H=1|phase=PREVOTE
TICK000000000611|NODE|node00|RECV|VOTE|from=node03|H=1|phase=PREVOTE
TICK000000000612|NET|SEND|from=node03|to=node00|deliver_tick=10|type=core.Vote
TICK000000000613|NET|SEND|from=node03|to=node01|deliver_tick=11|type=core.Vote
TICK000000000614|NET|SEND|from=node03|to=node02|deliver_tick=11|type=core.Vote
TICK000000000615|NODE|node01|RECV|BLOCK|from=node00|H=1|txs=1
TICK000000000616|NODE|node02|RECV|VOTE|from=node03|H=1|phase=PREVOTE
TICK000000000617|NET|SEND|from=node03|to=node03|deliver_tick=10|type=core.Vote
TICK000000000618|NODE|node03|SENT|PREVOTE|H=1
TICK000000000619|NODE|node03|RECV|BLOCK|from=node00|H=1|txs=1
TICK000000000620|NODE|node00|RECV|BLOCK|from=node00|H=1|txs=1
TICK000000000621|NODE|node02|RECV|VOTE|from=node02|H=1|phase=PREVOTE
TICK000000000622|NET|SEND|from=node01|to=node03|deliver_tick=11|type=core.Vote
TICK000000000623|NET|SEND|from=node01|to=node00|deliver_tick=9|type=core.Vote
TICK000000000624|NET|SEND|from=node01|to=node01|deliver_tick=11|type=core.Vote
TICK000000000625|NET|SEND|from=node01|to=node02|deliver_tick=10|type=core.Vote
TICK000000000626|NODE|node01|SENT|PREVOTE|H=1
TICK000000000627|NET|SEND|from=node03|to=node01|deliver_tick=9|type=core.Vote
TICK000000000628|NET|SEND|from=node03|to=node02|deliver_tick=11|type=core.Vote
TICK000000000629|NODE|node02|RECV|VOTE|from=node03|H=1|phase=PREVOTE
TICK000000000630|NET|DUP|from=node03|to=node02|tick=11
TICK000000000631|NET|SEND|from=node03|to=node03|deliver_tick=9|type=core.Vote
TICK000000000632|NET|SEND|from=node03|to=node00|deliver_tick=11|type=core.Vote
TICK000000000633|NODE|node03|SENT|PREVOTE|H=1
TICK000000000634|NODE|node03|RECV|VOTE|from=node03|H=1|phase=PREVOTE
TICK000000000635|NET|SEND|from=node00|to=node00|deliver_tick=9|type=core.Vote
TICK000000000636|NET|SEND|from=node00|to=node01|deliver_tick=10|type=core.Vote
TICK000000000637|NET|SEND|from=node00|to=node02|deliver_tick=10|type=core.Vote
TICK000000000638|NODE|node03|RECV|VOTE|from=node01|H=1|phase=PREVOTE
TICK000000000639|NET|SEND|from=node00|to=node03|deliver_tick=10|type=core.Vote
TICK000000000640|NODE|node00|SENT|PREVOTE|H=1
TICK000000000641|NODE|node00|RECV|VOTE|from=node02|H=1|phase=PREVOTE
TICK000000000642|NODE|node00|RECV|VOTE|from=node00|H=1|phase=PREVOTE
TICK000000000643|NET|DELIVER|from=node00|to=node01|tick=9|type=core.Vote
TICK000000000644|NET|DELIVER|from=node03|to=node03|tick=9|type=core.Vote
TICK000000000645|NET|DELIVER|from=node02|to=node00|tick=9|type=core.Vote
TICK000000000646|NODE|node01|RECV|VOTE|from=node00|H=1|phase=PRECOMMIT
TICK000000000647|NET|DELIVER|from=node00|to=node03|tick=9|type=core.Vote
TICK000000000648|NET|DELIVER|from=node00|to=node00|tick=9|type=core.Vote
TICK000000000649|NET|DELIVER|from=node00|to=node02|tick=9|type=core.Vote
TICK000000000650|NET|DELIVER|from=node00|to=node03|tick=9|type=core.Vote
TICK000000000651|NET|DELIVER|from=node00|to=node01|tick=9|type=core.BlockHeader
TICK000000000652|NODE|node01|RECV|HEADER|from=node00|H=1
TICK000000000653|NODE|node00|RECV|VOTE|from=node02|H=1|phase=PREVOTE
TICK000000000654|NODE|node03|RECV|VOTE|from=node03|H=1|phase=PREVOTE
TICK000000000655|NODE|node02|RECV|VOTE|from=node00|H=1|phase=PREVOTE
TICK000000000656|NET|DELIVER|from=node00|to=node03|tick=9|type=core.Vote
TICK000000000657|NET|DELIVER|from=node00|to=node01|tick=9|type=*core.Block
TICK000000000658|NET|DELIVER|from=node00|to=node02|tick=9|type=*core.Block
TICK000000000659|NODE|node03|RECV|VOTE|from=node00|H=1|phase=PREVOTE
TICK000000000660|NODE|node00|RECV|VOTE|from=node00|H=1|phase=PREVOTE
TICK000000000661|NET|SEND|from=node01|to=node00|deliver_tick=10|type=core.Vote
TICK000000000662|NET|SEND|from=node01|to=node01|deliver_tick=12|type=core.Vote
TICK000000000663|NET|SEND|from=node01|to=node02|deliver_tick=10|type=core.Vote
TICK000000000664|NET|SEND|from=node01|to=node03|deliver_tick=10|type=core.Vote
TICK000000000665|NODE|node01|SENT|PREVOTE|H=1
TICK000000000666|NET|DELIVER|from=node02|to=node03|tick=9|type=core.Vote
TICK000000000667|NET|DELIVER|from=node00|to=node02|tick=9|type=core.Vote
TICK000000000668|NET|DELIVER|from=node00|to=node03|tick=9|type=core.Vote
TICK000000000669|NET|DELIVER|from=node03|to=node00|tick=9|type=core.Vote
TICK000000000670|NET|DELIVER|from=node02|to=node00|tick=9|type=core.Vote
TICK000000000671|NET|DELIVER|from=node00|to=node00|tick=9|type=core.Vote
TICK000000000672|NODE|node02|RECV|BLOCK|from=node00|H=1|txs=1
TICK000000000673|NODE|node00|RECV|VOTE|from=node03|H=1|phase=PREVOTE
TICK000000000674|NODE|node01|RECV|BLOCK|from=node00|H=1|txs=1
TICK000000000675|NODE|node03|RECV|VOTE|from=node00|H=1|phase=PREVOTE
TICK000000000676|NET|DELIVER|from=node00|to=node03|tick=9|type=core.Vote
TICK000000000677|NET|DELIVER|from=node00|to=node02|tick=9|type=*core.Block
TICK000000000678|NET|DELIVER|from=node00|to=node03|tick=9|type=*core.Block
TICK000000000679|NET|DELIVER|from=node01|to=node03|tick=9|type=core.Vote
TICK000000000680|NET|SEND|from=node02|to=node00|deliver_tick=11|type=core.Vote
TICK000000000681|NET|SEND|from=node02|to=node01|deliver_tick=11|type=core.Vote
TICK000000000682|NET|SEND|from=node02|to=node02|deliver_tick=10|type=core.Vote
TICK000000000683|NET|SEND|from=node02|to=node03|deliver_tick=10|type=core.Vote
TICK000000000684|NODE|node02|SENT|PREVOTE|H=1
TICK000000000685|NET|DELIVER|from=node01|to=node01|tick=9|type=core.Vote
TICK000000000686|NODE|node03|RECV|VOTE|from=node00|H=1|phase=PREVOTE
TICK000000000687|NODE|node00|RECV|VOTE|from=node02|H=1|phase=PREVOTE
TICK000000000688|NODE|node02|RECV|VOTE|from=node00|H=1|phase=PREVOTE
TICK000000000689|NET|SEND|from=node01|to=node00|deliver_tick=10|type=core.Vote
TICK000000000690|NET|SEND|from=node01|to=node01|deliver_tick=10|type=core.Vote
TICK000000000691|NET|SEND|from=node01|to=node02|deliver_tick=10|type=core.Vote
TICK000000000692|NET|SEND|from=node01|to=node03|deliver_tick=10|type=core.Vote
TICK000000000693|NODE|node03|RECV|VOTE|from=node02|H=1|phase=PREVOTE
TICK000000000694|NODE|node00|RECV|VOTE|from=node00|H=1|phase=PREVOTE
TICK000000000695|NODE|node01|SENT|PREVOTE|H=1
TICK000000000696|NODE|node01|RECV|VOTE|from=node01|H=1|phase=PREVOTE
TICK000000000697|NODE|node03|RECV|VOTE|from=node00|H=1|phase=PREVOTE
TICK000000000698|NET|DELIVER|from=node02|to=node00|tick=9|type=core.Vote
TICK000000000699|NODE|node02|RECV|BLOCK|from=node00|H=1|txs=1
TICK000000000700|NET|DELIVER|from=node02|to=node00|tick=9|type=core.Vote
TICK000000000701|NET|DELIVER|from=node00|to=node03|tick=9|type=core.Vote
TICK000000000702|NET|DELIVER|from=node01|to=node00|tick=9|type=core.Vote
TICK000000000703|NET|DELIVER|from=node03|to=node01|tick=9|type=core.Vote
TICK000000000704|NET|DELIVER|from=node03|to=node03|tick=9|type=core.Vote
TICK000000000705|NET|DELIVER|from=node00|to=node00|tick=9|type=core.Vote
TICK000000000706|NODE|node00|RECV|VOTE|from=node02|H=1|phase=PREVOTE
TICK000000000707|NODE|node03|RECV|VOTE|from=node00|H=1|phase=PREVOTE
TICK000000000708|NET|SEND|from=node02|to=node00|deliver_tick=12|type=core.Vote
TICK000000000709|NODE|node01|RECV|VOTE|from=node03|H=1|phase=PREVOTE
TICK000000000710|NET|SEND|from=node02|to=node01|deliver_tick=11|type=core.Vote
TICK000000000711|NET|SEND|from=node02|to=node02|deliver_tick=11|type=core.Vote
TICK000000000712|NODE|node00|RECV|VOTE|from=node02|H=1|phase=PREVOTE
TICK000000000713|NODE|node03|RECV|BLOCK|from=node00|H=1|txs=1
TICK000000000714|NET|SEND|from=node02|to=node03|deliver_tick=12|type=core.Vote
TICK000000000715|NODE|node02|SENT|PREVOTE|H=1
TICK000000000716|NET|SEND|from=node01|to=node01|deliver_tick=12|type=core.BlockHeader
TICK000000000717|NET|SEND|from=node01|to=node02|deliver_tick=10|type=core.BlockHeader
TICK000000000718|NET|SEND|from=node01|to=node03|deliver_tick=11|type=core.BlockHeader
TICK000000000719|NET|SEND|from=node01|to=node00|deliver_tick=12|type=core.BlockHeader
TICK000000000720|NODE|node00|RECV|VOTE|from=node01|H=1|phase=PREVOTE
TICK000000000721|NODE|node01|PROPOSE|H=2
TICK000000000722|NET|SEND|from=node03|to=node03|deliver_tick=10|type=core.Vote
TICK000000000723|NET|SEND|from=node03|to=node00|deliver_tick=12|type=core.Vote
TICK000000000724|NET|SEND|from=node03|to=node01|deliver_tick=10|type=core.Vote
TICK000000000725|NET|SEND|from=node03|to=node02|deliver_tick=10|type=core.Vote
TICK000000000726|NODE|node03|SENT|PREVOTE|H=1
TICK000000000727|NODE|node00|RECV|VOTE|from=node00|H=1|phase=PREVOTE
TICK000000000728|NODE|node03|RECV|VOTE|from=node01|H=1|phase=PREVOTE
TICK000000000729|NODE|node03|RECV|VOTE|from=node00|H=1|phase=PREVOTE
TICK000000000730|NODE|node03|RECV|VOTE|from=node03|H=1|phase=PREVOTE
TICK000000000731|NET|DELIVER|from=node03|to=node03|tick=10|type=core.Vote
TICK000000000732|NET|DELIVER|from=node02|to=node01|tick=10|type=core.Vote
TICK000000000733|NET|DELIVER|from=node00|to=node01|tick=10|type=core.Vote
TICK000000000734|NODE|node03|RECV|VOTE|from=node03|H=1|phase=PREVOTE
TICK000000000735|NET|DELIVER|from=node01|to=node02|tick=10|type=core.Vote
TICK000000000736|NET|DELIVER|from=node01|to=node00|tick=10|type=core.Vote
TICK000000000737|NET|DELIVER|from=node01|to=node01|tick=10|type=core.Vote
TICK000000000738|NODE|node00|RECV|VOTE|from=node01|H=1|phase=PREVOTE
TICK000000000739|NODE|node02|RECV|VOTE|from=node01|H=1|phase=PREVOTE
TICK000000000740|NODE|node01|RECV|VOTE|from=node02|H=1|phase=PREVOTE
TICK000000000741|NET|DELIVER|from=node02|to=node01|tick=10|type=core.Vote
TICK000000000742|NET|DELIVER|from=node02|to=node02|tick=10|type=core.Vote
TICK000000000743|NET|DELIVER|from=node02|to=node03|tick=10|type=core.Vote
TICK000000000744|NODE|node01|RECV|VOTE|from=node00|H=1|phase=PREVOTE
TICK000000000745|NODE|node03|RECV|VOTE|from=node02|H=1|phase=PREVOTE
TICK000000000746|NODE|node02|RECV|VOTE|from=node02|H=1|phase=PREVOTE
TICK000000000747|NET|DELIVER|from=node00|to=node01|tick=10|type=core.Vote
TICK000000000748|NET|DELIVER|from=node00|to=node02|tick=10|type=core.Vote
TICK000000000749|NET|DELIVER|from=node00|to=node00|tick=10|type=*core.Block
TICK000000000750|NET|DELIVER|from=node01|to=node00|tick=10|type=core.Vote
TICK000000000751|NET|DELIVER|from=node01|to=node02|tick=10|type=core.Vote
TICK000000000752|NET|DELIVER|from=node03|to=node02|tick=10|type=core.Vote
TICK000000000753|NET|DELIVER|from=node03|to=node03|tick=10|type=core.Vote
TICK000000000754|NET|DELIVER|from=node00|to=node00|tick=10|type=core.Vote
TICK000000000755|NET|DELIVER|from=node03|to=node00|tick=10|type=core.Vote
TICK000000000756|NODE|node03|RECV|VOTE|from=node03|H=1|phase=PREVOTE
TICK000000000757|NET|DELIVER|from=node03|to=node03|tick=10|type=core.Vote
TICK000000000758|NET|DELIVER|from=node01|to=node02|tick=10|type=core.Vote
TICK000000000759|NET|DELIVER|from=node00|to=node01|tick=10|type=core.Vote
TICK000000000760|NET|DELIVER|from=node00|to=node02|tick=10|type=core.Vote
TICK000000000761|NET|DELIVER|from=node00|to=node03|tick=10|type=core.Vote
TICK000000000762|NET|DELIVER|from=node01|to=node00|tick=10|type=core.Vote
TICK000000000763|NET|DELIVER|from=node01|to=node02|tick=10|type=core.Vote
TICK000000000764|NET|DELIVER|from=node01|to=node03|tick=10|type=core.Vote
TICK000000000765|NODE|node01|RECV|VOTE|from=node01|H=1|phase=PREVOTE
TICK000000000766|NODE|node00|RECV|BLOCK|from=node00|H=1|txs=1
TICK000000000767|NODE|node02|RECV|VOTE|from=node00|H=1|phase=PREVOTE
TICK000000000768|NODE|node03|RECV|VOTE|from=node03|H=1|phase=PREVOTE
TICK000000000769|NET|DELIVER|from=node02|to=node02|tick=10|type=core.Vote
TICK000000000770|NET|DELIVER|from=node02|to=node03|tick=10|type=core.Vote
TICK000000000771|NET|DELIVER|from=node01|to=node00|tick=10|type=core.Vote
TICK000000000772|NET|DELIVER|from=node01|to=node01|tick=10|type=core.Vote
TICK000000000773|NET|DELIVER|from=node01|to=node02|tick=10|type=core.Vote
TICK000000000774|NET|DELIVER|from=node01|to=node03|tick=10|type=core.Vote
TICK000000000775|NET|DELIVER|from=node01|to=node02|tick=10|type=core.BlockHeader
TICK000000000776|NODE|node02|RECV|VOTE|from=node01|H=1|phase=PREVOTE
TICK000000000777|NODE|node03|RECV|VOTE|from=node00|H=1|phase=PREVOTE
TICK000000000778|NODE|node01|RECV|VOTE|from=node02|H=1|phase=PREVOTE
TICK000000000779|NODE|node02|RECV|VOTE|from=node03|H=1|phase=PREVOTE
TICK000000000780|NET|DELIVER|from=node03|to=node03|tick=10|type=core.Vote
TICK000000000781|NET|DELIVER|from=node03|to=node01|tick=10|type=core.Vote
TICK000000000782|NET|DELIVER|from=node03|to=node02|tick=10|type=core.Vote
TICK000000000783|NODE|node01|RECV|VOTE|from=node00|H=1|phase=PREVOTE
TICK000000000784|NODE|node02|RECV|VOTE|from=node01|H=1|phase=PREVOTE
TICK000000000785|NODE|node03|RECV|VOTE|from=node01|H=1|phase=PREVOTE
TICK000000000786|NET|SEND|from=node00|to=node00|deliver_tick=11|type=core.Vote
TICK000000000787|NET|SEND|from=node00|to=node01|deliver_tick=11|type=core.Vote
TICK000000000788|NET|SEND|from=node00|to=node02|deliver_tick=13|type=core.Vote
TICK000000000789|NET|SEND|from=node00|to=node03|deliver_tick=11|type=core.Vote
TICK000000000790|NODE|node00|SENT|PREVOTE|H=1
TICK000000000791|NET|SEND|from=node01|to=node00|deliver_tick=11|type=core.BlockHeader
TICK000000000792|NET|SEND|from=node01|to=node01|deliver_tick=13|type=core.BlockHeader
TICK000000000793|NET|DUP|from=node01|to=node01|tick=13
TICK000000000794|NET|SEND|from=node01|to=node02|deliver_tick=13|type=core.BlockHeader
TICK000000000795|NET|SEND|from=node01|to=node03|deliver_tick=12|type=core.BlockHeader
TICK000000000796|NODE|node02|RECV|VOTE|from=node00|H=1|phase=PREVOTE
TICK000000000797|NODE|node00|RECV|VOTE|from=node01|H=1|phase=PREVOTE
TICK000000000798|NODE|node03|RECV|VOTE|from=node02|H=1|phase=PREVOTE
TICK000000000799|NODE|node02|RECV|VOTE|from=node01|H=1|phase=PREVOTE
TICK000000000800|NODE|node00|RECV|VOTE|from=node00|H=1|phase=PREVOTE
TICK000000000801|NODE|node01|PROPOSE|H=2
TICK000000000802|NODE|node03|RECV|VOTE|from=node01|H=1|phase=PREVOTE
TICK000000000803|NODE|node02|RECV|VOTE|from=node02|H=1|phase=PREVOTE
TICK000000000804|NODE|node00|RECV|VOTE|from=node03|H=1|phase=PREVOTE
TICK000000000805|NODE|node03|RECV|VOTE|from=node03|H=1|phase=PREVOTE
TICK000000000806|NODE|node01|RECV|VOTE|from=node00|H=1|phase=PREVOTE
TICK000000000807|NODE|node00|RECV|VOTE|from=node01|H=1|phase=PREVOTE
TICK000000000808|NODE|node02|RECV|VOTE|from=node01|H=1|phase=PREVOTE
TICK000000000809|NODE|node00|RECV|VOTE|from=node01|H=1|phase=PREVOTE
TICK000000000810|NODE|node01|RECV|VOTE|from=node01|H=1|phase=PREVOTE
TICK000000000811|NODE|node02|RECV|HEADER|from=node01|H=2
TICK000000000812|NODE|node01|RECV|VOTE|from=node03|H=1|phase=PREVOTE
TICK000000000813|NET|SEND|from=node02|to=node02|deliver_tick=11|type=core.Vote
TICK000000000814|NET|SEND|from=node02|to=node03|deliver_tick=13|type=core.Vote
TICK000000000815|NET|SEND|from=node02|to=node00|deliver_tick=11|type=core.Vote
TICK000000000816|NET|SEND|from=node02|to=node01|deliver_tick=12|type=core.Vote
TICK000000000817|NODE|node02|SENT|PREVOTE|H=2
TICK000000000818|NODE|node02|RECV|VOTE|from=node03|H=1|phase=PREVOTE
TICK000000000819|NET|SEND|from=node01|to=node00|deliver_tick=12|type=*core.Block
TICK000000000820|NET|SEND|from=node01|to=node01|deliver_tick=13|type=*core.Block
TICK000000000821|NET|SEND|from=node01|to=node02|deliver_tick=11|type=*core.Block
TICK000000000822|NET|SEND|from=node01|to=node03|deliver_tick=12|type=*core.Block
TICK000000000823|NET|DELIVER|from=node03|to=node01|tick=11|type=core.Vote
TICK000000000824|NET|DELIVER|from=node02|to=node01|tick=11|type=core.Vote
TICK000000000825|NODE|node01|RECV|VOTE|from=node03|H=1|phase=PREVOTE
TICK000000000826|NET|DELIVER|from=node02|to=node02|tick=11|type=core.Vote
TICK000000000827|NET|DELIVER|from=node02|to=node02|tick=11|type=core.Vote
TICK000000000828|NET|DELIVER|from=node00|to=node01|tick=11|type=core.Vote
TICK000000000829|NET|DELIVER|from=node00|to=node02|tick=11|type=core.Vote
TICK000000000830|NET|DELIVER|from=node03|to=node01|tick=11|type=core.Vote
TICK000000000831|NODE|node01|RECV|VOTE|from=node02|H=1|phase=PREVOTE
TICK000000000832|NODE|node02|RECV|VOTE|from=node02|H=1|phase=PREVOTE
TICK000000000833|NODE|node01|RECV|VOTE|from=node00|H=1|phase=PREVOTE
TICK000000000834|NET|DELIVER|from=node03|to=node02|tick=11|type=core.Vote
TICK000000000835|NODE|node02|RECV|VOTE|from=node02|H=1|phase=PREVOTE
TICK000000000836|NET|DELIVER|from=node01|to=node03|tick=11|type=core.Vote
TICK000000000837|NET|DELIVER|from=node01|to=node01|tick=11|type=core.Vote
TICK000000000838|NODE|node03|RECV|VOTE|from=node01|H=1|phase=PREVOTE
TICK000000000839|NODE|node02|RECV|VOTE|from=node00|H=1|phase=PREVOTE
TICK000000000840|NODE|node01|RECV|VOTE|from=node03|H=1|phase=PREVOTE
TICK000000000841|NET|DELIVER|from=node03|to=node02|tick=11|type=core.Vote
TICK000000000842|NODE|node02|RECV|VOTE|from=node03|H=1|phase=PREVOTE
TICK000000000843|NODE|node01|RECV|VOTE|from=node01|H=1|phase=PREVOTE
TICK000000000844|NET|DELIVER|from=node03|to=node02|tick=11|type=core.Vote
TICK000000000845|NODE|node02|RECV|VOTE|from=node03|H=1|phase=PREVOTE
TICK000000000846|NODE|node00|RECV|VOTE|from=node03|H=1|phase=PREVOTE
TICK000000000847|NET|DELIVER|from=node03|to=node00|tick=11|type=core.Vote
TICK000000000848|NODE|node02|RECV|VOTE|from=node03|H=1|phase=PREVOTE
TICK000000000849|NET|DELIVER|from=node02|to=node00|tick=11|type=core.Vote
TICK000000000850|NET|DELIVER|from=node02|to=node01|tick=11|type=core.Vote
TICK000000000851|NODE|node00|RECV|VOTE|from=node02|H=1|phase=PREVOTE
TICK000000000852|NET|DELIVER|from=node02|to=node01|tick=11|type=core.Vote
TICK000000000853|NET|DELIVER|from=node02|to=node02|tick=11|type=core.Vote
TICK000000000854|NET|DELIVER|from=node01|to=node03|tick=11|type=core.BlockHeader
TICK000000000855|NET|DELIVER|from=node00|to=node00|tick=11|type=core.Vote
TICK000000000856|NET|DELIVER|from=node00|to=node01|tick=11|type=core.Vote
TICK000000000857|NET|DELIVER|from=node00|to=node03|tick=11|type=core.Vote
TICK000000000858|NET|DELIVER|from=node01|to=node00|tick=11|type=core.BlockHeader
TICK000000000859|NET|DELIVER|from=node02|to=node02|tick=11|type=core.Vote
TICK000000000860|NODE|node00|RECV|VOTE|from=node00|H=1|phase=PREVOTE
TICK000000000861|NODE|node01|RECV|VOTE|from=node02|H=1|phase=PREVOTE
TICK000000000862|NODE|node03|RECV|HEADER|from=node01|H=2
TICK000000000863|NODE|node02|RECV|VOTE|from=node02|H=1|phase=PREVOTE
TICK000000000864|NET|DELIVER|from=node02|to=node00|tick=11|type=core.Vote
TICK000000000865|NODE|node00|RECV|HEADER|from=node01|H=2
TICK000000000866|NODE|node01|RECV|VOTE|from=node02|H=1|phase=PREVOTE
TICK000000000867|NET|SEND|from=node03|to=node02|deliver_tick=14|type=core.Vote
TICK000000000868|NET|SEND|from=node03|to=node03|deliver_tick=12|type=core.Vote
TICK000000000869|NET|SEND|from=node03|to=node00|deliver_tick=14|type=core.Vote
TICK000000000870|NET|SEND|from=node03|to=node01|deliver_tick=14|type=core.Vote
TICK000000000871|NODE|node03|SENT|PREVOTE|H=2
TICK000000000872|NODE|node03|RECV|VOTE|from=node00|H=1|phase=PREVOTE
TICK000000000873|NODE|node02|RECV|VOTE|from=node02|H=2|phase=PREVOTE
TICK000000000874|NODE|node01|RECV|VOTE|from=node00|H=1|phase=PREVOTE
TICK000000000875|NET|SEND|from=node00|to=node00|deliver_tick=12|type=core.Vote
TICK000000000876|NET|SEND|from=node00|to=node01|deliver_tick=13|type=core.Vote
TICK000000000877|NET|SEND|from=node00|to=node02|deliver_tick=12|type=core.Vote
TICK000000000878|NET|SEND|from=node00|to=node03|deliver_tick=13|type=core.Vote
TICK000000000879|NODE|node00|SENT|PREVOTE|H=2
TICK000000000880|NODE|node00|RECV|VOTE|from=node02|H=2|phase=PREVOTE
TICK000000000881|NET|DELIVER|from=node01|to=node02|tick=11|type=*core.Block
TICK000000000882|NODE|node02|RECV|BLOCK|from=node01|H=2|txs=1
TICK000000000883|NET|DROP|from=node01|to=node00|lat=2
TICK000000000884|NET|SEND|from=node01|to=node01|deliver_tick=13|type=core.BlockHeader
TICK000000000885|NET|SEND|from=node01|to=node02|deliver_tick=13|type=core.BlockHeader
TICK000000000886|NET|SEND|from=node01|to=node03|deliver_tick=12|type=core.BlockHeader
TICK000000000887|NODE|node01|PROPOSE|H=2
TICK000000000888|NET|SEND|from=node02|to=node00|deliver_tick=12|type=core.Vote
TICK000000000889|NET|SEND|from=node02|to=node01|deliver_tick=12|type=core.Vote
TICK000000000890|NET|DUP|from=node02|to=node01|tick=12
TICK000000000891|NET|SEND|from=node02|to=node02|deliver_tick=14|type=core.Vote
TICK000000000892|NET|SEND|from=node02|to=node03|deliver_tick=13|type=core.Vote
TICK000000000893|NODE|node02|SENT|PREVOTE|H=2
TICK000000000894|NET|SEND|from=node01|to=node00|deliver_tick=14|type=*core.Block
TICK000000000895|NET|SEND|from=node01|to=node01|deliver_tick=14|type=*core.Block
TICK000000000896|NET|SEND|from=node01|to=node02|deliver_tick=13|type=*core.Block
TICK000000000897|NET|SEND|from=node01|to=node03|deliver_tick=14|type=*core.Block
TICK000000000898|NET|DELIVER|from=node01|to=node01|tick=12|type=core.Vote
TICK000000000899|NET|DELIVER|from=node02|to=node00|tick=12|type=core.Vote
TICK000000000900|NODE|node01|RECV|VOTE|from=node01|H=1|phase=PREVOTE
TICK000000000901|NET|DELIVER|from=node02|to=node03|tick=12|type=core.Vote
TICK000000000902|NET|DELIVER|from=node01|to=node01|tick=12|type=core.BlockHeader
TICK000000000903|NET|DELIVER|from=node01|to=node00|tick=12|type=core.BlockHeader
TICK000000000904|NET|DELIVER|from=node03|to=node00|tick=12|type=core.Vote
TICK000000000905|NODE|node01|RECV|HEADER|from=node01|H=2
TICK000000000906|NODE|node03|RECV|VOTE|from=node02|H=1|phase=PREVOTE
TICK000000000907|NET|DELIVER|from=node01|to=node03|tick=12|type=core.BlockHeader
TICK000000000908|NET|DELIVER|from=node02|to=node01|tick=12|type=core.Vote
TICK000000000909|NET|DELIVER|from=node01|to=node00|tick=12|type=*core.Block
TICK000000000910|NODE|node00|RECV|VOTE|from=node02|H=1|phase=PREVOTE
TICK000000000911|NET|DROP|from=node01|to=node01|lat=1
TICK000000000912|NET|SEND|from=node01|to=node02|deliver_tick=15|type=core.Vote
TICK000000000913|NET|SEND|from=node01|to=node03|deliver_tick=14|type=core.Vote
TICK000000000914|NET|DUP|from=node01|to=node03|tick=14
TICK000000000915|NODE|node03|RECV|HEADER|from=node01|H=2
TICK000000000916|NET|DROP|from=node01|to=node00|lat=1
TICK000000000917|NODE|node01|SENT|PREVOTE|H=2
TICK000000000918|NET|DELIVER|from=node01|to=node03|tick=12|type=*core.Block
TICK000000000919|NET|DELIVER|from=node03|to=node03|tick=12|type=core.Vote
TICK000000000920|NET|DELIVER|from=node00|to=node00|tick=12|type=core.Vote
TICK000000000921|NET|DELIVER|from=node00|to=node02|tick=12|type=core.Vote
TICK000000000922|NODE|node00|RECV|HEADER|from=node01|H=2
TICK000000000923|NODE|node01|RECV|VOTE|from=node02|H=2|phase=PREVOTE
TICK000000000924|NODE|node02|RECV|VOTE|from=node00|H=2|phase=PREVOTE
TICK000000000925|NET|SEND|from=node03|to=node02|deliver_tick=15|type=core.Vote
TICK000000000926|NET|DROP|from=node03|to=node03|lat=3
TICK000000000927|NET|SEND|from=node03|to=node00|deliver_tick=15|type=core.Vote
TICK000000000928|NET|DUP|from=node03|to=node00|tick=15
TICK000000000929|NET|SEND|from=node03|to=node01|deliver_tick=15|type=core.Vote
TICK000000000930|NODE|node03|SENT|PREVOTE|H=2
TICK000000000931|NODE|node03|RECV|BLOCK|from=node01|H=2|txs=1
TICK000000000932|NET|DELIVER|from=node01|to=node03|tick=12|type=core.BlockHeader
TICK000000000933|NET|SEND|from=node00|to=node00|deliver_tick=13|type=core.Vote
TICK000000000934|NET|SEND|from=node00|to=node01|deliver_tick=13|type=core.Vote
TICK000000000935|NET|SEND|from=node00|to=node02|deliver_tick=14|type=core.Vote
TICK000000000936|NET|SEND|from=node00|to=node03|deliver_tick=15|type=core.Vote
TICK000000000937|NODE|node00|SENT|PREVOTE|H=2
TICK000000000938|NODE|node00|RECV|VOTE|from=node03|H=1|phase=PREVOTE
TICK000000000939|NET|DELIVER|from=node02|to=node00|tick=12|type=core.Vote
TICK000000000940|NET|DELIVER|from=node02|to=node01|tick=12|type=core.Vote
TICK000000000941|NODE|node01|RECV|VOTE|from=node02|H=2|phase=PREVOTE
TICK000000000942|NODE|node00|RECV|BLOCK|from=node01|H=2|txs=1
TICK000000000943|NET|DELIVER|from=node02|to=node01|tick=12|type=core.Vote
TICK000000000944|NET|SEND|from=node03|to=node01|deliver_tick=15|type=core.Vote
TICK000000000945|NET|DUP|from=node03|to=node01|tick=15
TICK000000000946|NET|SEND|from=node03|to=node02|deliver_tick=13|type=core.Vote
TICK000000000947|NET|SEND|from=node03|to=node03|deliver_tick=13|type=core.Vote
TICK000000000948|NET|SEND|from=node03|to=node00|deliver_tick=14|type=core.Vote
TICK000000000949|NODE|node03|SENT|PREVOTE|H=2
TICK000000000950|NODE|node03|RECV|VOTE|from=node03|H=2|phase=PREVOTE
TICK000000000951|NET|SEND|from=node01|to=node02|deliver_tick=15|type=core.BlockHeader
TICK000000000952|NET|SEND|from=node01|to=node03|deliver_tick=15|type=core.BlockHeader
TICK000000000953|NET|SEND|from=node01|to=node00|deliver_tick=14|type=core.BlockHeader
TICK000000000954|NET|SEND|from=node01|to=node01|deliver_tick=15|type=core.BlockHeader
TICK000000000955|NODE|node01|PROPOSE|H=2
TICK000000000956|NODE|node03|RECV|HEADER|from=node01|H=2
TICK000000000957|NET|SEND|from=node00|to=node01|deliver_tick=14|type=core.Vote
TICK000000000958|NET|SEND|from=node00|to=node02|deliver_tick=13|type=core.Vote
TICK000000000959|NET|SEND|from=node00|to=node03|deliver_tick=14|type=core.Vote
TICK000000000960|NET|SEND|from=node00|to=node00|deliver_tick=13|type=core.Vote
TICK000000000961|NODE|node00|SENT|PREVOTE|H=2
TICK000000000962|NODE|node00|RECV|VOTE|from=node00|H=2|phase=PREVOTE
TICK000000000963|NODE|node01|RECV|VOTE|from=node02|H=2|phase=PREVOTE
TICK000000000964|NET|SEND|from=node03|to=node03|deliver_tick=13|type=core.Vote
TICK000000000965|NET|SEND|from=node03|to=node00|deliver_tick=14|type=core.Vote
TICK000000000966|NET|SEND|from=node03|to=node01|deliver_tick=13|type=core.Vote
TICK000000000967|NET|SEND|from=node03|to=node02|deliver_tick=14|type=core.Vote
TICK000000000968|NODE|node03|SENT|PREVOTE|H=2
TICK000000000969|NODE|node00|RECV|VOTE|from=node02|H=2|phase=PREVOTE
TICK000000000970|NET|DROP|from=node01|to=node00|lat=3
TICK000000000971|NET|SEND|from=node01|to=node01|deliver_tick=15|type=*core.Block
TICK000000000972|NET|SEND|from=node01|to=node02|deliver_tick=14|type=*core.Block
TICK000000000973|NET|SEND|from=node01|to=node03|deliver_tick=15|type=*core.Block
TICK000000000974|NET|DELIVER|from=node00|to=node02|tick=13|type=core.Vote
TICK000000000975|NET|DELIVER|from=node01|to=node01|tick=13|type=core.BlockHeader
TICK000000000976|NODE|node02|RECV|VOTE|from=node00|H=1|phase=PREVOTE
TICK000000000977|NET|DELIVER|from=node01|to=node01|tick=13|type=core.BlockHeader
TICK000000000978|NET|DELIVER|from=node01|to=node02|tick=13|type=core.BlockHeader
TICK000000000979|NET|DELIVER|from=node02|to=node03|tick=13|type=core.Vote
TICK000000000980|NET|DELIVER|from=node01|to=node01|tick=13|type=*core.Block
TICK000000000981|NET|DELIVER|from=node00|to=node01|tick=13|type=core.Vote
TICK000000000982|NET|DELIVER|from=node00|to=node03|tick=13|type=core.Vote
TICK000000000983|NET|DELIVER|from=node01|to=node01|tick=13|type=core.BlockHeader
TICK000000000984|NODE|node01|RECV|HEADER|from=node01|H=2
TICK000000000985|NODE|node03|RECV|VOTE|from=node02|H=2|phase=PREVOTE
TICK000000000986|NODE|node02|RECV|HEADER|from=node01|H=2
TICK000000000987|NET|DELIVER|from=node01|to=node02|tick=13|type=core.BlockHeader
TICK000000000988|NET|DELIVER|from=node02|to=node03|tick=13|type=core.Vote
TICK000000000989|NODE|node03|RECV|VOTE|from=node00|H=2|phase=PREVOTE
TICK000000000990|NET|SEND|from=node01|to=node01|deliver_tick=16|type=core.Vote
TICK000000000991|NET|SEND|from=node01|to=node02|deliver_tick=16|type=core.Vote
TICK000000000992|NET|SEND|from=node01|to=node03|deliver_tick=16|type=core.Vote
TICK000000000993|NET|SEND|from=node01|to=node00|deliver_tick=14|type=core.Vote
TICK000000000994|NET|DUP|from=node01|to=node00|tick=14
TICK000000000995|NODE|node01|SENT|PREVOTE|H=2
TICK000000000996|NET|SEND|from=node03|to=node03|deliver_tick=14|type=core.Vote
TICK000000000997|NET|DROP|from=node03|to=node00|lat=2
TICK000000000998|NET|SEND|from=node03|to=node01|deliver_tick=14|type=core.Vote
TICK000000000999|NET|SEND|from=node03|to=node02|deliver_tick=14|type=core.Vote
TICK000000001000|NET|DUP|from=node03|to=node02|tick=14
TICK000000001001|NODE|node03|SENT|PRECOMMIT|H=2
TICK000000001002|NODE|node03|RECV|VOTE|from=node02|H=2|phase=PREVOTE
TICK000000001003|NODE|node01|RECV|HEADER|from=node01|H=2
TICK000000001004|NET|DELIVER|from=node01|to=node02|tick=13|type=*core.Block
TICK000000001005|NET|SEND|from=node02|to=node02|deliver_tick=16|type=core.Vote
TICK000000001006|NET|SEND|from=node02|to=node03|deliver_tick=14|type=core.Vote
TICK000000001007|NET|SEND|from=node02|to=node00|deliver_tick=14|type=core.Vote
TICK000000001008|NET|SEND|from=node02|to=node01|deliver_tick=14|type=core.Vote
TICK000000001009|NODE|node02|SENT|PREVOTE|H=2
TICK000000001010|NODE|node00|RECV|VOTE|from=node00|H=2|phase=PREVOTE
TICK000000001011|NET|DELIVER|from=node00|to=node00|tick=13|type=core.Vote
TICK000000001012|NET|SEND|from=node01|to=node01|deliver_tick=16|type=core.Vote
TICK000000001013|NET|SEND|from=node01|to=node02|deliver_tick=16|type=core.Vote
TICK000000001014|NET|SEND|from=node01|to=node03|deliver_tick=14|type=core.Vote
TICK000000001015|NET|DUP|from=node01|to=node03|tick=14
TICK000000001016|NET|SEND|from=node01|to=node00|deliver_tick=16|type=core.Vote
TICK000000001017|NODE|node01|SENT|PREVOTE|H=2
TICK000000001018|NODE|node01|RECV|BLOCK|from=node01|H=2|txs=1
TICK000000001019|NODE|node02|RECV|HEADER|from=node01|H=2
TICK000000001020|NET|DELIVER|from=node00|to=node01|tick=13|type=core.Vote
TICK000000001021|NET|DELIVER|from=node03|to=node02|tick=13|type=core.Vote
TICK000000001022|NET|DELIVER|from=node03|to=node03|tick=13|type=core.Vote
TICK000000001023|NET|DELIVER|from=node00|to=node02|tick=13|type=core.Vote
TICK000000001024|NET|DELIVER|from=node00|to=node00|tick=13|type=core.Vote
TICK000000001025|NET|DELIVER|from=node03|to=node03|tick=13|type=core.Vote
TICK000000001026|NET|SEND|from=node02|to=node00|deliver_tick=16|type=core.Vote
TICK000000001027|NET|SEND|from=node02|to=node01|deliver_tick=16|type=core.Vote
TICK000000001028|NET|SEND|from=node02|to=node02|deliver_tick=14|type=core.Vote
TICK000000001029|NET|SEND|from=node02|to=node03|deliver_tick=15|type=core.Vote
TICK000000001030|NODE|node02|SENT|PREVOTE|H=2
TICK000000001031|NODE|node02|RECV|BLOCK|from=node01|H=2|txs=1
TICK000000001032|NET|DELIVER|from=node03|to=node01|tick=13|type=core.Vote
TICK000000001033|NODE|node00|RECV|VOTE|from=node00|H=2|phase=PREVOTE
TICK000000001034|NODE|node03|RECV|VOTE|from=node03|H=2|phase=PREVOTE
TICK000000001035|NET|SEND|from=node01|to=node02|deliver_tick=15|type=core.Vote
TICK000000001036|NET|SEND|from=node01|to=node03|deliver_tick=16|type=core.Vote
TICK000000001037|NET|SEND|from=node01|to=node00|deliver_tick=15|type=core.Vote
TICK000000001038|NET|DUP|from=node01|to=node00|tick=15
TICK000000001039|NET|SEND|from=node01|to=node01|deliver_tick=16|type=core.Vote
TICK000000001040|NODE|node01|SENT|PREVOTE|H=2
TICK000000001041|NODE|node03|RECV|VOTE|from=node03|H=2|phase=PREVOTE
TICK000000001042|NET|SEND|from=node02|to=node00|deliver_tick=16|type=core.Vote
TICK000000001043|NET|SEND|from=node02|to=node01|deliver_tick=16|type=core.Vote
TICK000000001044|NODE|node01|RECV|VOTE|from=node00|H=2|phase=PREVOTE
TICK000000001045|NET|SEND|from=node02|to=node02|deliver_tick=16|type=core.Vote
TICK000000001046|NET|SEND|from=node02|to=node03|deliver_tick=16|type=core.Vote
TICK000000001047|NODE|node02|SENT|PREVOTE|H=2
TICK000000001048|NODE|node02|RECV|VOTE|from=node03|H=2|phase=PREVOTE
TICK000000001049|NET|SEND|from=node01|to=node00|deliver_tick=16|type=core.BlockHeader
TICK000000001050|NET|SEND|from=node01|to=node01|deliver_tick=16|type=core.BlockHeader
TICK000000001051|NET|SEND|from=node01|to=node02|deliver_tick=14|type=core.BlockHeader
TICK000000001052|NET|SEND|from=node01|to=node03|deliver_tick=16|type=core.BlockHeader
TICK000000001053|NODE|node01|PROPOSE|H=2
TICK000000001054|NET|SEND|from=node02|to=node00|deliver_tick=15|type=core.Vote
TICK000000001055|NET|DUP|from=node02|to=node00|tick=15
TICK000000001056|NET|SEND|from=node02|to=node01|deliver_tick=16|type=core.Vote
TICK000000001057|NET|SEND|from=node02|to=node02|deliver_tick=16|type=core.Vote
TICK000000001058|NET|SEND|from=node02|to=node03|deliver_tick=15|type=core.Vote
TICK000000001059|NODE|node01|RECV|HEADER|from=node01|H=2
TICK000000001060|NODE|node02|SENT|PRECOMMIT|H=2
TICK000000001061|NODE|node02|RECV|VOTE|from=node00|H=2|phase=PREVOTE
TICK000000001062|NET|SEND|from=node01|to=node00|deliver_tick=16|type=core.Vote
TICK000000001063|NET|DROP|from=node01|to=node01|lat=2
TICK000000001064|NET|SEND|from=node01|to=node02|deliver_tick=16|type=core.Vote
TICK000000001065|NET|SEND|from=node01|to=node03|deliver_tick=16|type=core.Vote
TICK000000001066|NODE|node01|SENT|PREVOTE|H=2
TICK000000001067|NODE|node01|RECV|VOTE|from=node00|H=2|phase=PREVOTE
TICK000000001068|NODE|node01|RECV|VOTE|from=node03|H=2|phase=PREVOTE
TICK000000001069|NET|SEND|from=node01|to=node03|deliver_tick=16|type=core.Vote
TICK000000001070|NET|SEND|from=node01|to=node00|deliver_tick=14|type=core.Vote
TICK000000001071|NET|SEND|from=node01|to=node01|deliver_tick=15|type=core.Vote
TICK000000001072|NET|SEND|from=node01|to=node02|deliver_tick=15|type=core.Vote
TICK000000001073|NODE|node01|SENT|PRECOMMIT|H=2
TICK000000001074|NET|SEND|from=node01|to=node00|deliver_tick=16|type=*core.Block
TICK000000001075|NET|SEND|from=node01|to=node01|deliver_tick=15|type=*core.Block
TICK000000001076|NET|SEND|from=node01|to=node02|deliver_tick=15|type=*core.Block
TICK000000001077|NET|SEND|from=node01|to=node03|deliver_tick=15|type=*core.Block
TICK000000001078|NET|DELIVER|from=node03|to=node02|tick=14|type=core.Vote
TICK000000001079|NET|DELIVER|from=node03|to=node00|tick=14|type=core.Vote
TICK000000001080|NET|DELIVER|from=node03|to=node01|tick=14|type=core.Vote
TICK000000001081|NODE|node02|RECV|VOTE|from=node03|H=2|phase=PREVOTE
TICK000000001082|NODE|node00|RECV|VOTE|from=node03|H=2|phase=PREVOTE
TICK000000001083|NODE|node02|RECV|VOTE|from=node02|H=2|phase=PREVOTE
TICK000000001084|NET|DELIVER|from=node02|to=node02|tick=14|type=core.Vote
TICK000000001085|NET|DELIVER|from=node01|to=node00|tick=14|type=*core.Block
TICK000000001086|NODE|node01|RECV|VOTE|from=node03|H=2|phase=PREVOTE
TICK000000001087|NET|DELIVER|from=node01|to=node01|tick=14|type=*core.Block
TICK000000001088|NET|DELIVER|from=node01|to=node03|tick=14|type=*core.Block
TICK000000001089|NET|DELIVER|from=node01|to=node03|tick=14|type=core.Vote
TICK000000001090|NET|SEND|from=node00|to=node02|deliver_tick=17|type=core.Vote
TICK000000001091|NET|SEND|from=node00|to=node03|deliver_tick=16|type=core.Vote
TICK000000001092|NET|SEND|from=node00|to=node00|deliver_tick=16|type=core.Vote
TICK000000001093|NODE|node03|RECV|BLOCK|from=node01|H=2|txs=1
TICK000000001094|NET|SEND|from=node00|to=node01|deliver_tick=16|type=core.Vote
TICK000000001095|NODE|node00|SENT|PRECOMMIT|H=2
TICK000000001096|NET|DELIVER|from=node01|to=node03|tick=14|type=core.Vote
TICK000000001097|NET|DELIVER|from=node00|to=node02|tick=14|type=core.Vote
TICK000000001098|NET|DELIVER|from=node03|to=node00|tick=14|type=core.Vote
TICK000000001099|NET|DELIVER|from=node01|to=node00|tick=14|type=core.BlockHeader
TICK000000001100|NET|DELIVER|from=node00|to=node01|tick=14|type=core.Vote
TICK000000001101|NET|DELIVER|from=node00|to=node03|tick=14|type=core.Vote
TICK000000001102|NET|DELIVER|from=node03|to=node00|tick=14|type=core.Vote
TICK000000001103|NET|DELIVER|from=node03|to=node02|tick=14|type=core.Vote
TICK000000001104|NET|DELIVER|from=node01|to=node02|tick=14|type=*core.Block
TICK000000001105|NODE|node02|RECV|VOTE|from=node00|H=2|phase=PREVOTE
TICK000000001106|NODE|node01|RECV|BLOCK|from=node01|H=2|txs=1
TICK000000001107|NODE|node02|RECV|VOTE|from=node03|H=2|phase=PREVOTE
TICK000000001108|NODE|node00|RECV|BLOCK|from=node01|H=2|txs=1
TICK000000001109|NET|SEND|from=node03|to=node02|deliver_tick=16|type=core.Vote
TICK000000001110|NET|DUP|from=node03|to=node02|tick=16
TICK000000001111|NET|SEND|from=node03|to=node03|deliver_tick=15|type=core.Vote
TICK000000001112|NET|DUP|from=node03|to=node03|tick=15
TICK000000001113|NET|SEND|from=node03|to=node00|deliver_tick=17|type=core.Vote
TICK000000001114|NET|SEND|from=node03|to=node01|deliver_tick=17|type=core.Vote
TICK000000001115|NET|DELIVER|from=node01|to=node00|tick=14|type=core.Vote
TICK000000001116|NODE|node02|RECV|BLOCK|from=node01|H=2|txs=1
TICK000000001117|NODE|node03|SENT|PREVOTE|H=2
TICK000000001118|NODE|node03|RECV|VOTE|from=node01|H=2|phase=PREVOTE
TICK000000001119|NET|DROP|from=node01|to=node00|lat=1
TICK000000001120|NET|SEND|from=node01|to=node01|deliver_tick=16|type=core.Vote
TICK000000001121|NET|DUP|from=node01|to=node01|tick=16
TICK000000001122|NET|SEND|from=node01|to=node02|deliver_tick=15|type=core.Vote
TICK000000001123|NET|DROP|from=node01|to=node03|lat=3
TICK000000001124|NODE|node01|SENT|PREVOTE|H=2
TICK000000001125|NET|SEND|from=node00|to=node00|deliver_tick=16|type=core.Vote
TICK000000001126|NET|SEND|from=node00|to=node01|deliver_tick=17|type=core.Vote
TICK000000001127|NET|SEND|from=node00|to=node02|deliver_tick=17|type=core.Vote
TICK000000001128|NET|SEND|from=node00|to=node03|deliver_tick=15|type=core.Vote
TICK000000001129|NODE|node01|RECV|VOTE|from=node00|H=2|phase=PREVOTE
TICK000000001130|NODE|node03|RECV|VOTE|from=node01|H=2|phase=PREVOTE
TICK000000001131|NET|DELIVER|from=node01|to=node00|tick=14|type=core.Vote
TICK000000001132|NODE|node00|SENT|PREVOTE|H=2
TICK000000001133|NODE|node03|RECV|VOTE|from=node00|H=2|phase=PREVOTE
TICK000000001134|NODE|node00|RECV|VOTE|from=node03|H=2|phase=PREVOTE
TICK000000001135|NET|SEND|from=node02|to=node00|deliver_tick=16|type=core.Vote
TICK000000001136|NET|SEND|from=node02|to=node01|deliver_tick=17|type=core.Vote
TICK000000001137|NODE|node00|RECV|HEADER|from=node01|H=2
TICK000000001138|NET|SEND|from=node02|to=node02|deliver_tick=17|type=core.Vote
TICK000000001139|NET|SEND|from=node02|to=node03|deliver_tick=17|type=core.Vote
TICK000000001140|NODE|node02|SENT|PREVOTE|H=2
TICK000000001141|NODE|node03|RECV|VOTE|from=node03|H=2|phase=PRECOMMIT
TICK000000001142|NET|SEND|from=node00|to=node00|deliver_tick=16|type=core.Vote
TICK000000001143|NET|SEND|from=node00|to=node01|deliver_tick=15|type=core.Vote
TICK000000001144|NET|SEND|from=node00|to=node02|deliver_tick=15|type=core.Vote
TICK000000001145|NET|SEND|from=node00|to=node03|deliver_tick=17|type=core.Vote
TICK000000001146|NODE|node00|SENT|PREVOTE|H=2
TICK000000001147|NODE|node00|RECV|VOTE|from=node03|H=2|phase=PREVOTE
TICK000000001148|NET|DELIVER|from=node03|to=node03|tick=14|type=core.Vote
TICK000000001149|NET|DELIVER|from=node03|to=node01|tick=14|type=core.Vote
TICK000000001150|NET|DELIVER|from=node03|to=node02|tick=14|type=core.Vote
TICK000000001151|NODE|node02|RECV|VOTE|from=node03|H=2|phase=PRECOMMIT
TICK000000001152|NET|DELIVER|from=node03|to=node02|tick=14|type=core.Vote
TICK000000001153|NET|DELIVER|from=node02|to=node03|tick=14|type=core.Vote
TICK000000001154|NET|DELIVER|from=node02|to=node00|tick=14|type=core.Vote
TICK000000001155|NET|DELIVER|from=node02|to=node01|tick=14|type=core.Vote
TICK000000001156|NET|DELIVER|from=node01|to=node03|tick=14|type=core.Vote
TICK000000001157|NET|DELIVER|from=node01|to=node03|tick=14|type=core.Vote
TICK000000001158|NET|DELIVER|from=node02|to=node02|tick=14|type=core.Vote
TICK000000001159|NET|DELIVER|from=node01|to=node02|tick=14|type=core.BlockHeader
TICK000000001160|NET|DELIVER|from=node01|to=node00|tick=14|type=core.Vote
TICK000000001161|NODE|node01|RECV|VOTE|from=node03|H=2|phase=PRECOMMIT
TICK000000001162|NODE|node00|RECV|VOTE|from=node01|H=2|phase=PREVOTE
TICK000000001163|NODE|node03|RECV|VOTE|from=node02|H=2|phase=PREVOTE
TICK000000001164|NET|SEND|from=node01|to=node02|deliver_tick=15|type=core.BlockHeader
TICK000000001165|NODE|node02|RECV|VOTE|from=node03|H=2|phase=PRECOMMIT
TICK000000001166|NET|DUP|from=node01|to=node02|tick=15
TICK000000001167|NET|SEND|from=node01|to=node03|deliver_tick=17|type=core.BlockHeader
TICK000000001168|NODE|node00|RECV|VOTE|from=node01|H=2|phase=PREVOTE
TICK000000001169|NET|SEND|from=node01|to=node00|deliver_tick=15|type=core.BlockHeader
TICK000000001170|NET|SEND|from=node01|to=node01|deliver_tick=16|type=core.BlockHeader
TICK000000001171|NODE|node03|RECV|VOTE|from=node01|H=2|phase=PREVOTE
TICK000000001172|NODE|node02|RECV|VOTE|from=node02|H=2|phase=PREVOTE
TICK000000001173|NODE|node01|PROPOSE|H=2
TICK000000001174|NODE|node03|RECV|VOTE|from=node01|H=2|phase=PREVOTE
TICK000000001175|NODE|node00|RECV|VOTE|from=node02|H=2|phase=PREVOTE
TICK000000001176|NODE|node01|RECV|VOTE|from=node02|H=2|phase=PREVOTE
TICK000000001177|NODE|node02|RECV|HEADER|from=node01|H=2
TICK000000001178|NODE|node00|RECV|VOTE|from=node01|H=2|phase=PRECOMMIT
TICK000000001179|NET|SEND|from=node02|to=node03|deliver_tick=16|type=core.Vote
TICK000000001180|NET|SEND|from=node02|to=node00|deliver_tick=17|type=core.Vote
TICK000000001181|NET|SEND|from=node02|to=node01|deliver_tick=17|type=core.Vote
TICK000000001182|NET|SEND|from=node02|to=node02|deliver_tick=17|type=core.Vote
TICK000000001183|NODE|node02|SENT|PREVOTE|H=2
TICK000000001184|NET|SEND|from=node01|to=node00|deliver_tick=15|type=*core.Block
TICK000000001185|NET|SEND|from=node01|to=node01|deliver_tick=16|type=*core.Block
TICK000000001186|NET|SEND|from=node01|to=node02|deliver_tick=15|type=*core.Block
TICK000000001187|NET|SEND|from=node01|to=node03|deliver_tick=16|type=*core.Block
TICK000000001188|NET|DELIVER|from=node01|to=node02|tick=15|type=core.Vote
TICK000000001189|NET|DELIVER|from=node03|to=node02|tick=15|type=core.Vote
TICK000000001190|NET|DELIVER|from=node03|to=node00|tick=15|type=core.Vote
TICK000000001191|NET|DELIVER|from=node03|to=node00|tick=15|type=core.Vote
TICK000000001192|NET|DELIVER|from=node03|to=node01|tick=15|type=core.Vote
TICK000000001193|NET|DELIVER|from=node00|to=node03|tick=15|type=core.Vote
TICK000000001194|NET|DELIVER|from=node03|to=node01|tick=15|type=core.Vote
TICK000000001195|NET|DELIVER|from=node03|to=node01|tick=15|type=core.Vote
TICK000000001196|NET|DELIVER|from=node01|to=node02|tick=15|type=core.BlockHeader
TICK000000001197|NET|DELIVER|from=node01|to=node03|tick=15|type=core.BlockHeader
TICK000000001198|NET|DELIVER|from=node01|to=node01|tick=15|type=core.BlockHeader
TICK000000001199|NET|DELIVER|from=node01|to=node01|tick=15|type=*core.Block
TICK000000001200|NET|DELIVER|from=node01|to=node03|tick=15|type=*core.Block
TICK000000001201|NET|DELIVER|from=node02|to=node03|tick=15|type=core.Vote
TICK000000001202|NET|DELIVER|from=node01|to=node02|tick=15|type=core.Vote
TICK000000001203|NET|DELIVER|from=node01|to=node00|tick=15|type=core.Vote
TICK000000001204|NET|DELIVER|from=node01|to=node00|tick=15|type=core.Vote
TICK000000001205|NET|DELIVER|from=node02|to=node00|tick=15|type=core.Vote
TICK000000001206|NET|DELIVER|from=node02|to=node00|tick=15|type=core.Vote
TICK000000001207|NET|DELIVER|from=node02|to=node03|tick=15|type=core.Vote
TICK000000001208|NET|DELIVER|from=node01|to=node01|tick=15|type=core.Vote
TICK000000001209|NET|DELIVER|from=node01|to=node02|tick=15|type=core.Vote
TICK000000001210|NET|DELIVER|from=node01|to=node01|tick=15|type=*core.Block
TICK000000001211|NET|DELIVER|from=node01|to=node02|tick=15|type=*core.Block
TICK000000001212|NODE|node02|RECV|VOTE|from=node01|H=2|phase=PREVOTE
TICK000000001213|NODE|node00|RECV|VOTE|from=node03|H=2|phase=PREVOTE
TICK000000001214|NODE|node01|RECV|VOTE|from=node03|H=2|phase=PREVOTE
TICK000000001215|NODE|node03|RECV|VOTE|from=node00|H=2|phase=PREVOTE
TICK000000001216|NET|DELIVER|from=node01|to=node03|tick=15|type=*core.Block
TICK000000001217|NET|DELIVER|from=node03|to=node03|tick=15|type=core.Vote
TICK000000001218|NET|DELIVER|from=node03|to=node03|tick=15|type=core.Vote
TICK000000001219|NET|DELIVER|from=node01|to=node02|tick=15|type=core.Vote
TICK000000001220|NODE|node02|RECV|VOTE|from=node03|H=2|phase=PREVOTE
TICK000000001221|NODE|node03|RECV|HEADER|from=node01|H=2
TICK000000001222|NODE|node01|RECV|VOTE|from=node03|H=2|phase=PREVOTE
TICK000000001223|NODE|node00|RECV|VOTE|from=node03|H=2|phase=PREVOTE
TICK000000001224|NODE|node02|RECV|HEADER|from=node01|H=2
TICK000000001225|NET|DELIVER|from=node00|to=node03|tick=15|type=core.Vote
TICK000000001226|NODE|node01|RECV|VOTE|from=node03|H=2|phase=PREVOTE
TICK000000001227|NET|SEND|from=node03|to=node00|deliver_tick=16|type=core.Vote
TICK000000001228|NET|DUP|from=node03|to=node00|tick=16
TICK000000001229|NET|SEND|from=node03|to=node01|deliver_tick=17|type=core.Vote
TICK000000001230|NET|SEND|from=node03|to=node02|deliver_tick=17|type=core.Vote
TICK000000001231|NET|SEND|from=node03|to=node03|deliver_tick=17|type=core.Vote
TICK000000001232|NODE|node03|SENT|PREVOTE|H=2
TICK000000001233|NODE|node03|RECV|BLOCK|from=node01|H=2|txs=1
TICK000000001234|NODE|node00|RECV|VOTE|from=node01|H=2|phase=PREVOTE
TICK000000001235|NODE|node01|RECV|HEADER|from=node01|H=2
TICK000000001236|NET|DELIVER|from=node00|to=node01|tick=15|type=core.Vote
TICK000000001237|NET|SEND|from=node02|to=node00|deliver_tick=18|type=core.Vote
TICK000000001238|NODE|node00|RECV|VOTE|from=node01|H=2|phase=PREVOTE
TICK000000001239|NET|SEND|from=node02|to=node01|deliver_tick=16|type=core.Vote
TICK000000001240|NET|SEND|from=node02|to=node02|deliver_tick=18|type=core.Vote
TICK000000001241|NET|SEND|from=node02|to=node03|deliver_tick=18|type=core.Vote
TICK000000001242|NODE|node02|SENT|PREVOTE|H=2
TICK000000001243|NET|SEND|from=node03|to=node00|deliver_tick=18|type=core.Vote
TICK000000001244|NET|SEND|from=node03|to=node01|deliver_tick=18|type=core.Vote
TICK000000001245|NET|DROP|from=node03|to=node02|lat=1
TICK000000001246|NET|SEND|from=node03|to=node03|deliver_tick=18|type=core.Vote
TICK000000001247|NODE|node03|SENT|PREVOTE|H=2
TICK000000001248|NET|DELIVER|from=node00|to=node02|tick=15|type=core.Vote
TICK000000001249|NET|SEND|from=node01|to=node00|deliver_tick=17|type=core.Vote
TICK000000001250|NET|SEND|from=node01|to=node01|deliver_tick=17|type=core.Vote
TICK000000001251|NET|SEND|from=node01|to=node02|deliver_tick=17|type=core.Vote
TICK000000001252|NET|SEND|from=node01|to=node03|deliver_tick=16|type=core.Vote
TICK000000001253|NODE|node01|SENT|PREVOTE|H=2
TICK000000001254|NODE|node02|RECV|VOTE|from=node01|H=2|phase=PREVOTE
TICK000000001255|NET|DELIVER|from=node01|to=node02|tick=15|type=core.BlockHeader
TICK000000001256|NET|DELIVER|from=node01|to=node02|tick=15|type=core.BlockHeader
TICK000000001257|NET|DELIVER|from=node01|to=node00|tick=15|type=core.BlockHeader
TICK000000001258|NET|DELIVER|from=node01|to=node00|tick=15|type=*core.Block
TICK000000001259|NET|DELIVER|from=node01|to=node02|tick=15|type=*core.Block
TICK000000001260|NODE|node02|RECV|VOTE|from=node01|H=2|phase=PRECOMMIT
TICK000000001261|NODE|node00|RECV|VOTE|from=node02|H=2|phase=PRECOMMIT
TICK000000001262|NODE|node03|RECV|VOTE|from=node02|H=2|phase=PREVOTE
TICK000000001263|NODE|node01|RECV|BLOCK|from=node01|H=2|txs=1
TICK000000001264|NODE|node03|RECV|VOTE|from=node02|H=2|phase=PRECOMMIT
TICK000000001265|NET|SEND|from=node01|to=node00|deliver_tick=16|type=core.BlockHeader
TICK000000001266|NET|SEND|from=node01|to=node01|deliver_tick=17|type=core.BlockHeader
TICK000000001267|NET|SEND|from=node01|to=node02|deliver_tick=18|type=core.BlockHeader
TICK000000001268|NET|SEND|from=node01|to=node03|deliver_tick=17|type=core.BlockHeader
TICK000000001269|NODE|node01|PROPOSE|H=2
TICK000000001270|NODE|node02|RECV|BLOCK|from=node01|H=2|txs=1
TICK000000001271|NODE|node03|RECV|BLOCK|from=node01|H=2|txs=1
TICK000000001272|NODE|node00|RECV|VOTE|from=node02|H=2|phase=PRECOMMIT
TICK000000001273|NODE|node00|RECV|HEADER|from=node01|H=2
TICK000000001274|NET|SEND|from=node01|to=node00|deliver_tick=17|type=core.Vote
TICK000000001275|NET|SEND|from=node01|to=node01|deliver_tick=18|type=core.Vote
TICK000000001276|NET|SEND|from=node01|to=node02|deliver_tick=18|type=core.Vote
TICK000000001277|NET|SEND|from=node02|to=node00|deliver_tick=18|type=core.Vote
TICK000000001278|NET|SEND|from=node02|to=node01|deliver_tick=18|type=core.Vote
TICK000000001279|NET|SEND|from=node02|to=node02|deliver_tick=16|type=core.Vote
TICK000000001280|NET|SEND|from=node02|to=node03|deliver_tick=16|type=core.Vote
TICK000000001281|NODE|node02|SENT|PREVOTE|H=2
TICK000000001282|NET|SEND|from=node00|to=node03|deliver_tick=16|type=core.Vote
TICK000000001283|NET|SEND|from=node00|to=node00|deliver_tick=17|type=core.Vote
TICK000000001284|NET|DROP|from=node00|to=node01|lat=3
TICK000000001285|NODE|node02|RECV|VOTE|from=node01|H=2|phase=PREVOTE
TICK000000001286|NET|SEND|from=node00|to=node02|deliver_tick=17|type=core.Vote
TICK000000001287|NODE|node00|SENT|PREVOTE|H=2
TICK000000001288|NET|SEND|from=node01|to=node03|deliver_tick=16|type=core.Vote
TICK000000001289|NODE|node01|SENT|PREVOTE|H=2
TICK000000001290|NODE|node01|RECV|VOTE|from=node01|H=2|phase=PRECOMMIT
TICK000000001291|NODE|node00|RECV|BLOCK|from=node01|H=2|txs=1
TICK000000001292|NODE|node02|RECV|VOTE|from=node00|H=2|phase=PREVOTE
TICK000000001293|NET|SEND|from=node03|to=node02|deliver_tick=17|type=core.Vote
TICK000000001294|NET|SEND|from=node03|to=node03|deliver_tick=16|type=core.Vote
TICK000000001295|NET|SEND|from=node03|to=node00|deliver_tick=17|type=core.Vote
TICK000000001296|NET|SEND|from=node03|to=node01|deliver_tick=16|type=core.Vote
TICK000000001297|NODE|node01|RECV|BLOCK|from=node01|H=2|txs=1
TICK000000001298|NODE|node03|SENT|PREVOTE|H=2
TICK000000001299|NODE|node03|RECV|VOTE|from=node03|H=2|phase=PREVOTE
TICK000000001300|NODE|node02|RECV|HEADER|from=node01|H=2
TICK000000001301|NET|DROP|from=node00|to=node00|lat=3
TICK000000001302|NET|SEND|from=node00|to=node01|deliver_tick=16|type=core.Vote
TICK000000001303|NODE|node03|RECV|VOTE|from=node03|H=2|phase=PREVOTE
TICK000000001304|NET|SEND|from=node00|to=node02|deliver_tick=18|type=core.Vote
TICK000000001305|NET|SEND|from=node00|to=node03|deliver_tick=18|type=core.Vote
TICK000000001306|NODE|node00|SENT|PREVOTE|H=2
TICK000000001307|NET|SEND|from=node01|to=node02|deliver_tick=16|type=core.Vote
TICK000000001308|NET|SEND|from=node01|to=node03|deliver_tick=18|type=core.Vote
TICK000000001309|NET|DUP|from=node01|to=node03|tick=18
TICK000000001310|NET|DROP|from=node01|to=node00|lat=3
TICK000000001311|NODE|node03|RECV|VOTE|from=node00|H=2|phase=PREVOTE
TICK000000001312|NET|SEND|from=node01|to=node01|deliver_tick=17|type=core.Vote
TICK000000001313|NODE|node01|SENT|PREVOTE|H=2
TICK000000001314|NET|DROP|from=node02|to=node00|lat=3
TICK000000001315|NET|SEND|from=node02|to=node01|deliver_tick=16|type=core.Vote
TICK000000001316|NET|SEND|from=node02|to=node02|deliver_tick=16|type=core.Vote
TICK000000001317|NODE|node01|RECV|VOTE|from=node00|H=2|phase=PREVOTE
TICK000000001318|NET|SEND|from=node02|to=node03|deliver_tick=18|type=core.Vote
TICK000000001319|NODE|node02|SENT|PREVOTE|H=2
TICK000000001320|NODE|node02|RECV|HEADER|from=node01|H=2
TICK000000001321|NET|SEND|from=node02|to=node01|deliver_tick=16|type=core.Vote
TICK000000001322|NET|SEND|from=node02|to=node02|deliver_tick=18|type=core.Vote
TICK000000001323|NET|SEND|from=node02|to=node03|deliver_tick=18|type=core.Vote
TICK000000001324|NET|SEND|from=node02|to=node00|deliver_tick=17|type=core.Vote
TICK000000001325|NODE|node02|SENT|PREVOTE|H=2
TICK000000001326|NODE|node02|RECV|BLOCK|from=node01|H=2|txs=1
TICK000000001327|NET|SEND|from=node02|to=node03|deliver_tick=17|type=core.Vote
TICK000000001328|NET|SEND|from=node02|to=node00|deliver_tick=17|type=core.Vote
TICK000000001329|NET|DUP|from=node02|to=node00|tick=17
TICK000000001330|NET|DROP|from=node02|to=node01|lat=3
TICK000000001331|NET|SEND|from=node02|to=node02|deliver_tick=16|type=core.Vote
TICK000000001332|NODE|node02|SENT|PREVOTE|H=2
TICK000000001333|NET|SEND|from=node01|to=node00|deliver_tick=17|type=*core.Block
TICK000000001334|NET|SEND|from=node01|to=node01|deliver_tick=17|type=*core.Block
TICK000000001335|NET|SEND|from=node01|to=node02|deliver_tick=16|type=*core.Block
TICK000000001336|NET|SEND|from=node01|to=node03|deliver_tick=17|type=*core.Block
TICK000000001337|NET|DELIVER|from=node01|to=node01|tick=16|type=core.Vote
TICK000000001338|NET|DELIVER|from=node01|to=node02|tick=16|type=core.Vote
TICK000000001339|NODE|node01|RECV|VOTE|from=node01|H=2|phase=PREVOTE
TICK000000001340|NET|DELIVER|from=node01|to=node03|tick=16|type=core.Vote
TICK000000001341|NET|DELIVER|from=node02|to=node02|tick=16|type=core.Vote
TICK000000001342|NODE|node03|RECV|VOTE|from=node01|H=2|phase=PREVOTE
TICK000000001343|NODE|node02|RECV|VOTE|from=node01|H=2|phase=PREVOTE
TICK000000001344|NET|DELIVER|from=node01|to=node01|tick=16|type=core.Vote
TICK000000001345|NET|DELIVER|from=node01|to=node02|tick=16|type=core.Vote
TICK000000001346|NODE|node02|RECV|VOTE|from=node02|H=2|phase=PREVOTE
TICK000000001347|NET|DELIVER|from=node01|to=node00|tick=16|type=core.Vote
TICK000000001348|NET|DELIVER|from=node02|to=node00|tick=16|type=core.Vote
TICK000000001349|NET|DELIVER|from=node02|to=node01|tick=16|type=core.Vote
TICK000000001350|NODE|node01|RECV|VOTE|from=node01|H=2|phase=PREVOTE
TICK000000001351|NODE|node00|RECV|VOTE|from=node01|H=2|phase=PREVOTE
TICK000000001352|NODE|node02|RECV|VOTE|from=node01|H=2|phase=PREVOTE
TICK000000001353|NET|DELIVER|from=node01|to=node03|tick=16|type=core.Vote
TICK000000001354|NODE|node00|RECV|VOTE|from=node02|H=2|phase=PREVOTE
TICK000000001355|NET|DELIVER|from=node01|to=node01|tick=16|type=core.Vote
TICK000000001356|NET|DELIVER|from=node02|to=node00|tick=16|type=core.Vote
TICK000000001357|NODE|node00|RECV|VOTE|from=node02|H=2|phase=PREVOTE
TICK000000001358|NODE|node01|RECV|VOTE|from=node02|H=2|phase=PREVOTE
TICK000000001359|NODE|node03|RECV|VOTE|from=node01|H=2|phase=PREVOTE
TICK000000001360|NET|DELIVER|from=node02|to=node01|tick=16|type=core.Vote
TICK000000001361|NET|DELIVER|from=node02|to=node02|tick=16|type=core.Vote
TICK000000001362|NET|DELIVER|from=node02|to=node03|tick=16|type=core.Vote
TICK000000001363|NODE|node01|RECV|VOTE|from=node01|H=2|phase=PREVOTE
TICK000000001364|NODE|node02|RECV|VOTE|from=node02|H=2|phase=PREVOTE
TICK000000001365|NET|DELIVER|from=node01|to=node00|tick=16|type=core.BlockHeader
TICK000000001366|NET|DELIVER|from=node01|to=node01|tick=16|type=core.BlockHeader
TICK000000001367|NODE|node01|RECV|VOTE|from=node02|H=2|phase=PREVOTE
TICK000000001368|NODE|node00|RECV|HEADER|from=node01|H=2
TICK000000001369|NODE|node03|RECV|VOTE|from=node02|H=2|phase=PREVOTE
TICK000000001370|NODE|node01|RECV|HEADER|from=node01|H=2
TICK000000001371|NET|DELIVER|from=node01|to=node03|tick=16|type=core.BlockHeader
TICK000000001372|NET|DELIVER|from=node02|to=node01|tick=16|type=core.Vote
TICK000000001373|NODE|node03|RECV|HEADER|from=node01|H=2
TICK000000001374|NET|SEND|from=node00|to=node02|deliver_tick=19|type=core.Vote
TICK000000001375|NET|DROP|from=node00|to=node03|lat=2
TICK000000001376|NET|DELIVER|from=node02|to=node02|tick=16|type=core.Vote
TICK000000001377|NODE|node02|RECV|VOTE|from=node02|H=2|phase=PRECOMMIT
TICK000000001378|NET|SEND|from=node00|to=node00|deliver_tick=19|type=core.Vote
TICK000000001379|NET|DUP|from=node00|to=node00|tick=19
TICK000000001380|NET|SEND|from=node00|to=node01|deliver_tick=18|type=core.Vote
TICK000000001381|NODE|node00|SENT|PREVOTE|H=2
TICK000000001382|NET|SEND|from=node01|to=node00|deliver_tick=19|type=core.Vote
TICK000000001383|NET|SEND|from=node01|to=node01|deliver_tick=18|type=core.Vote
TICK000000001384|NET|SEND|from=node01|to=node02|deliver_tick=19|type=core.Vote
TICK000000001385|NET|SEND|from=node01|to=node03|deliver_tick=17|type=core.Vote
TICK000000001386|NODE|node01|SENT|PREVOTE|H=2
TICK000000001387|NODE|node02|FINALIZED|H=2
TICK000000001388|NODE|node01|RECV|VOTE|from=node02|H=2|phase=PRECOMMIT
TICK000000001389|NET|DELIVER|from=node01|to=node00|tick=16|type=core.Vote
TICK000000001390|NET|SEND|from=node03|to=node00|deliver_tick=17|type=core.Vote
TICK000000001391|NET|SEND|from=node03|to=node01|deliver_tick=19|type=core.Vote
TICK000000001392|NODE|node00|RECV|VOTE|from=node01|H=2|phase=PREVOTE
TICK000000001393|NODE|node01|FINALIZED|H=2
TICK000000001394|NET|SEND|from=node03|to=node02|deliver_tick=19|type=core.Vote
TICK000000001395|NET|SEND|from=node03|to=node03|deliver_tick=18|type=core.Vote
TICK000000001396|NODE|node03|SENT|PREVOTE|H=2
TICK000000001397|NET|DELIVER|from=node01|to=node02|tick=16|type=core.Vote
TICK000000001398|NET|DELIVER|from=node01|to=node03|tick=16|type=core.Vote
TICK000000001399|NET|DELIVER|from=node01|to=node03|tick=16|type=core.Vote
TICK000000001400|NET|DELIVER|from=node01|to=node00|tick=16|type=*core.Block
TICK000000001401|NET|DELIVER|from=node00|to=node03|tick=16|type=core.Vote
TICK000000001402|NET|DELIVER|from=node00|to=node00|tick=16|type=core.Vote
TICK000000001403|NET|DELIVER|from=node00|to=node01|tick=16|type=core.Vote
TICK000000001404|NODE|node00|RECV|BLOCK|from=node01|H=2|txs=1
TICK000000001405|NODE|node02|RECV|VOTE|from=node01|H=2|phase=PREVOTE
TICK000000001406|NODE|node03|RECV|VOTE|from=node01|H=2|phase=PREVOTE
TICK000000001407|NET|DELIVER|from=node03|to=node02|tick=16|type=core.Vote
TICK000000001408|NET|DELIVER|from=node03|to=node02|tick=16|type=core.Vote
TICK000000001409|NET|DELIVER|from=node01|to=node01|tick=16|type=core.Vote
TICK000000001410|NET|DELIVER|from=node01|to=node01|tick=16|type=core.Vote
TICK000000001411|NET|DELIVER|from=node00|to=node00|tick=16|type=core.Vote
TICK000000001412|NET|DELIVER|from=node02|to=node00|tick=16|type=core.Vote
TICK000000001413|NODE|node03|RECV|VOTE|from=node01|H=2|phase=PRECOMMIT
TICK000000001414|NET|SEND|from=node00|to=node02|deliver_tick=19|type=core.Vote
TICK000000001415|NET|SEND|from=node00|to=node03|deliver_tick=19|type=core.Vote
TICK000000001416|NET|SEND|from=node00|to=node00|deliver_tick=17|type=core.Vote
TICK000000001417|NET|SEND|from=node00|to=node01|deliver_tick=18|type=core.Vote
TICK000000001418|NODE|node00|SENT|PREVOTE|H=2
TICK000000001419|NODE|node03|FINALIZED|H=2
TICK000000001420|NODE|node03|RECV|VOTE|from=node00|H=2|phase=PRECOMMIT
TICK000000001421|NODE|node02|RECV|VOTE|from=node03|H=2|phase=PREVOTE
TICK000000001422|NODE|node01|RECV|VOTE|from=node00|H=2|phase=PRECOMMIT
TICK000000001423|NET|DELIVER|from=node00|to=node00|tick=16|type=core.Vote
TICK000000001424|NET|DELIVER|from=node01|to=node01|tick=16|type=core.BlockHeader
TICK000000001425|NET|DELIVER|from=node02|to=node03|tick=16|type=core.Vote
TICK000000001426|NODE|node03|RECV|VOTE|from=node02|H=2|phase=PREVOTE
TICK000000001427|NODE|node00|RECV|VOTE|from=node00|H=2|phase=PRECOMMIT
TICK000000001428|NODE|node01|RECV|VOTE|from=node01|H=2|phase=PREVOTE
TICK000000001429|NET|DELIVER|from=node01|to=node01|tick=16|type=*core.Block
TICK000000001430|NET|DELIVER|from=node01|to=node03|tick=16|type=*core.Block
TICK000000001431|NODE|node03|RECV|BLOCK|from=node01|H=2|txs=1
TICK000000001432|NODE|node01|RECV|VOTE|from=node01|H=2|phase=PREVOTE
TICK000000001433|NODE|node02|RECV|VOTE|from=node03|H=2|phase=PREVOTE
TICK000000001434|NODE|node03|RECV|BLOCK|bad_parent|H=2
TICK000000001435|NET|DELIVER|from=node03|to=node00|tick=16|type=core.Vote
TICK000000001436|NET|DELIVER|from=node03|to=node00|tick=16|type=core.Vote
TICK000000001437|NET|DELIVER|from=node02|to=node01|tick=16|type=core.Vote
TICK000000001438|NET|DELIVER|from=node01|to=node03|tick=16|type=core.Vote
TICK000000001439|NODE|node01|RECV|HEADER|from=node01|H=2
TICK000000001440|NODE|node00|FINALIZED|H=2
TICK000000001441|NODE|node00|RECV|VOTE|from=node00|H=2|phase=PREVOTE
TICK000000001442|NODE|node01|RECV|HEADER|bad_parent|H=2
TICK000000001443|NODE|node01|RECV|BLOCK|from=node01|H=2|txs=1
TICK000000001444|NODE|node03|RECV|VOTE|from=node01|H=2|phase=PREVOTE
TICK000000001445|NET|DELIVER|from=node01|to=node00|tick=16|type=core.BlockHeader
TICK000000001446|NODE|node01|RECV|BLOCK|bad_parent|H=2
TICK000000001447|NODE|node01|RECV|VOTE|from=node02|H=2|phase=PREVOTE
TICK000000001448|NODE|node00|RECV|VOTE|from=node02|H=2|phase=PREVOTE
TICK000000001449|NET|DELIVER|from=node02|to=node02|tick=16|type=core.Vote
TICK000000001450|NET|DELIVER|from=node02|to=node03|tick=16|type=core.Vote
TICK000000001451|NODE|node02|RECV|VOTE|from=node02|H=2|phase=PREVOTE
TICK000000001452|NODE|node00|RECV|VOTE|from=node00|H=2|phase=PREVOTE
TICK000000001453|NET|DELIVER|from=node00|to=node03|tick=16|type=core.Vote
TICK000000001454|NET|DELIVER|from=node01|to=node03|tick=16|type=core.Vote
TICK000000001455|NET|DELIVER|from=node03|to=node03|tick=16|type=core.Vote
TICK000000001456|NODE|node03|RECV|VOTE|from=node02|H=2|phase=PREVOTE
TICK000000001457|NODE|node00|RECV|VOTE|from=node03|H=2|phase=PREVOTE
TICK000000001458|NET|DELIVER|from=node03|to=node01|tick=16|type=core.Vote
TICK000000001459|NODE|node03|RECV|VOTE|from=node00|H=2|phase=PREVOTE
TICK000000001460|NODE|node00|RECV|VOTE|from=node03|H=2|phase=PREVOTE
TICK000000001461|NODE|node01|RECV|VOTE|from=node03|H=2|phase=PREVOTE
TICK000000001462|NODE|node03|RECV|VOTE|from=node01|H=2|phase=PREVOTE
TICK000000001463|NODE|node00|RECV|HEADER|from=node01|H=2
TICK000000001464|NODE|node01|RECV|VOTE|from=node00|H=2|phase=PREVOTE
TICK000000001465|NET|DELIVER|from=node00|to=node01|tick=16|type=core.Vote
TICK000000001466|NET|DELIVER|from=node01|to=node02|tick=16|type=core.Vote
TICK000000001467|NET|DELIVER|from=node02|to=node01|tick=16|type=core.Vote
TICK000000001468|NODE|node01|RECV|VOTE|from=node02|H=2|phase=PREVOTE
TICK000000001469|NODE|node00|RECV|HEADER|bad_parent|H=2
TICK000000001470|NET|DELIVER|from=node02|to=node02|tick=16|type=core.Vote
TICK000000001471|NET|DELIVER|from=node02|to=node01|tick=16|type=core.Vote
TICK000000001472|NODE|node03|RECV|VOTE|from=node03|H=2|phase=PREVOTE
TICK000000001473|NODE|node02|RECV|VOTE|from=node01|H=2|phase=PREVOTE
TICK000000001474|NODE|node01|RECV|VOTE|from=node02|H=2|phase=PREVOTE
TICK000000001475|NET|DELIVER|from=node02|to=node02|tick=16|type=core.Vote
TICK000000001476|NET|DELIVER|from=node01|to=node02|tick=16|type=*core.Block
TICK000000001477|NODE|node02|RECV|VOTE|from=node02|H=2|phase=PREVOTE
TICK000000001478|NET|SEND|from=node02|to=node01|deliver_tick=18|type=core.BlockHeader
TICK000000001479|NET|SEND|from=node02|to=node02|deliver_tick=19|type=core.BlockHeader
TICK000000001480|NET|SEND|from=node02|to=node03|deliver_tick=17|type=core.BlockHeader
TICK000000001481|NET|SEND|from=node02|to=node00|deliver_tick=17|type=core.BlockHeader
TICK000000001482|NODE|node02|PROPOSE|H=3
TICK000000001483|NODE|node02|RECV|VOTE|from=node02|H=2|phase=PREVOTE
TICK000000001484|NODE|node02|RECV|BLOCK|from=node01|H=2|txs=1
TICK000000001485|NODE|node02|RECV|BLOCK|bad_parent|H=2
TICK000000001486|NET|SEND|from=node01|to=node01|deliver_tick=19|type=*core.Block
TICK000000001487|NET|SEND|from=node01|to=node02|deliver_tick=18|type=*core.Block
TICK000000001488|NET|SEND|from=node01|to=node03|deliver_tick=19|type=*core.Block
TICK000000001489|NET|SEND|from=node01|to=node00|deliver_tick=19|type=*core.Block
TICK000000001490|NET|DELIVER|from=node00|to=node02|tick=17|type=core.Vote
TICK000000001491|NET|DELIVER|from=node03|to=node00|tick=17|type=core.Vote
TICK000000001492|NODE|node00|RECV|VOTE|from=node03|H=2|phase=PREVOTE
TICK000000001493|NODE|node02|RECV|VOTE|from=node00|H=2|phase=PRECOMMIT
TICK000000001494|NET|DELIVER|from=node03|to=node01|tick=17|type=core.Vote
TICK000000001495|NET|DELIVER|from=node00|to=node01|tick=17|type=core.Vote
TICK000000001496|NET|DELIVER|from=node00|to=node02|tick=17|type=core.Vote
TICK000000001497|NODE|node01|RECV|VOTE|from=node03|H=2|phase=PREVOTE
TICK000000001498|NET|DELIVER|from=node02|to=node01|tick=17|type=core.Vote
TICK000000001499|NET|DELIVER|from=node02|to=node02|tick=17|type=core.Vote
TICK000000001500|NET|DELIVER|from=node02|to=node03|tick=17|type=core.Vote
TICK000000001501|NODE|node03|RECV|VOTE|from=node02|H=2|phase=PREVOTE
TICK000000001502|NODE|node01|RECV|VOTE|from=node00|H=2|phase=PREVOTE
TICK000000001503|NODE|node02|RECV|VOTE|from=node00|H=2|phase=PREVOTE
TICK000000001504|NODE|node03|RECV|VOTE|from=node00|H=2|phase=PREVOTE
TICK000000001505|NET|DELIVER|from=node00|to=node03|tick=17|type=core.Vote
TICK000000001506|NET|DELIVER|from=node01|to=node03|tick=17|type=core.BlockHeader
TICK000000001507|NET|DELIVER|from=node02|to=node00|tick=17|type=core.Vote
TICK000000001508|NODE|node01|RECV|VOTE|from=node02|H=2|phase=PREVOTE
TICK000000001509|NODE|node03|RECV|HEADER|from=node01|H=2
TICK000000001510|NODE|node02|RECV|VOTE|from=node02|H=2|phase=PREVOTE
TICK000000001511|NET|DELIVER|from=node02|to=node01|tick=17|type=core.Vote
TICK000000001512|NET|DELIVER|from=node02|to=node02|tick=17|type=core.Vote
TICK000000001513|NET|DELIVER|from=node03|to=node01|tick=17|type=core.Vote
TICK000000001514|NET|DELIVER|from=node03|to=node02|tick=17|type=core.Vote
TICK000000001515|NET|DELIVER|from=node03|to=node03|tick=17|type=core.Vote
TICK000000001516|NET|DELIVER|from=node01|to=node00|tick=17|type=core.Vote
TICK000000001517|NET|DELIVER|from=node01|to=node01|tick=17|type=core.Vote
TICK000000001518|NET|DELIVER|from=node01|to=node02|tick=17|type=core.Vote
TICK000000001519|NET|DELIVER|from=node01|to=node01|tick=17|type=core.BlockHeader
TICK000000001520|NET|DELIVER|from=node01|to=node03|tick=17|type=core.BlockHeader
TICK000000001521|NET|DELIVER|from=node01|to=node00|tick=17|type=core.Vote
TICK000000001522|NET|DELIVER|from=node00|to=node00|tick=17|type=core.Vote
TICK000000001523|NET|DELIVER|from=node00|to=node02|tick=17|type=core.Vote
TICK000000001524|NODE|node00|RECV|VOTE|from=node02|H=2|phase=PREVOTE
TICK000000001525|NODE|node01|RECV|VOTE|from=node02|H=2|phase=PREVOTE
TICK000000001526|NODE|node03|RECV|HEADER|bad_parent|H=2
TICK000000001527|NODE|node03|RECV|VOTE|from=node03|H=2|phase=PREVOTE
TICK000000001528|NODE|node02|RECV|VOTE|from=node02|H=2|phase=PREVOTE
TICK000000001529|NET|DELIVER|from=node03|to=node02|tick=17|type=core.Vote
TICK000000001530|NET|DELIVER|from=node03|to=node00|tick=17|type=core.Vote
TICK000000001531|NET|DELIVER|from=node01|to=node01|tick=17|type=core.Vote
TICK000000001532|NET|DELIVER|from=node02|to=node00|tick=17|type=core.Vote
TICK000000001533|NET|DELIVER|from=node02|to=node03|tick=17|type=core.Vote
TICK000000001534|NET|DELIVER|from=node02|to=node00|tick=17|type=core.Vote
TICK000000001535|NET|DELIVER|from=node02|to=node00|tick=17|type=core.Vote
TICK000000001536|NET|DELIVER|from=node01|to=node00|tick=17|type=*core.Block
TICK000000001537|NET|DELIVER|from=node01|to=node01|tick=17|type=*core.Block
TICK000000001538|NET|DELIVER|from=node01|to=node03|tick=17|type=*core.Block
TICK000000001539|NET|DELIVER|from=node01|to=node03|tick=17|type=core.Vote
TICK000000001540|NET|DELIVER|from=node03|to=node00|tick=17|type=core.Vote
TICK000000001541|NET|DELIVER|from=node00|to=node00|tick=17|type=core.Vote
TICK000000001542|NET|DELIVER|from=node02|to=node03|tick=17|type=core.BlockHeader
TICK000000001543|NET|DELIVER|from=node02|to=node00|tick=17|type=core.BlockHeader
TICK000000001544|NODE|node00|RECV|VOTE|from=node01|H=2|phase=PREVOTE
TICK000000001545|NODE|node02|RECV|VOTE|from=node03|H=2|phase=PREVOTE
TICK000000001546|NODE|node01|RECV|VOTE|from=node03|H=2|phase=PREVOTE
TICK000000001547|NODE|node03|RECV|HEADER|from=node01|H=2
TICK000000001548|NET|SEND|from=node02|to=node01|deliver_tick=20|type=core.BlockHeader
TICK000000001549|NODE|node01|RECV|VOTE|from=node01|H=2|phase=PREVOTE
TICK000000001550|NET|SEND|from=node02|to=node02|deliver_tick=18|type=core.BlockHeader
TICK000000001551|NET|SEND|from=node02|to=node03|deliver_tick=18|type=core.BlockHeader
TICK000000001552|NODE|node00|RECV|VOTE|from=node01|H=2|phase=PREVOTE
TICK000000001553|NODE|node03|RECV|HEADER|bad_parent|H=2
TICK000000001554|NODE|node03|RECV|VOTE|from=node02|H=2|phase=PREVOTE
TICK000000001555|NET|SEND|from=node02|to=node00|deliver_tick=18|type=core.BlockHeader
TICK000000001556|NODE|node00|RECV|VOTE|from=node00|H=2|phase=PREVOTE
TICK000000001557|NODE|node02|PROPOSE|H=3
TICK000000001558|NODE|node02|RECV|VOTE|from=node01|H=2|phase=PREVOTE
TICK000000001559|NODE|node01|RECV|HEADER|from=node01|H=2
TICK000000001560|NODE|node03|RECV|BLOCK|from=node01|H=2|txs=1
TICK000000001561|NODE|node00|RECV|VOTE|from=node03|H=2|phase=PREVOTE
TICK000000001562|NODE|node01|RECV|HEADER|bad_parent|H=2
TICK000000001563|NODE|node01|RECV|VOTE|from=node01|H=2|phase=PREVOTE
TICK000000001564|NODE|node03|RECV|BLOCK|bad_parent|H=2
TICK000000001565|NODE|node03|RECV|VOTE|from=node01|H=2|phase=PREVOTE
TICK000000001566|NODE|node02|RECV|VOTE|from=node00|H=2|phase=PREVOTE
TICK000000001567|NODE|node00|RECV|VOTE|from=node02|H=2|phase=PREVOTE
TICK000000001568|NODE|node03|RECV|HEADER|from=node02|H=3
TICK000000001569|NODE|node01|RECV|BLOCK|from=node01|H=2|txs=1
TICK000000001570|NODE|node02|RECV|VOTE|from=node03|H=2|phase=PREVOTE
TICK000000001571|NODE|node00|RECV|VOTE|from=node02|H=2|phase=PREVOTE
TICK000000001572|NET|SEND|from=node03|to=node03|deliver_tick=20|type=core.Vote
TICK000000001573|NODE|node01|RECV|BLOCK|bad_parent|H=2
TICK000000001574|NET|SEND|from=node03|to=node00|deliver_tick=18|type=core.Vote
TICK000000001575|NET|SEND|from=node03|to=node01|deliver_tick=20|type=core.Vote
TICK000000001576|NET|SEND|from=node03|to=node02|deliver_tick=18|type=core.Vote
TICK000000001577|NODE|node03|SENT|PREVOTE|H=3
TICK000000001578|NODE|node00|RECV|VOTE|from=node02|H=2|phase=PREVOTE
TICK000000001579|NODE|node00|RECV|BLOCK|from=node01|H=2|txs=1
TICK000000001580|NODE|node00|RECV|BLOCK|bad_parent|H=2
TICK000000001581|NODE|node00|RECV|VOTE|from=node03|H=2|phase=PREVOTE
TICK000000001582|NODE|node00|RECV|VOTE|from=node00|H=2|phase=PREVOTE
TICK000000001583|NODE|node00|RECV|HEADER|from=node02|H=3
TICK000000001584|NET|SEND|from=node00|to=node00|deliver_tick=18|type=core.Vote
TICK000000001585|NET|SEND|from=node00|to=node01|deliver_tick=18|type=core.Vote
TICK000000001586|NET|SEND|from=node00|to=node02|deliver_tick=20|type=core.Vote
TICK000000001587|NET|SEND|from=node00|to=node03|deliver_tick=18|type=core.Vote
TICK000000001588|NODE|node00|SENT|PREVOTE|H=3
TICK000000001589|NET|SEND|from=node02|to=node00|deliver_tick=20|type=*core.Block
TICK000000001590|NET|SEND|from=node02|to=node01|deliver_tick=20|type=*core.Block
TICK000000001591|NET|SEND|from=node02|to=node02|deliver_tick=19|type=*core.Block
TICK000000001592|NET|SEND|from=node02|to=node03|deliver_tick=19|type=*core.Block
TICK000000001593|NET|DELIVER|from=node02|to=node00|tick=18|type=core.Vote
TICK000000001594|NET|DELIVER|from=node02|to=node02|tick=18|type=core.Vote
TICK000000001595|NET|DELIVER|from=node02|to=node03|tick=18|type=core.Vote
TICK000000001596|NET|DELIVER|from=node03|to=node00|tick=18|type=core.Vote
TICK000000001597|NODE|node02|RECV|VOTE|from=node02|H=2|phase=PREVOTE
TICK000000001598|NODE|node03|RECV|VOTE|from=node02|H=2|phase=PREVOTE
TICK000000001599|NODE|node00|RECV|VOTE|from=node02|H=2|phase=PREVOTE
TICK000000001600|NET|DELIVER|from=node03|to=node01|tick=18|type=core.Vote
TICK000000001601|NET|DELIVER|from=node03|to=node03|tick=18|type=core.Vote
TICK000000001602|NET|DELIVER|from=node01|to=node02|tick=18|type=core.BlockHeader
TICK000000001603|NET|DELIVER|from=node01|to=node01|tick=18|type=core.Vote
TICK000000001604|NET|DELIVER|from=node01|to=node02|tick=18|type=core.Vote
TICK000000001605|NET|DELIVER|from=node02|to=node00|tick=18|type=core.Vote
TICK000000001606|NET|DELIVER|from=node02|to=node01|tick=18|type=core.Vote
TICK000000001607|NET|DELIVER|from=node00|to=node02|tick=18|type=core.Vote
TICK000000001608|NODE|node00|RECV|VOTE|from=node03|H=2|phase=PREVOTE
TICK000000001609|NODE|node02|RECV|HEADER|from=node01|H=2
TICK000000001610|NET|DELIVER|from=node00|to=node03|tick=18|type=core.Vote
TICK000000001611|NET|DELIVER|from=node01|to=node03|tick=18|type=core.Vote
TICK000000001612|NET|DELIVER|from=node01|to=node03|tick=18|type=core.Vote
TICK000000001613|NET|DELIVER|from=node02|to=node03|tick=18|type=core.Vote
TICK000000001614|NET|DELIVER|from=node02|to=node02|tick=18|type=core.Vote
TICK000000001615|NET|DELIVER|from=node02|to=node03|tick=18|type=core.Vote
TICK000000001616|NET|DELIVER|from=node00|to=node01|tick=18|type=core.Vote
TICK000000001617|NET|DELIVER|from=node01|to=node01|tick=18|type=core.Vote
TICK000000001618|NET|DELIVER|from=node03|to=node03|tick=18|type=core.Vote
TICK000000001619|NET|DELIVER|from=node00|to=node01|tick=18|type=core.Vote
TICK000000001620|NET|DELIVER|from=node02|to=node01|tick=18|type=core.BlockHeader
TICK000000001621|NET|DELIVER|from=node01|to=node02|tick=18|type=*core.Block
TICK000000001622|NET|DELIVER|from=node02|to=node02|tick=18|type=core.BlockHeader
TICK000000001623|NET|DELIVER|from=node02|to=node03|tick=18|type=core.BlockHeader
TICK000000001624|NET|DELIVER|from=node02|to=node00|tick=18|type=core.BlockHeader
TICK000000001625|NET|DELIVER|from=node03|to=node00|tick=18|type=core.Vote
TICK000000001626|NET|DELIVER|from=node03|to=node02|tick=18|type=core.Vote
TICK000000001627|NET|DELIVER|from=node00|to=node00|tick=18|type=core.Vote
TICK000000001628|NET|DELIVER|from=node00|to=node01|tick=18|type=core.Vote
TICK000000001629|NET|DELIVER|from=node00|to=node03|tick=18|type=core.Vote
TICK000000001630|NODE|node01|RECV|VOTE|from=node03|H=2|phase=PREVOTE
TICK000000001631|NET|SEND|from=node02|to=node00|deliver_tick=21|type=core.BlockHeader
TICK000000001632|NET|DUP|from=node02|to=node00|tick=21
TICK000000001633|NET|SEND|from=node02|to=node01|deliver_tick=20|type=core.BlockHeader
TICK000000001634|NET|SEND|from=node02|to=node02|deliver_tick=21|type=core.BlockHeader
TICK000000001635|NET|SEND|from=node02|to=node03|deliver_tick=20|type=core.BlockHeader
TICK000000001636|NODE|node02|PROPOSE|H=3
TICK000000001637|NODE|node02|RECV|HEADER|bad_parent|H=2
TICK000000001638|NODE|node02|RECV|VOTE|from=node01|H=2|phase=PREVOTE
TICK000000001639|NODE|node01|RECV|VOTE|from=node01|H=2|phase=PREVOTE
TICK000000001640|NODE|node03|RECV|VOTE|from=node03|H=2|phase=PREVOTE
TICK000000001641|NODE|node00|RECV|VOTE|from=node02|H=2|phase=PREVOTE
TICK000000001642|NODE|node01|RECV|VOTE|from=node02|H=2|phase=PREVOTE
TICK000000001643|NODE|node03|RECV|VOTE|from=node00|H=2|phase=PREVOTE
TICK000000001644|NODE|node00|RECV|HEADER|from=node02|H=3
TICK000000001645|NODE|node02|RECV|VOTE|from=node00|H=2|phase=PREVOTE
TICK000000001646|NODE|node01|RECV|VOTE|from=node00|H=2|phase=PREVOTE
TICK000000001647|NODE|node03|RECV|VOTE|from=node01|H=2|phase=PREVOTE
TICK000000001648|NODE|node02|RECV|VOTE|from=node02|H=2|phase=PREVOTE
TICK000000001649|NET|SEND|from=node00|to=node00|deliver_tick=19|type=core.Vote
TICK000000001650|NET|SEND|from=node00|to=node01|deliver_tick=20|type=core.Vote
TICK000000001651|NET|SEND|from=node00|to=node02|deliver_tick=20|type=core.Vote
TICK000000001652|NET|SEND|from=node00|to=node03|deliver_tick=19|type=core.Vote
TICK000000001653|NODE|node00|SENT|PREVOTE|H=3
TICK000000001654|NODE|node00|RECV|VOTE|from=node03|H=3|phase=PREVOTE
TICK000000001655|NODE|node03|RECV|VOTE|from=node01|H=2|phase=PREVOTE
TICK000000001656|NODE|node01|RECV|VOTE|from=node01|H=2|phase=PREVOTE
TICK000000001657|NODE|node00|RECV|VOTE|from=node00|H=3|phase=PREVOTE
TICK000000001658|NODE|node02|RECV|BLOCK|from=node01|H=2|txs=1
TICK000000001659|NODE|node01|RECV|VOTE|from=node00|H=2|phase=PREVOTE
TICK000000001660|NODE|node03|RECV|VOTE|from=node02|H=2|phase=PREVOTE
TICK000000001661|NODE|node02|RECV|BLOCK|bad_parent|H=2
TICK000000001662|NODE|node02|RECV|HEADER|from=node02|H=3
TICK000000001663|NODE|node03|RECV|VOTE|from=node02|H=2|phase=PREVOTE
TICK000000001664|NODE|node01|RECV|HEADER|from=node02|H=3
TICK000000001665|NODE|node03|RECV|VOTE|from=node03|H=2|phase=PREVOTE
TICK000000001666|NET|SEND|from=node02|to=node00|deliver_tick=21|type=core.Vote
TICK000000001667|NET|SEND|from=node02|to=node01|deliver_tick=19|type=core.Vote
TICK000000001668|NET|SEND|from=node02|to=node02|deliver_tick=21|type=core.Vote
TICK000000001669|NET|SEND|from=node02|to=node03|deliver_tick=21|type=core.Vote
TICK000000001670|NODE|node03|RECV|HEADER|from=node02|H=3
TICK000000001671|NODE|node02|SENT|PREVOTE|H=3
TICK000000001672|NODE|node02|RECV|VOTE|from=node03|H=3|phase=PREVOTE
TICK000000001673|NET|SEND|from=node01|to=node00|deliver_tick=20|type=core.Vote
TICK000000001674|NET|DUP|from=node01|to=node00|tick=20
TICK000000001675|NET|SEND|from=node01|to=node01|deliver_tick=20|type=core.Vote
TICK000000001676|NET|SEND|from=node01|to=node02|deliver_tick=19|type=core.Vote
TICK000000001677|NET|SEND|from=node01|to=node03|deliver_tick=21|type=core.Vote
TICK000000001678|NODE|node01|SENT|PREVOTE|H=3
TICK000000001679|NODE|node01|RECV|VOTE|from=node00|H=3|phase=PREVOTE
TICK000000001680|NET|SEND|from=node03|to=node00|deliver_tick=21|type=core.Vote
TICK000000001681|NET|SEND|from=node03|to=node01|deliver_tick=21|type=core.Vote
TICK000000001682|NET|SEND|from=node03|to=node02|deliver_tick=21|type=core.Vote
TICK000000001683|NET|DROP|from=node03|to=node03|lat=3
TICK000000001684|NODE|node03|SENT|PREVOTE|H=3
TICK000000001685|NODE|node03|RECV|VOTE|from=node00|H=3|phase=PREVOTE
TICK000000001686|NET|SEND|from=node02|to=node00|deliver_tick=21|type=*core.Block
TICK000000001687|NET|SEND|from=node02|to=node01|deliver_tick=21|type=*core.Block
TICK000000001688|NET|SEND|from=node02|to=node02|deliver_tick=20|type=*core.Block
TICK000000001689|NET|SEND|from=node02|to=node03|deliver_tick=21|type=*core.Block
TICK000000001690|NET|DELIVER|from=node00|to=node02|tick=19|type=core.Vote
TICK000000001691|NET|DELIVER|from=node00|to=node00|tick=19|type=core.Vote
TICK000000001692|NET|DELIVER|from=node00|to=node00|tick=19|type=core.Vote
TICK000000001693|NET|DELIVER|from=node01|to=node00|tick=19|type=core.Vote
TICK000000001694|NET|DELIVER|from=node01|to=node02|tick=19|type=core.Vote
TICK000000001695|NODE|node02|RECV|VOTE|from=node00|H=2|phase=PREVOTE
TICK000000001696|NODE|node00|RECV|VOTE|from=node00|H=2|phase=PREVOTE
TICK000000001697|NET|DELIVER|from=node03|to=node01|tick=19|type=core.Vote
TICK000000001698|NET|DELIVER|from=node03|to=node02|tick=19|type=core.Vote
TICK000000001699|NET|DELIVER|from=node00|to=node02|tick=19|type=core.Vote
TICK000000001700|NET|DELIVER|from=node00|to=node03|tick=19|type=core.Vote
TICK000000001701|NODE|node02|RECV|VOTE|from=node01|H=2|phase=PREVOTE
TICK000000001702|NODE|node00|RECV|VOTE|from=node00|H=2|phase=PREVOTE
TICK000000001703|NODE|node01|RECV|VOTE|from=node03|H=2|phase=PREVOTE
TICK000000001704|NET|DELIVER|from=node02|to=node02|tick=19|type=core.BlockHeader
TICK000000001705|NET|DELIVER|from=node01|to=node01|tick=19|type=*core.Block
TICK000000001706|NET|DELIVER|from=node01|to=node03|tick=19|type=*core.Block
TICK000000001707|NET|DELIVER|from=node01|to=node00|tick=19|type=*core.Block
TICK000000001708|NET|DELIVER|from=node02|to=node02|tick=19|type=*core.Block
TICK000000001709|NET|DELIVER|from=node02|to=node03|tick=19|type=*core.Block
TICK000000001710|NET|DELIVER|from=node00|to=node00|tick=19|type=core.Vote
TICK000000001711|NODE|node00|RECV|VOTE|from=node01|H=2|phase=PREVOTE
TICK000000001712|NODE|node03|RECV|VOTE|from=node00|H=2|phase=PREVOTE
TICK000000001713|NODE|node02|RECV|VOTE|from=node03|H=2|phase=PREVOTE
TICK000000001714|NET|DELIVER|from=node00|to=node03|tick=19|type=core.Vote
TICK000000001715|NET|DELIVER|from=node02|to=node01|tick=19|type=core.Vote
TICK000000001716|NET|DELIVER|from=node01|to=node02|tick=19|type=core.Vote
TICK000000001717|NODE|node02|RECV|VOTE|from=node00|H=2|phase=PREVOTE
TICK000000001718|NODE|node03|RECV|BLOCK|from=node01|H=2|txs=1
TICK000000001719|NODE|node00|RECV|BLOCK|from=node01|H=2|txs=1
TICK000000001720|NODE|node01|RECV|BLOCK|from=node01|H=2|txs=1
TICK000000001721|NODE|node03|RECV|BLOCK|bad_parent|H=2
TICK000000001722|NODE|node00|RECV|BLOCK|bad_parent|H=2
TICK000000001723|NODE|node00|RECV|VOTE|from=node00|H=3|phase=PREVOTE
TICK000000001724|NET|SEND|from=node02|to=node01|deliver_tick=21|type=core.BlockHeader
TICK000000001725|NET|SEND|from=node02|to=node02|deliver_tick=20|type=core.BlockHeader
TICK000000001726|NET|SEND|from=node02|to=node03|deliver_tick=22|type=core.BlockHeader
TICK000000001727|NET|SEND|from=node02|to=node00|deliver_tick=22|type=core.BlockHeader
TICK000000001728|NODE|node03|RECV|BLOCK|from=node02|H=3|txs=1
TICK000000001729|NODE|node02|PROPOSE|H=3
TICK000000001730|NODE|node02|RECV|HEADER|from=node02|H=3
TICK000000001731|NODE|node01|RECV|BLOCK|bad_parent|H=2
TICK000000001732|NODE|node01|RECV|VOTE|from=node02|H=3|phase=PREVOTE
TICK000000001733|NET|SEND|from=node02|to=node01|deliver_tick=20|type=core.Vote
TICK000000001734|NET|SEND|from=node02|to=node02|deliver_tick=20|type=core.Vote
TICK000000001735|NET|SEND|from=node02|to=node03|deliver_tick=22|type=core.Vote
TICK000000001736|NET|SEND|from=node02|to=node00|deliver_tick=20|type=core.Vote
TICK000000001737|NODE|node02|SENT|PREVOTE|H=3
TICK000000001738|NODE|node02|RECV|BLOCK|from=node02|H=3|txs=1
TICK000000001739|NET|SEND|from=node03|to=node00|deliver_tick=22|type=core.Vote
TICK000000001740|NET|SEND|from=node03|to=node01|deliver_tick=20|type=core.Vote
TICK000000001741|NET|SEND|from=node03|to=node02|deliver_tick=22|type=core.Vote
TICK000000001742|NET|SEND|from=node03|to=node03|deliver_tick=22|type=core.Vote
TICK000000001743|NODE|node03|SENT|PREVOTE|H=3
TICK000000001744|NODE|node03|RECV|VOTE|from=node00|H=3|phase=PREVOTE
TICK000000001745|NET|SEND|from=node02|to=node00|deliver_tick=20|type=core.Vote
TICK000000001746|NET|DUP|from=node02|to=node00|tick=20
TICK000000001747|NET|SEND|from=node02|to=node01|deliver_tick=20|type=core.Vote
TICK000000001748|NET|DUP|from=node02|to=node01|tick=20
TICK000000001749|NET|SEND|from=node02|to=node02|deliver_tick=20|type=core.Vote
TICK000000001750|NET|SEND|from=node02|to=node03|deliver_tick=20|type=core.Vote
TICK000000001751|NODE|node02|SENT|PREVOTE|H=3
TICK000000001752|NODE|node02|RECV|VOTE|from=node01|H=3|phase=PREVOTE
TICK000000001753|NET|SEND|from=node02|to=node03|deliver_tick=22|type=*core.Block
TICK000000001754|NET|SEND|from=node02|to=node00|deliver_tick=22|type=*core.Block
TICK000000001755|NET|SEND|from=node02|to=node01|deliver_tick=21|type=*core.Block
TICK000000001756|NET|SEND|from=node02|to=node02|deliver_tick=22|type=*core.Block
TICK000000001757|NET|DELIVER|from=node02|to=node01|tick=20|type=core.BlockHeader
TICK000000001758|NET|DELIVER|from=node03|to=node03|tick=20|type=core.Vote
TICK000000001759|NET|DELIVER|from=node03|to=node01|tick=20|type=core.Vote
TICK000000001760|NET|DELIVER|from=node00|to=node02|tick=20|type=core.Vote
TICK000000001761|NODE|node01|RECV|HEADER|from=node02|H=3
TICK000000001762|NET|DELIVER|from=node02|to=node00|tick=20|type=*core.Block
TICK000000001763|NET|DELIVER|from=node02|to=node01|tick=20|type=*core.Block
TICK000000001764|NET|DELIVER|from=node02|to=node01|tick=20|type=core.BlockHeader
TICK000000001765|NET|DELIVER|from=node02|to=node03|tick=20|type=core.BlockHeader
TICK000000001766|NET|DELIVER|from=node00|to=node01|tick=20|type=core.Vote
TICK000000001767|NET|DELIVER|from=node00|to=node02|tick=20|type=core.Vote
TICK000000001768|NET|DELIVER|from=node01|to=node00|tick=20|type=core.Vote
TICK000000001769|NET|DELIVER|from=node01|to=node00|tick=20|type=core.Vote
TICK000000001770|NET|DELIVER|from=node01|to=node01|tick=20|type=core.Vote
TICK000000001771|NET|DELIVER|from=node02|to=node02|tick=20|type=*core.Block
TICK000000001772|NET|DELIVER|from=node02|to=node02|tick=20|type=core.BlockHeader
TICK000000001773|NET|DELIVER|from=node02|to=node01|tick=20|type=core.Vote
TICK000000001774|NET|DELIVER|from=node02|to=node02|tick=20|type=core.Vote
TICK000000001775|NET|DELIVER|from=node02|to=node00|tick=20|type=core.Vote
TICK000000001776|NET|DELIVER|from=node03|to=node01|tick=20|type=core.Vote
TICK000000001777|NET|DELIVER|from=node02|to=node00|tick=20|type=core.Vote
TICK000000001778|NET|DELIVER|from=node02|to=node00|tick=20|type=core.Vote
TICK000000001779|NET|DELIVER|from=node02|to=node01|tick=20|type=core.Vote
TICK000000001780|NET|DELIVER|from=node02|to=node01|tick=20|type=core.Vote
TICK000000001781|NET|DELIVER|from=node02|to=node02|tick=20|type=core.Vote
TICK000000001782|NET|DELIVER|from=node02|to=node03|tick=20|type=core.Vote
TICK000000001783|NODE|node00|RECV|BLOCK|from=node02|H=3|txs=1
TICK000000001784|NODE|node03|RECV|VOTE|from=node03|H=3|phase=PREVOTE
TICK000000001785|NODE|node02|RECV|VOTE|from=node00|H=3|phase=PREVOTE
TICK000000001786|NET|SEND|from=node01|to=node01|deliver_tick=22|type=core.Vote
TICK000000001787|NET|SEND|from=node01|to=node02|deliver_tick=22|type=core.Vote
TICK000000001788|NET|SEND|from=node01|to=node03|deliver_tick=21|type=core.Vote
TICK000000001789|NET|SEND|from=node01|to=node00|deliver_tick=21|type=core.Vote
TICK000000001790|NODE|node01|SENT|PREVOTE|H=3
TICK000000001791|NODE|node01|RECV|VOTE|from=node03|H=3|phase=PREVOTE
TICK000000001792|NET|SEND|from=node02|to=node00|deliver_tick=22|type=core.BlockHeader
TICK000000001793|NET|DROP|from=node02|to=node01|lat=2
TICK000000001794|NODE|node03|RECV|HEADER|from=node02|H=3
TICK000000001795|NET|SEND|from=node02|to=node02|deliver_tick=23|type=core.BlockHeader
TICK000000001796|NET|SEND|from=node02|to=node03|deliver_tick=22|type=core.BlockHeader
TICK000000001797|NODE|node02|PROPOSE|H=3
TICK000000001798|NET|SEND|from=node01|to=node03|deliver_tick=22|type=core.Vote
TICK000000001799|NET|SEND|from=node01|to=node00|deliver_tick=22|type=core.Vote
TICK000000001800|NET|SEND|from=node00|to=node00|deliver_tick=22|type=core.Vote
TICK000000001801|NET|SEND|from=node00|to=node01|deliver_tick=22|type=core.Vote
TICK000000001802|NET|SEND|from=node00|to=node02|deliver_tick=21|type=core.Vote
TICK000000001803|NET|SEND|from=node00|to=node03|deliver_tick=22|type=core.Vote
TICK000000001804|NODE|node00|SENT|PREVOTE|H=3
TICK000000001805|NODE|node00|RECV|VOTE|from=node01|H=3|phase=PREVOTE
TICK000000001806|NET|SEND|from=node01|to=node01|deliver_tick=23|type=core.Vote
TICK000000001807|NET|SEND|from=node01|to=node02|deliver_tick=23|type=core.Vote
TICK000000001808|NET|SEND|from=node02|to=node01|deliver_tick=22|type=core.Vote
TICK000000001809|NET|SEND|from=node02|to=node02|deliver_tick=22|type=core.Vote
TICK000000001810|NET|DUP|from=node02|to=node02|tick=22
TICK000000001811|NET|SEND|from=node02|to=node03|deliver_tick=22|type=core.Vote
TICK000000001812|NET|SEND|from=node02|to=node00|deliver_tick=21|type=core.Vote
TICK000000001813|NODE|node02|SENT|PRECOMMIT|H=3
TICK000000001814|NODE|node01|SENT|PRECOMMIT|H=3
TICK000000001815|NODE|node01|RECV|BLOCK|from=node02|H=3|txs=1
TICK000000001816|NET|SEND|from=node03|to=node03|deliver_tick=22|type=core.Vote
TICK000000001817|NET|SEND|from=node03|to=node00|deliver_tick=21|type=core.Vote
TICK000000001818|NODE|node02|RECV|VOTE|from=node00|H=3|phase=PREVOTE
TICK000000001819|NET|SEND|from=node00|to=node03|deliver_tick=21|type=core.Vote
TICK000000001820|NET|SEND|from=node00|to=node00|deliver_tick=23|type=core.Vote
TICK000000001821|NET|SEND|from=node00|to=node01|deliver_tick=21|type=core.Vote
TICK000000001822|NET|SEND|from=node00|to=node02|deliver_tick=23|type=core.Vote
TICK000000001823|NODE|node00|SENT|PRECOMMIT|H=3
TICK000000001824|NET|SEND|from=node03|to=node01|deliver_tick=22|type=core.Vote
TICK000000001825|NET|SEND|from=node03|to=node02|deliver_tick=23|type=core.Vote
TICK000000001826|NODE|node03|SENT|PREVOTE|H=3
TICK000000001827|NET|SEND|from=node01|to=node01|deliver_tick=21|type=core.Vote
TICK000000001828|NET|SEND|from=node01|to=node02|deliver_tick=21|type=core.Vote
TICK000000001829|NET|SEND|from=node01|to=node03|deliver_tick=22|type=core.Vote
TICK000000001830|NET|SEND|from=node01|to=node00|deliver_tick=22|type=core.Vote
TICK000000001831|NODE|node01|SENT|PREVOTE|H=3
TICK000000001832|NODE|node01|RECV|HEADER|from=node02|H=3
TICK000000001833|NODE|node00|RECV|VOTE|from=node01|H=3|phase=PREVOTE
TICK000000001834|NODE|node02|RECV|BLOCK|from=node02|H=3|txs=1
TICK000000001835|NODE|node03|RECV|VOTE|from=node02|H=3|phase=PREVOTE
TICK000000001836|NET|SEND|from=node01|to=node00|deliver_tick=23|type=core.Vote
TICK000000001837|NET|DROP|from=node01|to=node01|lat=3
TICK000000001838|NET|SEND|from=node01|to=node02|deliver_tick=22|type=core.Vote
TICK000000001839|NET|SEND|from=node01|to=node03|deliver_tick=22|type=core.Vote
TICK000000001840|NODE|node01|SENT|PREVOTE|H=3
TICK000000001841|NODE|node01|RECV|VOTE|from=node00|H=3|phase=PREVOTE
TICK000000001842|NODE|node00|RECV|VOTE|from=node02|H=3|phase=PREVOTE
TICK000000001843|NET|SEND|from=node03|to=node00|deliver_tick=22|type=core.Vote
TICK000000001844|NET|SEND|from=node03|to=node01|deliver_tick=23|type=core.Vote
TICK000000001845|NET|DUP|from=node03|to=node01|tick=23
TICK000000001846|NET|DROP|from=node03|to=node02|lat=3
TICK000000001847|NET|SEND|from=node03|to=node03|deliver_tick=23|type=core.Vote
TICK000000001848|NODE|node03|SENT|PRECOMMIT|H=3
TICK000000001849|NET|SEND|from=node02|to=node00|deliver_tick=21|type=core.Vote
TICK000000001850|NET|SEND|from=node02|to=node01|deliver_tick=23|type=core.Vote
TICK000000001851|NET|SEND|from=node02|to=node02|deliver_tick=21|type=core.Vote
TICK000000001852|NET|SEND|from=node02|to=node03|deliver_tick=22|type=core.Vote
TICK000000001853|NODE|node02|SENT|PREVOTE|H=3
TICK000000001854|NODE|node01|RECV|VOTE|from=node01|H=3|phase=PREVOTE
TICK000000001855|NODE|node00|RECV|VOTE|from=node02|H=3|phase=PREVOTE
TICK000000001856|NODE|node02|RECV|HEADER|from=node02|H=3
TICK000000001857|NODE|node01|RECV|VOTE|from=node02|H=3|phase=PREVOTE
TICK000000001858|NODE|node00|RECV|VOTE|from=node02|H=3|phase=PREVOTE
TICK000000001859|NODE|node01|RECV|VOTE|from=node03|H=3|phase=PREVOTE
TICK000000001860|NET|SEND|from=node02|to=node00|deliver_tick=22|type=core.Vote
TICK000000001861|NET|SEND|from=node02|to=node01|deliver_tick=21|type=core.Vote
TICK000000001862|NET|SEND|from=node02|to=node02|deliver_tick=22|type=core.Vote
TICK000000001863|NET|SEND|from=node02|to=node03|deliver_tick=21|type=core.Vote
TICK000000001864|NODE|node02|SENT|PREVOTE|H=3
TICK000000001865|NODE|node02|RECV|VOTE|from=node02|H=3|phase=PREVOTE
TICK000000001866|NODE|node01|RECV|VOTE|from=node02|H=3|phase=PREVOTE
TICK000000001867|NODE|node02|RECV|VOTE|from=node02|H=3|phase=PREVOTE
TICK000000001868|NODE|node01|RECV|VOTE|from=node02|H=3|phase=PREVOTE
TICK000000001869|NET|SEND|from=node02|to=node03|deliver_tick=23|type=*core.Block
TICK000000001870|NET|SEND|from=node02|to=node00|deliver_tick=23|type=*core.Block
TICK000000001871|NET|DUP|from=node02|to=node00|tick=23
TICK000000001872|NET|DROP|from=node02|to=node01|lat=1
TICK000000001873|NET|SEND|from=node02|to=node02|deliver_tick=23|type=*core.Block
TICK000000001874|NET|DELIVER|from=node02|to=node00|tick=21|type=core.BlockHeader
TICK000000001875|NET|DELIVER|from=node02|to=node00|tick=21|type=core.BlockHeader
TICK000000001876|NET|DELIVER|from=node02|to=node02|tick=21|type=core.BlockHeader
TICK000000001877|NET|DELIVER|from=node02|to=node00|tick=21|type=core.Vote
TICK000000001878|NET|DELIVER|from=node02|to=node02|tick=21|type=core.Vote
TICK000000001879|NET|DELIVER|from=node02|to=node03|tick=21|type=core.Vote
TICK000000001880|NET|DELIVER|from=node01|to=node03|tick=21|type=core.Vote
TICK000000001881|NET|DELIVER|from=node03|to=node00|tick=21|type=core.Vote
TICK000000001882|NODE|node00|RECV|HEADER|from=node02|H=3
TICK000000001883|NODE|node02|RECV|HEADER|from=node02|H=3
TICK000000001884|NET|DELIVER|from=node03|to=node01|tick=21|type=core.Vote
TICK000000001885|NET|SEND|from=node00|to=node00|deliver_tick=22|type=core.Vote
TICK000000001886|NET|DELIVER|from=node03|to=node02|tick=21|type=core.Vote
TICK000000001887|NODE|node01|RECV|VOTE|from=node03|H=3|phase=PREVOTE
TICK000000001888|NODE|node03|RECV|VOTE|from=node02|H=3|phase=PREVOTE
TICK000000001889|NET|SEND|from=node00|to=node01|deliver_tick=24|type=core.Vote
TICK000000001890|NET|SEND|from=node00|to=node02|deliver_tick=22|type=core.Vote
TICK000000001891|NET|SEND|from=node00|to=node03|deliver_tick=22|type=core.Vote
TICK000000001892|NET|DUP|from=node00|to=node03|tick=22
TICK000000001893|NODE|node00|SENT|PREVOTE|H=3
TICK000000001894|NET|DELIVER|from=node02|to=node00|tick=21|type=*core.Block
TICK000000001895|NODE|node00|RECV|HEADER|from=node02|H=3
TICK000000001896|NODE|node03|RECV|VOTE|from=node01|H=3|phase=PREVOTE
TICK000000001897|NET|SEND|from=node02|to=node00|deliver_tick=23|type=core.Vote
TICK000000001898|NET|SEND|from=node02|to=node01|deliver_tick=24|type=core.Vote
TICK000000001899|NET|SEND|from=node02|to=node02|deliver_tick=22|type=core.Vote
TICK000000001900|NET|SEND|from=node02|to=node03|deliver_tick=23|type=core.Vote
TICK000000001901|NODE|node02|SENT|PREVOTE|H=3
TICK000000001902|NODE|node02|RECV|VOTE|from=node02|H=3|phase=PREVOTE
TICK000000001903|NET|SEND|from=node00|to=node01|deliver_tick=23|type=core.Vote
TICK000000001904|NODE|node02|RECV|VOTE|from=node03|H=3|phase=PREVOTE
TICK000000001905|NET|SEND|from=node00|to=node02|deliver_tick=22|type=core.Vote
TICK000000001906|NET|SEND|from=node00|to=node03|deliver_tick=23|type=core.Vote
TICK000000001907|NET|DROP|from=node00|to=node00|lat=3
TICK000000001908|NODE|node00|SENT|PREVOTE|H=3
TICK000000001909|NODE|node00|RECV|VOTE|from=node02|H=3|phase=PREVOTE
TICK000000001910|NET|DELIVER|from=node02|to=node01|tick=21|type=*core.Block
TICK000000001911|NET|DELIVER|from=node02|to=node03|tick=21|type=*core.Block
TICK000000001912|NODE|node03|RECV|BLOCK|from=node02|H=3|txs=1
TICK000000001913|NODE|node00|RECV|VOTE|from=node03|H=3|phase=PREVOTE
TICK000000001914|NODE|node01|RECV|BLOCK|from=node02|H=3|txs=1
TICK000000001915|NET|DELIVER|from=node02|to=node01|tick=21|type=core.BlockHeader
TICK000000001916|NET|DELIVER|from=node02|to=node01|tick=21|type=*core.Block
TICK000000001917|NET|DELIVER|from=node01|to=node03|tick=21|type=core.Vote
TICK000000001918|NET|DELIVER|from=node01|to=node00|tick=21|type=core.Vote
TICK000000001919|NET|DELIVER|from=node00|to=node02|tick=21|type=core.Vote
TICK000000001920|NET|DELIVER|from=node02|to=node00|tick=21|type=core.Vote
TICK000000001921|NODE|node00|RECV|BLOCK|from=node02|H=3|txs=1
TICK000000001922|NET|SEND|from=node03|to=node00|deliver_tick=24|type=core.Vote
TICK000000001923|NET|SEND|from=node03|to=node01|deliver_tick=24|type=core.Vote
TICK000000001924|NET|SEND|from=node03|to=node02|deliver_tick=22|type=core.Vote
TICK000000001925|NET|SEND|from=node03|to=node03|deliver_tick=22|type=core.Vote
TICK000000001926|NODE|node03|SENT|PREVOTE|H=3
TICK000000001927|NODE|node02|RECV|VOTE|from=node00|H=3|phase=PREVOTE
TICK000000001928|NODE|node03|RECV|VOTE|from=node01|H=3|phase=PREVOTE
TICK000000001929|NET|DELIVER|from=node03|to=node00|tick=21|type=core.Vote
TICK000000001930|NET|DELIVER|from=node00|to=node03|tick=21|type=core.Vote
TICK000000001931|NET|DELIVER|from=node00|to=node01|tick=21|type=core.Vote
TICK000000001932|NET|DELIVER|from=node01|to=node01|tick=21|type=core.Vote
TICK000000001933|NET|DELIVER|from=node01|to=node02|tick=21|type=core.Vote
TICK000000001934|NET|DELIVER|from=node02|to=node00|tick=21|type=core.Vote
TICK000000001935|NET|DELIVER|from=node02|to=node02|tick=21|type=core.Vote
TICK000000001936|NET|DELIVER|from=node02|to=node01|tick=21|type=core.Vote
TICK000000001937|NODE|node03|RECV|VOTE|from=node00|H=3|phase=PRECOMMIT
TICK000000001938|NET|SEND|from=node01|to=node03|deliver_tick=23|type=core.Vote
TICK000000001939|NET|DUP|from=node01|to=node03|tick=23
TICK000000001940|NET|SEND|from=node01|to=node00|deliver_tick=24|type=core.Vote
TICK000000001941|NODE|node03|RECV|VOTE|from=node02|H=3|phase=PREVOTE
TICK000000001942|NODE|node02|RECV|VOTE|from=node01|H=3|phase=PREVOTE
TICK000000001943|NET|SEND|from=node01|to=node01|deliver_tick=23|type=core.Vote
TICK000000001944|NET|SEND|from=node01|to=node02|deliver_tick=24|type=core.Vote
TICK000000001945|NODE|node01|SENT|PREVOTE|H=3
TICK000000001946|NET|DELIVER|from=node02|to=node03|tick=21|type=core.Vote
TICK000000001947|NODE|node02|RECV|VOTE|from=node02|H=3|phase=PREVOTE
TICK000000001948|NET|SEND|from=node00|to=node00|deliver_tick=23|type=core.Vote
TICK000000001949|NET|SEND|from=node00|to=node01|deliver_tick=23|type=core.Vote
TICK000000001950|NET|SEND|from=node00|to=node02|deliver_tick=24|type=core.Vote
TICK000000001951|NET|SEND|from=node00|to=node03|deliver_tick=23|type=core.Vote
TICK000000001952|NODE|node01|RECV|HEADER|from=node02|H=3
TICK000000001953|NODE|node00|SENT|PREVOTE|H=3
TICK000000001954|NODE|node00|RECV|VOTE|from=node01|H=3|phase=PREVOTE
TICK000000001955|NET|SEND|from=node02|to=node02|deliver_tick=22|type=core.BlockHeader
TICK000000001956|NET|SEND|from=node02|to=node03|deliver_tick=24|type=core.BlockHeader
TICK000000001957|NET|DROP|from=node02|to=node00|lat=1
TICK000000001958|NET|SEND|from=node02|to=node01|deliver_tick=22|type=core.BlockHeader
TICK000000001959|NODE|node00|RECV|VOTE|from=node02|H=3|phase=PRECOMMIT
TICK000000001960|NODE|node02|PROPOSE|H=3
TICK000000001961|NET|SEND|from=node01|to=node03|deliver_tick=24|type=core.Vote
TICK000000001962|NET|SEND|from=node01|to=node00|deliver_tick=23|type=core.Vote
TICK000000001963|NET|SEND|from=node01|to=node01|deliver_tick=24|type=core.Vote
TICK000000001964|NET|SEND|from=node01|to=node02|deliver_tick=24|type=core.Vote
TICK000000001965|NODE|node00|RECV|VOTE|from=node03|H=3|phase=PREVOTE
TICK000000001966|NODE|node01|SENT|PREVOTE|H=3
TICK000000001967|NODE|node01|RECV|BLOCK|from=node02|H=3|txs=1
TICK000000001968|NODE|node00|RECV|VOTE|from=node02|H=3|phase=PREVOTE
TICK000000001969|NET|SEND|from=node01|to=node03|deliver_tick=24|type=core.Vote
TICK000000001970|NET|SEND|from=node01|to=node00|deliver_tick=23|type=core.Vote
TICK000000001971|NET|DUP|from=node01|to=node00|tick=23
TICK000000001972|NET|SEND|from=node01|to=node01|deliver_tick=23|type=core.Vote
TICK000000001973|NET|DROP|from=node01|to=node02|lat=2
TICK000000001974|NODE|node01|SENT|PREVOTE|H=3
TICK000000001975|NODE|node01|RECV|VOTE|from=node00|H=3|phase=PRECOMMIT
TICK000000001976|NODE|node01|RECV|VOTE|from=node01|H=3|phase=PREVOTE
TICK000000001977|NODE|node01|RECV|VOTE|from=node02|H=3|phase=PREVOTE
TICK000000001978|NET|SEND|from=node02|to=node02|deliver_tick=23|type=*core.Block
TICK000000001979|NET|SEND|from=node02|to=node03|deliver_tick=23|type=*core.Block
TICK000000001980|NET|SEND|from=node02|to=node00|deliver_tick=22|type=*core.Block
TICK000000001981|NET|SEND|from=node02|to=node01|deliver_tick=23|type=*core.Block
TICK000000001982|NET|DELIVER|from=node02|to=node03|tick=22|type=core.BlockHeader
TICK000000001983|NET|DELIVER|from=node02|to=node00|tick=22|type=core.BlockHeader
TICK000000001984|NODE|node03|RECV|HEADER|from=node02|H=3
TICK000000001985|NET|DELIVER|from=node02|to=node03|tick=22|type=core.Vote
TICK000000001986|NET|DELIVER|from=node03|to=node00|tick=22|type=core.Vote
TICK000000001987|NET|DELIVER|from=node03|to=node02|tick=22|type=core.Vote
TICK000000001988|NET|DELIVER|from=node03|to=node03|tick=22|type=core.Vote
TICK000000001989|NET|DELIVER|from=node02|to=node03|tick=22|type=*core.Block
TICK000000001990|NET|DELIVER|from=node02|to=node00|tick=22|type=*core.Block
TICK000000001991|NET|DELIVER|from=node02|to=node02|tick=22|type=*core.Block
TICK000000001992|NODE|node02|RECV|VOTE|from=node03|H=3|phase=PREVOTE
TICK000000001993|NET|DROP|from=node03|to=node00|lat=3
TICK000000001994|NET|SEND|from=node03|to=node01|deliver_tick=23|type=core.Vote
TICK000000001995|NODE|node00|RECV|HEADER|from=node02|H=3
TICK000000001996|NET|DELIVER|from=node01|to=node01|tick=22|type=core.Vote
TICK000000001997|NODE|node01|RECV|VOTE|from=node01|H=3|phase=PREVOTE
TICK000000001998|NODE|node02|RECV|BLOCK|from=node02|H=3|txs=1
TICK000000001999|NET|SEND|from=node03|to=node02|deliver_tick=24|type=core.Vote
TICK000000002000|NET|SEND|from=node03|to=node03|deliver_tick=25|type=core.Vote
TICK000000002001|NODE|node03|SENT|PREVOTE|H=3
TICK000000002002|NODE|node03|RECV|VOTE|from=node02|H=3|phase=PREVOTE
TICK000000002003|NET|SEND|from=node00|to=node00|deliver_tick=25|type=core.Vote
TICK000000002004|NODE|node03|RECV|VOTE|from=node03|H=3|phase=PREVOTE
TICK000000002005|NET|DELIVER|from=node01|to=node02|tick=22|type=core.Vote
TICK000000002006|NET|SEND|from=node00|to=node01|deliver_tick=24|type=core.Vote
TICK000000002007|NET|SEND|from=node00|to=node02|deliver_tick=24|type=core.Vote
TICK000000002008|NET|SEND|from=node00|to=node03|deliver_tick=23|type=core.Vote
TICK000000002009|NODE|node00|SENT|PREVOTE|H=3
TICK000000002010|NODE|node00|RECV|VOTE|from=node03|H=3|phase=PREVOTE
TICK000000002011|NODE|node03|RECV|BLOCK|from=node02|H=3|txs=1
TICK000000002012|NET|DELIVER|from=node02|to=node00|tick=22|type=core.BlockHeader
TICK000000002013|NET|SEND|from=node02|to=node01|deliver_tick=23|type=core.Vote
TICK000000002014|NET|SEND|from=node02|to=node02|deliver_tick=23|type=core.Vote
TICK000000002015|NET|SEND|from=node02|to=node03|deliver_tick=23|type=core.Vote
TICK000000002016|NET|SEND|from=node02|to=node00|deliver_tick=25|type=core.Vote
TICK000000002017|NET|DUP|from=node02|to=node00|tick=25
TICK000000002018|NODE|node02|SENT|PREVOTE|H=3
TICK000000002019|NODE|node00|RECV|BLOCK|from=node02|H=3|txs=1
TICK000000002020|NODE|node02|RECV|VOTE|from=node01|H=3|phase=PREVOTE
TICK000000002021|NET|DELIVER|from=node02|to=node03|tick=22|type=core.BlockHeader
TICK000000002022|NET|DELIVER|from=node01|to=node03|tick=22|type=core.Vote
TICK000000002023|NET|DELIVER|from=node01|to=node00|tick=22|type=core.Vote
TICK000000002024|NET|DELIVER|from=node00|to=node00|tick=22|type=core.Vote
TICK000000002025|NET|DELIVER|from=node00|to=node01|tick=22|type=core.Vote
TICK000000002026|NET|DELIVER|from=node00|to=node03|tick=22|type=core.Vote
TICK000000002027|NET|DELIVER|from=node02|to=node01|tick=22|type=core.Vote
TICK000000002028|NODE|node01|RECV|VOTE|from=node00|H=3|phase=PREVOTE
TICK000000002029|NET|DELIVER|from=node02|to=node02|tick=22|type=core.Vote
TICK000000002030|NODE|node02|RECV|VOTE|from=node02|H=3|phase=PRECOMMIT
TICK000000002031|NET|SEND|from=node03|to=node00|deliver_tick=25|type=core.Vote
TICK000000002032|NET|SEND|from=node03|to=node01|deliver_tick=24|type=core.Vote
TICK000000002033|NODE|node01|RECV|VOTE|from=node02|H=3|phase=PRECOMMIT
TICK000000002034|NET|SEND|from=node03|to=node02|deliver_tick=23|type=core.Vote
TICK000000002035|NET|SEND|from=node03|to=node03|deliver_tick=23|type=core.Vote
TICK000000002036|NODE|node03|SENT|PREVOTE|H=3
TICK000000002037|NODE|node03|RECV|HEADER|from=node02|H=3
TICK000000002038|NODE|node02|RECV|VOTE|from=node02|H=3|phase=PRECOMMIT
TICK000000002039|NET|DELIVER|from=node02|to=node02|tick=22|type=core.Vote
TICK000000002040|NET|SEND|from=node00|to=node00|deliver_tick=23|type=core.Vote
TICK000000002041|NET|SEND|from=node00|to=node01|deliver_tick=23|type=core.Vote
TICK000000002042|NET|SEND|from=node00|to=node02|deliver_tick=24|type=core.Vote
TICK000000002043|NET|SEND|from=node00|to=node03|deliver_tick=24|type=core.Vote
TICK000000002044|NODE|node00|SENT|PREVOTE|H=3
TICK000000002045|NODE|node00|RECV|HEADER|from=node02|H=3
TICK000000002046|NET|DELIVER|from=node02|to=node03|tick=22|type=core.Vote
TICK000000002047|NET|SEND|from=node03|to=node00|deliver_tick=23|type=core.Vote
TICK000000002048|NET|SEND|from=node03|to=node01|deliver_tick=24|type=core.Vote
TICK000000002049|NET|SEND|from=node03|to=node02|deliver_tick=25|type=core.Vote
TICK000000002050|NET|SEND|from=node03|to=node03|deliver_tick=25|type=core.Vote
TICK000000002051|NET|DUP|from=node03|to=node03|tick=25
TICK000000002052|NODE|node03|SENT|PREVOTE|H=3
TICK000000002053|NODE|node03|RECV|VOTE|from=node01|H=3|phase=PRECOMMIT
TICK000000002054|NET|DELIVER|from=node03|to=node03|tick=22|type=core.Vote
TICK000000002055|NET|SEND|from=node00|to=node00|deliver_tick=23|type=core.Vote
TICK000000002056|NET|SEND|from=node00|to=node01|deliver_tick=25|type=core.Vote
TICK000000002057|NET|SEND|from=node00|to=node02|deliver_tick=24|type=core.Vote
TICK000000002058|NET|SEND|from=node00|to=node03|deliver_tick=25|type=core.Vote
TICK000000002059|NET|DUP|from=node00|to=node03|tick=25
TICK000000002060|NODE|node00|SENT|PREVOTE|H=3
TICK000000002061|NODE|node00|RECV|VOTE|from=node01|H=3|phase=PRECOMMIT
TICK000000002062|NET|DELIVER|from=node03|to=node01|tick=22|type=core.Vote
TICK000000002063|NET|DELIVER|from=node01|to=node03|tick=22|type=core.Vote
TICK000000002064|NET|DELIVER|from=node01|to=node00|tick=22|type=core.Vote
TICK000000002065|NODE|node00|RECV|VOTE|from=node00|H=3|phase=PREVOTE
TICK000000002066|NODE|node01|RECV|VOTE|from=node03|H=3|phase=PREVOTE
TICK000000002067|NET|DELIVER|from=node01|to=node02|tick=22|type=core.Vote
TICK000000002068|NET|DELIVER|from=node01|to=node03|tick=22|type=core.Vote
TICK000000002069|NET|DELIVER|from=node03|to=node00|tick=22|type=core.Vote
TICK000000002070|NODE|node03|RECV|VOTE|from=node00|H=3|phase=PREVOTE
TICK000000002071|NODE|node00|RECV|VOTE|from=node01|H=3|phase=PREVOTE
TICK000000002072|NODE|node03|RECV|VOTE|from=node02|H=3|phase=PRECOMMIT
TICK000000002073|NET|DELIVER|from=node02|to=node03|tick=22|type=core.Vote
TICK000000002074|NET|DELIVER|from=node02|to=node00|tick=22|type=core.Vote
TICK000000002075|NET|DELIVER|from=node02|to=node02|tick=22|type=core.Vote
TICK000000002076|NET|DELIVER|from=node00|to=node00|tick=22|type=core.Vote
TICK000000002077|NET|DELIVER|from=node00|to=node02|tick=22|type=core.Vote
TICK000000002078|NODE|node00|RECV|VOTE|from=node03|H=3|phase=PRECOMMIT
TICK000000002079|NODE|node02|RECV|VOTE|from=node01|H=3|phase=PREVOTE
TICK000000002080|NET|DELIVER|from=node00|to=node03|tick=22|type=core.Vote
TICK000000002081|NET|DELIVER|from=node00|to=node03|tick=22|type=core.Vote
TICK000000002082|NET|DELIVER|from=node02|to=node02|tick=22|type=core.Vote
TICK000000002083|NET|DELIVER|from=node00|to=node02|tick=22|type=core.Vote
TICK000000002084|NET|DELIVER|from=node03|to=node02|tick=22|type=core.Vote
TICK000000002085|NODE|node00|FINALIZED|H=3
TICK000000002086|NODE|node00|RECV|VOTE|from=node02|H=3|phase=PREVOTE
TICK000000002087|NET|DELIVER|from=node03|to=node03|tick=22|type=core.Vote
TICK000000002088|NET|DELIVER|from=node02|to=node02|tick=22|type=core.BlockHeader
TICK000000002089|NET|DELIVER|from=node02|to=node01|tick=22|type=core.BlockHeader
TICK000000002090|NET|DELIVER|from=node02|to=node00|tick=22|type=*core.Block
TICK000000002091|NODE|node03|FINALIZED|H=3
TICK000000002092|NODE|node03|RECV|VOTE|from=node03|H=3|phase=PREVOTE
TICK000000002093|NODE|node02|RECV|VOTE|from=node02|H=3|phase=PREVOTE
TICK000000002094|NET|SEND|from=node02|to=node03|deliver_tick=24|type=core.BlockHeader
TICK000000002095|NET|SEND|from=node02|to=node00|deliver_tick=23|type=core.BlockHeader
TICK000000002096|NET|SEND|from=node02|to=node01|deliver_tick=23|type=core.BlockHeader
TICK000000002097|NET|SEND|from=node02|to=node02|deliver_tick=23|type=core.BlockHeader
TICK000000002098|NODE|node03|RECV|VOTE|from=node01|H=3|phase=PREVOTE
TICK000000002099|NODE|node01|RECV|HEADER|from=node02|H=3
TICK000000002100|NODE|node00|RECV|VOTE|from=node00|H=3|phase=PREVOTE
TICK000000002101|NODE|node03|RECV|VOTE|from=node01|H=3|phase=PREVOTE
TICK000000002102|NODE|node02|PROPOSE|H=3
TICK000000002103|NODE|node02|RECV|VOTE|from=node00|H=3|phase=PREVOTE
TICK000000002104|NET|DROP|from=node01|to=node00|lat=3
TICK000000002105|NET|SEND|from=node01|to=node01|deliver_tick=23|type=core.Vote
TICK000000002106|NET|SEND|from=node01|to=node02|deliver_tick=25|type=core.Vote
TICK000000002107|NET|SEND|from=node01|to=node03|deliver_tick=24|type=core.Vote
TICK000000002108|NODE|node00|RECV|BLOCK|from=node02|H=3|txs=1
TICK000000002109|NODE|node01|SENT|PREVOTE|H=3
TICK000000002110|NET|SEND|from=node03|to=node03|deliver_tick=23|type=core.BlockHeader
TICK000000002111|NET|SEND|from=node03|to=node00|deliver_tick=24|type=core.BlockHeader
TICK000000002112|NET|SEND|from=node03|to=node01|deliver_tick=25|type=core.BlockHeader
TICK000000002113|NET|SEND|from=node03|to=node02|deliver_tick=24|type=core.BlockHeader
TICK000000002114|NODE|node02|RECV|VOTE|from=node02|H=3|phase=PREVOTE
TICK000000002115|NODE|node00|RECV|BLOCK|bad_parent|H=3
TICK000000002116|NODE|node03|PROPOSE|H=4
TICK000000002117|NODE|node03|RECV|VOTE|from=node02|H=3|phase=PREVOTE
TICK000000002118|NODE|node02|RECV|VOTE|from=node00|H=3|phase=PREVOTE
TICK000000002119|NODE|node03|RECV|VOTE|from=node00|H=3|phase=PREVOTE
TICK000000002120|NODE|node02|RECV|VOTE|from=node03|H=3|phase=PREVOTE
TICK000000002121|NODE|node03|RECV|VOTE|from=node00|H=3|phase=PREVOTE
TICK000000002122|NODE|node02|RECV|HEADER|from=node02|H=3
TICK000000002123|NODE|node03|RECV|VOTE|from=node03|H=3|phase=PREVOTE
TICK000000002124|NET|SEND|from=node02|to=node00|deliver_tick=24|type=core.Vote
TICK000000002125|NET|SEND|from=node02|to=node01|deliver_tick=25|type=core.Vote
TICK000000002126|NET|SEND|from=node02|to=node02|deliver_tick=25|type=core.Vote
TICK000000002127|NET|SEND|from=node02|to=node03|deliver_tick=25|type=core.Vote
TICK000000002128|NODE|node02|SENT|PREVOTE|H=3
TICK000000002129|NET|SEND|from=node02|to=node02|deliver_tick=25|type=*core.Block
TICK000000002130|NET|SEND|from=node02|to=node03|deliver_tick=23|type=*core.Block
TICK000000002131|NET|SEND|from=node02|to=node00|deliver_tick=25|type=*core.Block
TICK000000002132|NET|SEND|from=node02|to=node01|deliver_tick=24|type=*core.Block
TICK000000002133|NET|DELIVER|from=node02|to=node02|tick=23|type=core.BlockHeader
TICK000000002134|NET|DELIVER|from=node01|to=node01|tick=23|type=core.Vote
TICK000000002135|NET|DELIVER|from=node01|to=node02|tick=23|type=core.Vote
TICK000000002136|NET|DELIVER|from=node00|to=node00|tick=23|type=core.Vote
TICK000000002137|NET|DELIVER|from=node00|to=node02|tick=23|type=core.Vote
TICK000000002138|NET|DELIVER|from=node03|to=node02|tick=23|type=core.Vote
TICK000000002139|NET|DELIVER|from=node01|to=node00|tick=23|type=core.Vote
TICK000000002140|NET|DELIVER|from=node03|to=node01|tick=23|type=core.Vote
TICK000000002141|NET|DELIVER|from=node03|to=node01|tick=23|type=core.Vote
TICK000000002142|NET|DELIVER|from=node03|to=node03|tick=23|type=core.Vote
TICK000000002143|NET|DELIVER|from=node02|to=node01|tick=23|type=core.Vote
TICK000000002144|NET|DELIVER|from=node02|to=node03|tick=23|type=*core.Block
TICK000000002145|NET|DELIVER|from=node02|to=node00|tick=23|type=*core.Block
TICK000000002146|NET|DELIVER|from=node02|to=node00|tick=23|type=*core.Block
TICK000000002147|NET|DELIVER|from=node02|to=node02|tick=23|type=*core.Block
TICK000000002148|NET|DELIVER|from=node02|to=node00|tick=23|type=core.Vote
TICK000000002149|NET|DELIVER|from=node02|to=node03|tick=23|type=core.Vote
TICK000000002150|NET|DELIVER|from=node00|to=node01|tick=23|type=core.Vote
TICK000000002151|NET|DELIVER|from=node00|to=node03|tick=23|type=core.Vote
TICK000000002152|NET|DELIVER|from=node01|to=node03|tick=23|type=core.Vote
TICK000000002153|NET|DELIVER|from=node01|to=node03|tick=23|type=core.Vote
TICK000000002154|NET|DELIVER|from=node01|to=node01|tick=23|type=core.Vote
TICK000000002155|NET|DELIVER|from=node00|to=node00|tick=23|type=core.Vote
TICK000000002156|NET|DELIVER|from=node00|to=node01|tick=23|type=core.Vote
TICK000000002157|NET|DELIVER|from=node00|to=node03|tick=23|type=core.Vote
TICK000000002158|NODE|node02|RECV|HEADER|from=node02|H=3
TICK000000002159|NODE|node01|RECV|VOTE|from=node01|H=3|phase=PRECOMMIT
TICK000000002160|NODE|node00|RECV|VOTE|from=node00|H=3|phase=PRECOMMIT
TICK000000002161|NODE|node03|RECV|VOTE|from=node03|H=3|phase=PRECOMMIT
TICK000000002162|NET|DELIVER|from=node01|to=node00|tick=23|type=core.Vote
TICK000000002163|NET|DELIVER|from=node01|to=node00|tick=23|type=core.Vote
TICK000000002164|NET|DELIVER|from=node01|to=node00|tick=23|type=core.Vote
TICK000000002165|NET|DELIVER|from=node01|to=node01|tick=23|type=core.Vote
TICK000000002166|NET|DELIVER|from=node02|to=node02|tick=23|type=*core.Block
TICK000000002167|NET|DELIVER|from=node02|to=node03|tick=23|type=*core.Block
TICK000000002168|NODE|node00|RECV|VOTE|from=node01|H=3|phase=PREVOTE
TICK000000002169|NODE|node01|FINALIZED|H=3
TICK000000002170|NODE|node01|RECV|VOTE|from=node03|H=3|phase=PRECOMMIT
TICK000000002171|NET|SEND|from=node02|to=node00|deliver_tick=25|type=core.Vote
TICK000000002172|NET|SEND|from=node02|to=node01|deliver_tick=24|type=core.Vote
TICK000000002173|NET|SEND|from=node02|to=node02|deliver_tick=25|type=core.Vote
TICK000000002174|NET|SEND|from=node02|to=node03|deliver_tick=26|type=core.Vote
TICK000000002175|NODE|node02|SENT|PREVOTE|H=3
TICK000000002176|NODE|node02|RECV|VOTE|from=node01|H=3|phase=PRECOMMIT
TICK000000002177|NODE|node00|RECV|BLOCK|from=node02|H=3|txs=1
TICK000000002178|NODE|node03|RECV|BLOCK|from=node02|H=3|txs=1
TICK000000002179|NODE|node01|RECV|VOTE|from=node03|H=3|phase=PRECOMMIT
TICK000000002180|NET|DELIVER|from=node02|to=node01|tick=23|type=*core.Block
TICK000000002181|NET|DELIVER|from=node03|to=node01|tick=23|type=core.Vote
TICK000000002182|NET|DELIVER|from=node00|to=node03|tick=23|type=core.Vote
TICK000000002183|NET|DELIVER|from=node02|to=node01|tick=23|type=core.Vote
TICK000000002184|NET|DELIVER|from=node02|to=node02|tick=23|type=core.Vote
TICK000000002185|NET|DELIVER|from=node02|to=node03|tick=23|type=core.Vote
TICK000000002186|NET|DELIVER|from=node03|to=node02|tick=23|type=core.Vote
TICK000000002187|NET|DELIVER|from=node03|to=node03|tick=23|type=core.Vote
TICK000000002188|NET|DELIVER|from=node00|to=node00|tick=23|type=core.Vote
TICK000000002189|NODE|node02|RECV|VOTE|from=node00|H=3|phase=PRECOMMIT
TICK000000002190|NODE|node01|RECV|VOTE|from=node02|H=3|phase=PREVOTE
TICK000000002191|NODE|node00|RECV|BLOCK|bad_parent|H=3
TICK000000002192|NODE|node00|RECV|BLOCK|from=node02|H=3|txs=1
TICK000000002193|NODE|node03|RECV|BLOCK|bad_parent|H=3
TICK000000002194|NET|DELIVER|from=node00|to=node01|tick=23|type=core.Vote
TICK000000002195|NET|DELIVER|from=node03|to=node00|tick=23|type=core.Vote
TICK000000002196|NET|DELIVER|from=node00|to=node00|tick=23|type=core.Vote
TICK000000002197|NET|DELIVER|from=node02|to=node00|tick=23|type=core.BlockHeader
TICK000000002198|NET|DELIVER|from=node02|to=node01|tick=23|type=core.BlockHeader
TICK000000002199|NET|DELIVER|from=node02|to=node02|tick=23|type=core.BlockHeader
TICK000000002200|NET|DELIVER|from=node01|to=node01|tick=23|type=core.Vote
TICK000000002201|NET|DELIVER|from=node03|to=node03|tick=23|type=core.BlockHeader
TICK000000002202|NET|DELIVER|from=node02|to=node03|tick=23|type=*core.Block
TICK000000002203|NODE|node02|FINALIZED|H=3
TICK000000002204|NODE|node02|RECV|VOTE|from=node03|H=3|phase=PREVOTE
TICK000000002205|NODE|node03|RECV|VOTE|from=node02|H=3|phase=PREVOTE
TICK000000002206|NODE|node00|RECV|BLOCK|bad_parent|H=3
TICK000000002207|NODE|node00|RECV|VOTE|from=node02|H=3|phase=PREVOTE
TICK000000002208|NODE|node01|RECV|VOTE|from=node00|H=3|phase=PREVOTE
TICK000000002209|NET|SEND|from=node03|to=node00|deliver_tick=24|type=core.BlockHeader
TICK000000002210|NODE|node00|RECV|VOTE|from=node00|H=3|phase=PREVOTE
TICK000000002211|NODE|node02|RECV|BLOCK|from=node02|H=3|txs=1
TICK000000002212|NODE|node01|RECV|VOTE|from=node01|H=3|phase=PREVOTE
TICK000000002213|NET|SEND|from=node03|to=node01|deliver_tick=26|type=core.BlockHeader
TICK000000002214|NET|SEND|from=node03|to=node02|deliver_tick=26|type=core.BlockHeader
TICK000000002215|NET|SEND|from=node03|to=node03|deliver_tick=25|type=core.BlockHeader
TICK000000002216|NODE|node03|PROPOSE|H=4
TICK000000002217|NODE|node02|RECV|BLOCK|bad_parent|H=3
TICK000000002218|NODE|node02|RECV|BLOCK|from=node02|H=3|txs=1
TICK000000002219|NODE|node01|RECV|VOTE|from=node00|H=3|phase=PREVOTE
TICK000000002220|NODE|node00|RECV|VOTE|from=node01|H=3|phase=PREVOTE
TICK000000002221|NODE|node02|RECV|BLOCK|bad_parent|H=3
TICK000000002222|NODE|node02|RECV|VOTE|from=node02|H=3|phase=PREVOTE
TICK000000002223|NODE|node03|RECV|VOTE|from=node00|H=3|phase=PREVOTE
TICK000000002224|NODE|node00|RECV|VOTE|from=node01|H=3|phase=PREVOTE
TICK000000002225|NODE|node02|RECV|VOTE|from=node03|H=3|phase=PREVOTE
TICK000000002226|NODE|node01|RECV|VOTE|from=node01|H=3|phase=PREVOTE
TICK000000002227|NODE|node03|RECV|VOTE|from=node01|H=3|phase=PREVOTE
TICK000000002228|NODE|node00|RECV|VOTE|from=node01|H=3|phase=PREVOTE
TICK000000002229|NODE|node02|RECV|HEADER|from=node02|H=3
TICK000000002230|NODE|node01|RECV|BLOCK|from=node02|H=3|txs=1
TICK000000002231|NODE|node00|RECV|VOTE|from=node00|H=3|phase=PREVOTE
TICK000000002232|NODE|node03|RECV|VOTE|from=node01|H=3|phase=PREVOTE
TICK000000002233|NODE|node02|RECV|HEADER|bad_parent|H=3
TICK000000002234|NODE|node01|RECV|BLOCK|bad_parent|H=3
TICK000000002235|NODE|node01|RECV|VOTE|from=node03|H=3|phase=PREVOTE
TICK000000002236|NODE|node00|RECV|VOTE|from=node03|H=3|phase=PREVOTE
TICK000000002237|NODE|node03|RECV|VOTE|from=node00|H=3|phase=PREVOTE
TICK000000002238|NODE|node01|RECV|VOTE|from=node02|H=3|phase=PREVOTE
TICK000000002239|NODE|node00|RECV|VOTE|from=node00|H=3|phase=PREVOTE
TICK000000002240|NODE|node03|RECV|BLOCK|from=node02|H=3|txs=1
TICK000000002241|NODE|node01|RECV|VOTE|from=node00|H=3|phase=PREVOTE
TICK000000002242|NODE|node00|RECV|HEADER|from=node02|H=3
TICK000000002243|NODE|node03|RECV|BLOCK|bad_parent|H=3
TICK000000002244|NODE|node03|RECV|VOTE|from=node00|H=3|phase=PREVOTE
TICK000000002245|NODE|node00|RECV|HEADER|bad_parent|H=3
TICK000000002246|NODE|node01|RECV|HEADER|from=node02|H=3
TICK000000002247|NODE|node03|RECV|VOTE|from=node02|H=3|phase=PREVOTE
TICK000000002248|NODE|node01|RECV|HEADER|bad_parent|H=3
TICK000000002249|NODE|node01|RECV|VOTE|from=node01|H=3|phase=PREVOTE
TICK000000002250|NODE|node03|RECV|VOTE|from=node03|H=3|phase=PREVOTE
TICK000000002251|NODE|node03|RECV|HEADER|from=node03|H=4
TICK000000002252|NET|SEND|from=node03|to=node01|deliver_tick=24|type=core.Vote
TICK000000002253|NET|SEND|from=node03|to=node02|deliver_tick=24|type=core.Vote
TICK000000002254|NET|SEND|from=node03|to=node03|deliver_tick=24|type=core.Vote
TICK000000002255|NET|SEND|from=node03|to=node00|deliver_tick=26|type=core.Vote
TICK000000002256|NODE|node03|SENT|PREVOTE|H=4
TICK000000002257|NODE|node03|RECV|BLOCK|from=node02|H=3|txs=1
TICK000000002258|NODE|node03|RECV|BLOCK|bad_parent|H=3
TICK000000002259|NET|SEND|from=node02|to=node00|deliver_tick=26|type=*core.Block
TICK000000002260|NET|SEND|from=node02|to=node01|deliver_tick=25|type=*core.Block
TICK000000002261|NET|SEND|from=node02|to=node02|deliver_tick=25|type=*core.Block
TICK000000002262|NET|SEND|from=node02|to=node03|deliver_tick=24|type=*core.Block
TICK000000002263|NET|DUP|from=node02|to=node03|tick=24
TICK000000002264|NET|SEND|from=node03|to=node00|deliver_tick=26|type=*core.Block
TICK000000002265|NET|SEND|from=node03|to=node01|deliver_tick=26|type=*core.Block
TICK000000002266|NET|SEND|from=node03|to=node02|deliver_tick=24|type=*core.Block
TICK000000002267|NET|SEND|from=node03|to=node03|deliver_tick=25|type=*core.Block
TICK000000002268|NET|DELIVER|from=node00|to=node01|tick=24|type=core.Vote
TICK000000002269|NET|DELIVER|from=node02|to=node01|tick=24|type=core.Vote
TICK000000002270|NET|DELIVER|from=node03|to=node00|tick=24|type=core.Vote
TICK000000002271|NET|DELIVER|from=node03|to=node01|tick=24|type=core.Vote
TICK000000002272|NET|DELIVER|from=node01|to=node00|tick=24|type=core.Vote
TICK000000002273|NET|DELIVER|from=node01|to=node02|tick=24|type=core.Vote
TICK000000002274|NODE|node02|RECV|VOTE|from=node01|H=3|phase=PREVOTE
TICK000000002275|NODE|node01|RECV|VOTE|from=node00|H=3|phase=PREVOTE
TICK000000002276|NET|DELIVER|from=node00|to=node02|tick=24|type=core.Vote
TICK000000002277|NET|DELIVER|from=node02|to=node03|tick=24|type=core.BlockHeader
TICK000000002278|NET|DELIVER|from=node01|to=node03|tick=24|type=core.Vote
TICK000000002279|NET|DELIVER|from=node01|to=node01|tick=24|type=core.Vote
TICK000000002280|NET|DELIVER|from=node01|to=node02|tick=24|type=core.Vote
TICK000000002281|NODE|node00|RECV|VOTE|from=node03|H=3|phase=PREVOTE
TICK000000002282|NODE|node02|RECV|VOTE|from=node00|H=3|phase=PREVOTE
TICK000000002283|NODE|node03|RECV|HEADER|from=node02|H=3
TICK000000002284|NODE|node01|RECV|VOTE|from=node02|H=3|phase=PREVOTE
TICK000000002285|NET|DELIVER|from=node01|to=node03|tick=24|type=core.Vote
TICK000000002286|NET|DELIVER|from=node03|to=node02|tick=24|type=core.Vote
TICK000000002287|NODE|node02|RECV|VOTE|from=node01|H=3|phase=PREVOTE
TICK000000002288|NODE|node00|RECV|VOTE|from=node01|H=3|phase=PREVOTE
TICK000000002289|NODE|node01|RECV|VOTE|from=node03|H=3|phase=PREVOTE
TICK000000002290|NODE|node03|RECV|HEADER|bad_parent|H=3
TICK000000002291|NODE|node03|RECV|VOTE|from=node01|H=3|phase=PREVOTE
TICK000000002292|NET|DELIVER|from=node00|to=node01|tick=24|type=core.Vote
TICK000000002293|NET|DELIVER|from=node00|to=node02|tick=24|type=core.Vote
TICK000000002294|NODE|node02|RECV|VOTE|from=node03|H=3|phase=PREVOTE
TICK000000002295|NODE|node01|RECV|VOTE|from=node01|H=3|phase=PREVOTE
TICK000000002296|NET|DELIVER|from=node03|to=node01|tick=24|type=core.Vote
TICK000000002297|NET|DELIVER|from=node00|to=node02|tick=24|type=core.Vote
TICK000000002298|NET|DELIVER|from=node00|to=node03|tick=24|type=core.Vote
TICK000000002299|NET|DELIVER|from=node03|to=node01|tick=24|type=core.Vote
TICK000000002300|NET|DELIVER|from=node00|to=node02|tick=24|type=core.Vote
TICK000000002301|NET|DELIVER|from=node02|to=node03|tick=24|type=core.BlockHeader
TICK000000002302|NET|DELIVER|from=node01|to=node03|tick=24|type=core.Vote
TICK000000002303|NODE|node02|RECV|VOTE|from=node00|H=3|phase=PREVOTE
TICK000000002304|NODE|node03|RECV|VOTE|from=node01|H=3|phase=PREVOTE
TICK000000002305|NODE|node01|RECV|VOTE|from=node00|H=3|phase=PREVOTE
TICK000000002306|NODE|node03|RECV|VOTE|from=node00|H=3|phase=PREVOTE
TICK000000002307|NET|DELIVER|from=node03|to=node00|tick=24|type=core.BlockHeader
TICK000000002308|NET|DELIVER|from=node03|to=node02|tick=24|type=core.BlockHeader
TICK000000002309|NET|DELIVER|from=node02|to=node00|tick=24|type=core.Vote
TICK000000002310|NET|DELIVER|from=node02|to=node01|tick=24|type=*core.Block
TICK000000002311|NET|DELIVER|from=node02|to=node01|tick=24|type=core.Vote
TICK000000002312|NODE|node01|RECV|VOTE|from=node03|H=3|phase=PREVOTE
TICK000000002313|NET|DELIVER|from=node03|to=node00|tick=24|type=core.BlockHeader
TICK000000002314|NET|DELIVER|from=node03|to=node01|tick=24|type=core.Vote
TICK000000002315|NET|DELIVER|from=node03|to=node02|tick=24|type=core.Vote
TICK000000002316|NET|DELIVER|from=node03|to=node03|tick=24|type=core.Vote
TICK000000002317|NET|DELIVER|from=node02|to=node03|tick=24|type=*core.Block
TICK000000002318|NET|DELIVER|from=node02|to=node03|tick=24|type=*core.Block
TICK000000002319|NET|DELIVER|from=node03|to=node02|tick=24|type=*core.Block
TICK000000002320|NODE|node03|RECV|HEADER|from=node02|H=3
TICK000000002321|NODE|node00|RECV|HEADER|from=node03|H=4
TICK000000002322|NODE|node02|RECV|VOTE|from=node00|H=3|phase=PREVOTE
TICK000000002323|NODE|node01|RECV|VOTE|from=node03|H=3|phase=PREVOTE
TICK000000002324|NET|SEND|from=node03|to=node00|deliver_tick=26|type=core.BlockHeader
TICK000000002325|NET|SEND|from=node03|to=node01|deliver_tick=27|type=core.BlockHeader
TICK000000002326|NET|DUP|from=node03|to=node01|tick=27
TICK000000002327|NET|SEND|from=node03|to=node02|deliver_tick=26|type=core.BlockHeader
TICK000000002328|NODE|node02|RECV|VOTE|from=node00|H=3|phase=PREVOTE
TICK000000002329|NODE|node01|RECV|BLOCK|from=node02|H=3|txs=1
TICK000000002330|NET|SEND|from=node03|to=node03|deliver_tick=27|type=core.BlockHeader
TICK000000002331|NODE|node02|RECV|HEADER|from=node03|H=4
TICK000000002332|NET|SEND|from=node00|to=node00|deliver_tick=25|type=core.Vote
TICK000000002333|NODE|node03|PROPOSE|H=4
TICK000000002334|NODE|node03|RECV|HEADER|bad_parent|H=3
TICK000000002335|NODE|node03|RECV|VOTE|from=node01|H=3|phase=PREVOTE
TICK000000002336|NET|SEND|from=node00|to=node01|deliver_tick=27|type=core.Vote
TICK000000002337|NET|SEND|from=node00|to=node02|deliver_tick=26|type=core.Vote
TICK000000002338|NET|SEND|from=node00|to=node03|deliver_tick=25|type=core.Vote
TICK000000002339|NODE|node01|RECV|BLOCK|bad_parent|H=3
TICK000000002340|NODE|node03|RECV|VOTE|from=node03|H=4|phase=PREVOTE
TICK000000002341|NODE|node01|RECV|VOTE|from=node02|H=3|phase=PREVOTE
TICK000000002342|NET|SEND|from=node02|to=node02|deliver_tick=25|type=core.Vote
TICK000000002343|NET|SEND|from=node02|to=node03|deliver_tick=27|type=core.Vote
TICK000000002344|NET|SEND|from=node02|to=node00|deliver_tick=26|type=core.Vote
TICK000000002345|NODE|node03|RECV|BLOCK|from=node02|H=3|txs=1
TICK000000002346|NODE|node00|SENT|PREVOTE|H=4
TICK000000002347|NODE|node00|RECV|VOTE|from=node02|H=3|phase=PREVOTE
TICK000000002348|NODE|node03|RECV|BLOCK|bad_parent|H=3
TICK000000002349|NODE|node03|RECV|BLOCK|from=node02|H=3|txs=1
TICK000000002350|NET|SEND|from=node02|to=node01|deliver_tick=26|type=core.Vote
TICK000000002351|NET|DUP|from=node02|to=node01|tick=26
TICK000000002352|NODE|node00|RECV|HEADER|from=node03|H=4
TICK000000002353|NODE|node01|RECV|VOTE|from=node03|H=4|phase=PREVOTE
TICK000000002354|NODE|node02|SENT|PREVOTE|H=4
TICK000000002355|NODE|node02|RECV|VOTE|from=node03|H=4|phase=PREVOTE
TICK000000002356|NODE|node03|RECV|BLOCK|bad_parent|H=3
TICK000000002357|NET|SEND|from=node00|to=node00|deliver_tick=25|type=core.Vote
TICK000000002358|NET|SEND|from=node00|to=node01|deliver_tick=25|type=core.Vote
TICK000000002359|NET|SEND|from=node00|to=node02|deliver_tick=25|type=core.Vote
TICK000000002360|NET|SEND|from=node00|to=node03|deliver_tick=27|type=core.Vote
TICK000000002361|NODE|node00|SENT|PREVOTE|H=4
TICK000000002362|NODE|node02|RECV|BLOCK|from=node03|H=4|txs=1
TICK000000002363|NET|SEND|from=node02|to=node00|deliver_tick=25|type=core.Vote
TICK000000002364|NET|SEND|from=node02|to=node01|deliver_tick=26|type=core.Vote
TICK000000002365|NET|SEND|from=node02|to=node02|deliver_tick=27|type=core.Vote
TICK000000002366|NET|SEND|from=node02|to=node03|deliver_tick=25|type=core.Vote
TICK000000002367|NODE|node02|SENT|PREVOTE|H=4
TICK000000002368|NET|SEND|from=node03|to=node03|deliver_tick=26|type=*core.Block
TICK000000002369|NET|DROP|from=node03|to=node00|lat=3
TICK000000002370|NET|DROP|from=node03|to=node01|lat=1
TICK000000002371|NET|SEND|from=node03|to=node02|deliver_tick=27|type=*core.Block
TICK000000002372|NET|DELIVER|from=node03|to=node03|tick=25|type=core.Vote
TICK000000002373|NET|DELIVER|from=node00|to=node00|tick=25|type=core.Vote
TICK000000002374|NET|DELIVER|from=node02|to=node00|tick=25|type=core.Vote
TICK000000002375|NET|DELIVER|from=node02|to=node00|tick=25|type=core.Vote
TICK000000002376|NET|DELIVER|from=node03|to=node00|tick=25|type=core.Vote
TICK000000002377|NET|DELIVER|from=node03|to=node02|tick=25|type=core.Vote
TICK000000002378|NET|DELIVER|from=node03|to=node03|tick=25|type=core.Vote
TICK000000002379|NODE|node00|RECV|VOTE|from=node00|H=3|phase=PREVOTE
TICK000000002380|NODE|node03|RECV|VOTE|from=node03|H=3|phase=PREVOTE
TICK000000002381|NET|DELIVER|from=node03|to=node03|tick=25|type=core.Vote
TICK000000002382|NET|DELIVER|from=node00|to=node01|tick=25|type=core.Vote
TICK000000002383|NODE|node00|RECV|VOTE|from=node02|H=3|phase=PREVOTE
TICK000000002384|NODE|node02|RECV|VOTE|from=node03|H=3|phase=PREVOTE
TICK000000002385|NODE|node03|RECV|VOTE|from=node03|H=3|phase=PREVOTE
TICK000000002386|NET|DELIVER|from=node00|to=node03|tick=25|type=core.Vote
TICK000000002387|NET|DELIVER|from=node00|to=node03|tick=25|type=core.Vote
TICK000000002388|NET|DELIVER|from=node01|to=node02|tick=25|type=core.Vote
TICK000000002389|NODE|node01|RECV|VOTE|from=node00|H=3|phase=PREVOTE
TICK000000002390|NODE|node03|RECV|VOTE|from=node03|H=3|phase=PREVOTE
TICK000000002391|NODE|node00|RECV|VOTE|from=node02|H=3|phase=PREVOTE
TICK000000002392|NET|DELIVER|from=node03|to=node01|tick=25|type=core.BlockHeader
TICK000000002393|NET|DELIVER|from=node02|to=node01|tick=25|type=core.Vote
TICK000000002394|NET|DELIVER|from=node02|to=node02|tick=25|type=core.Vote
TICK000000002395|NET|DELIVER|from=node02|to=node03|tick=25|type=core.Vote
TICK000000002396|NODE|node02|RECV|VOTE|from=node01|H=3|phase=PREVOTE
TICK000000002397|NODE|node03|RECV|VOTE|from=node00|H=3|phase=PREVOTE
TICK000000002398|NET|DELIVER|from=node02|to=node02|tick=25|type=*core.Block
TICK000000002399|NET|DELIVER|from=node02|to=node00|tick=25|type=*core.Block
TICK000000002400|NET|DELIVER|from=node02|to=node00|tick=25|type=core.Vote
TICK000000002401|NET|DELIVER|from=node02|to=node02|tick=25|type=core.Vote
TICK000000002402|NET|DELIVER|from=node03|to=node03|tick=25|type=core.BlockHeader
TICK000000002403|NET|DELIVER|from=node02|to=node01|tick=25|type=*core.Block
TICK000000002404|NET|DELIVER|from=node02|to=node02|tick=25|type=*core.Block
TICK000000002405|NET|DELIVER|from=node03|to=node03|tick=25|type=*core.Block
TICK000000002406|NET|DELIVER|from=node00|to=node00|tick=25|type=core.Vote
TICK000000002407|NET|DELIVER|from=node00|to=node03|tick=25|type=core.Vote
TICK000000002408|NET|DELIVER|from=node02|to=node02|tick=25|type=core.Vote
TICK000000002409|NET|DELIVER|from=node00|to=node00|tick=25|type=core.Vote
TICK000000002410|NET|DELIVER|from=node00|to=node01|tick=25|type=core.Vote
TICK000000002411|NET|DELIVER|from=node00|to=node02|tick=25|type=core.Vote
TICK000000002412|NET|DELIVER|from=node02|to=node00|tick=25|type=core.Vote
TICK000000002413|NET|DELIVER|from=node02|to=node03|tick=25|type=core.Vote
TICK000000002414|NODE|node00|RECV|VOTE|from=node03|H=3|phase=PREVOTE
TICK000000002415|NODE|node01|RECV|HEADER|from=node03|H=4
TICK000000002416|NET|SEND|from=node03|to=node00|deliver_tick=28|type=core.BlockHeader
TICK000000002417|NET|SEND|from=node03|to=node01|deliver_tick=28|type=core.BlockHeader
TICK000000002418|NET|SEND|from=node03|to=node02|deliver_tick=26|type=core.BlockHeader
TICK000000002419|NET|SEND|from=node03|to=node03|deliver_tick=26|type=core.BlockHeader
TICK000000002420|NODE|node03|PROPOSE|H=4
TICK000000002421|NODE|node02|RECV|VOTE|from=node02|H=3|phase=PREVOTE
TICK000000002422|NODE|node00|RECV|BLOCK|from=node02|H=3|txs=1
TICK000000002423|NODE|node03|RECV|VOTE|from=node00|H=3|phase=PREVOTE
TICK000000002424|NODE|node02|RECV|BLOCK|from=node02|H=3|txs=1
TICK000000002425|NET|SEND|from=node01|to=node02|deliver_tick=28|type=core.Vote
TICK000000002426|NET|SEND|from=node01|to=node03|deliver_tick=27|type=core.Vote
TICK000000002427|NET|SEND|from=node01|to=node00|deliver_tick=26|type=core.Vote
TICK000000002428|NET|SEND|from=node01|to=node01|deliver_tick=28|type=core.Vote
TICK000000002429|NODE|node00|RECV|BLOCK|bad_parent|H=3
TICK000000002430|NODE|node00|RECV|VOTE|from=node02|H=3|phase=PREVOTE
TICK000000002431|NODE|node03|RECV|VOTE|from=node02|H=3|phase=PREVOTE
TICK000000002432|NODE|node02|RECV|BLOCK|bad_parent|H=3
TICK000000002433|NODE|node02|RECV|VOTE|from=node02|H=3|phase=PREVOTE
TICK000000002434|NODE|node00|RECV|VOTE|from=node00|H=4|phase=PREVOTE
TICK000000002435|NODE|node01|SENT|PREVOTE|H=4
TICK000000002436|NODE|node01|RECV|VOTE|from=node02|H=3|phase=PREVOTE
TICK000000002437|NODE|node03|RECV|HEADER|from=node03|H=4
TICK000000002438|NODE|node02|RECV|BLOCK|from=node02|H=3|txs=1
TICK000000002439|NODE|node01|RECV|BLOCK|from=node02|H=3|txs=1
TICK000000002440|NODE|node00|RECV|VOTE|from=node00|H=4|phase=PREVOTE
TICK000000002441|NET|SEND|from=node03|to=node00|deliver_tick=26|type=core.Vote
TICK000000002442|NODE|node01|RECV|BLOCK|bad_parent|H=3
TICK000000002443|NODE|node01|RECV|VOTE|from=node00|H=4|phase=PREVOTE
TICK000000002444|NODE|node00|RECV|VOTE|from=node02|H=4|phase=PREVOTE
TICK000000002445|NET|SEND|from=node03|to=node01|deliver_tick=28|type=core.Vote
TICK000000002446|NET|SEND|from=node03|to=node02|deliver_tick=26|type=core.Vote
TICK000000002447|NET|SEND|from=node03|to=node03|deliver_tick=27|type=core.Vote
TICK000000002448|NODE|node03|SENT|PREVOTE|H=4
TICK000000002449|NODE|node03|RECV|BLOCK|from=node03|H=4|txs=1
TICK000000002450|NODE|node02|RECV|BLOCK|bad_parent|H=3
TICK000000002451|NODE|node02|RECV|VOTE|from=node02|H=4|phase=PREVOTE
TICK000000002452|NET|SEND|from=node03|to=node00|deliver_tick=27|type=core.Vote
TICK000000002453|NET|SEND|from=node03|to=node01|deliver_tick=26|type=core.Vote
TICK000000002454|NET|DUP|from=node03|to=node01|tick=26
TICK000000002455|NET|SEND|from=node03|to=node02|deliver_tick=28|type=core.Vote
TICK000000002456|NET|SEND|from=node03|to=node03|deliver_tick=27|type=core.Vote
TICK000000002457|NODE|node03|SENT|PREVOTE|H=4
TICK000000002458|NODE|node02|RECV|VOTE|from=node00|H=4|phase=PREVOTE
TICK000000002459|NODE|node03|RECV|VOTE|from=node00|H=4|phase=PREVOTE
TICK000000002460|NODE|node03|RECV|VOTE|from=node02|H=4|phase=PREVOTE
TICK000000002461|NET|SEND|from=node02|to=node00|deliver_tick=27|type=core.Vote
TICK000000002462|NET|SEND|from=node02|to=node01|deliver_tick=26|type=core.Vote
TICK000000002463|NET|SEND|from=node02|to=node02|deliver_tick=27|type=core.Vote
TICK000000002464|NET|SEND|from=node02|to=node03|deliver_tick=28|type=core.Vote
TICK000000002465|NODE|node02|SENT|PRECOMMIT|H=4
TICK000000002466|NET|SEND|from=node03|to=node02|deliver_tick=26|type=core.Vote
TICK000000002467|NET|SEND|from=node03|to=node03|deliver_tick=27|type=core.Vote
TICK000000002468|NET|SEND|from=node03|to=node00|deliver_tick=27|type=core.Vote
TICK000000002469|NET|SEND|from=node03|to=node01|deliver_tick=27|type=core.Vote
TICK000000002470|NET|DUP|from=node03|to=node01|tick=27
TICK000000002471|NODE|node03|SENT|PRECOMMIT|H=4
TICK000000002472|NET|SEND|from=node03|to=node00|deliver_tick=26|type=*core.Block
TICK000000002473|NET|SEND|from=node03|to=node01|deliver_tick=26|type=*core.Block
TICK000000002474|NET|SEND|from=node03|to=node02|deliver_tick=26|type=*core.Block
TICK000000002475|NET|SEND|from=node03|to=node03|deliver_tick=26|type=*core.Block
TICK000000002476|NET|DELIVER|from=node02|to=node03|tick=26|type=core.Vote
TICK000000002477|NET|DELIVER|from=node03|to=node01|tick=26|type=core.BlockHeader
TICK000000002478|NET|DELIVER|from=node03|to=node02|tick=26|type=core.BlockHeader
TICK000000002479|NODE|node02|RECV|HEADER|from=node03|H=4
TICK000000002480|NODE|node03|RECV|VOTE|from=node02|H=3|phase=PREVOTE
TICK000000002481|NODE|node01|RECV|HEADER|from=node03|H=4
TICK000000002482|NET|DELIVER|from=node03|to=node00|tick=26|type=core.Vote
TICK000000002483|NODE|node00|RECV|VOTE|from=node03|H=4|phase=PREVOTE
TICK000000002484|NET|SEND|from=node02|to=node02|deliver_tick=28|type=core.Vote
TICK000000002485|NET|SEND|from=node00|to=node00|deliver_tick=28|type=core.Vote
TICK000000002486|NET|SEND|from=node00|to=node01|deliver_tick=28|type=core.Vote
TICK000000002487|NET|SEND|from=node00|to=node02|deliver_tick=29|type=core.Vote
TICK000000002488|NET|SEND|from=node00|to=node03|deliver_tick=28|type=core.Vote
TICK000000002489|NODE|node00|SENT|PRECOMMIT|H=4
TICK000000002490|NET|SEND|from=node02|to=node03|deliver_tick=27|type=core.Vote
TICK000000002491|NET|SEND|from=node02|to=node00|deliver_tick=27|type=core.Vote
TICK000000002492|NET|SEND|from=node02|to=node01|deliver_tick=27|type=core.Vote
TICK000000002493|NODE|node02|SENT|PREVOTE|H=4
TICK000000002494|NET|DELIVER|from=node02|to=node00|tick=26|type=*core.Block
TICK000000002495|NODE|node00|RECV|BLOCK|from=node02|H=3|txs=1
TICK000000002496|NET|SEND|from=node01|to=node00|deliver_tick=29|type=core.Vote
TICK000000002497|NET|SEND|from=node01|to=node01|deliver_tick=29|type=core.Vote
TICK000000002498|NET|SEND|from=node01|to=node02|deliver_tick=29|type=core.Vote
TICK000000002499|NET|SEND|from=node01|to=node03|deliver_tick=27|type=core.Vote
TICK000000002500|NODE|node01|SENT|PREVOTE|H=4
TICK000000002501|NET|DELIVER|from=node03|to=node00|tick=26|type=*core.Block
TICK000000002502|NET|DELIVER|from=node03|to=node01|tick=26|type=*core.Block
TICK000000002503|NET|DELIVER|from=node03|to=node00|tick=26|type=core.BlockHeader
TICK000000002504|NET|DELIVER|from=node03|to=node02|tick=26|type=core.BlockHeader
TICK000000002505|NODE|node00|RECV|BLOCK|bad_parent|H=3
TICK000000002506|NODE|node00|RECV|BLOCK|from=node03|H=4|txs=1
TICK000000002507|NODE|node01|RECV|BLOCK|from=node03|H=4|txs=1
TICK000000002508|NET|DELIVER|from=node00|to=node02|tick=26|type=core.Vote
TICK000000002509|NET|DELIVER|from=node02|to=node00|tick=26|type=core.Vote
TICK000000002510|NODE|node02|RECV|HEADER|from=node03|H=4
TICK000000002511|NET|DELIVER|from=node02|to=node01|tick=26|type=core.Vote
TICK000000002512|NET|DELIVER|from=node02|to=node01|tick=26|type=core.Vote
TICK000000002513|NET|DELIVER|from=node02|to=node01|tick=26|type=core.Vote
TICK000000002514|NET|DELIVER|from=node03|to=node03|tick=26|type=*core.Block
TICK000000002515|NET|SEND|from=node00|to=node03|deliver_tick=27|type=core.Vote
TICK000000002516|NET|SEND|from=node00|to=node00|deliver_tick=28|type=core.Vote
TICK000000002517|NET|SEND|from=node00|to=node01|deliver_tick=29|type=core.Vote
TICK000000002518|NET|SEND|from=node00|to=node02|deliver_tick=28|type=core.Vote
TICK000000002519|NODE|node03|RECV|BLOCK|from=node03|H=4|txs=1
TICK000000002520|NODE|node00|SENT|PREVOTE|H=4
TICK000000002521|NODE|node00|RECV|HEADER|from=node03|H=4
TICK000000002522|NET|SEND|from=node02|to=node00|deliver_tick=29|type=core.Vote
TICK000000002523|NET|SEND|from=node02|to=node01|deliver_tick=28|type=core.Vote
TICK000000002524|NET|SEND|from=node02|to=node02|deliver_tick=29|type=core.Vote
TICK000000002525|NET|DELIVER|from=node03|to=node02|tick=26|type=core.BlockHeader
TICK000000002526|NET|SEND|from=node02|to=node03|deliver_tick=29|type=core.Vote
TICK000000002527|NODE|node02|SENT|PREVOTE|H=4
TICK000000002528|NODE|node02|RECV|VOTE|from=node00|H=4|phase=PREVOTE
TICK000000002529|NET|SEND|from=node03|to=node00|deliver_tick=28|type=core.Vote
TICK000000002530|NET|SEND|from=node03|to=node01|deliver_tick=28|type=core.Vote
TICK000000002531|NET|SEND|from=node03|to=node02|deliver_tick=27|type=core.Vote
TICK000000002532|NET|SEND|from=node03|to=node03|deliver_tick=28|type=core.Vote
TICK000000002533|NODE|node03|SENT|PREVOTE|H=4
TICK000000002534|NODE|node02|RECV|HEADER|from=node03|H=4
TICK000000002535|NODE|node03|RECV|HEADER|from=node03|H=4
TICK000000002536|NET|DELIVER|from=node03|to=node03|tick=26|type=core.BlockHeader
TICK000000002537|NET|SEND|from=node01|to=node00|deliver_tick=28|type=core.Vote
TICK000000002538|NET|SEND|from=node01|to=node01|deliver_tick=28|type=core.Vote
TICK000000002539|NET|SEND|from=node01|to=node02|deliver_tick=29|type=core.Vote
TICK000000002540|NET|SEND|from=node01|to=node03|deliver_tick=27|type=core.Vote
TICK000000002541|NODE|node01|SENT|PREVOTE|H=4
TICK000000002542|NODE|node01|RECV|VOTE|from=node02|H=4|phase=PREVOTE
TICK000000002543|NET|DROP|from=node00|to=node00|lat=2
TICK000000002544|NET|SEND|from=node00|to=node01|deliver_tick=27|type=core.Vote
TICK000000002545|NET|SEND|from=node00|to=node02|deliver_tick=28|type=core.Vote
TICK000000002546|NET|SEND|from=node00|to=node03|deliver_tick=29|type=core.Vote
TICK000000002547|NODE|node00|SENT|PREVOTE|H=4
TICK000000002548|NODE|node00|RECV|VOTE|from=node02|H=4|phase=PREVOTE
TICK000000002549|NET|DELIVER|from=node01|to=node00|tick=26|type=core.Vote
TICK000000002550|NET|SEND|from=node02|to=node03|deliver_tick=28|type=core.Vote
TICK000000002551|NET|SEND|from=node02|to=node00|deliver_tick=28|type=core.Vote
TICK000000002552|NET|SEND|from=node02|to=node01|deliver_tick=27|type=core.Vote
TICK000000002553|NET|SEND|from=node02|to=node02|deliver_tick=28|type=core.Vote
TICK000000002554|NODE|node02|SENT|PREVOTE|H=4
TICK000000002555|NODE|node00|RECV|VOTE|from=node01|H=4|phase=PREVOTE
TICK000000002556|NET|SEND|from=node03|to=node00|deliver_tick=29|type=core.Vote
TICK000000002557|NET|SEND|from=node03|to=node01|deliver_tick=27|type=core.Vote
TICK000000002558|NET|SEND|from=node03|to=node02|deliver_tick=27|type=core.Vote
TICK000000002559|NET|SEND|from=node03|to=node03|deliver_tick=29|type=core.Vote
TICK000000002560|NODE|node03|SENT|PREVOTE|H=4
TICK000000002561|NET|SEND|from=node01|to=node01|deliver_tick=28|type=core.Vote
TICK000000002562|NET|SEND|from=node01|to=node02|deliver_tick=27|type=core.Vote
TICK000000002563|NET|SEND|from=node01|to=node03|deliver_tick=27|type=core.Vote
TICK000000002564|NET|SEND|from=node01|to=node00|deliver_tick=29|type=core.Vote
TICK000000002565|NODE|node01|SENT|PRECOMMIT|H=4
TICK000000002566|NET|DELIVER|from=node03|to=node00|tick=26|type=core.Vote
TICK000000002567|NET|DELIVER|from=node03|to=node02|tick=26|type=core.Vote
TICK000000002568|NET|DELIVER|from=node03|to=node01|tick=26|type=core.Vote
TICK000000002569|NET|DELIVER|from=node03|to=node01|tick=26|type=core.Vote
TICK000000002570|NET|DELIVER|from=node02|to=node01|tick=26|type=core.Vote
TICK000000002571|NET|DELIVER|from=node03|to=node02|tick=26|type=core.Vote
TICK000000002572|NET|DELIVER|from=node03|to=node00|tick=26|type=*core.Block
TICK000000002573|NET|DELIVER|from=node03|to=node01|tick=26|type=*core.Block
TICK000000002574|NET|DELIVER|from=node03|to=node02|tick=26|type=*core.Block
TICK000000002575|NODE|node01|RECV|VOTE|from=node02|H=4|phase=PREVOTE
TICK000000002576|NODE|node00|RECV|VOTE|from=node03|H=4|phase=PREVOTE
TICK000000002577|NODE|node02|RECV|VOTE|from=node03|H=4|phase=PREVOTE
TICK000000002578|NODE|node01|RECV|VOTE|from=node02|H=4|phase=PREVOTE
TICK000000002579|NODE|node00|RECV|BLOCK|from=node03|H=4|txs=1
TICK000000002580|NET|DELIVER|from=node03|to=node03|tick=26|type=*core.Block
TICK000000002581|NODE|node03|RECV|BLOCK|from=node03|H=4|txs=1
TICK000000002582|NODE|node01|RECV|VOTE|from=node03|H=4|phase=PREVOTE
TICK000000002583|NODE|node02|RECV|VOTE|from=node03|H=4|phase=PRECOMMIT
TICK000000002584|NET|SEND|from=node00|to=node00|deliver_tick=27|type=core.Vote
TICK000000002585|NET|SEND|from=node00|to=node01|deliver_tick=28|type=core.Vote
TICK000000002586|NET|SEND|from=node00|to=node02|deliver_tick=27|type=core.Vote
TICK000000002587|NET|SEND|from=node00|to=node03|deliver_tick=28|type=core.Vote
TICK000000002588|NODE|node00|SENT|PREVOTE|H=4
TICK000000002589|NODE|node01|RECV|VOTE|from=node03|H=4|phase=PREVOTE
TICK000000002590|NET|SEND|from=node03|to=node03|deliver_tick=28|type=core.BlockHeader
TICK000000002591|NET|SEND|from=node03|to=node00|deliver_tick=29|type=core.BlockHeader
TICK000000002592|NET|SEND|from=node03|to=node01|deliver_tick=28|type=core.BlockHeader
TICK000000002593|NET|SEND|from=node03|to=node02|deliver_tick=27|type=core.BlockHeader
TICK000000002594|NODE|node03|PROPOSE|H=4
TICK000000002595|NODE|node02|RECV|BLOCK|from=node03|H=4|txs=1
TICK000000002596|NODE|node01|RECV|VOTE|from=node02|H=4|phase=PRECOMMIT
TICK000000002597|NODE|node01|RECV|BLOCK|from=node03|H=4|txs=1
TICK000000002598|NET|SEND|from=node02|to=node02|deliver_tick=29|type=core.Vote
TICK000000002599|NET|SEND|from=node02|to=node03|deliver_tick=28|type=core.Vote
TICK000000002600|NET|SEND|from=node02|to=node00|deliver_tick=28|type=core.Vote
TICK000000002601|NET|SEND|from=node02|to=node01|deliver_tick=28|type=core.Vote
TICK000000002602|NODE|node02|SENT|PREVOTE|H=4
TICK000000002603|NET|SEND|from=node01|to=node00|deliver_tick=27|type=core.Vote
TICK000000002604|NET|SEND|from=node01|to=node01|deliver_tick=27|type=core.Vote
TICK000000002605|NET|DUP|from=node01|to=node01|tick=27
TICK000000002606|NET|SEND|from=node01|to=node02|deliver_tick=29|type=core.Vote
TICK000000002607|NET|SEND|from=node01|to=node03|deliver_tick=28|type=core.Vote
TICK000000002608|NODE|node01|SENT|PREVOTE|H=4
TICK000000002609|NET|DROP|from=node03|to=node01|lat=2
TICK000000002610|NET|SEND|from=node03|to=node02|deliver_tick=28|type=core.Vote
TICK000000002611|NET|DUP|from=node03|to=node02|tick=28
TICK000000002612|NET|SEND|from=node03|to=node03|deliver_tick=27|type=core.Vote
TICK000000002613|NET|SEND|from=node03|to=node00|deliver_tick=29|type=core.Vote
TICK000000002614|NET|DUP|from=node03|to=node00|tick=29
TICK000000002615|NODE|node03|SENT|PREVOTE|H=4
TICK000000002616|NET|SEND|from=node03|to=node00|deliver_tick=29|type=*core.Block
TICK000000002617|NET|SEND|from=node03|to=node01|deliver_tick=29|type=*core.Block
TICK000000002618|NET|SEND|from=node03|to=node02|deliver_tick=27|type=*core.Block
TICK000000002619|NET|SEND|from=node03|to=node03|deliver_tick=29|type=*core.Block
TICK000000002620|NET|DELIVER|from=node03|to=node01|tick=27|type=core.BlockHeader
TICK000000002621|NET|DELIVER|from=node03|to=node01|tick=27|type=core.BlockHeader
TICK000000002622|NODE|node01|RECV|HEADER|from=node03|H=4
TICK000000002623|NET|DELIVER|from=node03|to=node03|tick=27|type=core.BlockHeader
TICK000000002624|NET|DELIVER|from=node00|to=node01|tick=27|type=core.Vote
TICK000000002625|NET|DELIVER|from=node02|to=node03|tick=27|type=core.Vote
TICK000000002626|NET|DELIVER|from=node00|to=node03|tick=27|type=core.Vote
TICK000000002627|NET|DELIVER|from=node02|to=node02|tick=27|type=core.Vote
TICK000000002628|NET|DELIVER|from=node03|to=node02|tick=27|type=*core.Block
TICK000000002629|NET|DELIVER|from=node01|to=node03|tick=27|type=core.Vote
TICK000000002630|NET|DELIVER|from=node03|to=node03|tick=27|type=core.Vote
TICK000000002631|NODE|node03|RECV|HEADER|from=node03|H=4
TICK000000002632|NODE|node02|RECV|VOTE|from=node02|H=4|phase=PREVOTE
TICK000000002633|NET|SEND|from=node01|to=node01|deliver_tick=29|type=core.Vote
TICK000000002634|NET|SEND|from=node01|to=node02|deliver_tick=28|type=core.Vote
TICK000000002635|NET|SEND|from=node01|to=node03|deliver_tick=28|type=core.Vote
TICK000000002636|NET|DUP|from=node01|to=node03|tick=28
TICK000000002637|NET|SEND|from=node01|to=node00|deliver_tick=29|type=core.Vote
TICK000000002638|NODE|node01|SENT|PREVOTE|H=4
TICK000000002639|NODE|node01|RECV|HEADER|from=node03|H=4
TICK000000002640|NODE|node02|RECV|BLOCK|from=node03|H=4|txs=1
TICK000000002641|NET|SEND|from=node03|to=node00|deliver_tick=29|type=core.Vote
TICK000000002642|NET|SEND|from=node03|to=node01|deliver_tick=28|type=core.Vote
TICK000000002643|NET|SEND|from=node03|to=node02|deliver_tick=29|type=core.Vote
TICK000000002644|NET|SEND|from=node03|to=node03|deliver_tick=30|type=core.Vote
TICK000000002645|NODE|node03|SENT|PREVOTE|H=4
TICK000000002646|NODE|node00|RECV|VOTE|from=node03|H=4|phase=PREVOTE
TICK000000002647|NET|SEND|from=node01|to=node00|deliver_tick=28|type=core.Vote
TICK000000002648|NET|SEND|from=node01|to=node01|deliver_tick=29|type=core.Vote
TICK000000002649|NET|SEND|from=node01|to=node02|deliver_tick=29|type=core.Vote
TICK000000002650|NODE|node03|RECV|VOTE|from=node02|H=4|phase=PREVOTE
TICK000000002651|NET|DELIVER|from=node03|to=node00|tick=27|type=core.Vote
TICK000000002652|NET|SEND|from=node02|to=node00|deliver_tick=30|type=core.Vote
TICK000000002653|NET|SEND|from=node02|to=node01|deliver_tick=30|type=core.Vote
TICK000000002654|NET|SEND|from=node02|to=node02|deliver_tick=28|type=core.Vote
TICK000000002655|NET|DUP|from=node02|to=node02|tick=28
TICK000000002656|NET|SEND|from=node02|to=node03|deliver_tick=29|type=core.Vote
TICK000000002657|NODE|node02|SENT|PREVOTE|H=4
TICK000000002658|NET|SEND|from=node01|to=node03|deliver_tick=29|type=core.Vote
TICK000000002659|NODE|node01|SENT|PREVOTE|H=4
TICK000000002660|NET|DELIVER|from=node03|to=node03|tick=27|type=core.Vote
TICK000000002661|NET|DELIVER|from=node02|to=node00|tick=27|type=core.Vote
TICK000000002662|NODE|node01|RECV|VOTE|from=node00|H=4|phase=PREVOTE
TICK000000002663|NODE|node00|RECV|VOTE|from=node02|H=4|phase=PRECOMMIT
TICK000000002664|NET|DELIVER|from=node02|to=node02|tick=27|type=core.Vote
TICK000000002665|NET|DELIVER|from=node03|to=node03|tick=27|type=core.Vote
TICK000000002666|NET|DELIVER|from=node03|to=node00|tick=27|type=core.Vote
TICK000000002667|NET|DELIVER|from=node03|to=node01|tick=27|type=core.Vote
TICK000000002668|NET|DELIVER|from=node03|to=node01|tick=27|type=core.Vote
TICK000000002669|NET|DELIVER|from=node02|to=node03|tick=27|type=core.Vote
TICK000000002670|NET|DELIVER|from=node02|to=node00|tick=27|type=core.Vote
TICK000000002671|NET|DELIVER|from=node02|to=node01|tick=27|type=core.Vote
TICK000000002672|NET|DELIVER|from=node01|to=node03|tick=27|type=core.Vote
TICK000000002673|NET|DELIVER|from=node00|to=node03|tick=27|type=core.Vote
TICK000000002674|NET|DELIVER|from=node03|to=node02|tick=27|type=core.Vote
TICK000000002675|NET|DELIVER|from=node01|to=node03|tick=27|type=core.Vote
TICK000000002676|NET|DELIVER|from=node00|to=node01|tick=27|type=core.Vote
TICK000000002677|NET|DELIVER|from=node02|to=node01|tick=27|type=core.Vote
TICK000000002678|NODE|node02|RECV|VOTE|from=node02|H=4|phase=PRECOMMIT
TICK000000002679|NODE|node03|RECV|VOTE|from=node00|H=4|phase=PREVOTE
TICK000000002680|NODE|node02|RECV|VOTE|from=node03|H=4|phase=PREVOTE
TICK000000002681|NODE|node00|RECV|VOTE|from=node03|H=4|phase=PRECOMMIT
TICK000000002682|NODE|node01|RECV|VOTE|from=node03|H=4|phase=PRECOMMIT
TICK000000002683|NET|DELIVER|from=node03|to=node01|tick=27|type=core.Vote
TICK000000002684|NET|DELIVER|from=node03|to=node02|tick=27|type=core.Vote
TICK000000002685|NODE|node02|RECV|VOTE|from=node03|H=4|phase=PREVOTE
TICK000000002686|NODE|node01|RECV|VOTE|from=node03|H=4|phase=PRECOMMIT
TICK000000002687|NODE|node03|RECV|VOTE|from=node01|H=4|phase=PREVOTE
TICK000000002688|NET|DELIVER|from=node01|to=node02|tick=27|type=core.Vote
TICK000000002689|NET|DELIVER|from=node01|to=node03|tick=27|type=core.Vote
TICK000000002690|NET|DELIVER|from=node00|to=node00|tick=27|type=core.Vote
TICK000000002691|NET|DELIVER|from=node00|to=node02|tick=27|type=core.Vote
TICK000000002692|NET|DELIVER|from=node03|to=node02|tick=27|type=core.BlockHeader
TICK000000002693|NODE|node02|RECV|VOTE|from=node01|H=4|phase=PRECOMMIT
TICK000000002694|NODE|node01|RECV|VOTE|from=node02|H=4|phase=PREVOTE
TICK000000002695|NODE|node03|RECV|VOTE|from=node03|H=4|phase=PREVOTE
TICK000000002696|NET|DELIVER|from=node01|to=node00|tick=27|type=core.Vote
TICK000000002697|NET|DELIVER|from=node01|to=node01|tick=27|type=core.Vote
TICK000000002698|NODE|node00|RECV|VOTE|from=node02|H=4|phase=PREVOTE
TICK000000002699|NODE|node03|RECV|VOTE|from=node03|H=4|phase=PREVOTE
TICK000000002700|NODE|node02|FINALIZED|H=4
TICK000000002701|NODE|node02|RECV|VOTE|from=node00|H=4|phase=PREVOTE
TICK000000002702|NODE|node00|RECV|VOTE|from=node00|H=4|phase=PREVOTE
TICK000000002703|NODE|node03|RECV|VOTE|from=node03|H=4|phase=PRECOMMIT
TICK000000002704|NET|DELIVER|from=node01|to=node01|tick=27|type=core.Vote
TICK000000002705|NET|DELIVER|from=node03|to=node03|tick=27|type=core.Vote
TICK000000002706|NODE|node03|RECV|VOTE|from=node02|H=4|phase=PREVOTE
TICK000000002707|NODE|node01|RECV|VOTE|from=node00|H=4|phase=PREVOTE
TICK000000002708|NODE|node02|RECV|HEADER|from=node03|H=4
TICK000000002709|NET|DELIVER|from=node03|to=node02|tick=27|type=*core.Block
TICK000000002710|NODE|node01|RECV|VOTE|from=node02|H=4|phase=PREVOTE
TICK000000002711|NODE|node00|RECV|VOTE|from=node01|H=4|phase=PREVOTE
TICK000000002712|NODE|node03|RECV|VOTE|from=node01|H=4|phase=PREVOTE
TICK000000002713|NET|SEND|from=node03|to=node00|deliver_tick=30|type=core.BlockHeader
TICK000000002714|NET|SEND|from=node03|to=node01|deliver_tick=30|type=core.BlockHeader
TICK000000002715|NET|DUP|from=node03|to=node01|tick=30
TICK000000002716|NET|SEND|from=node03|to=node02|deliver_tick=29|type=core.BlockHeader
TICK000000002717|NET|SEND|from=node03|to=node03|deliver_tick=30|type=core.BlockHeader
TICK000000002718|NODE|node01|RECV|VOTE|from=node03|H=4|phase=PREVOTE
TICK000000002719|NODE|node02|RECV|HEADER|bad_parent|H=4
TICK000000002720|NODE|node02|RECV|BLOCK|from=node03|H=4|txs=1
TICK000000002721|NODE|node03|PROPOSE|H=4
TICK000000002722|NODE|node01|RECV|VOTE|from=node01|H=4|phase=PREVOTE
TICK000000002723|NODE|node03|RECV|VOTE|from=node00|H=4|phase=PREVOTE
TICK000000002724|NODE|node02|RECV|BLOCK|bad_parent|H=4
TICK000000002725|NODE|node01|RECV|VOTE|from=node01|H=4|phase=PREVOTE
TICK000000002726|NODE|node03|RECV|VOTE|from=node01|H=4|phase=PREVOTE
TICK000000002727|NODE|node03|RECV|VOTE|from=node01|H=4|phase=PRECOMMIT
TICK000000002728|NODE|node03|RECV|VOTE|from=node03|H=4|phase=PREVOTE
TICK000000002729|NET|SEND|from=node03|to=node03|deliver_tick=28|type=*core.Block
TICK000000002730|NET|SEND|from=node03|to=node00|deliver_tick=29|type=*core.Block
TICK000000002731|NET|SEND|from=node03|to=node01|deliver_tick=28|type=*core.Block
TICK000000002732|NET|SEND|from=node03|to=node02|deliver_tick=30|type=*core.Block
TICK000000002733|NET|DELIVER|from=node03|to=node00|tick=28|type=core.BlockHeader
TICK000000002734|NET|DELIVER|from=node03|to=node01|tick=28|type=core.BlockHeader
TICK000000002735|NET|DELIVER|from=node01|to=node02|tick=28|type=core.Vote
TICK000000002736|NET|DELIVER|from=node01|to=node01|tick=28|type=core.Vote
TICK000000002737|NET|DELIVER|from=node03|to=node01|tick=28|type=core.Vote
TICK000000002738|NET|DELIVER|from=node03|to=node02|tick=28|type=core.Vote
TICK000000002739|NET|DELIVER|from=node02|to=node03|tick=28|type=core.Vote
TICK000000002740|NET|DELIVER|from=node02|to=node02|tick=28|type=core.Vote
TICK000000002741|NET|DELIVER|from=node00|to=node00|tick=28|type=core.Vote
TICK000000002742|NET|DELIVER|from=node00|to=node01|tick=28|type=core.Vote
TICK000000002743|NET|DELIVER|from=node00|to=node03|tick=28|type=core.Vote
TICK000000002744|NET|DELIVER|from=node00|to=node00|tick=28|type=core.Vote
TICK000000002745|NET|DELIVER|from=node00|to=node02|tick=28|type=core.Vote
TICK000000002746|NET|DELIVER|from=node02|to=node01|tick=28|type=core.Vote
TICK000000002747|NET|DELIVER|from=node03|to=node00|tick=28|type=core.Vote
TICK000000002748|NET|DELIVER|from=node03|to=node01|tick=28|type=core.Vote
TICK000000002749|NET|DELIVER|from=node03|to=node03|tick=28|type=core.Vote
TICK000000002750|NET|DELIVER|from=node01|to=node00|tick=28|type=core.Vote
TICK000000002751|NET|DELIVER|from=node01|to=node01|tick=28|type=core.Vote
TICK000000002752|NET|DELIVER|from=node00|to=node02|tick=28|type=core.Vote
TICK000000002753|NET|DELIVER|from=node02|to=node03|tick=28|type=core.Vote
TICK000000002754|NODE|node00|RECV|HEADER|from=node03|H=4
TICK000000002755|NODE|node01|RECV|HEADER|from=node03|H=4
TICK000000002756|NODE|node02|RECV|VOTE|from=node01|H=4|phase=PREVOTE
TICK000000002757|NODE|node03|RECV|VOTE|from=node02|H=4|phase=PRECOMMIT
TICK000000002758|NET|DELIVER|from=node02|to=node00|tick=28|type=core.Vote
TICK000000002759|NODE|node02|RECV|VOTE|from=node03|H=4|phase=PREVOTE
TICK000000002760|NET|SEND|from=node01|to=node02|deliver_tick=31|type=core.Vote
TICK000000002761|NET|SEND|from=node01|to=node03|deliver_tick=31|type=core.Vote
TICK000000002762|NET|DUP|from=node01|to=node03|tick=31
TICK000000002763|NET|SEND|from=node01|to=node00|deliver_tick=31|type=core.Vote
TICK000000002764|NET|SEND|from=node01|to=node01|deliver_tick=30|type=core.Vote
TICK000000002765|NET|DELIVER|from=node02|to=node02|tick=28|type=core.Vote
TICK000000002766|NODE|node01|SENT|PREVOTE|H=4
TICK000000002767|NODE|node01|RECV|VOTE|from=node01|H=4|phase=PREVOTE
TICK000000002768|NET|SEND|from=node00|to=node03|deliver_tick=30|type=core.Vote
TICK000000002769|NET|SEND|from=node00|to=node00|deliver_tick=29|type=core.Vote
TICK000000002770|NET|SEND|from=node00|to=node01|deliver_tick=29|type=core.Vote
TICK000000002771|NET|SEND|from=node00|to=node02|deliver_tick=31|type=core.Vote
TICK000000002772|NODE|node00|SENT|PREVOTE|H=4
TICK000000002773|NODE|node00|RECV|VOTE|from=node00|H=4|phase=PRECOMMIT
TICK000000002774|NODE|node03|FINALIZED|H=4
TICK000000002775|NODE|node03|RECV|VOTE|from=node00|H=4|phase=PRECOMMIT
TICK000000002776|NODE|node02|RECV|VOTE|from=node02|H=4|phase=PREVOTE
TICK000000002777|NODE|node01|RECV|VOTE|from=node03|H=4|phase=PREVOTE
TICK000000002778|NET|DELIVER|from=node01|to=node01|tick=28|type=core.Vote
TICK000000002779|NET|DELIVER|from=node00|to=node01|tick=28|type=core.Vote
TICK000000002780|NET|DELIVER|from=node00|to=node03|tick=28|type=core.Vote
TICK000000002781|NET|DELIVER|from=node03|to=node03|tick=28|type=core.BlockHeader
TICK000000002782|NODE|node00|FINALIZED|H=4
TICK000000002783|NODE|node00|RECV|VOTE|from=node00|H=4|phase=PREVOTE
TICK000000002784|NODE|node03|RECV|VOTE|from=node03|H=4|phase=PREVOTE
TICK000000002785|NODE|node02|RECV|VOTE|from=node00|H=4|phase=PREVOTE
TICK000000002786|NODE|node01|RECV|VOTE|from=node00|H=4|phase=PRECOMMIT
TICK000000002787|NODE|node03|RECV|VOTE|from=node02|H=4|phase=PREVOTE
TICK000000002788|NET|DELIVER|from=node03|to=node01|tick=28|type=core.BlockHeader
TICK000000002789|NET|DELIVER|from=node02|to=node03|tick=28|type=core.Vote
TICK000000002790|NET|DELIVER|from=node02|to=node00|tick=28|type=core.Vote
TICK000000002791|NET|DELIVER|from=node02|to=node01|tick=28|type=core.Vote
TICK000000002792|NODE|node03|RECV|VOTE|from=node00|H=4|phase=PREVOTE
TICK000000002793|NODE|node01|FINALIZED|H=4
TICK000000002794|NODE|node01|RECV|VOTE|from=node02|H=4|phase=PREVOTE
TICK000000002795|NODE|node02|RECV|VOTE|from=node00|H=4|phase=PREVOTE
TICK000000002796|NODE|node03|RECV|HEADER|from=node03|H=4
TICK000000002797|NODE|node00|RECV|VOTE|from=node03|H=4|phase=PREVOTE
TICK000000002798|NET|DELIVER|from=node01|to=node03|tick=28|type=core.Vote
TICK000000002799|NET|DELIVER|from=node03|to=node02|tick=28|type=core.Vote
TICK000000002800|NET|DELIVER|from=node03|to=node02|tick=28|type=core.Vote
TICK000000002801|NET|DELIVER|from=node01|to=node02|tick=28|type=core.Vote
TICK000000002802|NET|DELIVER|from=node01|to=node03|tick=28|type=core.Vote
TICK000000002803|NET|DELIVER|from=node01|to=node03|tick=28|type=core.Vote
TICK000000002804|NET|DELIVER|from=node03|to=node01|tick=28|type=core.Vote
TICK000000002805|NODE|node00|RECV|VOTE|from=node01|H=4|phase=PREVOTE
TICK000000002806|NODE|node03|RECV|HEADER|bad_parent|H=4
TICK000000002807|NODE|node03|RECV|VOTE|from=node02|H=4|phase=PREVOTE
TICK000000002808|NODE|node01|RECV|VOTE|from=node03|H=4|phase=PREVOTE
TICK000000002809|NODE|node00|RECV|VOTE|from=node02|H=4|phase=PREVOTE
TICK000000002810|NODE|node02|RECV|VOTE|from=node02|H=4|phase=PREVOTE
TICK000000002811|NET|DELIVER|from=node01|to=node00|tick=28|type=core.Vote
TICK000000002812|NODE|node00|RECV|VOTE|from=node02|H=4|phase=PREVOTE
TICK000000002813|NODE|node03|RECV|VOTE|from=node01|H=4|phase=PREVOTE
TICK000000002814|NODE|node01|RECV|VOTE|from=node01|H=4|phase=PREVOTE
TICK000000002815|NODE|node00|RECV|VOTE|from=node01|H=4|phase=PREVOTE
TICK000000002816|NODE|node03|RECV|VOTE|from=node01|H=4|phase=PREVOTE
TICK000000002817|NET|DELIVER|from=node02|to=node02|tick=28|type=core.Vote
TICK000000002818|NODE|node01|RECV|VOTE|from=node01|H=4|phase=PRECOMMIT
TICK000000002819|NODE|node03|RECV|VOTE|from=node01|H=4|phase=PREVOTE
TICK000000002820|NET|DELIVER|from=node02|to=node02|tick=28|type=core.Vote
TICK000000002821|NET|DELIVER|from=node03|to=node03|tick=28|type=*core.Block
TICK000000002822|NET|DELIVER|from=node03|to=node01|tick=28|type=*core.Block
TICK000000002823|NODE|node03|RECV|BLOCK|from=node03|H=4|txs=1
TICK000000002824|NODE|node02|RECV|VOTE|from=node03|H=4|phase=PREVOTE
TICK000000002825|NODE|node01|RECV|VOTE|from=node00|H=4|phase=PREVOTE
TICK000000002826|NET|SEND|from=node00|to=node02|deliver_tick=29|type=core.BlockHeader
TICK000000002827|NODE|node02|RECV|VOTE|from=node03|H=4|phase=PREVOTE
TICK000000002828|NET|DROP|from=node00|to=node03|lat=3
TICK000000002829|NODE|node01|RECV|HEADER|from=node03|H=4
TICK000000002830|NODE|node02|RECV|VOTE|from=node01|H=4|phase=PREVOTE
TICK000000002831|NET|SEND|from=node00|to=node00|deliver_tick=29|type=core.BlockHeader
TICK000000002832|NET|SEND|from=node00|to=node01|deliver_tick=30|type=core.BlockHeader
TICK000000002833|NODE|node00|PROPOSE|H=5
TICK000000002834|NODE|node03|RECV|BLOCK|bad_parent|H=4
TICK000000002835|NODE|node01|RECV|HEADER|bad_parent|H=4
TICK000000002836|NODE|node01|RECV|VOTE|from=node02|H=4|phase=PREVOTE
TICK000000002837|NODE|node02|RECV|VOTE|from=node02|H=4|phase=PREVOTE
TICK000000002838|NODE|node01|RECV|VOTE|from=node03|H=4|phase=PREVOTE
TICK000000002839|NODE|node02|RECV|VOTE|from=node02|H=4|phase=PREVOTE
TICK000000002840|NODE|node01|RECV|BLOCK|from=node03|H=4|txs=1
TICK000000002841|NODE|node01|RECV|BLOCK|bad_parent|H=4
TICK000000002842|NET|SEND|from=node03|to=node02|deliver_tick=31|type=*core.Block
TICK000000002843|NET|SEND|from=node03|to=node03|deliver_tick=29|type=*core.Block
TICK000000002844|NET|SEND|from=node03|to=node00|deliver_tick=29|type=*core.Block
TICK000000002845|NET|SEND|from=node03|to=node01|deliver_tick=30|type=*core.Block
TICK000000002846|NET|DELIVER|from=node00|to=node02|tick=29|type=core.Vote
TICK000000002847|NET|DELIVER|from=node01|to=node00|tick=29|type=core.Vote
TICK000000002848|NET|DELIVER|from=node01|to=node01|tick=29|type=core.Vote
TICK000000002849|NODE|node00|RECV|VOTE|from=node01|H=4|phase=PREVOTE
TICK000000002850|NODE|node02|RECV|VOTE|from=node00|H=4|phase=PRECOMMIT
TICK000000002851|NET|DELIVER|from=node01|to=node02|tick=29|type=core.Vote
TICK000000002852|NET|DELIVER|from=node00|to=node01|tick=29|type=core.Vote
TICK000000002853|NET|DELIVER|from=node02|to=node00|tick=29|type=core.Vote
TICK000000002854|NET|DELIVER|from=node02|to=node02|tick=29|type=core.Vote
TICK000000002855|NODE|node01|RECV|VOTE|from=node01|H=4|phase=PREVOTE
TICK000000002856|NODE|node00|RECV|VOTE|from=node02|H=4|phase=PREVOTE
TICK000000002857|NET|DELIVER|from=node02|to=node03|tick=29|type=core.Vote
TICK000000002858|NET|DELIVER|from=node01|to=node02|tick=29|type=core.Vote
TICK000000002859|NET|DELIVER|from=node00|to=node03|tick=29|type=core.Vote
TICK000000002860|NET|DELIVER|from=node03|to=node00|tick=29|type=core.Vote
TICK000000002861|NET|DELIVER|from=node03|to=node03|tick=29|type=core.Vote
TICK000000002862|NET|DELIVER|from=node01|to=node00|tick=29|type=core.Vote
TICK000000002863|NODE|node03|RECV|VOTE|from=node02|H=4|phase=PREVOTE
TICK000000002864|NODE|node02|RECV|VOTE|from=node01|H=4|phase=PREVOTE
TICK000000002865|NODE|node01|RECV|VOTE|from=node00|H=4|phase=PREVOTE
TICK000000002866|NET|DELIVER|from=node03|to=node00|tick=29|type=core.BlockHeader
TICK000000002867|NET|DELIVER|from=node02|to=node02|tick=29|type=core.Vote
TICK000000002868|NET|DELIVER|from=node01|to=node02|tick=29|type=core.Vote
TICK000000002869|NODE|node00|RECV|VOTE|from=node03|H=4|phase=PREVOTE
TICK000000002870|NODE|node02|RECV|VOTE|from=node02|H=4|phase=PREVOTE
TICK000000002871|NODE|node03|RECV|VOTE|from=node00|H=4|phase=PREVOTE
TICK000000002872|NET|DELIVER|from=node03|to=node00|tick=29|type=core.Vote
TICK000000002873|NET|DELIVER|from=node03|to=node00|tick=29|type=core.Vote
TICK000000002874|NET|DELIVER|from=node03|to=node00|tick=29|type=*core.Block
TICK000000002875|NET|DELIVER|from=node03|to=node01|tick=29|type=*core.Block
TICK000000002876|NODE|node02|RECV|VOTE|from=node01|H=4|phase=PREVOTE
TICK000000002877|NODE|node00|RECV|VOTE|from=node01|H=4|phase=PRECOMMIT
TICK000000002878|NET|DELIVER|from=node03|to=node03|tick=29|type=*core.Block
TICK000000002879|NET|DELIVER|from=node01|to=node01|tick=29|type=core.Vote
TICK000000002880|NODE|node01|RECV|BLOCK|from=node03|H=4|txs=1
TICK000000002881|NODE|node03|RECV|VOTE|from=node03|H=4|phase=PREVOTE
TICK000000002882|NET|DELIVER|from=node01|to=node00|tick=29|type=core.Vote
TICK000000002883|NET|DELIVER|from=node03|to=node00|tick=29|type=core.Vote
TICK000000002884|NET|DELIVER|from=node03|to=node02|tick=29|type=core.Vote
TICK000000002885|NET|DELIVER|from=node01|to=node01|tick=29|type=core.Vote
TICK000000002886|NODE|node01|RECV|BLOCK|bad_parent|H=4
TICK000000002887|NODE|node01|RECV|VOTE|from=node01|H=4|phase=PREVOTE
TICK000000002888|NODE|node02|RECV|VOTE|from=node02|H=4|phase=PREVOTE
TICK000000002889|NODE|node01|RECV|VOTE|from=node01|H=4|phase=PREVOTE
TICK000000002890|NET|DELIVER|from=node01|to=node02|tick=29|type=core.Vote
TICK000000002891|NET|DELIVER|from=node02|to=node03|tick=29|type=core.Vote
TICK000000002892|NET|DELIVER|from=node01|to=node03|tick=29|type=core.Vote
TICK000000002893|NET|DELIVER|from=node03|to=node02|tick=29|type=core.BlockHeader
TICK000000002894|NET|DELIVER|from=node03|to=node00|tick=29|type=*core.Block
TICK000000002895|NET|DELIVER|from=node00|to=node00|tick=29|type=core.Vote
TICK000000002896|NODE|node00|RECV|HEADER|from=node03|H=4
TICK000000002897|NODE|node03|RECV|BLOCK|from=node03|H=4|txs=1
TICK000000002898|NODE|node02|RECV|VOTE|from=node01|H=4|phase=PREVOTE
TICK000000002899|NET|DELIVER|from=node00|to=node01|tick=29|type=core.Vote
TICK000000002900|NET|DELIVER|from=node00|to=node02|tick=29|type=core.BlockHeader
TICK000000002901|NET|DELIVER|from=node00|to=node00|tick=29|type=core.BlockHeader
TICK000000002902|NET|DELIVER|from=node03|to=node03|tick=29|type=*core.Block
TICK000000002903|NODE|node02|RECV|VOTE|from=node03|H=4|phase=PREVOTE
TICK000000002904|NODE|node01|RECV|VOTE|from=node00|H=4|phase=PREVOTE
TICK000000002905|NET|DELIVER|from=node03|to=node00|tick=29|type=*core.Block
TICK000000002906|NODE|node02|RECV|VOTE|from=node01|H=4|phase=PREVOTE
TICK000000002907|NODE|node00|RECV|HEADER|bad_parent|H=4
TICK000000002908|NODE|node00|RECV|VOTE|from=node03|H=4|phase=PREVOTE
TICK000000002909|NODE|node03|RECV|BLOCK|bad_parent|H=4
TICK000000002910|NODE|node02|RECV|HEADER|from=node03|H=4
TICK000000002911|NET|SEND|from=node00|to=node00|deliver_tick=30|type=core.BlockHeader
TICK000000002912|NET|SEND|from=node00|to=node01|deliver_tick=32|type=core.BlockHeader
TICK000000002913|NODE|node03|RECV|VOTE|from=node02|H=4|phase=PREVOTE
TICK000000002914|NODE|node02|RECV|HEADER|bad_parent|H=4
TICK000000002915|NODE|node02|RECV|HEADER|from=node00|H=5
TICK000000002916|NET|SEND|from=node00|to=node02|deliver_tick=31|type=core.BlockHeader
TICK000000002917|NET|SEND|from=node00|to=node03|deliver_tick=30|type=core.BlockHeader
TICK000000002918|NODE|node03|RECV|VOTE|from=node01|H=4|phase=PREVOTE
TICK000000002919|NODE|node00|PROPOSE|H=5
TICK000000002920|NET|SEND|from=node02|to=node00|deliver_tick=30|type=core.Vote
TICK000000002921|NODE|node03|RECV|BLOCK|from=node03|H=4|txs=1
TICK000000002922|NET|SEND|from=node02|to=node01|deliver_tick=32|type=core.Vote
TICK000000002923|NET|SEND|from=node02|to=node02|deliver_tick=30|type=core.Vote
TICK000000002924|NODE|node00|RECV|VOTE|from=node03|H=4|phase=PREVOTE
TICK000000002925|NODE|node03|RECV|BLOCK|bad_parent|H=4
TICK000000002926|NET|SEND|from=node02|to=node03|deliver_tick=30|type=core.Vote
TICK000000002927|NODE|node02|SENT|PREVOTE|H=5
TICK000000002928|NODE|node00|RECV|BLOCK|from=node03|H=4|txs=1
TICK000000002929|NODE|node00|RECV|BLOCK|bad_parent|H=4
TICK000000002930|NODE|node00|RECV|VOTE|from=node01|H=4|phase=PREVOTE
TICK000000002931|NODE|node00|RECV|VOTE|from=node03|H=4|phase=PREVOTE
TICK000000002932|NODE|node00|RECV|BLOCK|from=node03|H=4|txs=1
TICK000000002933|NODE|node00|RECV|BLOCK|bad_parent|H=4
TICK000000002934|NODE|node00|RECV|VOTE|from=node00|H=4|phase=PREVOTE
TICK000000002935|NODE|node00|RECV|HEADER|from=node00|H=5
TICK000000002936|NET|SEND|from=node00|to=node03|deliver_tick=31|type=core.Vote
TICK000000002937|NET|SEND|from=node00|to=node00|deliver_tick=32|type=core.Vote
TICK000000002938|NET|SEND|from=node00|to=node01|deliver_tick=31|type=core.Vote
TICK000000002939|NET|SEND|from=node00|to=node02|deliver_tick=31|type=core.Vote
TICK000000002940|NODE|node00|SENT|PREVOTE|H=5
TICK000000002941|NODE|node00|RECV|BLOCK|from=node03|H=4|txs=1
TICK000000002942|NODE|node00|RECV|BLOCK|bad_parent|H=4
TICK000000002943|NET|SEND|from=node00|to=node00|deliver_tick=32|type=*core.Block
TICK000000002944|NET|SEND|from=node00|to=node01|deliver_tick=30|type=*core.Block
TICK000000002945|NET|DROP|from=node00|to=node02|lat=1
TICK000000002946|NET|SEND|from=node00|to=node03|deliver_tick=32|type=*core.Block
TICK000000002947|NET|DELIVER|from=node03|to=node03|tick=30|type=core.Vote
TICK000000002948|NET|DELIVER|from=node02|to=node00|tick=30|type=core.Vote
TICK000000002949|NET|DELIVER|from=node02|to=node01|tick=30|type=core.Vote
TICK000000002950|NODE|node03|RECV|VOTE|from=node03|H=4|phase=PREVOTE
TICK000000002951|NODE|node00|RECV|VOTE|from=node02|H=4|phase=PREVOTE
TICK000000002952|NET|DELIVER|from=node03|to=node00|tick=30|type=core.BlockHeader
TICK000000002953|NET|DELIVER|from=node03|to=node01|tick=30|type=core.BlockHeader
TICK000000002954|NET|DELIVER|from=node03|to=node01|tick=30|type=core.BlockHeader
TICK000000002955|NET|DELIVER|from=node03|to=node03|tick=30|type=core.BlockHeader
TICK000000002956|NET|DELIVER|from=node03|to=node02|tick=30|type=*core.Block
TICK000000002957|NET|DELIVER|from=node01|to=node01|tick=30|type=core.Vote
TICK000000002958|NODE|node03|RECV|HEADER|from=node03|H=4
TICK000000002959|NODE|node01|RECV|VOTE|from=node02|H=4|phase=PREVOTE
TICK000000002960|NET|DELIVER|from=node00|to=node03|tick=30|type=core.Vote
TICK000000002961|NET|DELIVER|from=node00|to=node01|tick=30|type=core.BlockHeader
TICK000000002962|NODE|node02|RECV|BLOCK|from=node03|H=4|txs=1
TICK000000002963|NODE|node00|RECV|HEADER|from=node03|H=4
TICK000000002964|NODE|node03|RECV|HEADER|bad_parent|H=4
TICK000000002965|NODE|node03|RECV|VOTE|from=node00|H=4|phase=PREVOTE
TICK000000002966|NET|DELIVER|from=node03|to=node01|tick=30|type=*core.Block
TICK000000002967|NET|DELIVER|from=node00|to=node00|tick=30|type=core.BlockHeader
TICK000000002968|NODE|node02|RECV|BLOCK|bad_parent|H=4
TICK000000002969|NODE|node00|RECV|HEADER|bad_parent|H=4
TICK000000002970|NODE|node00|RECV|HEADER|from=node00|H=5
TICK000000002971|NET|DELIVER|from=node00|to=node03|tick=30|type=core.BlockHeader
TICK000000002972|NET|DELIVER|from=node02|to=node00|tick=30|type=core.Vote
TICK000000002973|NET|DELIVER|from=node02|to=node02|tick=30|type=core.Vote
TICK000000002974|NET|DELIVER|from=node02|to=node03|tick=30|type=core.Vote
TICK000000002975|NET|DELIVER|from=node00|to=node01|tick=30|type=*core.Block
TICK000000002976|NODE|node01|RECV|HEADER|from=node03|H=4
TICK000000002977|NODE|node03|RECV|HEADER|from=node00|H=5
TICK000000002978|NET|SEND|from=node00|to=node00|deliver_tick=32|type=core.BlockHeader
TICK000000002979|NET|SEND|from=node00|to=node01|deliver_tick=32|type=core.BlockHeader
TICK000000002980|NET|SEND|from=node00|to=node02|deliver_tick=32|type=core.BlockHeader
TICK000000002981|NET|SEND|from=node00|to=node03|deliver_tick=31|type=core.BlockHeader
TICK000000002982|NODE|node00|PROPOSE|H=5
TICK000000002983|NODE|node02|RECV|VOTE|from=node02|H=5|phase=PREVOTE
TICK000000002984|NET|SEND|from=node03|to=node03|deliver_tick=33|type=core.Vote
TICK000000002985|NODE|node01|RECV|HEADER|bad_parent|H=4
TICK000000002986|NODE|node01|RECV|HEADER|from=node03|H=4
TICK000000002987|NET|SEND|from=node03|to=node00|deliver_tick=32|type=core.Vote
TICK000000002988|NET|SEND|from=node03|to=node01|deliver_tick=31|type=core.Vote
TICK000000002989|NET|SEND|from=node03|to=node02|deliver_tick=33|type=core.Vote
TICK000000002990|NODE|node03|SENT|PREVOTE|H=5
TICK000000002991|NET|SEND|from=node00|to=node00|deliver_tick=32|type=core.Vote
TICK000000002992|NET|SEND|from=node00|to=node01|deliver_tick=31|type=core.Vote
TICK000000002993|NET|SEND|from=node00|to=node02|deliver_tick=32|type=core.Vote
TICK000000002994|NET|SEND|from=node00|to=node03|deliver_tick=31|type=core.Vote
TICK000000002995|NODE|node00|SENT|PREVOTE|H=5
TICK000000002996|NODE|node03|RECV|VOTE|from=node02|H=5|phase=PREVOTE
TICK000000002997|NODE|node01|RECV|HEADER|bad_parent|H=4
TICK000000002998|NODE|node01|RECV|VOTE|from=node01|H=4|phase=PREVOTE
TICK000000002999|NODE|node00|RECV|VOTE|from=node02|H=5|phase=PREVOTE
TICK000000003000|NODE|node01|RECV|HEADER|from=node00|H=5
TICK000000003001|NET|SEND|from=node01|to=node00|deliver_tick=33|type=core.Vote
TICK000000003002|NET|DROP|from=node01|to=node01|lat=3
TICK000000003003|NET|SEND|from=node01|to=node02|deliver_tick=33|type=core.Vote
TICK000000003004|NET|SEND|from=node01|to=node03|deliver_tick=31|type=core.Vote
TICK000000003005|NODE|node01|SENT|PREVOTE|H=5
TICK000000003006|NODE|node01|RECV|BLOCK|from=node03|H=4|txs=1
TICK000000003007|NODE|node01|RECV|BLOCK|bad_parent|H=4
TICK000000003008|NODE|node01|RECV|BLOCK|from=node00|H=5|txs=1
TICK000000003009|NET|SEND|from=node01|to=node00|deliver_tick=32|type=core.Vote
TICK000000003010|NET|SEND|from=node01|to=node01|deliver_tick=31|type=core.Vote
TICK000000003011|NET|SEND|from=node01|to=node02|deliver_tick=32|type=core.Vote
TICK000000003012|NET|SEND|from=node01|to=node03|deliver_tick=32|type=core.Vote
TICK000000003013|NODE|node01|SENT|PREVOTE|H=5
TICK000000003014|NET|SEND|from=node00|to=node00|deliver_tick=33|type=*core.Block
TICK000000003015|NET|SEND|from=node00|to=node01|deliver_tick=32|type=*core.Block
TICK000000003016|NET|SEND|from=node00|to=node02|deliver_tick=32|type=*core.Block
TICK000000003017|NET|SEND|from=node00|to=node03|deliver_tick=31|type=*core.Block
TICK000000003018|NET|DELIVER|from=node01|to=node02|tick=31|type=core.Vote
TICK000000003019|NET|DELIVER|from=node01|to=node03|tick=31|type=core.Vote
TICK000000003020|NET|DELIVER|from=node01|to=node03|tick=31|type=core.Vote
TICK000000003021|NET|DELIVER|from=node01|to=node00|tick=31|type=core.Vote
TICK000000003022|NODE|node02|RECV|VOTE|from=node01|H=4|phase=PREVOTE
TICK000000003023|NODE|node03|RECV|VOTE|from=node01|H=4|phase=PREVOTE
TICK000000003024|NET|DELIVER|from=node00|to=node02|tick=31|type=core.Vote
TICK000000003025|NET|DELIVER|from=node03|to=node02|tick=31|type=*core.Block
TICK000000003026|NET|DELIVER|from=node00|to=node02|tick=31|type=core.BlockHeader
TICK000000003027|NET|DELIVER|from=node00|to=node03|tick=31|type=core.Vote
TICK000000003028|NODE|node02|RECV|VOTE|from=node00|H=4|phase=PREVOTE
TICK000000003029|NODE|node00|RECV|VOTE|from=node01|H=4|phase=PREVOTE
TICK000000003030|NODE|node02|RECV|BLOCK|from=node03|H=4|txs=1
TICK000000003031|NET|DELIVER|from=node00|to=node01|tick=31|type=core.Vote
TICK000000003032|NET|DELIVER|from=node00|to=node02|tick=31|type=core.Vote
TICK000000003033|NET|DELIVER|from=node00|to=node03|tick=31|type=core.BlockHeader
TICK000000003034|NET|DELIVER|from=node03|to=node01|tick=31|type=core.Vote
TICK000000003035|NET|DELIVER|from=node00|to=node01|tick=31|type=core.Vote
TICK000000003036|NODE|node02|RECV|BLOCK|bad_parent|H=4
TICK000000003037|NODE|node02|RECV|HEADER|from=node00|H=5
TICK000000003038|NODE|node01|RECV|VOTE|from=node00|H=5|phase=PREVOTE
TICK000000003039|NET|DELIVER|from=node00|to=node03|tick=31|type=core.Vote
TICK000000003040|NET|DELIVER|from=node01|to=node03|tick=31|type=core.Vote
TICK000000003041|NODE|node03|RECV|VOTE|from=node01|H=4|phase=PREVOTE
TICK000000003042|NET|SEND|from=node02|to=node00|deliver_tick=33|type=core.Vote
TICK000000003043|NET|SEND|from=node02|to=node01|deliver_tick=32|type=core.Vote
TICK000000003044|NODE|node01|RECV|VOTE|from=node03|H=5|phase=PREVOTE
TICK000000003045|NET|SEND|from=node02|to=node02|deliver_tick=34|type=core.Vote
TICK000000003046|NET|SEND|from=node02|to=node03|deliver_tick=33|type=core.Vote
TICK000000003047|NODE|node02|SENT|PREVOTE|H=5
TICK000000003048|NET|DELIVER|from=node01|to=node01|tick=31|type=core.Vote
TICK000000003049|NODE|node03|RECV|VOTE|from=node00|H=5|phase=PREVOTE
TICK000000003050|NODE|node02|RECV|VOTE|from=node00|H=5|phase=PREVOTE
TICK000000003051|NET|DELIVER|from=node00|to=node03|tick=31|type=*core.Block
TICK000000003052|NODE|node01|RECV|VOTE|from=node00|H=5|phase=PREVOTE
TICK000000003053|NODE|node03|RECV|HEADER|from=node00|H=5
TICK000000003054|NET|SEND|from=node00|to=node00|deliver_tick=32|type=core.BlockHeader
TICK000000003055|NET|SEND|from=node00|to=node01|deliver_tick=34|type=core.BlockHeader
TICK000000003056|NET|SEND|from=node00|to=node02|deliver_tick=34|type=core.BlockHeader
TICK000000003057|NET|SEND|from=node00|to=node03|deliver_tick=33|type=core.BlockHeader
TICK000000003058|NODE|node00|PROPOSE|H=5
TICK000000003059|NODE|node01|RECV|VOTE|from=node01|H=5|phase=PREVOTE
TICK000000003060|NET|SEND|from=node03|to=node00|deliver_tick=34|type=core.Vote
TICK000000003061|NET|DROP|from=node03|to=node01|lat=2
TICK000000003062|NET|SEND|from=node03|to=node02|deliver_tick=34|type=core.Vote
TICK000000003063|NET|SEND|from=node03|to=node03|deliver_tick=34|type=core.Vote
TICK000000003064|NODE|node03|SENT|PREVOTE|H=5
TICK000000003065|NODE|node03|RECV|VOTE|from=node00|H=5|phase=PREVOTE
TICK000000003066|NODE|node03|RECV|VOTE|from=node01|H=5|phase=PREVOTE
TICK000000003067|NET|SEND|from=node01|to=node03|deliver_tick=32|type=core.Vote
TICK000000003068|NET|SEND|from=node01|to=node00|deliver_tick=34|type=core.Vote
TICK000000003069|NET|SEND|from=node01|to=node01|deliver_tick=32|type=core.Vote
TICK000000003070|NET|SEND|from=node01|to=node02|deliver_tick=32|type=core.Vote
TICK000000003071|NET|DUP|from=node01|to=node02|tick=32
TICK000000003072|NODE|node01|SENT|PRECOMMIT|H=5
TICK000000003073|NET|SEND|from=node03|to=node00|deliver_tick=32|type=core.Vote
TICK000000003074|NET|SEND|from=node03|to=node01|deliver_tick=32|type=core.Vote
TICK000000003075|NET|SEND|from=node03|to=node02|deliver_tick=34|type=core.Vote
TICK000000003076|NET|SEND|from=node03|to=node03|deliver_tick=33|type=core.Vote
TICK000000003077|NODE|node03|SENT|PRECOMMIT|H=5
TICK000000003078|NODE|node03|RECV|BLOCK|from=node00|H=5|txs=1
TICK000000003079|NET|SEND|from=node03|to=node00|deliver_tick=32|type=core.Vote
TICK000000003080|NET|SEND|from=node03|to=node01|deliver_tick=34|type=core.Vote
TICK000000003081|NET|SEND|from=node03|to=node02|deliver_tick=34|type=core.Vote
TICK000000003082|NET|SEND|from=node03|to=node03|deliver_tick=33|type=core.Vote
TICK000000003083|NODE|node03|SENT|PREVOTE|H=5
TICK000000003084|NET|SEND|from=node00|to=node00|deliver_tick=32|type=*core.Block
TICK000000003085|NET|SEND|from=node00|to=node01|deliver_tick=33|type=*core.Block
TICK000000003086|NET|SEND|from=node00|to=node02|deliver_tick=34|type=*core.Block
TICK000000003087|NET|SEND|from=node00|to=node03|deliver_tick=34|type=*core.Block
TICK000000003088|NET|DUP|from=node00|to=node03|tick=34
TICK000000003089|NET|DELIVER|from=node00|to=node01|tick=32|type=core.BlockHeader
TICK000000003090|NET|DELIVER|from=node02|to=node01|tick=32|type=core.Vote
TICK000000003091|NET|DELIVER|from=node00|to=node00|tick=32|type=core.Vote
TICK000000003092|NET|DELIVER|from=node00|to=node00|tick=32|type=*core.Block
TICK000000003093|NET|DELIVER|from=node00|to=node03|tick=32|type=*core.Block
TICK000000003094|NET|DELIVER|from=node00|to=node00|tick=32|type=core.BlockHeader
TICK000000003095|NET|DELIVER|from=node00|to=node01|tick=32|type=core.BlockHeader
TICK000000003096|NET|DELIVER|from=node00|to=node02|tick=32|type=core.BlockHeader
TICK000000003097|NODE|node01|RECV|HEADER|from=node00|H=5
TICK000000003098|NODE|node00|RECV|VOTE|from=node00|H=5|phase=PREVOTE
TICK000000003099|NODE|node03|RECV|BLOCK|from=node00|H=5|txs=1
TICK000000003100|NODE|node02|RECV|HEADER|from=node00|H=5
TICK000000003101|NODE|node00|RECV|BLOCK|from=node00|H=5|txs=1
TICK000000003102|NET|SEND|from=node01|to=node03|deliver_tick=35|type=core.Vote
TICK000000003103|NET|DUP|from=node01|to=node03|tick=35
TICK000000003104|NET|SEND|from=node01|to=node00|deliver_tick=34|type=core.Vote
TICK000000003105|NET|SEND|from=node01|to=node01|deliver_tick=34|type=core.Vote
TICK000000003106|NET|SEND|from=node01|to=node02|deliver_tick=35|type=core.Vote
TICK000000003107|NODE|node01|SENT|PREVOTE|H=5
TICK000000003108|NODE|node01|RECV|VOTE|from=node02|H=5|phase=PREVOTE
TICK000000003109|NET|DELIVER|from=node03|to=node00|tick=32|type=core.Vote
TICK000000003110|NET|DELIVER|from=node00|to=node00|tick=32|type=core.Vote
TICK000000003111|NET|DELIVER|from=node00|to=node02|tick=32|type=core.Vote
TICK000000003112|NET|DELIVER|from=node01|to=node00|tick=32|type=core.Vote
TICK000000003113|NET|DELIVER|from=node01|to=node02|tick=32|type=core.Vote
TICK000000003114|NODE|node01|RECV|HEADER|from=node00|H=5
TICK000000003115|NET|SEND|from=node02|to=node00|deliver_tick=35|type=core.Vote
TICK000000003116|NET|SEND|from=node02|to=node01|deliver_tick=35|type=core.Vote
TICK000000003117|NET|SEND|from=node02|to=node02|deliver_tick=33|type=core.Vote
TICK000000003118|NET|SEND|from=node02|to=node03|deliver_tick=33|type=core.Vote
TICK000000003119|NODE|node02|SENT|PREVOTE|H=5
TICK000000003120|NET|SEND|from=node03|to=node00|deliver_tick=35|type=core.Vote
TICK000000003121|NET|DUP|from=node03|to=node00|tick=35
TICK000000003122|NET|SEND|from=node03|to=node01|deliver_tick=35|type=core.Vote
TICK000000003123|NET|SEND|from=node03|to=node02|deliver_tick=33|type=core.Vote
TICK000000003124|NET|SEND|from=node03|to=node03|deliver_tick=33|type=core.Vote
TICK000000003125|NODE|node03|SENT|PREVOTE|H=5
TICK000000003126|NET|SEND|from=node00|to=node00|deliver_tick=34|type=core.Vote
TICK000000003127|NET|SEND|from=node00|to=node01|deliver_tick=34|type=core.Vote
TICK000000003128|NET|SEND|from=node00|to=node02|deliver_tick=34|type=core.Vote
TICK000000003129|NODE|node02|RECV|VOTE|from=node00|H=5|phase=PREVOTE
TICK000000003130|NODE|node03|RECV|VOTE|from=node01|H=5|phase=PREVOTE
TICK000000003131|NET|DELIVER|from=node01|to=node03|tick=32|type=core.Vote
TICK000000003132|NET|SEND|from=node00|to=node03|deliver_tick=33|type=core.Vote
TICK000000003133|NODE|node00|SENT|PREVOTE|H=5
TICK000000003134|NODE|node00|RECV|HEADER|from=node00|H=5
TICK000000003135|NET|SEND|from=node01|to=node00|deliver_tick=33|type=core.Vote
TICK000000003136|NET|SEND|from=node01|to=node01|deliver_tick=33|type=core.Vote
TICK000000003137|NET|SEND|from=node01|to=node02|deliver_tick=34|type=core.Vote
TICK000000003138|NET|SEND|from=node01|to=node03|deliver_tick=33|type=core.Vote
TICK000000003139|NODE|node01|SENT|PREVOTE|H=5
TICK000000003140|NODE|node02|RECV|VOTE|from=node01|H=5|phase=PREVOTE
TICK000000003141|NET|DELIVER|from=node00|to=node01|tick=32|type=*core.Block
TICK000000003142|NODE|node01|RECV|BLOCK|from=node00|H=5|txs=1
TICK000000003143|NET|SEND|from=node00|to=node00|deliver_tick=35|type=core.Vote
TICK000000003144|NET|SEND|from=node02|to=node00|deliver_tick=35|type=core.Vote
TICK000000003145|NET|SEND|from=node02|to=node01|deliver_tick=35|type=core.Vote
TICK000000003146|NET|SEND|from=node02|to=node02|deliver_tick=35|type=core.Vote
TICK000000003147|NET|SEND|from=node00|to=node01|deliver_tick=35|type=core.Vote
TICK000000003148|NET|SEND|from=node00|to=node02|deliver_tick=35|type=core.Vote
TICK000000003149|NET|SEND|from=node00|to=node03|deliver_tick=34|type=core.Vote
TICK000000003150|NODE|node00|SENT|PREVOTE|H=5
TICK000000003151|NET|SEND|from=node02|to=node03|deliver_tick=34|type=core.Vote
TICK000000003152|NODE|node02|SENT|PRECOMMIT|H=5
TICK000000003153|NODE|node02|RECV|BLOCK|from=node00|H=5|txs=1
TICK000000003154|NET|SEND|from=node01|to=node00|deliver_tick=33|type=core.Vote
TICK000000003155|NET|SEND|from=node01|to=node01|deliver_tick=33|type=core.Vote
TICK000000003156|NET|SEND|from=node01|to=node02|deliver_tick=35|type=core.Vote
TICK000000003157|NET|DROP|from=node01|to=node03|lat=2
TICK000000003158|NODE|node01|SENT|PREVOTE|H=5
TICK000000003159|NET|DELIVER|from=node00|to=node02|tick=32|type=*core.Block
TICK000000003160|NET|DELIVER|from=node02|to=node01|tick=32|type=core.Vote
TICK000000003161|NET|DELIVER|from=node00|to=node00|tick=32|type=core.BlockHeader
TICK000000003162|NET|DELIVER|from=node01|to=node03|tick=32|type=core.Vote
TICK000000003163|NET|DELIVER|from=node01|to=node01|tick=32|type=core.Vote
TICK000000003164|NET|DELIVER|from=node01|to=node02|tick=32|type=core.Vote
TICK000000003165|NET|DELIVER|from=node01|to=node02|tick=32|type=core.Vote
TICK000000003166|NET|DELIVER|from=node03|to=node00|tick=32|type=core.Vote
TICK000000003167|NET|DROP|from=node02|to=node00|lat=1
TICK000000003168|NET|SEND|from=node02|to=node01|deliver_tick=35|type=core.Vote
TICK000000003169|NET|SEND|from=node02|to=node02|deliver_tick=33|type=core.Vote
TICK000000003170|NET|SEND|from=node02|to=node03|deliver_tick=33|type=core.Vote
TICK000000003171|NODE|node02|SENT|PREVOTE|H=5
TICK000000003172|NET|DELIVER|from=node03|to=node01|tick=32|type=core.Vote
TICK000000003173|NET|DELIVER|from=node03|to=node00|tick=32|type=core.Vote
TICK000000003174|NODE|node00|RECV|VOTE|from=node03|H=5|phase=PREVOTE
TICK000000003175|NODE|node03|RECV|VOTE|from=node01|H=5|phase=PRECOMMIT
TICK000000003176|NODE|node01|RECV|VOTE|from=node02|H=5|phase=PREVOTE
TICK000000003177|NET|SEND|from=node00|to=node03|deliver_tick=34|type=core.Vote
TICK000000003178|NET|SEND|from=node00|to=node00|deliver_tick=34|type=core.Vote
TICK000000003179|NODE|node01|RECV|VOTE|from=node01|H=5|phase=PRECOMMIT
TICK000000003180|NODE|node02|RECV|VOTE|from=node01|H=5|phase=PRECOMMIT
TICK000000003181|NET|DELIVER|from=node00|to=node00|tick=32|type=*core.Block
TICK000000003182|NET|SEND|from=node00|to=node01|deliver_tick=34|type=core.Vote
TICK000000003183|NET|SEND|from=node00|to=node02|deliver_tick=33|type=core.Vote
TICK000000003184|NODE|node00|SENT|PRECOMMIT|H=5
TICK000000003185|NODE|node00|RECV|VOTE|from=node00|H=5|phase=PREVOTE
TICK000000003186|NODE|node02|RECV|VOTE|from=node01|H=5|phase=PRECOMMIT
TICK000000003187|NODE|node01|RECV|VOTE|from=node03|H=5|phase=PRECOMMIT
TICK000000003188|NET|SEND|from=node00|to=node00|deliver_tick=33|type=core.BlockHeader
TICK000000003189|NET|SEND|from=node00|to=node01|deliver_tick=34|type=core.BlockHeader
TICK000000003190|NET|SEND|from=node00|to=node02|deliver_tick=34|type=core.BlockHeader
TICK000000003191|NET|SEND|from=node00|to=node03|deliver_tick=33|type=core.BlockHeader
TICK000000003192|NODE|node00|PROPOSE|H=5
TICK000000003193|NODE|node00|RECV|VOTE|from=node01|H=5|phase=PREVOTE
TICK000000003194|NODE|node00|RECV|HEADER|from=node00|H=5
TICK000000003195|NET|SEND|from=node00|to=node00|deliver_tick=33|type=core.Vote
TICK000000003196|NET|DUP|from=node00|to=node00|tick=33
TICK000000003197|NET|SEND|from=node00|to=node01|deliver_tick=33|type=core.Vote
TICK000000003198|NET|SEND|from=node00|to=node02|deliver_tick=34|type=core.Vote
TICK000000003199|NET|SEND|from=node00|to=node03|deliver_tick=35|type=core.Vote
TICK000000003200|NODE|node00|SENT|PREVOTE|H=5
TICK000000003201|NODE|node00|RECV|VOTE|from=node03|H=5|phase=PRECOMMIT
TICK000000003202|NODE|node00|RECV|VOTE|from=node03|H=5|phase=PREVOTE
TICK000000003203|NODE|node00|RECV|BLOCK|from=node00|H=5|txs=1
TICK000000003204|NET|SEND|from=node00|to=node03|deliver_tick=33|type=core.Vote
TICK000000003205|NET|SEND|from=node00|to=node00|deliver_tick=34|type=core.Vote
TICK000000003206|NET|SEND|from=node00|to=node01|deliver_tick=33|type=core.Vote
TICK000000003207|NET|SEND|from=node00|to=node02|deliver_tick=34|type=core.Vote
TICK000000003208|NODE|node00|SENT|PREVOTE|H=5
TICK000000003209|NET|SEND|from=node00|to=node01|deliver_tick=34|type=*core.Block
TICK000000003210|NET|DUP|from=node00|to=node01|tick=34
TICK000000003211|NET|SEND|from=node00|to=node02|deliver_tick=33|type=*core.Block
TICK000000003212|NET|DROP|from=node00|to=node03|lat=2
TICK000000003213|NET|SEND|from=node00|to=node00|deliver_tick=35|type=*core.Block
TICK000000003214|NET|DELIVER|from=node03|to=node03|tick=33|type=core.Vote
TICK000000003215|NODE|node03|RECV|VOTE|from=node03|H=5|phase=PREVOTE
TICK000000003216|NET|DELIVER|from=node03|to=node02|tick=33|type=core.Vote
TICK000000003217|NET|DELIVER|from=node01|to=node00|tick=33|type=core.Vote
TICK000000003218|NET|DELIVER|from=node01|to=node02|tick=33|type=core.Vote
TICK000000003219|NET|DELIVER|from=node00|to=node00|tick=33|type=*core.Block
TICK000000003220|NET|DELIVER|from=node02|to=node00|tick=33|type=core.Vote
TICK000000003221|NET|DELIVER|from=node02|to=node03|tick=33|type=core.Vote
TICK000000003222|NET|DELIVER|from=node00|to=node03|tick=33|type=core.BlockHeader
TICK000000003223|NET|DELIVER|from=node03|to=node03|tick=33|type=core.Vote
TICK000000003224|NET|DELIVER|from=node03|to=node03|tick=33|type=core.Vote
TICK000000003225|NET|DELIVER|from=node00|to=node01|tick=33|type=*core.Block
TICK000000003226|NET|DELIVER|from=node02|to=node02|tick=33|type=core.Vote
TICK000000003227|NET|DELIVER|from=node02|to=node03|tick=33|type=core.Vote
TICK000000003228|NET|DELIVER|from=node03|to=node02|tick=33|type=core.Vote
TICK000000003229|NET|DELIVER|from=node03|to=node03|tick=33|type=core.Vote
TICK000000003230|NET|DELIVER|from=node00|to=node03|tick=33|type=core.Vote
TICK000000003231|NET|DELIVER|from=node01|to=node00|tick=33|type=core.Vote
TICK000000003232|NET|DELIVER|from=node01|to=node01|tick=33|type=core.Vote
TICK000000003233|NODE|node01|RECV|BLOCK|from=node00|H=5|txs=1
TICK000000003234|NODE|node02|RECV|VOTE|from=node03|H=5|phase=PREVOTE
TICK000000003235|NET|DELIVER|from=node01|to=node03|tick=33|type=core.Vote
TICK000000003236|NODE|node00|RECV|VOTE|from=node01|H=5|phase=PREVOTE
TICK000000003237|NODE|node03|RECV|VOTE|from=node02|H=5|phase=PREVOTE
TICK000000003238|NODE|node02|RECV|VOTE|from=node01|H=5|phase=PREVOTE
TICK000000003239|NODE|node00|RECV|BLOCK|from=node00|H=5|txs=1
TICK000000003240|NET|SEND|from=node01|to=node00|deliver_tick=36|type=core.Vote
TICK000000003241|NET|SEND|from=node01|to=node01|deliver_tick=36|type=core.Vote
TICK000000003242|NODE|node02|RECV|VOTE|from=node02|H=5|phase=PREVOTE
TICK000000003243|NODE|node03|RECV|HEADER|from=node00|H=5
TICK000000003244|NET|SEND|from=node01|to=node02|deliver_tick=35|type=core.Vote
TICK000000003245|NET|SEND|from=node01|to=node03|deliver_tick=35|type=core.Vote
TICK000000003246|NODE|node01|SENT|PREVOTE|H=5
TICK000000003247|NODE|node02|RECV|VOTE|from=node03|H=5|phase=PREVOTE
TICK000000003248|NODE|node01|RECV|VOTE|from=node01|H=5|phase=PREVOTE
TICK000000003249|NET|DELIVER|from=node01|to=node00|tick=33|type=core.Vote
TICK000000003250|NET|SEND|from=node00|to=node00|deliver_tick=35|type=core.Vote
TICK000000003251|NET|SEND|from=node00|to=node01|deliver_tick=35|type=core.Vote
TICK000000003252|NET|DROP|from=node00|to=node02|lat=3
TICK000000003253|NET|SEND|from=node00|to=node03|deliver_tick=36|type=core.Vote
TICK000000003254|NODE|node00|SENT|PREVOTE|H=5
TICK000000003255|NODE|node00|RECV|VOTE|from=node02|H=5|phase=PREVOTE
TICK000000003256|NET|DELIVER|from=node01|to=node01|tick=33|type=core.Vote
TICK000000003257|NODE|node00|RECV|VOTE|from=node01|H=5|phase=PREVOTE
TICK000000003258|NET|SEND|from=node03|to=node03|deliver_tick=35|type=core.Vote
TICK000000003259|NODE|node01|RECV|VOTE|from=node01|H=5|phase=PREVOTE
TICK000000003260|NET|DUP|from=node03|to=node03|tick=35
TICK000000003261|NET|SEND|from=node03|to=node00|deliver_tick=35|type=core.Vote
TICK000000003262|NODE|node00|RECV|VOTE|from=node01|H=5|phase=PREVOTE
TICK000000003263|NET|SEND|from=node03|to=node01|deliver_tick=36|type=core.Vote
TICK000000003264|NET|DROP|from=node03|to=node02|lat=2
TICK000000003265|NODE|node03|SENT|PREVOTE|H=5
TICK000000003266|NODE|node03|RECV|VOTE|from=node03|H=5|phase=PRECOMMIT
TICK000000003267|NODE|node02|RECV|VOTE|from=node02|H=5|phase=PREVOTE
TICK000000003268|NET|DELIVER|from=node02|to=node02|tick=33|type=core.Vote
TICK000000003269|NET|DELIVER|from=node02|to=node03|tick=33|type=core.Vote
TICK000000003270|NET|DELIVER|from=node00|to=node02|tick=33|type=core.Vote
TICK000000003271|NODE|node03|RECV|VOTE|from=node03|H=5|phase=PREVOTE
TICK000000003272|NET|DELIVER|from=node00|to=node00|tick=33|type=core.BlockHeader
TICK000000003273|NET|DELIVER|from=node00|to=node03|tick=33|type=core.BlockHeader
TICK000000003274|NET|DELIVER|from=node00|to=node00|tick=33|type=core.Vote
TICK000000003275|NET|DELIVER|from=node00|to=node00|tick=33|type=core.Vote
TICK000000003276|NET|DELIVER|from=node00|to=node01|tick=33|type=core.Vote
TICK000000003277|NODE|node01|RECV|VOTE|from=node00|H=5|phase=PREVOTE
TICK000000003278|NODE|node00|RECV|HEADER|from=node00|H=5
TICK000000003279|NODE|node02|RECV|VOTE|from=node00|H=5|phase=PRECOMMIT
TICK000000003280|NODE|node03|RECV|VOTE|from=node02|H=5|phase=PREVOTE
TICK000000003281|NET|DELIVER|from=node00|to=node03|tick=33|type=core.Vote
TICK000000003282|NET|SEND|from=node00|to=node00|deliver_tick=34|type=core.Vote
TICK000000003283|NET|DROP|from=node00|to=node01|lat=1
TICK000000003284|NET|SEND|from=node00|to=node02|deliver_tick=34|type=core.Vote
TICK000000003285|NET|SEND|from=node00|to=node03|deliver_tick=36|type=core.Vote
TICK000000003286|NODE|node00|SENT|PREVOTE|H=5
TICK000000003287|NODE|node03|RECV|VOTE|from=node03|H=5|phase=PREVOTE
TICK000000003288|NODE|node00|RECV|VOTE|from=node00|H=5|phase=PREVOTE
TICK000000003289|NET|DELIVER|from=node00|to=node01|tick=33|type=core.Vote
TICK000000003290|NODE|node03|RECV|VOTE|from=node00|H=5|phase=PREVOTE
TICK000000003291|NET|DELIVER|from=node00|to=node02|tick=33|type=*core.Block
TICK000000003292|NODE|node02|RECV|BLOCK|from=node00|H=5|txs=1
TICK000000003293|NODE|node03|RECV|VOTE|from=node01|H=5|phase=PREVOTE
TICK000000003294|NODE|node01|RECV|VOTE|from=node00|H=5|phase=PREVOTE
TICK000000003295|NODE|node03|RECV|VOTE|from=node02|H=5|phase=PREVOTE
TICK000000003296|NODE|node00|RECV|VOTE|from=node00|H=5|phase=PREVOTE
TICK000000003297|NET|SEND|from=node00|to=node00|deliver_tick=36|type=core.BlockHeader
TICK000000003298|NET|SEND|from=node00|to=node01|deliver_tick=34|type=core.BlockHeader
TICK000000003299|NET|SEND|from=node00|to=node02|deliver_tick=34|type=core.BlockHeader
TICK000000003300|NET|SEND|from=node00|to=node03|deliver_tick=35|type=core.BlockHeader
TICK000000003301|NODE|node03|RECV|HEADER|from=node00|H=5
TICK000000003302|NODE|node00|PROPOSE|H=5
TICK000000003303|NET|SEND|from=node02|to=node01|deliver_tick=34|type=core.Vote
TICK000000003304|NET|SEND|from=node02|to=node02|deliver_tick=34|type=core.Vote
TICK000000003305|NET|SEND|from=node02|to=node03|deliver_tick=35|type=core.Vote
TICK000000003306|NET|SEND|from=node02|to=node00|deliver_tick=34|type=core.Vote
TICK000000003307|NODE|node02|SENT|PREVOTE|H=5
TICK000000003308|NET|SEND|from=node03|to=node00|deliver_tick=36|type=core.Vote
TICK000000003309|NET|SEND|from=node03|to=node01|deliver_tick=34|type=core.Vote
TICK000000003310|NET|SEND|from=node03|to=node02|deliver_tick=34|type=core.Vote
TICK000000003311|NET|SEND|from=node03|to=node03|deliver_tick=35|type=core.Vote
TICK000000003312|NET|DUP|from=node03|to=node03|tick=35
TICK000000003313|NODE|node03|SENT|PREVOTE|H=5
TICK000000003314|NODE|node03|RECV|VOTE|from=node00|H=5|phase=PREVOTE
TICK000000003315|NET|SEND|from=node00|to=node00|deliver_tick=35|type=*core.Block
TICK000000003316|NET|SEND|from=node00|to=node01|deliver_tick=35|type=*core.Block
TICK000000003317|NET|SEND|from=node00|to=node02|deliver_tick=35|type=*core.Block
TICK000000003318|NET|SEND|from=node00|to=node03|deliver_tick=35|type=*core.Block
TICK000000003319|NET|DELIVER|from=node02|to=node02|tick=34|type=core.Vote
TICK000000003320|NET|DELIVER|from=node00|to=node01|tick=34|type=core.BlockHeader
TICK000000003321|NODE|node01|RECV|HEADER|from=node00|H=5
TICK000000003322|NODE|node02|RECV|VOTE|from=node02|H=5|phase=PREVOTE
TICK000000003323|NET|DELIVER|from=node00|to=node02|tick=34|type=core.BlockHeader
TICK000000003324|NET|DELIVER|from=node03|to=node00|tick=34|type=core.Vote
TICK000000003325|NET|DELIVER|from=node03|to=node02|tick=34|type=core.Vote
TICK000000003326|NET|DELIVER|from=node03|to=node03|tick=34|type=core.Vote
TICK000000003327|NET|DELIVER|from=node01|to=node00|tick=34|type=core.Vote
TICK000000003328|NODE|node03|RECV|VOTE|from=node03|H=5|phase=PREVOTE
TICK000000003329|NET|DELIVER|from=node03|to=node02|tick=34|type=core.Vote
TICK000000003330|NODE|node00|RECV|VOTE|from=node03|H=5|phase=PREVOTE
TICK000000003331|NODE|node02|RECV|HEADER|from=node00|H=5
TICK000000003332|NET|SEND|from=node01|to=node02|deliver_tick=35|type=core.Vote
TICK000000003333|NET|SEND|from=node01|to=node03|deliver_tick=36|type=core.Vote
TICK000000003334|NET|SEND|from=node01|to=node00|deliver_tick=36|type=core.Vote
TICK000000003335|NET|SEND|from=node01|to=node01|deliver_tick=36|type=core.Vote
TICK000000003336|NODE|node01|SENT|PREVOTE|H=5
TICK000000003337|NODE|node00|RECV|VOTE|from=node01|H=5|phase=PRECOMMIT
TICK000000003338|NET|DELIVER|from=node03|to=node01|tick=34|type=core.Vote
TICK000000003339|NET|DELIVER|from=node03|to=node02|tick=34|type=core.Vote
TICK000000003340|NET|DELIVER|from=node00|to=node02|tick=34|type=*core.Block
TICK000000003341|NODE|node01|RECV|VOTE|from=node03|H=5|phase=PREVOTE
TICK000000003342|NET|SEND|from=node02|to=node02|deliver_tick=36|type=core.Vote
TICK000000003343|NET|SEND|from=node02|to=node03|deliver_tick=37|type=core.Vote
TICK000000003344|NET|SEND|from=node02|to=node00|deliver_tick=36|type=core.Vote
TICK000000003345|NET|SEND|from=node02|to=node01|deliver_tick=36|type=core.Vote
TICK000000003346|NODE|node02|SENT|PREVOTE|H=5
TICK000000003347|NET|DELIVER|from=node00|to=node03|tick=34|type=*core.Block
TICK000000003348|NET|DELIVER|from=node00|to=node03|tick=34|type=*core.Block
TICK000000003349|NET|DELIVER|from=node01|to=node00|tick=34|type=core.Vote
TICK000000003350|NET|DELIVER|from=node01|to=node01|tick=34|type=core.Vote
TICK000000003351|NET|DELIVER|from=node00|to=node00|tick=34|type=core.Vote
TICK000000003352|NET|DELIVER|from=node00|to=node01|tick=34|type=core.Vote
TICK000000003353|NET|DELIVER|from=node00|to=node02|tick=34|type=core.Vote
TICK000000003354|NODE|node03|RECV|BLOCK|from=node00|H=5|txs=1
TICK000000003355|NODE|node00|RECV|VOTE|from=node01|H=5|phase=PREVOTE
TICK000000003356|NODE|node02|RECV|VOTE|from=node03|H=5|phase=PREVOTE
TICK000000003357|NET|DELIVER|from=node01|to=node02|tick=34|type=core.Vote
TICK000000003358|NET|DELIVER|from=node00|to=node03|tick=34|type=core.Vote
TICK000000003359|NET|DELIVER|from=node02|to=node03|tick=34|type=core.Vote
TICK000000003360|NODE|node01|RECV|VOTE|from=node01|H=5|phase=PREVOTE
TICK000000003361|NODE|node00|RECV|VOTE|from=node00|H=5|phase=PREVOTE
TICK000000003362|NET|DELIVER|from=node00|to=node03|tick=34|type=core.Vote
TICK000000003363|NET|DELIVER|from=node00|to=node00|tick=34|type=core.Vote
TICK000000003364|NET|DELIVER|from=node00|to=node01|tick=34|type=core.Vote
TICK000000003365|NET|DELIVER|from=node00|to=node01|tick=34|type=core.BlockHeader
TICK000000003366|NET|DELIVER|from=node00|to=node02|tick=34|type=core.BlockHeader
TICK000000003367|NET|DELIVER|from=node00|to=node02|tick=34|type=core.Vote
TICK000000003368|NET|DELIVER|from=node00|to=node00|tick=34|type=core.Vote
TICK000000003369|NET|DELIVER|from=node00|to=node02|tick=34|type=core.Vote
TICK000000003370|NET|DELIVER|from=node00|to=node01|tick=34|type=*core.Block
TICK000000003371|NET|DELIVER|from=node00|to=node01|tick=34|type=*core.Block
TICK000000003372|NET|DELIVER|from=node00|to=node00|tick=34|type=core.Vote
TICK000000003373|NET|DROP|from=node03|to=node00|lat=1
TICK000000003374|NET|SEND|from=node03|to=node01|deliver_tick=35|type=core.Vote
TICK000000003375|NET|DUP|from=node03|to=node01|tick=35
TICK000000003376|NET|SEND|from=node03|to=node02|deliver_tick=36|type=core.Vote
TICK000000003377|NET|SEND|from=node03|to=node03|deliver_tick=35|type=core.Vote
TICK000000003378|NODE|node03|SENT|PREVOTE|H=5
TICK000000003379|NODE|node03|RECV|BLOCK|from=node00|H=5|txs=1
TICK000000003380|NODE|node01|RECV|VOTE|from=node00|H=5|phase=PREVOTE
TICK000000003381|NODE|node02|RECV|VOTE|from=node03|H=5|phase=PRECOMMIT
TICK000000003382|NODE|node00|RECV|VOTE|from=node00|H=5|phase=PRECOMMIT
TICK000000003383|NODE|node01|RECV|VOTE|from=node00|H=5|phase=PRECOMMIT
TICK000000003384|NODE|node02|FINALIZED|H=5
TICK000000003385|NET|SEND|from=node03|to=node00|deliver_tick=36|type=core.Vote
TICK000000003386|NET|SEND|from=node03|to=node01|deliver_tick=36|type=core.Vote
TICK000000003387|NODE|node00|FINALIZED|H=5
TICK000000003388|NODE|node00|RECV|VOTE|from=node00|H=5|phase=PREVOTE
TICK000000003389|NODE|node01|FINALIZED|H=5
TICK000000003390|NODE|node01|RECV|HEADER|from=node00|H=5
TICK000000003391|NET|DELIVER|from=node00|to=node02|tick=34|type=core.Vote
TICK000000003392|NODE|node02|RECV|VOTE|from=node03|H=5|phase=PREVOTE
TICK000000003393|NET|SEND|from=node03|to=node02|deliver_tick=35|type=core.Vote
TICK000000003394|NET|SEND|from=node03|to=node03|deliver_tick=35|type=core.Vote
TICK000000003395|NODE|node00|RECV|VOTE|from=node00|H=5|phase=PREVOTE
TICK000000003396|NODE|node01|RECV|HEADER|bad_parent|H=5
TICK000000003397|NODE|node01|RECV|BLOCK|from=node00|H=5|txs=1
TICK000000003398|NODE|node02|RECV|BLOCK|from=node00|H=5|txs=1
TICK000000003399|NET|DUP|from=node03|to=node03|tick=35
TICK000000003400|NODE|node03|SENT|PREVOTE|H=5
TICK000000003401|NET|DELIVER|from=node00|to=node01|tick=34|type=core.BlockHeader
TICK000000003402|NET|DELIVER|from=node00|to=node02|tick=34|type=core.BlockHeader
TICK000000003403|NET|DELIVER|from=node02|to=node01|tick=34|type=core.Vote
TICK000000003404|NET|DELIVER|from=node02|to=node02|tick=34|type=core.Vote
TICK000000003405|NODE|node01|RECV|BLOCK|bad_parent|H=5
TICK000000003406|NODE|node01|RECV|BLOCK|from=node00|H=5|txs=1
TICK000000003407|NODE|node03|RECV|VOTE|from=node00|H=5|phase=PREVOTE
TICK000000003408|NET|DELIVER|from=node02|to=node00|tick=34|type=core.Vote
TICK000000003409|NET|DELIVER|from=node03|to=node01|tick=34|type=core.Vote
TICK000000003410|NET|DELIVER|from=node03|to=node02|tick=34|type=core.Vote
TICK000000003411|NODE|node00|RECV|VOTE|from=node02|H=5|phase=PREVOTE
TICK000000003412|NODE|node02|RECV|BLOCK|bad_parent|H=5
TICK000000003413|NODE|node02|RECV|VOTE|from=node00|H=5|phase=PREVOTE
TICK000000003414|NODE|node01|RECV|BLOCK|bad_parent|H=5
TICK000000003415|NODE|node01|RECV|HEADER|from=node00|H=5
TICK000000003416|NET|SEND|from=node01|to=node01|deliver_tick=35|type=core.BlockHeader
TICK000000003417|NET|SEND|from=node01|to=node02|deliver_tick=36|type=core.BlockHeader
TICK000000003418|NET|SEND|from=node01|to=node03|deliver_tick=36|type=core.BlockHeader
TICK000000003419|NET|SEND|from=node01|to=node00|deliver_tick=37|type=core.BlockHeader
TICK000000003420|NODE|node03|RECV|VOTE|from=node02|H=5|phase=PRECOMMIT
TICK000000003421|NODE|node02|RECV|VOTE|from=node01|H=5|phase=PREVOTE
TICK000000003422|NODE|node01|PROPOSE|H=6
TICK000000003423|SIM|TICK=34|DONE|finalized_by_majority=3
TICK000000003424|SIM|TICKS=34|END
TICK000000003425|NODE|node03|FINALIZED|H=5
TICK000000003426|NODE|node03|RECV|VOTE|from=node00|H=5|phase=PRECOMMIT
TICK000000003427|NODE|node01|RECV|HEADER|bad_parent|H=5
TICK000000003428|NODE|node01|RECV|VOTE|from=node02|H=5|phase=PREVOTE
TICK000000003429|NODE|node02|RECV|HEADER|from=node00|H=5
TICK000000003430|STATE|node=node00|{
  "node00/k": "v5",
  "node01/k": "v2",
  "node02/k": "v3",
  "node03/k": "v4"
}
