TICK000000000000|NET|SEND|from=node00|to=node00|deliver_tick=4|type=core.BlockHeader
TICK000000000001|NET|DROP|from=node00|to=node01|lat=1
TICK000000000002|NET|SEND|from=node00|to=node02|deliver_tick=3|type=core.BlockHeader
TICK000000000003|NET|SEND|from=node00|to=node03|deliver_tick=4|type=core.BlockHeader
TICK000000000004|NODE|node00|PROPOSE|H=1
TICK000000000005|NET|SEND|from=node00|to=node00|deliver_tick=5|type=core.BlockHeader
TICK000000000006|NET|SEND|from=node00|to=node01|deliver_tick=5|type=core.BlockHeader
TICK000000000007|NET|SEND|from=node00|to=node02|deliver_tick=5|type=core.BlockHeader
TICK000000000008|NET|SEND|from=node00|to=node03|deliver_tick=4|type=core.BlockHeader
TICK000000000009|NODE|node00|PROPOSE|H=1
TICK000000000010|NET|SEND|from=node00|to=node00|deliver_tick=3|type=*core.Block
TICK000000000011|NET|DUP|from=node00|to=node00|tick=3
TICK000000000012|NET|SEND|from=node00|to=node01|deliver_tick=5|type=*core.Block
TICK000000000013|NET|SEND|from=node00|to=node02|deliver_tick=5|type=*core.Block
TICK000000000014|NET|SEND|from=node00|to=node03|deliver_tick=4|type=*core.Block
TICK000000000015|NET|DELIVER|from=node00|to=node02|tick=3|type=core.BlockHeader
TICK000000000016|NET|DELIVER|from=node00|to=node00|tick=3|type=*core.Block
TICK000000000017|NODE|node02|RECV|HEADER|from=node00|H=1
TICK000000000018|NET|DELIVER|from=node00|to=node00|tick=3|type=*core.Block
TICK000000000019|NET|SEND|from=node00|to=node00|deliver_tick=5|type=core.BlockHeader
TICK000000000020|NET|SEND|from=node00|to=node01|deliver_tick=4|type=core.BlockHeader
TICK000000000021|NET|SEND|from=node00|to=node02|deliver_tick=5|type=core.BlockHeader
TICK000000000022|NET|SEND|from=node00|to=node03|deliver_tick=6|type=core.BlockHeader
TICK000000000023|NODE|node00|PROPOSE|H=1
TICK000000000024|NODE|node00|RECV|BLOCK|from=node00|H=1|txs=1
TICK000000000025|NET|SEND|from=node02|to=node01|deliver_tick=4|type=core.Vote
TICK000000000026|NET|SEND|from=node02|to=node02|deliver_tick=5|type=core.Vote
TICK000000000027|NET|SEND|from=node02|to=node03|deliver_tick=4|type=core.Vote
TICK000000000028|NET|SEND|from=node02|to=node00|deliver_tick=4|type=core.Vote
TICK000000000029|NET|DUP|from=node02|to=node00|tick=4
TICK000000000030|NODE|node02|SENT|PREVOTE|H=1
TICK000000000031|NET|SEND|from=node00|to=node00|deliver_tick=6|type=core.Vote
TICK000000000032|NET|SEND|from=node00|to=node01|deliver_tick=4|type=core.Vote
TICK000000000033|NET|SEND|from=node00|to=node02|deliver_tick=5|type=core.Vote
TICK000000000034|NET|SEND|from=node00|to=node03|deliver_tick=5|type=core.Vote
TICK000000000035|NODE|node00|SENT|PREVOTE|H=1
TICK000000000036|NODE|node00|RECV|BLOCK|from=node00|H=1|txs=1
TICK000000000037|NET|SEND|from=node00|to=node03|deliver_tick=6|type=core.Vote
TICK000000000038|NET|SEND|from=node00|to=node00|deliver_tick=5|type=core.Vote
TICK000000000039|NET|SEND|from=node00|to=node01|deliver_tick=6|type=core.Vote
TICK000000000040|NET|SEND|from=node00|to=node02|deliver_tick=4|type=core.Vote
TICK000000000041|NODE|node00|SENT|PREVOTE|H=1
TICK000000000042|NET|SEND|from=node00|to=node00|deliver_tick=5|type=*core.Block
TICK000000000043|NET|SEND|from=node00|to=node01|deliver_tick=6|type=*core.Block
TICK000000000044|NET|SEND|from=node00|to=node02|deliver_tick=5|type=*core.Block
TICK000000000045|NET|SEND|from=node00|to=node03|deliver_tick=5|type=*core.Block
TICK000000000046|NET|DELIVER|from=node00|to=node00|tick=4|type=core.BlockHeader
TICK000000000047|NET|DELIVER|from=node00|to=node03|tick=4|type=core.BlockHeader
TICK000000000048|NET|DELIVER|from=node00|to=node03|tick=4|type=core.BlockHeader
TICK000000000049|NET|DELIVER|from=node00|to=node03|tick=4|type=*core.Block
TICK000000000050|NET|DELIVER|from=node00|to=node01|tick=4|type=core.BlockHeader
TICK000000000051|NET|DELIVER|from=node02|to=node01|tick=4|type=core.Vote
TICK000000000052|NET|DELIVER|from=node02|to=node03|tick=4|type=core.Vote
TICK000000000053|NET|DELIVER|from=node02|to=node00|tick=4|type=core.Vote
TICK000000000054|NET|DELIVER|from=node02|to=node00|tick=4|type=core.Vote
TICK000000000055|NET|DELIVER|from=node00|to=node01|tick=4|type=core.Vote
TICK000000000056|NET|DELIVER|from=node00|to=node02|tick=4|type=core.Vote
TICK000000000057|NODE|node00|RECV|HEADER|from=node00|H=1
TICK000000000058|NODE|node03|RECV|HEADER|from=node00|H=1
TICK000000000059|NODE|node01|RECV|HEADER|from=node00|H=1
TICK000000000060|NODE|node02|RECV|VOTE|from=node00|H=1|phase=PREVOTE
TICK000000000061|NET|SEND|from=node00|to=node00|deliver_tick=7|type=core.BlockHeader
TICK000000000062|NET|SEND|from=node00|to=node01|deliver_tick=7|type=core.BlockHeader
TICK000000000063|NET|DUP|from=node00|to=node01|tick=7
TICK000000000064|NET|SEND|from=node00|to=node02|deliver_tick=5|type=core.BlockHeader
TICK000000000065|NET|SEND|from=node00|to=node03|deliver_tick=7|type=core.BlockHeader
TICK000000000066|NODE|node00|PROPOSE|H=1
TICK000000000067|NET|SEND|from=node03|to=node00|deliver_tick=7|type=core.Vote
TICK000000000068|NET|SEND|from=node03|to=node01|deliver_tick=7|type=core.Vote
TICK000000000069|NET|SEND|from=node03|to=node02|deliver_tick=7|type=core.Vote
TICK000000000070|NET|DROP|from=node03|to=node03|lat=1
TICK000000000071|NODE|node03|SENT|PREVOTE|H=1
TICK000000000072|NODE|node03|RECV|HEADER|from=node00|H=1
TICK000000000073|NET|SEND|from=node01|to=node00|deliver_tick=5|type=core.Vote
TICK000000000074|NET|SEND|from=node01|to=node01|deliver_tick=7|type=core.Vote
TICK000000000075|NET|SEND|from=node01|to=node02|deliver_tick=6|type=core.Vote
TICK000000000076|NET|SEND|from=node01|to=node03|deliver_tick=7|type=core.Vote
TICK000000000077|NODE|node01|SENT|PREVOTE|H=1
TICK000000000078|NODE|node01|RECV|VOTE|from=node02|H=1|phase=PREVOTE
TICK000000000079|NET|SEND|from=node03|to=node03|deliver_tick=7|type=core.Vote
TICK000000000080|NET|SEND|from=node03|to=node00|deliver_tick=7|type=core.Vote
TICK000000000081|NET|SEND|from=node03|to=node01|deliver_tick=6|type=core.Vote
TICK000000000082|NET|SEND|from=node03|to=node02|deliver_tick=7|type=core.Vote
TICK000000000083|NODE|node03|SENT|PREVOTE|H=1
TICK000000000084|NET|SEND|from=node00|to=node01|deliver_tick=6|type=core.Vote
TICK000000000085|NET|DUP|from=node00|to=node01|tick=6
TICK000000000086|NET|SEND|from=node00|to=node02|deliver_tick=5|type=core.Vote
TICK000000000087|NODE|node03|RECV|BLOCK|from=node00|H=1|txs=1
TICK000000000088|NODE|node01|RECV|VOTE|from=node00|H=1|phase=PREVOTE
TICK000000000089|NET|SEND|from=node00|to=node03|deliver_tick=5|type=core.Vote
TICK000000000090|NET|SEND|from=node00|to=node00|deliver_tick=6|type=core.Vote
TICK000000000091|NODE|node00|SENT|PREVOTE|H=1
TICK000000000092|NODE|node00|RECV|VOTE|from=node02|H=1|phase=PREVOTE
TICK000000000093|NET|SEND|from=node03|to=node00|deliver_tick=6|type=core.Vote
TICK000000000094|NET|SEND|from=node03|to=node01|deliver_tick=5|type=core.Vote
TICK000000000095|NET|SEND|from=node03|to=node02|deliver_tick=5|type=core.Vote
TICK000000000096|NODE|node00|RECV|VOTE|from=node02|H=1|phase=PREVOTE
TICK000000000097|NET|SEND|from=node03|to=node03|deliver_tick=7|type=core.Vote
TICK000000000098|NODE|node03|SENT|PREVOTE|H=1
TICK000000000099|NODE|node03|RECV|VOTE|from=node02|H=1|phase=PREVOTE
TICK000000000100|NET|SEND|from=node00|to=node00|deliver_tick=5|type=*core.Block
TICK000000000101|NET|SEND|from=node00|to=node01|deliver_tick=5|type=*core.Block
TICK000000000102|NET|SEND|from=node00|to=node02|deliver_tick=7|type=*core.Block
TICK000000000103|NET|SEND|from=node00|to=node03|deliver_tick=6|type=*core.Block
TICK000000000104|NET|DELIVER|from=node00|to=node00|tick=5|type=core.BlockHeader
TICK000000000105|NET|DELIVER|from=node00|to=node01|tick=5|type=core.BlockHeader
TICK000000000106|NET|DELIVER|from=node00|to=node02|tick=5|type=core.BlockHeader
TICK000000000107|NODE|node00|RECV|HEADER|from=node00|H=1
TICK000000000108|NET|DELIVER|from=node00|to=node01|tick=5|type=*core.Block
TICK000000000109|NET|DELIVER|from=node00|to=node02|tick=5|type=*core.Block
TICK000000000110|NET|DELIVER|from=node00|to=node00|tick=5|type=core.BlockHeader
TICK000000000111|NET|DELIVER|from=node00|to=node02|tick=5|type=core.BlockHeader
TICK000000000112|NET|DELIVER|from=node02|to=node02|tick=5|type=core.Vote
TICK000000000113|NET|DELIVER|from=node00|to=node02|tick=5|type=core.Vote
TICK000000000114|NET|DELIVER|from=node00|to=node03|tick=5|type=core.Vote
TICK000000000115|NET|DELIVER|from=node00|to=node00|tick=5|type=core.Vote
TICK000000000116|NET|DELIVER|from=node00|to=node00|tick=5|type=*core.Block
TICK000000000117|NET|DELIVER|from=node00|to=node02|tick=5|type=*core.Block
TICK000000000118|NET|DELIVER|from=node00|to=node03|tick=5|type=*core.Block
TICK000000000119|NET|DELIVER|from=node00|to=node02|tick=5|type=core.BlockHeader
TICK000000000120|NET|DELIVER|from=node01|to=node00|tick=5|type=core.Vote
TICK000000000121|NET|DELIVER|from=node00|to=node02|tick=5|type=core.Vote
TICK000000000122|NODE|node03|RECV|VOTE|from=node00|H=1|phase=PREVOTE
TICK000000000123|NODE|node02|RECV|HEADER|from=node00|H=1
TICK000000000124|NET|DELIVER|from=node00|to=node03|tick=5|type=core.Vote
TICK000000000125|NODE|node01|RECV|HEADER|from=node00|H=1
TICK000000000126|NET|SEND|from=node00|to=node00|deliver_tick=6|type=core.Vote
TICK000000000127|NET|SEND|from=node00|to=node01|deliver_tick=6|type=core.Vote
TICK000000000128|NET|SEND|from=node00|to=node02|deliver_tick=8|type=core.Vote
TICK000000000129|NET|SEND|from=node00|to=node03|deliver_tick=6|type=core.Vote
TICK000000000130|NODE|node00|SENT|PREVOTE|H=1
TICK000000000131|NET|DELIVER|from=node03|to=node01|tick=5|type=core.Vote
TICK000000000132|NODE|node03|RECV|BLOCK|from=node00|H=1|txs=1
TICK000000000133|NODE|node00|RECV|HEADER|from=node00|H=1
TICK000000000134|NET|SEND|from=node02|to=node00|deliver_tick=8|type=core.Vote
TICK000000000135|NET|SEND|from=node02|to=node01|deliver_tick=8|type=core.Vote
TICK000000000136|NET|SEND|from=node02|to=node02|deliver_tick=6|type=core.Vote
TICK000000000137|NET|DROP|from=node02|to=node03|lat=1
TICK000000000138|NODE|node02|SENT|PREVOTE|H=1
TICK000000000139|NODE|node02|RECV|BLOCK|from=node00|H=1|txs=1
TICK000000000140|NET|SEND|from=node00|to=node00|deliver_tick=8|type=core.Vote
TICK000000000141|NET|SEND|from=node00|to=node01|deliver_tick=6|type=core.Vote
TICK000000000142|NET|SEND|from=node00|to=node02|deliver_tick=7|type=core.Vote
TICK000000000143|NET|SEND|from=node00|to=node03|deliver_tick=7|type=core.Vote
TICK000000000144|NODE|node00|SENT|PREVOTE|H=1
TICK000000000145|NODE|node00|RECV|VOTE|from=node00|H=1|phase=PREVOTE
TICK000000000146|NET|SEND|from=node03|to=node00|deliver_tick=6|type=core.Vote
TICK000000000147|NET|SEND|from=node03|to=node01|deliver_tick=8|type=core.Vote
TICK000000000148|NET|SEND|from=node03|to=node02|deliver_tick=6|type=core.Vote
TICK000000000149|NET|SEND|from=node03|to=node03|deliver_tick=6|type=core.Vote
TICK000000000150|NODE|node03|SENT|PREVOTE|H=1
TICK000000000151|NET|SEND|from=node01|to=node00|deliver_tick=8|type=core.Vote
TICK000000000152|NET|SEND|from=node01|to=node01|deliver_tick=8|type=core.Vote
TICK000000000153|NET|SEND|from=node01|to=node02|deliver_tick=6|type=core.Vote
TICK000000000154|NET|SEND|from=node01|to=node03|deliver_tick=7|type=core.Vote
TICK000000000155|NODE|node01|SENT|PREVOTE|H=1
TICK000000000156|NET|SEND|from=node02|to=node00|deliver_tick=6|type=core.Vote
TICK000000000157|NET|SEND|from=node02|to=node01|deliver_tick=7|type=core.Vote
TICK000000000158|NODE|node00|RECV|BLOCK|from=node00|H=1|txs=1
TICK000000000159|NODE|node03|RECV|VOTE|from=node00|H=1|phase=PREVOTE
TICK000000000160|NET|DELIVER|from=node03|to=node02|tick=5|type=core.Vote
TICK000000000161|NODE|node01|RECV|BLOCK|from=node00|H=1|txs=1
TICK000000000162|NET|SEND|from=node02|to=node02|deliver_tick=7|type=core.Vote
TICK000000000163|NET|SEND|from=node02|to=node03|deliver_tick=6|type=core.Vote
TICK000000000164|NODE|node02|SENT|PREVOTE|H=1
TICK000000000165|NODE|node02|RECV|HEADER|from=node00|H=1
TICK000000000166|NET|DELIVER|from=node00|to=node00|tick=5|type=*core.Block
TICK000000000167|NET|SEND|from=node00|to=node01|deliver_tick=7|type=core.Vote
TICK000000000168|NET|SEND|from=node00|to=node02|deliver_tick=6|type=core.Vote
TICK000000000169|NET|SEND|from=node00|to=node03|deliver_tick=8|type=core.Vote
TICK000000000170|NET|SEND|from=node00|to=node00|deliver_tick=6|type=core.Vote
TICK000000000171|NODE|node00|SENT|PREVOTE|H=1
TICK000000000172|NET|DELIVER|from=node00|to=node01|tick=5|type=*core.Block
TICK000000000173|NODE|node00|RECV|VOTE|from=node01|H=1|phase=PREVOTE
TICK000000000174|NET|DROP|from=node01|to=node02|lat=1
TICK000000000175|NET|SEND|from=node01|to=node03|deliver_tick=6|type=core.Vote
TICK000000000176|NET|SEND|from=node01|to=node00|deliver_tick=6|type=core.Vote
TICK000000000177|NET|SEND|from=node01|to=node01|deliver_tick=8|type=core.Vote
TICK000000000178|NODE|node01|SENT|PREVOTE|H=1
TICK000000000179|NODE|node01|RECV|VOTE|from=node03|H=1|phase=PREVOTE
TICK000000000180|NET|SEND|from=node02|to=node03|deliver_tick=6|type=core.Vote
TICK000000000181|NET|SEND|from=node02|to=node00|deliver_tick=6|type=core.Vote
TICK000000000182|NET|SEND|from=node02|to=node01|deliver_tick=8|type=core.Vote
TICK000000000183|NET|SEND|from=node02|to=node02|deliver_tick=8|type=core.Vote
TICK000000000184|NODE|node02|SENT|PREVOTE|H=1
TICK000000000185|NODE|node02|RECV|VOTE|from=node02|H=1|phase=PREVOTE
TICK000000000186|NET|SEND|from=node00|to=node00|deliver_tick=8|type=core.BlockHeader
TICK000000000187|NET|SEND|from=node00|to=node01|deliver_tick=7|type=core.BlockHeader
TICK000000000188|NET|SEND|from=node00|to=node02|deliver_tick=6|type=core.BlockHeader
TICK000000000189|NET|SEND|from=node00|to=node03|deliver_tick=6|type=core.BlockHeader
TICK000000000190|NODE|node00|PROPOSE|H=1
TICK000000000191|NET|SEND|from=node01|to=node02|deliver_tick=7|type=core.Vote
TICK000000000192|NET|SEND|from=node01|to=node03|deliver_tick=6|type=core.Vote
TICK000000000193|NET|SEND|from=node01|to=node00|deliver_tick=7|type=core.Vote
TICK000000000194|NET|SEND|from=node01|to=node01|deliver_tick=7|type=core.Vote
TICK000000000195|NODE|node02|RECV|VOTE|from=node00|H=1|phase=PREVOTE
TICK000000000196|NODE|node01|SENT|PRECOMMIT|H=1
TICK000000000197|NODE|node01|RECV|BLOCK|from=node00|H=1|txs=1
TICK000000000198|NET|DROP|from=node00|to=node02|lat=1
TICK000000000199|NET|SEND|from=node00|to=node03|deliver_tick=6|type=core.Vote
TICK000000000200|NET|SEND|from=node00|to=node00|deliver_tick=8|type=core.Vote
TICK000000000201|NET|SEND|from=node00|to=node01|deliver_tick=7|type=core.Vote
TICK000000000202|NODE|node02|RECV|BLOCK|from=node00|H=1|txs=1
TICK000000000203|NODE|node00|SENT|PRECOMMIT|H=1
TICK000000000204|NODE|node00|RECV|BLOCK|from=node00|H=1|txs=1
TICK000000000205|NET|SEND|from=node01|to=node02|deliver_tick=7|type=core.Vote
TICK000000000206|NET|SEND|from=node01|to=node03|deliver_tick=7|type=core.Vote
TICK000000000207|NET|SEND|from=node01|to=node00|deliver_tick=8|type=core.Vote
TICK000000000208|NET|SEND|from=node01|to=node01|deliver_tick=7|type=core.Vote
TICK000000000209|NODE|node01|SENT|PREVOTE|H=1
TICK000000000210|NET|SEND|from=node02|to=node00|deliver_tick=6|type=core.Vote
TICK000000000211|NET|SEND|from=node02|to=node01|deliver_tick=7|type=core.Vote
TICK000000000212|NET|SEND|from=node02|to=node02|deliver_tick=6|type=core.Vote
TICK000000000213|NET|SEND|from=node02|to=node03|deliver_tick=8|type=core.Vote
TICK000000000214|NODE|node02|SENT|PREVOTE|H=1
TICK000000000215|NODE|node02|RECV|HEADER|from=node00|H=1
TICK000000000216|NET|SEND|from=node00|to=node00|deliver_tick=8|type=core.Vote
TICK000000000217|NET|SEND|from=node00|to=node01|deliver_tick=7|type=core.Vote
TICK000000000218|NET|SEND|from=node00|to=node02|deliver_tick=6|type=core.Vote
TICK000000000219|NET|SEND|from=node00|to=node03|deliver_tick=7|type=core.Vote
TICK000000000220|NODE|node00|SENT|PREVOTE|H=1
TICK000000000221|NET|SEND|from=node02|to=node00|deliver_tick=7|type=core.Vote
TICK000000000222|NET|SEND|from=node02|to=node01|deliver_tick=7|type=core.Vote
TICK000000000223|NET|SEND|from=node02|to=node02|deliver_tick=7|type=core.Vote
TICK000000000224|NET|SEND|from=node02|to=node03|deliver_tick=7|type=core.Vote
TICK000000000225|NODE|node02|SENT|PREVOTE|H=1
TICK000000000226|NODE|node02|RECV|VOTE|from=node00|H=1|phase=PREVOTE
TICK000000000227|NODE|node02|RECV|VOTE|from=node03|H=1|phase=PREVOTE
TICK000000000228|NET|SEND|from=node02|to=node00|deliver_tick=8|type=core.Vote
TICK000000000229|NET|SEND|from=node02|to=node01|deliver_tick=6|type=core.Vote
TICK000000000230|NET|SEND|from=node02|to=node02|deliver_tick=8|type=core.Vote
TICK000000000231|NET|SEND|from=node02|to=node03|deliver_tick=7|type=core.Vote
TICK000000000232|NODE|node02|SENT|PRECOMMIT|H=1
TICK000000000233|NET|SEND|from=node00|to=node00|deliver_tick=8|type=*core.Block
TICK000000000234|NET|SEND|from=node00|to=node01|deliver_tick=7|type=*core.Block
TICK000000000235|NET|SEND|from=node00|to=node02|deliver_tick=6|type=*core.Block
TICK000000000236|NET|SEND|from=node00|to=node03|deliver_tick=7|type=*core.Block
TICK000000000237|NET|DELIVER|from=node00|to=node03|tick=6|type=core.BlockHeader
TICK000000000238|NET|DELIVER|from=node00|to=node00|tick=6|type=core.Vote
TICK000000000239|NET|DELIVER|from=node00|to=node03|tick=6|type=core.Vote
TICK000000000240|NET|DELIVER|from=node00|to=node01|tick=6|type=core.Vote
TICK000000000241|NET|DELIVER|from=node00|to=node01|tick=6|type=*core.Block
TICK000000000242|NODE|node01|RECV|VOTE|from=node00|H=1|phase=PREVOTE
TICK000000000243|NODE|node00|RECV|VOTE|from=node00|H=1|phase=PREVOTE
TICK000000000244|NODE|node01|RECV|BLOCK|from=node00|H=1|txs=1
TICK000000000245|NET|DELIVER|from=node01|to=node02|tick=6|type=core.Vote
TICK000000000246|NET|DELIVER|from=node03|to=node01|tick=6|type=core.Vote
TICK000000000247|NET|DELIVER|from=node00|to=node01|tick=6|type=core.Vote
TICK000000000248|NET|DELIVER|from=node00|to=node01|tick=6|type=core.Vote
TICK000000000249|NET|DELIVER|from=node00|to=node00|tick=6|type=core.Vote
TICK000000000250|NODE|node00|RECV|VOTE|from=node00|H=1|phase=PREVOTE
TICK000000000251|NET|DELIVER|from=node03|to=node00|tick=6|type=core.Vote
TICK000000000252|NODE|node02|RECV|VOTE|from=node01|H=1|phase=PREVOTE
TICK000000000253|NODE|node00|RECV|VOTE|from=node03|H=1|phase=PREVOTE
TICK000000000254|NODE|node03|RECV|HEADER|from=node00|H=1
TICK000000000255|NET|SEND|from=node01|to=node01|deliver_tick=8|type=core.Vote
TICK000000000256|NET|SEND|from=node01|to=node02|deliver_tick=8|type=core.Vote
TICK000000000257|NET|SEND|from=node01|to=node03|deliver_tick=9|type=core.Vote
TICK000000000258|NET|SEND|from=node01|to=node00|deliver_tick=9|type=core.Vote
TICK000000000259|NODE|node01|SENT|PREVOTE|H=1
TICK000000000260|NET|DELIVER|from=node00|to=node03|tick=6|type=*core.Block
TICK000000000261|NET|DELIVER|from=node00|to=node00|tick=6|type=core.Vote
TICK000000000262|NET|DELIVER|from=node00|to=node01|tick=6|type=core.Vote
TICK000000000263|NET|SEND|from=node03|to=node00|deliver_tick=7|type=core.Vote
TICK000000000264|NET|DUP|from=node03|to=node00|tick=7
TICK000000000265|NODE|node01|RECV|VOTE|from=node03|H=1|phase=PREVOTE
TICK000000000266|NODE|node00|RECV|VOTE|from=node00|H=1|phase=PREVOTE
TICK000000000267|NODE|node01|RECV|VOTE|from=node00|H=1|phase=PREVOTE
TICK000000000268|NET|SEND|from=node03|to=node01|deliver_tick=9|type=core.Vote
TICK000000000269|NET|SEND|from=node03|to=node02|deliver_tick=7|type=core.Vote
TICK000000000270|NET|SEND|from=node03|to=node03|deliver_tick=8|type=core.Vote
TICK000000000271|NODE|node03|SENT|PREVOTE|H=1
TICK000000000272|NODE|node03|RECV|VOTE|from=node00|H=1|phase=PREVOTE
TICK000000000273|NODE|node01|RECV|VOTE|from=node00|H=1|phase=PREVOTE
TICK000000000274|NET|DELIVER|from=node00|to=node03|tick=6|type=core.Vote
TICK000000000275|NODE|node03|RECV|BLOCK|from=node00|H=1|txs=1
TICK000000000276|NET|DELIVER|from=node02|to=node02|tick=6|type=core.Vote
TICK000000000277|NET|DELIVER|from=node00|to=node01|tick=6|type=core.Vote
TICK000000000278|NET|DELIVER|from=node03|to=node00|tick=6|type=core.Vote
TICK000000000279|NET|DELIVER|from=node03|to=node02|tick=6|type=core.Vote
TICK000000000280|NET|DELIVER|from=node03|to=node03|tick=6|type=core.Vote
TICK000000000281|NET|DELIVER|from=node01|to=node02|tick=6|type=core.Vote
TICK000000000282|NET|DELIVER|from=node02|to=node00|tick=6|type=core.Vote
TICK000000000283|NET|DELIVER|from=node02|to=node03|tick=6|type=core.Vote
TICK000000000284|NET|DELIVER|from=node00|to=node02|tick=6|type=core.Vote
TICK000000000285|NODE|node02|RECV|VOTE|from=node02|H=1|phase=PREVOTE
TICK000000000286|NODE|node01|RECV|VOTE|from=node00|H=1|phase=PREVOTE
TICK000000000287|NODE|node02|RECV|VOTE|from=node03|H=1|phase=PREVOTE
TICK000000000288|NODE|node00|RECV|VOTE|from=node03|H=1|phase=PREVOTE
TICK000000000289|NET|SEND|from=node03|to=node00|deliver_tick=7|type=core.Vote
TICK000000000290|NODE|node01|RECV|VOTE|from=node00|H=1|phase=PREVOTE
TICK000000000291|NET|DELIVER|from=node00|to=node00|tick=6|type=core.Vote
TICK000000000292|NODE|node02|RECV|VOTE|from=node01|H=1|phase=PREVOTE
TICK000000000293|NET|SEND|from=node03|to=node01|deliver_tick=8|type=core.Vote
TICK000000000294|NET|SEND|from=node03|to=node02|deliver_tick=7|type=core.Vote
TICK000000000295|NET|SEND|from=node03|to=node03|deliver_tick=9|type=core.Vote
TICK000000000296|NODE|node03|SENT|PREVOTE|H=1
TICK000000000297|NODE|node03|RECV|VOTE|from=node00|H=1|phase=PREVOTE
TICK000000000298|NODE|node02|RECV|VOTE|from=node00|H=1|phase=PREVOTE
TICK000000000299|NODE|node00|RECV|VOTE|from=node02|H=1|phase=PREVOTE
TICK000000000300|NET|DELIVER|from=node01|to=node03|tick=6|type=core.Vote
TICK000000000301|NET|DELIVER|from=node01|to=node00|tick=6|type=core.Vote
TICK000000000302|NODE|node03|RECV|VOTE|from=node03|H=1|phase=PREVOTE
TICK000000000303|NET|DELIVER|from=node02|to=node03|tick=6|type=core.Vote
TICK000000000304|NET|DELIVER|from=node02|to=node00|tick=6|type=core.Vote
TICK000000000305|NET|DELIVER|from=node00|to=node02|tick=6|type=core.BlockHeader
TICK000000000306|NET|DELIVER|from=node00|to=node03|tick=6|type=core.BlockHeader
TICK000000000307|NODE|node00|RECV|VOTE|from=node00|H=1|phase=PREVOTE
TICK000000000308|NODE|node02|RECV|HEADER|from=node00|H=1
TICK000000000309|NET|DELIVER|from=node01|to=node03|tick=6|type=core.Vote
TICK000000000310|NET|SEND|from=node03|to=node00|deliver_tick=7|type=core.Vote
TICK000000000311|NET|SEND|from=node03|to=node01|deliver_tick=7|type=core.Vote
TICK000000000312|NODE|node00|RECV|VOTE|from=node01|H=1|phase=PREVOTE
TICK000000000313|NET|SEND|from=node03|to=node02|deliver_tick=9|type=core.Vote
TICK000000000314|NET|SEND|from=node03|to=node03|deliver_tick=7|type=core.Vote
TICK000000000315|NODE|node03|SENT|PRECOMMIT|H=1
TICK000000000316|NET|DELIVER|from=node00|to=node03|tick=6|type=core.Vote
TICK000000000317|NODE|node03|RECV|VOTE|from=node02|H=1|phase=PREVOTE
TICK000000000318|NET|SEND|from=node02|to=node00|deliver_tick=8|type=core.Vote
TICK000000000319|NET|SEND|from=node02|to=node01|deliver_tick=7|type=core.Vote
TICK000000000320|NET|SEND|from=node02|to=node02|deliver_tick=8|type=core.Vote
TICK000000000321|NODE|node00|RECV|VOTE|from=node02|H=1|phase=PREVOTE
TICK000000000322|NET|SEND|from=node02|to=node03|deliver_tick=9|type=core.Vote
TICK000000000323|NODE|node02|SENT|PREVOTE|H=1
TICK000000000324|NODE|node03|RECV|VOTE|from=node01|H=1|phase=PREVOTE
TICK000000000325|NODE|node00|RECV|VOTE|from=node02|H=1|phase=PREVOTE
TICK000000000326|NET|DELIVER|from=node02|to=node00|tick=6|type=core.Vote
TICK000000000327|NET|DELIVER|from=node02|to=node02|tick=6|type=core.Vote
TICK000000000328|NET|DELIVER|from=node00|to=node02|tick=6|type=core.Vote
TICK000000000329|NET|DELIVER|from=node02|to=node01|tick=6|type=core.Vote
TICK000000000330|NODE|node03|RECV|VOTE|from=node02|H=1|phase=PREVOTE
TICK000000000331|NODE|node02|RECV|VOTE|from=node02|H=1|phase=PREVOTE
TICK000000000332|NET|DELIVER|from=node00|to=node02|tick=6|type=*core.Block
TICK000000000333|NODE|node03|RECV|HEADER|from=node00|H=1
TICK000000000334|NODE|node01|RECV|VOTE|from=node02|H=1|phase=PRECOMMIT
TICK000000000335|NODE|node02|RECV|VOTE|from=node00|H=1|phase=PREVOTE
TICK000000000336|NET|SEND|from=node03|to=node00|deliver_tick=8|type=core.Vote
TICK000000000337|NET|SEND|from=node03|to=node01|deliver_tick=7|type=core.Vote
TICK000000000338|NET|SEND|from=node03|to=node02|deliver_tick=8|type=core.Vote
TICK000000000339|NET|SEND|from=node03|to=node03|deliver_tick=8|type=core.Vote
TICK000000000340|NODE|node03|SENT|PREVOTE|H=1
TICK000000000341|NODE|node03|RECV|VOTE|from=node01|H=1|phase=PRECOMMIT
TICK000000000342|NODE|node02|RECV|BLOCK|from=node00|H=1|txs=1
TICK000000000343|NET|SEND|from=node00|to=node00|deliver_tick=9|type=core.BlockHeader
TICK000000000344|NET|SEND|from=node00|to=node01|deliver_tick=8|type=core.BlockHeader
TICK000000000345|NET|SEND|from=node00|to=node02|deliver_tick=9|type=core.BlockHeader
TICK000000000346|NET|SEND|from=node00|to=node03|deliver_tick=9|type=core.BlockHeader
TICK000000000347|NODE|node03|RECV|VOTE|from=node00|H=1|phase=PRECOMMIT
TICK000000000348|NODE|node00|PROPOSE|H=1
TICK000000000349|NET|SEND|from=node02|to=node00|deliver_tick=9|type=core.Vote
TICK000000000350|NET|SEND|from=node02|to=node01|deliver_tick=8|type=core.Vote
TICK000000000351|NET|SEND|from=node02|to=node02|deliver_tick=8|type=core.Vote
TICK000000000352|NET|SEND|from=node02|to=node03|deliver_tick=7|type=core.Vote
TICK000000000353|NODE|node02|SENT|PREVOTE|H=1
TICK000000000354|NET|SEND|from=node00|to=node00|deliver_tick=8|type=*core.Block
TICK000000000355|NET|SEND|from=node00|to=node01|deliver_tick=9|type=*core.Block
TICK000000000356|NET|SEND|from=node00|to=node02|deliver_tick=7|type=*core.Block
TICK000000000357|NET|SEND|from=node00|to=node03|deliver_tick=7|type=*core.Block
TICK000000000358|NET|DELIVER|from=node00|to=node00|tick=7|type=core.BlockHeader
TICK000000000359|NET|DELIVER|from=node00|to=node01|tick=7|type=core.BlockHeader
TICK000000000360|NET|DELIVER|from=node00|to=node01|tick=7|type=core.BlockHeader
TICK000000000361|NODE|node01|RECV|HEADER|from=node00|H=1
TICK000000000362|NODE|node00|RECV|HEADER|from=node00|H=1
TICK000000000363|NET|DELIVER|from=node00|to=node03|tick=7|type=core.BlockHeader
TICK000000000364|NET|DELIVER|from=node03|to=node00|tick=7|type=core.Vote
TICK000000000365|NET|DELIVER|from=node03|to=node01|tick=7|type=core.Vote
TICK000000000366|NET|DELIVER|from=node03|to=node02|tick=7|type=core.Vote
TICK000000000367|NET|DELIVER|from=node01|to=node01|tick=7|type=core.Vote
TICK000000000368|NET|DELIVER|from=node01|to=node03|tick=7|type=core.Vote
TICK000000000369|NET|SEND|from=node01|to=node02|deliver_tick=9|type=core.Vote
TICK000000000370|NODE|node03|RECV|HEADER|from=node00|H=1
TICK000000000371|NODE|node02|RECV|VOTE|from=node03|H=1|phase=PREVOTE
TICK000000000372|NET|SEND|from=node01|to=node03|deliver_tick=10|type=core.Vote
TICK000000000373|NET|SEND|from=node01|to=node00|deliver_tick=10|type=core.Vote
TICK000000000374|NET|SEND|from=node01|to=node01|deliver_tick=9|type=core.Vote
TICK000000000375|NODE|node01|SENT|PREVOTE|H=1
TICK000000000376|NODE|node01|RECV|HEADER|from=node00|H=1
TICK000000000377|NET|DELIVER|from=node03|to=node03|tick=7|type=core.Vote
TICK000000000378|NET|SEND|from=node00|to=node00|deliver_tick=10|type=core.Vote
TICK000000000379|NET|DROP|from=node00|to=node01|lat=2
TICK000000000380|NET|SEND|from=node00|to=node02|deliver_tick=8|type=core.Vote
TICK000000000381|NET|SEND|from=node00|to=node03|deliver_tick=8|type=core.Vote
TICK000000000382|NODE|node00|SENT|PREVOTE|H=1
TICK000000000383|NET|SEND|from=node03|to=node00|deliver_tick=8|type=core.Vote
TICK000000000384|NET|SEND|from=node03|to=node01|deliver_tick=10|type=core.Vote
TICK000000000385|NODE|node00|RECV|VOTE|from=node03|H=1|phase=PREVOTE
TICK000000000386|NET|SEND|from=node03|to=node02|deliver_tick=8|type=core.Vote
TICK000000000387|NET|SEND|from=node03|to=node03|deliver_tick=9|type=core.Vote
TICK000000000388|NODE|node03|SENT|PREVOTE|H=1
TICK000000000389|NET|DELIVER|from=node03|to=node00|tick=7|type=core.Vote
TICK000000000390|NET|DELIVER|from=node03|to=node02|tick=7|type=core.Vote
TICK000000000391|NET|DELIVER|from=node03|to=node03|tick=7|type=core.Vote
TICK000000000392|NET|DELIVER|from=node00|to=node02|tick=7|type=*core.Block
TICK000000000393|NODE|node00|RECV|VOTE|from=node03|H=1|phase=PREVOTE
TICK000000000394|NODE|node03|RECV|VOTE|from=node01|H=1|phase=PREVOTE
TICK000000000395|NODE|node02|RECV|VOTE|from=node03|H=1|phase=PREVOTE
TICK000000000396|NET|DELIVER|from=node00|to=node02|tick=7|type=core.Vote
TICK000000000397|NODE|node03|RECV|VOTE|from=node03|H=1|phase=PREVOTE
TICK000000000398|NET|SEND|from=node01|to=node01|deliver_tick=9|type=core.Vote
TICK000000000399|NET|SEND|from=node01|to=node02|deliver_tick=9|type=core.Vote
TICK000000000400|NET|SEND|from=node01|to=node03|deliver_tick=8|type=core.Vote
TICK000000000401|NODE|node02|RECV|BLOCK|from=node00|H=1|txs=1
TICK000000000402|NET|SEND|from=node01|to=node00|deliver_tick=10|type=core.Vote
TICK000000000403|NODE|node01|SENT|PREVOTE|H=1
TICK000000000404|NODE|node01|RECV|VOTE|from=node03|H=1|phase=PREVOTE
TICK000000000405|NET|SEND|from=node02|to=node00|deliver_tick=9|type=core.Vote
TICK000000000406|NODE|node03|RECV|VOTE|from=node03|H=1|phase=PREVOTE
TICK000000000407|NET|DELIVER|from=node00|to=node03|tick=7|type=core.Vote
TICK000000000408|NET|SEND|from=node02|to=node01|deliver_tick=8|type=core.Vote
TICK000000000409|NET|SEND|from=node02|to=node02|deliver_tick=8|type=core.Vote
TICK000000000410|NET|SEND|from=node02|to=node03|deliver_tick=8|type=core.Vote
TICK000000000411|NODE|node02|SENT|PREVOTE|H=1
TICK000000000412|NET|DELIVER|from=node01|to=node03|tick=7|type=core.Vote
TICK000000000413|NET|DELIVER|from=node02|to=node01|tick=7|type=core.Vote
TICK000000000414|NET|DELIVER|from=node02|to=node02|tick=7|type=core.Vote
TICK000000000415|NET|DELIVER|from=node00|to=node01|tick=7|type=core.Vote
TICK000000000416|NET|DELIVER|from=node00|to=node01|tick=7|type=core.BlockHeader
TICK000000000417|NET|DELIVER|from=node01|to=node02|tick=7|type=core.Vote
TICK000000000418|NET|DELIVER|from=node01|to=node00|tick=7|type=core.Vote
TICK000000000419|NET|DELIVER|from=node01|to=node01|tick=7|type=core.Vote
TICK000000000420|NET|DELIVER|from=node00|to=node01|tick=7|type=core.Vote
TICK000000000421|NET|DELIVER|from=node01|to=node02|tick=7|type=core.Vote
TICK000000000422|NET|DELIVER|from=node01|to=node03|tick=7|type=core.Vote
TICK000000000423|NODE|node02|RECV|VOTE|from=node00|H=1|phase=PREVOTE
TICK000000000424|NODE|node03|RECV|VOTE|from=node00|H=1|phase=PREVOTE
TICK000000000425|NODE|node01|RECV|VOTE|from=node01|H=1|phase=PREVOTE
TICK000000000426|NODE|node00|RECV|VOTE|from=node01|H=1|phase=PRECOMMIT
TICK000000000427|NODE|node03|RECV|VOTE|from=node01|H=1|phase=PREVOTE
TICK000000000428|NODE|node01|RECV|VOTE|from=node02|H=1|phase=PREVOTE
TICK000000000429|NET|DELIVER|from=node01|to=node01|tick=7|type=core.Vote
TICK000000000430|NET|DELIVER|from=node02|to=node01|tick=7|type=core.Vote
TICK000000000431|NET|DELIVER|from=node00|to=node01|tick=7|type=core.Vote
TICK000000000432|NET|DELIVER|from=node00|to=node03|tick=7|type=core.Vote
TICK000000000433|NET|DELIVER|from=node02|to=node00|tick=7|type=core.Vote
TICK000000000434|NET|DELIVER|from=node02|to=node01|tick=7|type=core.Vote
TICK000000000435|NET|DELIVER|from=node02|to=node02|tick=7|type=core.Vote
TICK000000000436|NET|DELIVER|from=node02|to=node03|tick=7|type=core.Vote
TICK000000000437|NET|DELIVER|from=node02|to=node03|tick=7|type=core.Vote
TICK000000000438|NET|DELIVER|from=node00|to=node01|tick=7|type=*core.Block
TICK000000000439|NET|DELIVER|from=node00|to=node03|tick=7|type=*core.Block
TICK000000000440|NODE|node02|RECV|VOTE|from=node02|H=1|phase=PREVOTE
TICK000000000441|NODE|node00|RECV|VOTE|from=node02|H=1|phase=PREVOTE
TICK000000000442|NODE|node01|RECV|VOTE|from=node00|H=1|phase=PREVOTE
TICK000000000443|NODE|node03|RECV|VOTE|from=node01|H=1|phase=PREVOTE
TICK000000000444|NET|DELIVER|from=node03|to=node00|tick=7|type=core.Vote
TICK000000000445|NODE|node02|RECV|VOTE|from=node01|H=1|phase=PRECOMMIT
TICK000000000446|NODE|node00|RECV|VOTE|from=node03|H=1|phase=PREVOTE
TICK000000000447|NODE|node03|RECV|VOTE|from=node00|H=1|phase=PREVOTE
TICK000000000448|NODE|node01|RECV|HEADER|from=node00|H=1
TICK000000000449|NODE|node02|RECV|VOTE|from=node01|H=1|phase=PREVOTE
TICK000000000450|NODE|node00|RECV|VOTE|from=node03|H=1|phase=PREVOTE
TICK000000000451|NET|DELIVER|from=node03|to=node00|tick=7|type=core.Vote
TICK000000000452|NET|DELIVER|from=node03|to=node02|tick=7|type=core.Vote
TICK000000000453|NET|DELIVER|from=node03|to=node00|tick=7|type=core.Vote
TICK000000000454|NET|DELIVER|from=node03|to=node02|tick=7|type=core.Vote
TICK000000000455|NET|DELIVER|from=node03|to=node00|tick=7|type=core.Vote
TICK000000000456|NET|DELIVER|from=node03|to=node01|tick=7|type=core.Vote
TICK000000000457|NET|DELIVER|from=node03|to=node03|tick=7|type=core.Vote
TICK000000000458|NODE|node00|RECV|VOTE|from=node03|H=1|phase=PREVOTE
TICK000000000459|NODE|node03|RECV|VOTE|from=node02|H=1|phase=PREVOTE
TICK000000000460|NET|DELIVER|from=node02|to=node01|tick=7|type=core.Vote
TICK000000000461|NODE|node02|RECV|VOTE|from=node02|H=1|phase=PREVOTE
TICK000000000462|NET|SEND|from=node01|to=node01|deliver_tick=10|type=core.Vote
TICK000000000463|NET|SEND|from=node01|to=node02|deliver_tick=8|type=core.Vote
TICK000000000464|NODE|node00|RECV|VOTE|from=node03|H=1|phase=PRECOMMIT
TICK000000000465|NODE|node03|RECV|VOTE|from=node02|H=1|phase=PRECOMMIT
TICK000000000466|NET|SEND|from=node01|to=node03|deliver_tick=10|type=core.Vote
TICK000000000467|NET|SEND|from=node01|to=node00|deliver_tick=10|type=core.Vote
TICK000000000468|NODE|node01|SENT|PREVOTE|H=1
TICK000000000469|NODE|node01|RECV|VOTE|from=node01|H=1|phase=PRECOMMIT
TICK000000000470|NODE|node02|RECV|VOTE|from=node03|H=1|phase=PREVOTE
TICK000000000471|NODE|node03|FINALIZED|H=1
TICK000000000472|NODE|node03|RECV|BLOCK|from=node00|H=1|txs=1
TICK000000000473|NET|DELIVER|from=node03|to=node01|tick=7|type=core.Vote
TICK000000000474|NODE|node01|RECV|VOTE|from=node00|H=1|phase=PRECOMMIT
TICK000000000475|NODE|node02|RECV|VOTE|from=node03|H=1|phase=PREVOTE
TICK000000000476|NET|DELIVER|from=node02|to=node03|tick=7|type=core.Vote
TICK000000000477|NET|DELIVER|from=node00|to=node02|tick=7|type=*core.Block
TICK000000000478|NET|DELIVER|from=node00|to=node03|tick=7|type=*core.Block
TICK000000000479|NODE|node02|RECV|BLOCK|from=node00|H=1|txs=1
TICK000000000480|NODE|node01|FINALIZED|H=1
TICK000000000481|NODE|node01|RECV|VOTE|from=node01|H=1|phase=PREVOTE
TICK000000000482|NET|SEND|from=node03|to=node00|deliver_tick=9|type=core.Vote
TICK000000000483|NET|SEND|from=node03|to=node01|deliver_tick=10|type=core.Vote
TICK000000000484|NET|SEND|from=node03|to=node02|deliver_tick=10|type=core.Vote
TICK000000000485|NET|SEND|from=node03|to=node03|deliver_tick=10|type=core.Vote
TICK000000000486|NODE|node03|SENT|PREVOTE|H=1
TICK000000000487|NODE|node03|RECV|VOTE|from=node03|H=1|phase=PRECOMMIT
TICK000000000488|NET|SEND|from=node00|to=node01|deliver_tick=9|type=core.BlockHeader
TICK000000000489|NET|SEND|from=node00|to=node02|deliver_tick=10|type=core.BlockHeader
TICK000000000490|NODE|node01|RECV|VOTE|from=node02|H=1|phase=PREVOTE
TICK000000000491|NET|SEND|from=node00|to=node03|deliver_tick=10|type=core.BlockHeader
TICK000000000492|NET|SEND|from=node00|to=node00|deliver_tick=9|type=core.BlockHeader
TICK000000000493|NODE|node03|RECV|VOTE|from=node02|H=1|phase=PREVOTE
TICK000000000494|NODE|node00|PROPOSE|H=1
TICK000000000495|NODE|node01|RECV|VOTE|from=node00|H=1|phase=PREVOTE
TICK000000000496|NET|SEND|from=node02|to=node00|deliver_tick=8|type=core.Vote
TICK000000000497|NET|SEND|from=node02|to=node01|deliver_tick=9|type=core.Vote
TICK000000000498|NODE|node03|RECV|BLOCK|from=node00|H=1|txs=1
TICK000000000499|NET|SEND|from=node02|to=node02|deliver_tick=9|type=core.Vote
TICK000000000500|NET|SEND|from=node02|to=node03|deliver_tick=10|type=core.Vote
TICK000000000501|NODE|node02|SENT|PREVOTE|H=1
TICK000000000502|NET|SEND|from=node01|to=node00|deliver_tick=8|type=core.BlockHeader
TICK000000000503|NET|SEND|from=node01|to=node01|deliver_tick=9|type=core.BlockHeader
TICK000000000504|NET|SEND|from=node01|to=node02|deliver_tick=8|type=core.BlockHeader
TICK000000000505|NET|SEND|from=node01|to=node03|deliver_tick=9|type=core.BlockHeader
TICK000000000506|NODE|node01|PROPOSE|H=2
TICK000000000507|NODE|node01|RECV|VOTE|from=node02|H=1|phase=PREVOTE
TICK000000000508|NET|DROP|from=node03|to=node00|lat=2
TICK000000000509|NET|SEND|from=node03|to=node01|deliver_tick=10|type=core.Vote
TICK000000000510|NET|SEND|from=node03|to=node02|deliver_tick=9|type=core.Vote
TICK000000000511|NET|SEND|from=node03|to=node03|deliver_tick=9|type=core.Vote
TICK000000000512|NODE|node03|SENT|PREVOTE|H=1
TICK000000000513|NODE|node01|RECV|BLOCK|from=node00|H=1|txs=1
TICK000000000514|NET|DROP|from=node01|to=node00|lat=1
TICK000000000515|NET|SEND|from=node01|to=node01|deliver_tick=8|type=core.Vote
TICK000000000516|NET|DUP|from=node01|to=node01|tick=8
TICK000000000517|NET|SEND|from=node01|to=node02|deliver_tick=10|type=core.Vote
TICK000000000518|NET|SEND|from=node01|to=node03|deliver_tick=10|type=core.Vote
TICK000000000519|NET|DUP|from=node01|to=node03|tick=10
TICK000000000520|NODE|node01|SENT|PREVOTE|H=1
TICK000000000521|NODE|node01|RECV|VOTE|from=node03|H=1|phase=PRECOMMIT
TICK000000000522|NODE|node01|RECV|VOTE|from=node02|H=1|phase=PREVOTE
TICK000000000523|NODE|node01|RECV|VOTE|from=node03|H=1|phase=PREVOTE
TICK000000000524|NET|SEND|from=node00|to=node02|deliver_tick=9|type=*core.Block
TICK000000000525|NET|SEND|from=node00|to=node03|deliver_tick=10|type=*core.Block
TICK000000000526|NET|SEND|from=node00|to=node00|deliver_tick=10|type=*core.Block
TICK000000000527|NET|SEND|from=node00|to=node01|deliver_tick=8|type=*core.Block
TICK000000000528|NET|DELIVER|from=node00|to=node02|tick=8|type=core.Vote
TICK000000000529|NET|DELIVER|from=node02|to=node00|tick=8|type=core.Vote
TICK000000000530|NET|DELIVER|from=node02|to=node01|tick=8|type=core.Vote
TICK000000000531|NODE|node00|RECV|VOTE|from=node02|H=1|phase=PREVOTE
TICK000000000532|NODE|node02|RECV|VOTE|from=node00|H=1|phase=PREVOTE
TICK000000000533|NET|DELIVER|from=node00|to=node00|tick=8|type=core.Vote
TICK000000000534|NODE|node00|RECV|VOTE|from=node00|H=1|phase=PREVOTE
TICK000000000535|NET|DELIVER|from=node03|to=node01|tick=8|type=core.Vote
TICK000000000536|NET|DELIVER|from=node01|to=node00|tick=8|type=core.Vote
TICK000000000537|NET|DELIVER|from=node01|to=node01|tick=8|type=core.Vote
TICK000000000538|NET|DELIVER|from=node00|to=node03|tick=8|type=core.Vote
TICK000000000539|NET|DELIVER|from=node01|to=node01|tick=8|type=core.Vote
TICK000000000540|NET|DELIVER|from=node02|to=node01|tick=8|type=core.Vote
TICK000000000541|NET|DELIVER|from=node02|to=node02|tick=8|type=core.Vote
TICK000000000542|NET|DELIVER|from=node00|to=node00|tick=8|type=core.BlockHeader
TICK000000000543|NET|DELIVER|from=node00|to=node00|tick=8|type=core.Vote
TICK000000000544|NET|DELIVER|from=node01|to=node00|tick=8|type=core.Vote
TICK000000000545|NODE|node01|RECV|VOTE|from=node02|H=1|phase=PREVOTE
TICK000000000546|NODE|node03|RECV|VOTE|from=node00|H=1|phase=PREVOTE
TICK000000000547|NODE|node00|RECV|VOTE|from=node01|H=1|phase=PREVOTE
TICK000000000548|NODE|node01|RECV|VOTE|from=node03|H=1|phase=PREVOTE
TICK000000000549|NODE|node02|RECV|VOTE|from=node02|H=1|phase=PREVOTE
TICK000000000550|NET|DELIVER|from=node02|to=node03|tick=8|type=core.Vote
TICK000000000551|NODE|node00|RECV|HEADER|from=node00|H=1
TICK000000000552|NET|DELIVER|from=node00|to=node00|tick=8|type=core.Vote
TICK000000000553|NET|DELIVER|from=node02|to=node00|tick=8|type=core.Vote
TICK000000000554|NET|DELIVER|from=node02|to=node02|tick=8|type=core.Vote
TICK000000000555|NET|DELIVER|from=node00|to=node00|tick=8|type=*core.Block
TICK000000000556|NET|DELIVER|from=node01|to=node01|tick=8|type=core.Vote
TICK000000000557|NET|DELIVER|from=node01|to=node02|tick=8|type=core.Vote
TICK000000000558|NET|DELIVER|from=node03|to=node03|tick=8|type=core.Vote
TICK000000000559|NODE|node03|RECV|VOTE|from=node02|H=1|phase=PREVOTE
TICK000000000560|NODE|node01|RECV|VOTE|from=node01|H=1|phase=PREVOTE
TICK000000000561|NODE|node02|RECV|VOTE|from=node02|H=1|phase=PRECOMMIT
TICK000000000562|NET|DELIVER|from=node03|to=node01|tick=8|type=core.Vote
TICK000000000563|NET|SEND|from=node00|to=node02|deliver_tick=10|type=core.Vote
TICK000000000564|NET|SEND|from=node00|to=node03|deliver_tick=11|type=core.Vote
TICK000000000565|NET|SEND|from=node00|to=node00|deliver_tick=11|type=core.Vote
TICK000000000566|NET|SEND|from=node00|to=node01|deliver_tick=10|type=core.Vote
TICK000000000567|NODE|node01|RECV|VOTE|from=node01|H=1|phase=PREVOTE
TICK000000000568|NODE|node03|RECV|VOTE|from=node03|H=1|phase=PREVOTE
TICK000000000569|NODE|node00|SENT|PREVOTE|H=1
TICK000000000570|NODE|node00|RECV|VOTE|from=node00|H=1|phase=PRECOMMIT
TICK000000000571|NET|DELIVER|from=node02|to=node00|tick=8|type=core.Vote
TICK000000000572|NET|DELIVER|from=node02|to=node02|tick=8|type=core.Vote
TICK000000000573|NET|DELIVER|from=node03|to=node00|tick=8|type=core.Vote
TICK000000000574|NET|DELIVER|from=node03|to=node02|tick=8|type=core.Vote
TICK000000000575|NET|DELIVER|from=node03|to=node03|tick=8|type=core.Vote
TICK000000000576|NET|DELIVER|from=node00|to=node01|tick=8|type=core.BlockHeader
TICK000000000577|NET|DELIVER|from=node02|to=node01|tick=8|type=core.Vote
TICK000000000578|NET|DELIVER|from=node02|to=node02|tick=8|type=core.Vote
TICK000000000579|NET|DELIVER|from=node00|to=node00|tick=8|type=*core.Block
TICK000000000580|NET|DELIVER|from=node00|to=node02|tick=8|type=core.Vote
TICK000000000581|NET|DELIVER|from=node00|to=node03|tick=8|type=core.Vote
TICK000000000582|NET|DELIVER|from=node03|to=node00|tick=8|type=core.Vote
TICK000000000583|NET|DELIVER|from=node03|to=node02|tick=8|type=core.Vote
TICK000000000584|NET|DELIVER|from=node01|to=node03|tick=8|type=core.Vote
TICK000000000585|NET|DELIVER|from=node02|to=node01|tick=8|type=core.Vote
TICK000000000586|NET|DELIVER|from=node02|to=node02|tick=8|type=core.Vote
TICK000000000587|NET|DELIVER|from=node02|to=node03|tick=8|type=core.Vote
TICK000000000588|NET|DELIVER|from=node01|to=node02|tick=8|type=core.Vote
TICK000000000589|NET|DELIVER|from=node02|to=node00|tick=8|type=core.Vote
TICK000000000590|NET|DELIVER|from=node01|to=node00|tick=8|type=core.BlockHeader
TICK000000000591|NET|DELIVER|from=node01|to=node02|tick=8|type=core.BlockHeader
TICK000000000592|NET|DELIVER|from=node01|to=node01|tick=8|type=core.Vote
TICK000000000593|NET|DELIVER|from=node01|to=node01|tick=8|type=core.Vote
TICK000000000594|NET|DELIVER|from=node00|to=node01|tick=8|type=*core.Block
TICK000000000595|NODE|node00|FINALIZED|H=1
TICK000000000596|NODE|node02|RECV|VOTE|from=node01|H=1|phase=PREVOTE
TICK000000000597|NODE|node00|RECV|VOTE|from=node01|H=1|phase=PREVOTE
TICK000000000598|NODE|node01|RECV|VOTE|from=node02|H=1|phase=PREVOTE
TICK000000000599|NODE|node02|RECV|VOTE|from=node02|H=1|phase=PREVOTE
TICK000000000600|NODE|node03|RECV|VOTE|from=node03|H=1|phase=PREVOTE
TICK000000000601|NODE|node02|RECV|VOTE|from=node03|H=1|phase=PREVOTE
TICK000000000602|NODE|node00|RECV|VOTE|from=node00|H=1|phase=PREVOTE
TICK000000000603|NODE|node02|RECV|VOTE|from=node02|H=1|phase=PREVOTE
TICK000000000604|NET|SEND|from=node01|to=node03|deliver_tick=11|type=core.BlockHeader
TICK000000000605|NET|SEND|from=node01|to=node00|deliver_tick=9|type=core.BlockHeader
TICK000000000606|NODE|node00|RECV|VOTE|from=node02|H=1|phase=PRECOMMIT
TICK000000000607|NODE|node02|RECV|VOTE|from=node00|H=1|phase=PREVOTE
TICK000000000608|NET|SEND|from=node01|to=node01|deliver_tick=11|type=core.BlockHeader
TICK000000000609|NET|SEND|from=node01|to=node02|deliver_tick=10|type=core.BlockHeader
TICK000000000610|NODE|node03|RECV|VOTE|from=node00|H=1|phase=PREVOTE
TICK000000000611|NODE|node00|RECV|BLOCK|from=node00|H=1|txs=1
TICK000000000612|NODE|node02|RECV|VOTE|from=node03|H=1|phase=PREVOTE
TICK000000000613|NODE|node01|PROPOSE|H=2
TICK000000000614|NODE|node01|RECV|VOTE|from=node01|H=1|phase=PREVOTE
TICK000000000615|NODE|node03|RECV|VOTE|from=node01|H=1|phase=PREVOTE
TICK000000000616|NODE|node02|RECV|VOTE|from=node02|H=1|phase=PREVOTE
TICK000000000617|NODE|node01|RECV|VOTE|from=node03|H=1|phase=PREVOTE
TICK000000000618|NODE|node03|RECV|VOTE|from=node02|H=1|phase=PREVOTE
TICK000000000619|NODE|node02|RECV|VOTE|from=node01|H=1|phase=PREVOTE
TICK000000000620|NET|SEND|from=node00|to=node00|deliver_tick=9|type=core.Vote
TICK000000000621|NODE|node01|RECV|HEADER|from=node00|H=1
TICK000000000622|NET|SEND|from=node00|to=node01|deliver_tick=11|type=core.Vote
TICK000000000623|NODE|node02|RECV|HEADER|from=node01|H=2
TICK000000000624|NET|DUP|from=node00|to=node01|tick=11
TICK000000000625|NET|SEND|from=node00|to=node02|deliver_tick=9|type=core.Vote
TICK000000000626|NET|SEND|from=node00|to=node03|deliver_tick=11|type=core.Vote
TICK000000000627|NODE|node00|SENT|PREVOTE|H=1
TICK000000000628|NODE|node00|RECV|VOTE|from=node02|H=1|phase=PREVOTE
TICK000000000629|NET|SEND|from=node01|to=node00|deliver_tick=9|type=core.Vote
TICK000000000630|NET|SEND|from=node01|to=node01|deliver_tick=10|type=core.Vote
TICK000000000631|NET|SEND|from=node01|to=node02|deliver_tick=10|type=core.Vote
TICK000000000632|NET|SEND|from=node01|to=node03|deliver_tick=10|type=core.Vote
TICK000000000633|NODE|node01|SENT|PREVOTE|H=1
TICK000000000634|NODE|node01|RECV|VOTE|from=node02|H=1|phase=PREVOTE
TICK000000000635|NODE|node02|RECV|HEADER|bad_parent|H=2
TICK000000000636|NODE|node00|RECV|VOTE|from=node03|H=1|phase=PREVOTE
TICK000000000637|NODE|node01|RECV|VOTE|from=node02|H=1|phase=PREVOTE
TICK000000000638|NODE|node00|RECV|BLOCK|from=node00|H=1|txs=1
TICK000000000639|NODE|node01|RECV|VOTE|from=node01|H=1|phase=PREVOTE
TICK000000000640|NODE|node01|RECV|VOTE|from=node01|H=1|phase=PREVOTE
TICK000000000641|NET|SEND|from=node00|to=node00|deliver_tick=9|type=core.Vote
TICK000000000642|NET|SEND|from=node00|to=node01|deliver_tick=11|type=core.Vote
TICK000000000643|NET|SEND|from=node00|to=node02|deliver_tick=9|type=core.Vote
TICK000000000644|NET|SEND|from=node00|to=node03|deliver_tick=9|type=core.Vote
TICK000000000645|NODE|node00|SENT|PREVOTE|H=1
TICK000000000646|NODE|node01|RECV|BLOCK|from=node00|H=1|txs=1
TICK000000000647|NODE|node00|RECV|VOTE|from=node03|H=1|phase=PREVOTE
TICK000000000648|NODE|node00|RECV|VOTE|from=node02|H=1|phase=PREVOTE
TICK000000000649|NET|SEND|from=node01|to=node01|deliver_tick=10|type=core.Vote
TICK000000000650|NET|SEND|from=node01|to=node02|deliver_tick=10|type=core.Vote
TICK000000000651|NET|SEND|from=node01|to=node03|deliver_tick=9|type=core.Vote
TICK000000000652|NET|SEND|from=node01|to=node00|deliver_tick=9|type=core.Vote
TICK000000000653|NODE|node01|SENT|PREVOTE|H=1
TICK000000000654|NODE|node00|RECV|HEADER|from=node01|H=2
TICK000000000655|NET|SEND|from=node00|to=node03|deliver_tick=9|type=core.Vote
TICK000000000656|NET|SEND|from=node00|to=node00|deliver_tick=9|type=core.Vote
TICK000000000657|NET|SEND|from=node00|to=node01|deliver_tick=9|type=core.Vote
TICK000000000658|NET|SEND|from=node00|to=node02|deliver_tick=9|type=core.Vote
TICK000000000659|NODE|node00|SENT|PREVOTE|H=2
TICK000000000660|NET|SEND|from=node00|to=node00|deliver_tick=11|type=*core.Block
TICK000000000661|NET|SEND|from=node00|to=node01|deliver_tick=10|type=*core.Block
TICK000000000662|NET|SEND|from=node00|to=node02|deliver_tick=10|type=*core.Block
TICK000000000663|NET|SEND|from=node00|to=node03|deliver_tick=11|type=*core.Block
TICK000000000664|NET|SEND|from=node01|to=node02|deliver_tick=11|type=*core.Block
TICK000000000665|NET|SEND|from=node01|to=node03|deliver_tick=9|type=*core.Block
TICK000000000666|NET|SEND|from=node01|to=node00|deliver_tick=10|type=*core.Block
TICK000000000667|NET|SEND|from=node01|to=node01|deliver_tick=11|type=*core.Block
TICK000000000668|NET|DELIVER|from=node01|to=node03|tick=9|type=core.Vote
TICK000000000669|NET|DELIVER|from=node01|to=node00|tick=9|type=core.Vote
TICK000000000670|NODE|node00|RECV|VOTE|from=node01|H=1|phase=PREVOTE
TICK000000000671|NODE|node03|RECV|VOTE|from=node01|H=1|phase=PREVOTE
TICK000000000672|NET|DELIVER|from=node03|to=node01|tick=9|type=core.Vote
TICK000000000673|NET|DELIVER|from=node03|to=node03|tick=9|type=core.Vote
TICK000000000674|NET|DELIVER|from=node03|to=node02|tick=9|type=core.Vote
TICK000000000675|NODE|node02|RECV|VOTE|from=node03|H=1|phase=PRECOMMIT
TICK000000000676|NET|DELIVER|from=node02|to=node03|tick=9|type=core.Vote
TICK000000000677|NET|DELIVER|from=node00|to=node00|tick=9|type=core.BlockHeader
TICK000000000678|NET|DELIVER|from=node00|to=node02|tick=9|type=core.BlockHeader
TICK000000000679|NET|DELIVER|from=node00|to=node03|tick=9|type=core.BlockHeader
TICK000000000680|NODE|node02|FINALIZED|H=1
TICK000000000681|NODE|node02|RECV|HEADER|from=node00|H=1
TICK000000000682|NODE|node01|RECV|VOTE|from=node03|H=1|phase=PREVOTE
TICK000000000683|NET|DELIVER|from=node02|to=node00|tick=9|type=core.Vote
TICK000000000684|NODE|node03|RECV|VOTE|from=node03|H=1|phase=PREVOTE
TICK000000000685|NODE|node00|RECV|HEADER|from=node00|H=1
TICK000000000686|NET|SEND|from=node02|to=node03|deliver_tick=10|type=core.Vote
TICK000000000687|NET|SEND|from=node02|to=node00|deliver_tick=12|type=core.Vote
TICK000000000688|NET|DELIVER|from=node00|to=node01|tick=9|type=*core.Block
TICK000000000689|NET|DELIVER|from=node01|to=node02|tick=9|type=core.Vote
TICK000000000690|NET|SEND|from=node02|to=node01|deliver_tick=10|type=core.Vote
TICK000000000691|NET|SEND|from=node02|to=node02|deliver_tick=10|type=core.Vote
TICK000000000692|NODE|node02|SENT|PREVOTE|H=1
TICK000000000693|NODE|node03|RECV|VOTE|from=node02|H=1|phase=PREVOTE
TICK000000000694|NODE|node01|RECV|BLOCK|from=node00|H=1|txs=1
TICK000000000695|NODE|node03|RECV|HEADER|from=node00|H=1
TICK000000000696|NODE|node02|RECV|VOTE|from=node01|H=1|phase=PREVOTE
TICK000000000697|NET|DELIVER|from=node01|to=node01|tick=9|type=core.Vote
TICK000000000698|NET|SEND|from=node00|to=node01|deliver_tick=10|type=core.Vote
TICK000000000699|NET|SEND|from=node00|to=node02|deliver_tick=10|type=core.Vote
TICK000000000700|NET|SEND|from=node00|to=node03|deliver_tick=12|type=core.Vote
TICK000000000701|NET|SEND|from=node00|to=node00|deliver_tick=10|type=core.Vote
TICK000000000702|NODE|node00|SENT|PREVOTE|H=1
TICK000000000703|NODE|node00|RECV|VOTE|from=node02|H=1|phase=PREVOTE
TICK000000000704|NET|DELIVER|from=node03|to=node03|tick=9|type=core.Vote
TICK000000000705|NET|SEND|from=node03|to=node00|deliver_tick=10|type=core.Vote
TICK000000000706|NET|SEND|from=node03|to=node01|deliver_tick=12|type=core.Vote
TICK000000000707|NET|DUP|from=node03|to=node01|tick=12
TICK000000000708|NET|SEND|from=node03|to=node02|deliver_tick=12|type=core.Vote
TICK000000000709|NET|SEND|from=node03|to=node03|deliver_tick=11|type=core.Vote
TICK000000000710|NODE|node03|SENT|PREVOTE|H=1
TICK000000000711|NET|SEND|from=node01|to=node00|deliver_tick=10|type=core.Vote
TICK000000000712|NET|SEND|from=node01|to=node01|deliver_tick=12|type=core.Vote
TICK000000000713|NET|SEND|from=node01|to=node02|deliver_tick=10|type=core.Vote
TICK000000000714|NODE|node03|RECV|VOTE|from=node03|H=1|phase=PREVOTE
TICK000000000715|NET|DELIVER|from=node01|to=node01|tick=9|type=core.Vote
TICK000000000716|NET|SEND|from=node01|to=node03|deliver_tick=11|type=core.Vote
TICK000000000717|NODE|node01|SENT|PREVOTE|H=1
TICK000000000718|NODE|node01|RECV|VOTE|from=node01|H=1|phase=PREVOTE
TICK000000000719|NET|DELIVER|from=node01|to=node02|tick=9|type=core.Vote
TICK000000000720|NET|DELIVER|from=node02|to=node00|tick=9|type=core.Vote
TICK000000000721|NET|DELIVER|from=node03|to=node00|tick=9|type=core.Vote
TICK000000000722|NET|DELIVER|from=node00|to=node01|tick=9|type=core.BlockHeader
TICK000000000723|NODE|node01|RECV|VOTE|from=node01|H=1|phase=PREVOTE
TICK000000000724|NODE|node00|RECV|VOTE|from=node02|H=1|phase=PREVOTE
TICK000000000725|NODE|node02|RECV|VOTE|from=node01|H=1|phase=PREVOTE
TICK000000000726|NET|DELIVER|from=node00|to=node00|tick=9|type=core.BlockHeader
TICK000000000727|NODE|node00|RECV|VOTE|from=node03|H=1|phase=PREVOTE
TICK000000000728|NODE|node01|RECV|HEADER|from=node00|H=1
TICK000000000729|NET|DELIVER|from=node02|to=node01|tick=9|type=core.Vote
TICK000000000730|NET|DELIVER|from=node02|to=node02|tick=9|type=core.Vote
TICK000000000731|NET|DELIVER|from=node01|to=node01|tick=9|type=core.BlockHeader
TICK000000000732|NODE|node00|RECV|HEADER|from=node00|H=1
TICK000000000733|NODE|node02|RECV|VOTE|from=node02|H=1|phase=PREVOTE
TICK000000000734|NET|DELIVER|from=node01|to=node03|tick=9|type=core.BlockHeader
TICK000000000735|NODE|node03|RECV|HEADER|from=node01|H=2
TICK000000000736|NET|SEND|from=node01|to=node00|deliver_tick=11|type=core.Vote
TICK000000000737|NET|SEND|from=node01|to=node01|deliver_tick=12|type=core.Vote
TICK000000000738|NET|SEND|from=node01|to=node02|deliver_tick=10|type=core.Vote
TICK000000000739|NET|SEND|from=node01|to=node03|deliver_tick=11|type=core.Vote
TICK000000000740|NODE|node01|SENT|PREVOTE|H=1
TICK000000000741|NODE|node01|RECV|VOTE|from=node02|H=1|phase=PREVOTE
TICK000000000742|NET|DELIVER|from=node03|to=node02|tick=9|type=core.Vote
TICK000000000743|NODE|node02|RECV|VOTE|from=node03|H=1|phase=PREVOTE
TICK000000000744|NET|SEND|from=node00|to=node00|deliver_tick=12|type=core.Vote
TICK000000000745|NODE|node01|RECV|HEADER|from=node01|H=2
TICK000000000746|NET|SEND|from=node00|to=node01|deliver_tick=10|type=core.Vote
TICK000000000747|NET|SEND|from=node00|to=node02|deliver_tick=12|type=core.Vote
TICK000000000748|NET|SEND|from=node00|to=node03|deliver_tick=12|type=core.Vote
TICK000000000749|NODE|node00|SENT|PREVOTE|H=1
TICK000000000750|NET|SEND|from=node03|to=node00|deliver_tick=10|type=core.Vote
TICK000000000751|NET|SEND|from=node03|to=node01|deliver_tick=11|type=core.Vote
TICK000000000752|NET|SEND|from=node03|to=node02|deliver_tick=10|type=core.Vote
TICK000000000753|NET|SEND|from=node03|to=node03|deliver_tick=11|type=core.Vote
TICK000000000754|NODE|node03|SENT|PREVOTE|H=2
TICK000000000755|NODE|node03|RECV|VOTE|from=node03|H=1|phase=PREVOTE
TICK000000000756|NET|DELIVER|from=node03|to=node03|tick=9|type=core.Vote
TICK000000000757|NET|DROP|from=node01|to=node00|lat=2
TICK000000000758|NET|SEND|from=node01|to=node01|deliver_tick=11|type=core.Vote
TICK000000000759|NET|SEND|from=node01|to=node02|deliver_tick=11|type=core.Vote
TICK000000000760|NET|SEND|from=node01|to=node03|deliver_tick=10|type=core.Vote
TICK000000000761|NODE|node01|SENT|PREVOTE|H=2
TICK000000000762|NET|DELIVER|from=node00|to=node02|tick=9|type=*core.Block
TICK000000000763|NET|DELIVER|from=node01|to=node00|tick=9|type=core.BlockHeader
TICK000000000764|NET|DELIVER|from=node00|to=node00|tick=9|type=core.Vote
TICK000000000765|NET|DELIVER|from=node00|to=node02|tick=9|type=core.Vote
TICK000000000766|NODE|node02|RECV|BLOCK|from=node00|H=1|txs=1
TICK000000000767|NODE|node00|RECV|HEADER|from=node01|H=2
TICK000000000768|NET|DELIVER|from=node01|to=node00|tick=9|type=core.Vote
TICK000000000769|NET|DELIVER|from=node00|to=node00|tick=9|type=core.Vote
TICK000000000770|NET|DELIVER|from=node00|to=node02|tick=9|type=core.Vote
TICK000000000771|NET|DELIVER|from=node00|to=node03|tick=9|type=core.Vote
TICK000000000772|NODE|node03|RECV|VOTE|from=node00|H=1|phase=PREVOTE
TICK000000000773|NET|DELIVER|from=node01|to=node03|tick=9|type=core.Vote
TICK000000000774|NET|SEND|from=node00|to=node02|deliver_tick=10|type=core.Vote
TICK000000000775|NET|SEND|from=node00|to=node03|deliver_tick=10|type=core.Vote
TICK000000000776|NET|DUP|from=node00|to=node03|tick=10
TICK000000000777|NET|SEND|from=node00|to=node00|deliver_tick=12|type=core.Vote
TICK000000000778|NET|SEND|from=node00|to=node01|deliver_tick=11|type=core.Vote
TICK000000000779|NODE|node00|SENT|PREVOTE|H=2
TICK000000000780|NET|SEND|from=node02|to=node02|deliver_tick=12|type=core.Vote
TICK000000000781|NODE|node00|RECV|VOTE|from=node00|H=1|phase=PREVOTE
TICK000000000782|NODE|node03|RECV|VOTE|from=node01|H=1|phase=PREVOTE
TICK000000000783|NET|DELIVER|from=node01|to=node00|tick=9|type=core.Vote
TICK000000000784|NET|SEND|from=node02|to=node03|deliver_tick=12|type=core.Vote
TICK000000000785|NET|SEND|from=node02|to=node00|deliver_tick=11|type=core.Vote
TICK000000000786|NET|SEND|from=node02|to=node01|deliver_tick=12|type=core.Vote
TICK000000000787|NODE|node02|SENT|PREVOTE|H=1
TICK000000000788|NET|DELIVER|from=node00|to=node03|tick=9|type=core.Vote
TICK000000000789|NET|DELIVER|from=node00|to=node00|tick=9|type=core.Vote
TICK000000000790|NODE|node00|RECV|VOTE|from=node01|H=1|phase=PREVOTE
TICK000000000791|NODE|node02|RECV|VOTE|from=node00|H=1|phase=PREVOTE
TICK000000000792|NODE|node03|RECV|VOTE|from=node00|H=2|phase=PREVOTE
TICK000000000793|NET|DELIVER|from=node00|to=node01|tick=9|type=core.Vote
TICK000000000794|NET|DELIVER|from=node00|to=node02|tick=9|type=core.Vote
TICK000000000795|NET|DELIVER|from=node01|to=node03|tick=9|type=*core.Block
TICK000000000796|NODE|node01|RECV|VOTE|from=node00|H=2|phase=PREVOTE
TICK000000000797|NODE|node02|RECV|VOTE|from=node00|H=1|phase=PREVOTE
TICK000000000798|NODE|node00|RECV|VOTE|from=node00|H=1|phase=PREVOTE
TICK000000000799|NET|DROP|from=node01|to=node00|lat=1
TICK000000000800|NET|SEND|from=node01|to=node01|deliver_tick=12|type=core.BlockHeader
TICK000000000801|NODE|node03|RECV|BLOCK|from=node01|H=2|txs=1
TICK000000000802|NODE|node00|RECV|VOTE|from=node01|H=1|phase=PREVOTE
TICK000000000803|NET|SEND|from=node01|to=node02|deliver_tick=11|type=core.BlockHeader
TICK000000000804|NET|DUP|from=node01|to=node02|tick=11
TICK000000000805|NET|DROP|from=node01|to=node03|lat=1
TICK000000000806|NODE|node01|PROPOSE|H=2
TICK000000000807|NODE|node00|RECV|VOTE|from=node00|H=2|phase=PREVOTE
TICK000000000808|NODE|node02|RECV|VOTE|from=node00|H=2|phase=PREVOTE
TICK000000000809|NET|SEND|from=node03|to=node00|deliver_tick=12|type=core.Vote
TICK000000000810|NET|DROP|from=node03|to=node01|lat=3
TICK000000000811|NET|SEND|from=node03|to=node02|deliver_tick=12|type=core.Vote
TICK000000000812|NET|DUP|from=node03|to=node02|tick=12
TICK000000000813|NET|SEND|from=node03|to=node03|deliver_tick=12|type=core.Vote
TICK000000000814|NODE|node03|SENT|PREVOTE|H=2
TICK000000000815|NET|SEND|from=node01|to=node01|deliver_tick=10|type=*core.Block
TICK000000000816|NET|SEND|from=node01|to=node02|deliver_tick=10|type=*core.Block
TICK000000000817|NET|SEND|from=node01|to=node03|deliver_tick=11|type=*core.Block
TICK000000000818|NET|SEND|from=node01|to=node00|deliver_tick=12|type=*core.Block
TICK000000000819|NET|DELIVER|from=node01|to=node03|tick=10|type=core.Vote
TICK000000000820|NODE|node03|RECV|VOTE|from=node01|H=1|phase=PREVOTE
TICK000000000821|NET|DELIVER|from=node01|to=node00|tick=10|type=core.Vote
TICK000000000822|NET|DELIVER|from=node00|to=node00|tick=10|type=core.Vote
TICK000000000823|NET|DELIVER|from=node03|to=node01|tick=10|type=core.Vote
TICK000000000824|NET|DELIVER|from=node01|to=node00|tick=10|type=core.Vote
TICK000000000825|NET|DELIVER|from=node01|to=node01|tick=10|type=core.Vote
TICK000000000826|NET|DELIVER|from=node01|to=node03|tick=10|type=core.Vote
TICK000000000827|NET|DELIVER|from=node01|to=node00|tick=10|type=core.Vote
TICK000000000828|NET|DELIVER|from=node03|to=node01|tick=10|type=core.Vote
TICK000000000829|NET|DELIVER|from=node03|to=node02|tick=10|type=core.Vote
TICK000000000830|NODE|node01|RECV|VOTE|from=node03|H=1|phase=PREVOTE
TICK000000000831|NODE|node00|RECV|VOTE|from=node01|H=1|phase=PREVOTE
TICK000000000832|NODE|node03|RECV|VOTE|from=node01|H=1|phase=PREVOTE
TICK000000000833|NET|DELIVER|from=node03|to=node03|tick=10|type=core.Vote
TICK000000000834|NET|DELIVER|from=node00|to=node02|tick=10|type=core.BlockHeader
TICK000000000835|NODE|node02|RECV|VOTE|from=node03|H=1|phase=PREVOTE
TICK000000000836|NODE|node00|RECV|VOTE|from=node00|H=1|phase=PREVOTE
TICK000000000837|NODE|node01|RECV|VOTE|from=node01|H=1|phase=PREVOTE
TICK000000000838|NODE|node02|RECV|HEADER|from=node00|H=1
TICK000000000839|NODE|node00|RECV|VOTE|from=node01|H=1|phase=PREVOTE
TICK000000000840|NET|DELIVER|from=node00|to=node03|tick=10|type=core.BlockHeader
TICK000000000841|NODE|node01|RECV|VOTE|from=node03|H=1|phase=PREVOTE
TICK000000000842|NODE|node00|RECV|VOTE|from=node01|H=1|phase=PREVOTE
TICK000000000843|NET|SEND|from=node02|to=node00|deliver_tick=13|type=core.Vote
TICK000000000844|NET|DUP|from=node02|to=node00|tick=13
TICK000000000845|NET|SEND|from=node02|to=node01|deliver_tick=11|type=core.Vote
TICK000000000846|NET|SEND|from=node02|to=node02|deliver_tick=11|type=core.Vote
TICK000000000847|NET|SEND|from=node02|to=node03|deliver_tick=12|type=core.Vote
TICK000000000848|NODE|node02|SENT|PREVOTE|H=1
TICK000000000849|NODE|node03|RECV|VOTE|from=node03|H=1|phase=PREVOTE
TICK000000000850|NET|DELIVER|from=node02|to=node03|tick=10|type=core.Vote
TICK000000000851|NET|DELIVER|from=node03|to=node01|tick=10|type=core.Vote
TICK000000000852|NET|DELIVER|from=node01|to=node02|tick=10|type=core.Vote
TICK000000000853|NET|DELIVER|from=node01|to=node03|tick=10|type=core.Vote
TICK000000000854|NODE|node03|RECV|HEADER|from=node00|H=1
TICK000000000855|NODE|node01|RECV|VOTE|from=node03|H=1|phase=PREVOTE
TICK000000000856|NET|DELIVER|from=node01|to=node03|tick=10|type=core.Vote
TICK000000000857|NET|DELIVER|from=node00|to=node03|tick=10|type=*core.Block
TICK000000000858|NODE|node02|RECV|VOTE|from=node01|H=1|phase=PREVOTE
TICK000000000859|NET|SEND|from=node03|to=node01|deliver_tick=13|type=core.Vote
TICK000000000860|NET|SEND|from=node03|to=node02|deliver_tick=13|type=core.Vote
TICK000000000861|NET|SEND|from=node03|to=node03|deliver_tick=12|type=core.Vote
TICK000000000862|NET|SEND|from=node03|to=node00|deliver_tick=13|type=core.Vote
TICK000000000863|NODE|node03|SENT|PREVOTE|H=1
TICK000000000864|NODE|node03|RECV|VOTE|from=node02|H=1|phase=PREVOTE
TICK000000000865|NET|DELIVER|from=node00|to=node00|tick=10|type=*core.Block
TICK000000000866|NET|DELIVER|from=node00|to=node02|tick=10|type=core.Vote
TICK000000000867|NET|DELIVER|from=node00|to=node01|tick=10|type=core.Vote
TICK000000000868|NODE|node01|RECV|VOTE|from=node00|H=1|phase=PREVOTE
TICK000000000869|NODE|node00|RECV|BLOCK|from=node00|H=1|txs=1
TICK000000000870|NODE|node02|RECV|VOTE|from=node00|H=1|phase=PREVOTE
TICK000000000871|NET|DELIVER|from=node01|to=node02|tick=10|type=core.BlockHeader
TICK000000000872|NET|DELIVER|from=node01|to=node01|tick=10|type=core.Vote
TICK000000000873|NET|DELIVER|from=node01|to=node02|tick=10|type=core.Vote
TICK000000000874|NODE|node03|RECV|VOTE|from=node01|H=1|phase=PREVOTE
TICK000000000875|NODE|node02|RECV|HEADER|from=node01|H=2
TICK000000000876|NET|DELIVER|from=node01|to=node03|tick=10|type=core.Vote
TICK000000000877|NET|SEND|from=node00|to=node01|deliver_tick=12|type=core.Vote
TICK000000000878|NET|SEND|from=node00|to=node02|deliver_tick=11|type=core.Vote
TICK000000000879|NET|SEND|from=node00|to=node03|deliver_tick=12|type=core.Vote
TICK000000000880|NET|SEND|from=node00|to=node00|deliver_tick=11|type=core.Vote
TICK000000000881|NODE|node00|SENT|PREVOTE|H=1
TICK000000000882|NODE|node01|RECV|VOTE|from=node01|H=1|phase=PREVOTE
TICK000000000883|NET|DELIVER|from=node01|to=node01|tick=10|type=core.Vote
TICK000000000884|NET|SEND|from=node02|to=node03|deliver_tick=11|type=core.Vote
TICK000000000885|NET|SEND|from=node02|to=node00|deliver_tick=12|type=core.Vote
TICK000000000886|NET|SEND|from=node02|to=node01|deliver_tick=11|type=core.Vote
TICK000000000887|NET|SEND|from=node02|to=node02|deliver_tick=12|type=core.Vote
TICK000000000888|NODE|node02|SENT|PREVOTE|H=2
TICK000000000889|NODE|node03|RECV|VOTE|from=node01|H=1|phase=PREVOTE
TICK000000000890|NET|DELIVER|from=node01|to=node02|tick=10|type=core.Vote
TICK000000000891|NET|DELIVER|from=node00|to=node01|tick=10|type=*core.Block
TICK000000000892|NET|DELIVER|from=node00|to=node02|tick=10|type=*core.Block
TICK000000000893|NET|DELIVER|from=node01|to=node00|tick=10|type=*core.Block
TICK000000000894|NET|DELIVER|from=node02|to=node03|tick=10|type=core.Vote
TICK000000000895|NET|DELIVER|from=node02|to=node01|tick=10|type=core.Vote
TICK000000000896|NET|DELIVER|from=node02|to=node02|tick=10|type=core.Vote
TICK000000000897|NET|DELIVER|from=node00|to=node01|tick=10|type=core.Vote
TICK000000000898|NODE|node01|RECV|VOTE|from=node01|H=1|phase=PREVOTE
TICK000000000899|NODE|node02|RECV|VOTE|from=node01|H=1|phase=PREVOTE
TICK000000000900|NODE|node03|RECV|BLOCK|from=node00|H=1|txs=1
TICK000000000901|NODE|node01|RECV|BLOCK|from=node00|H=1|txs=1
TICK000000000902|NODE|node00|RECV|BLOCK|from=node01|H=2|txs=1
TICK000000000903|NET|DELIVER|from=node00|to=node02|tick=10|type=core.Vote
TICK000000000904|NET|DELIVER|from=node00|to=node00|tick=10|type=core.Vote
TICK000000000905|NODE|node02|RECV|VOTE|from=node01|H=1|phase=PREVOTE
TICK000000000906|NET|DELIVER|from=node03|to=node00|tick=10|type=core.Vote
TICK000000000907|NET|DELIVER|from=node01|to=node00|tick=10|type=core.Vote
TICK000000000908|NET|DELIVER|from=node01|to=node02|tick=10|type=core.Vote
TICK000000000909|NET|DELIVER|from=node01|to=node02|tick=10|type=core.Vote
TICK000000000910|NET|DELIVER|from=node00|to=node01|tick=10|type=core.Vote
TICK000000000911|NET|DROP|from=node03|to=node00|lat=3
TICK000000000912|NET|SEND|from=node03|to=node01|deliver_tick=13|type=core.Vote
TICK000000000913|NET|SEND|from=node03|to=node02|deliver_tick=12|type=core.Vote
TICK000000000914|NODE|node02|RECV|BLOCK|from=node00|H=1|txs=1
TICK000000000915|NET|SEND|from=node03|to=node03|deliver_tick=13|type=core.Vote
TICK000000000916|NODE|node03|SENT|PREVOTE|H=1
TICK000000000917|NODE|node03|RECV|VOTE|from=node01|H=1|phase=PREVOTE
TICK000000000918|NET|SEND|from=node01|to=node00|deliver_tick=13|type=core.Vote
TICK000000000919|NET|SEND|from=node01|to=node01|deliver_tick=13|type=core.Vote
TICK000000000920|NET|SEND|from=node01|to=node02|deliver_tick=13|type=core.Vote
TICK000000000921|NET|DELIVER|from=node03|to=node00|tick=10|type=core.Vote
TICK000000000922|NET|SEND|from=node01|to=node03|deliver_tick=11|type=core.Vote
TICK000000000923|NET|DUP|from=node01|to=node03|tick=11
TICK000000000924|NODE|node01|SENT|PREVOTE|H=1
TICK000000000925|NODE|node03|RECV|VOTE|from=node02|H=1|phase=PREVOTE
TICK000000000926|NODE|node01|RECV|VOTE|from=node02|H=1|phase=PREVOTE
TICK000000000927|NET|SEND|from=node00|to=node00|deliver_tick=11|type=core.Vote
TICK000000000928|NET|DROP|from=node00|to=node01|lat=2
TICK000000000929|NET|SEND|from=node00|to=node02|deliver_tick=11|type=core.Vote
TICK000000000930|NET|SEND|from=node00|to=node03|deliver_tick=11|type=core.Vote
TICK000000000931|NET|DUP|from=node00|to=node03|tick=11
TICK000000000932|NODE|node00|SENT|PREVOTE|H=2
TICK000000000933|NODE|node00|RECV|VOTE|from=node00|H=1|phase=PREVOTE
TICK000000000934|NODE|node01|RECV|VOTE|from=node00|H=1|phase=PREVOTE
TICK000000000935|NET|DELIVER|from=node03|to=node02|tick=10|type=core.Vote
TICK000000000936|NET|SEND|from=node02|to=node01|deliver_tick=13|type=core.Vote
TICK000000000937|NODE|node00|RECV|VOTE|from=node03|H=1|phase=PREVOTE
TICK000000000938|NODE|node01|RECV|VOTE|from=node00|H=1|phase=PREVOTE
TICK000000000939|NET|SEND|from=node02|to=node02|deliver_tick=11|type=core.Vote
TICK000000000940|NODE|node00|RECV|VOTE|from=node01|H=1|phase=PREVOTE
TICK000000000941|NET|SEND|from=node02|to=node03|deliver_tick=11|type=core.Vote
TICK000000000942|NET|SEND|from=node02|to=node00|deliver_tick=11|type=core.Vote
TICK000000000943|NODE|node02|SENT|PREVOTE|H=1
TICK000000000944|NODE|node00|RECV|VOTE|from=node03|H=2|phase=PREVOTE
TICK000000000945|NODE|node02|RECV|VOTE|from=node02|H=1|phase=PREVOTE
TICK000000000946|NET|DELIVER|from=node01|to=node03|tick=10|type=core.Vote
TICK000000000947|NET|DELIVER|from=node00|to=node02|tick=10|type=core.Vote
TICK000000000948|NET|DELIVER|from=node00|to=node03|tick=10|type=core.Vote
TICK000000000949|NET|DELIVER|from=node00|to=node03|tick=10|type=core.Vote
TICK000000000950|NET|DELIVER|from=node01|to=node01|tick=10|type=*core.Block
TICK000000000951|NET|DELIVER|from=node01|to=node02|tick=10|type=*core.Block
TICK000000000952|NODE|node01|RECV|BLOCK|from=node01|H=2|txs=1
TICK000000000953|NODE|node03|RECV|VOTE|from=node01|H=2|phase=PREVOTE
TICK000000000954|NET|SEND|from=node01|to=node00|deliver_tick=13|type=core.BlockHeader
TICK000000000955|NET|SEND|from=node01|to=node01|deliver_tick=13|type=core.BlockHeader
TICK000000000956|NET|SEND|from=node01|to=node02|deliver_tick=11|type=core.BlockHeader
TICK000000000957|NET|DUP|from=node01|to=node02|tick=11
TICK000000000958|NODE|node02|RECV|VOTE|from=node00|H=1|phase=PREVOTE
TICK000000000959|NODE|node03|RECV|VOTE|from=node00|H=2|phase=PREVOTE
TICK000000000960|NET|SEND|from=node01|to=node03|deliver_tick=13|type=core.BlockHeader
TICK000000000961|NODE|node01|PROPOSE|H=2
TICK000000000962|NODE|node02|RECV|VOTE|from=node01|H=1|phase=PREVOTE
TICK000000000963|NODE|node03|RECV|VOTE|from=node00|H=2|phase=PREVOTE
TICK000000000964|NODE|node02|RECV|VOTE|from=node01|H=1|phase=PREVOTE
TICK000000000965|NET|SEND|from=node01|to=node00|deliver_tick=13|type=core.Vote
TICK000000000966|NET|SEND|from=node01|to=node01|deliver_tick=13|type=core.Vote
TICK000000000967|NET|SEND|from=node01|to=node02|deliver_tick=11|type=core.Vote
TICK000000000968|NET|SEND|from=node01|to=node03|deliver_tick=12|type=core.Vote
TICK000000000969|NODE|node01|SENT|PREVOTE|H=2
TICK000000000970|NODE|node02|RECV|VOTE|from=node03|H=2|phase=PREVOTE
TICK000000000971|NODE|node02|RECV|VOTE|from=node00|H=2|phase=PREVOTE
TICK000000000972|NODE|node02|RECV|BLOCK|from=node01|H=2|txs=1
TICK000000000973|NET|SEND|from=node02|to=node00|deliver_tick=12|type=core.Vote
TICK000000000974|NET|SEND|from=node02|to=node01|deliver_tick=13|type=core.Vote
TICK000000000975|NET|SEND|from=node02|to=node02|deliver_tick=12|type=core.Vote
TICK000000000976|NET|DUP|from=node02|to=node02|tick=12
TICK000000000977|NET|SEND|from=node02|to=node03|deliver_tick=13|type=core.Vote
TICK000000000978|NODE|node02|SENT|PREVOTE|H=2
TICK000000000979|NET|SEND|from=node01|to=node00|deliver_tick=13|type=*core.Block
TICK000000000980|NET|SEND|from=node01|to=node01|deliver_tick=13|type=*core.Block
TICK000000000981|NET|SEND|from=node01|to=node02|deliver_tick=13|type=*core.Block
TICK000000000982|NET|SEND|from=node01|to=node03|deliver_tick=13|type=*core.Block
TICK000000000983|NET|DELIVER|from=node00|to=node03|tick=11|type=core.Vote
TICK000000000984|NET|DELIVER|from=node00|to=node00|tick=11|type=core.Vote
TICK000000000985|NET|DELIVER|from=node01|to=node03|tick=11|type=core.BlockHeader
TICK000000000986|NODE|node03|RECV|VOTE|from=node00|H=1|phase=PREVOTE
TICK000000000987|NET|DELIVER|from=node01|to=node01|tick=11|type=core.BlockHeader
TICK000000000988|NET|DELIVER|from=node00|to=node01|tick=11|type=core.Vote
TICK000000000989|NET|DELIVER|from=node00|to=node01|tick=11|type=core.Vote
TICK000000000990|NET|DELIVER|from=node00|to=node03|tick=11|type=core.Vote
TICK000000000991|NODE|node01|RECV|HEADER|from=node01|H=2
TICK000000000992|NODE|node00|RECV|VOTE|from=node00|H=1|phase=PREVOTE
TICK000000000993|NET|DELIVER|from=node00|to=node01|tick=11|type=core.Vote
TICK000000000994|NET|DELIVER|from=node00|to=node00|tick=11|type=*core.Block
TICK000000000995|NET|DELIVER|from=node00|to=node03|tick=11|type=*core.Block
TICK000000000996|NODE|node03|RECV|HEADER|from=node01|H=2
TICK000000000997|NET|DELIVER|from=node01|to=node02|tick=11|type=*core.Block
TICK000000000998|NODE|node02|RECV|BLOCK|from=node01|H=2|txs=1
TICK000000000999|NET|SEND|from=node01|to=node00|deliver_tick=14|type=core.Vote
TICK000000001000|NET|SEND|from=node01|to=node01|deliver_tick=14|type=core.Vote
TICK000000001001|NET|SEND|from=node01|to=node02|deliver_tick=12|type=core.Vote
TICK000000001002|NET|SEND|from=node01|to=node03|deliver_tick=14|type=core.Vote
TICK000000001003|NODE|node00|RECV|BLOCK|from=node00|H=1|txs=1
TICK000000001004|NODE|node01|SENT|PREVOTE|H=2
TICK000000001005|NODE|node01|RECV|VOTE|from=node00|H=1|phase=PREVOTE
TICK000000001006|NET|SEND|from=node03|to=node02|deliver_tick=13|type=core.Vote
TICK000000001007|NODE|node01|RECV|VOTE|from=node00|H=1|phase=PREVOTE
TICK000000001008|NET|DUP|from=node03|to=node02|tick=13
TICK000000001009|NET|SEND|from=node03|to=node03|deliver_tick=14|type=core.Vote
TICK000000001010|NET|SEND|from=node03|to=node00|deliver_tick=14|type=core.Vote
TICK000000001011|NET|SEND|from=node03|to=node01|deliver_tick=13|type=core.Vote
TICK000000001012|NODE|node03|SENT|PREVOTE|H=2
TICK000000001013|NET|DELIVER|from=node01|to=node01|tick=11|type=*core.Block
TICK000000001014|NODE|node01|RECV|VOTE|from=node00|H=1|phase=PREVOTE
TICK000000001015|NET|SEND|from=node00|to=node00|deliver_tick=14|type=core.Vote
TICK000000001016|NET|DROP|from=node00|to=node01|lat=2
TICK000000001017|NET|SEND|from=node00|to=node02|deliver_tick=14|type=core.Vote
TICK000000001018|NET|SEND|from=node00|to=node03|deliver_tick=14|type=core.Vote
TICK000000001019|NODE|node00|SENT|PREVOTE|H=1
TICK000000001020|NODE|node03|RECV|VOTE|from=node00|H=1|phase=PREVOTE
TICK000000001021|NODE|node01|RECV|BLOCK|from=node01|H=2|txs=1
TICK000000001022|NET|SEND|from=node02|to=node00|deliver_tick=14|type=core.Vote
TICK000000001023|NET|SEND|from=node02|to=node01|deliver_tick=12|type=core.Vote
TICK000000001024|NET|SEND|from=node02|to=node02|deliver_tick=13|type=core.Vote
TICK000000001025|NET|SEND|from=node02|to=node03|deliver_tick=13|type=core.Vote
TICK000000001026|NODE|node02|SENT|PREVOTE|H=2
TICK000000001027|NET|DELIVER|from=node03|to=node03|tick=11|type=core.Vote
TICK000000001028|NET|DELIVER|from=node01|to=node03|tick=11|type=core.Vote
TICK000000001029|NET|DELIVER|from=node01|to=node00|tick=11|type=core.Vote
TICK000000001030|NODE|node00|RECV|VOTE|from=node01|H=1|phase=PREVOTE
TICK000000001031|NET|DELIVER|from=node01|to=node03|tick=11|type=core.Vote
TICK000000001032|NET|SEND|from=node01|to=node00|deliver_tick=14|type=core.Vote
TICK000000001033|NET|SEND|from=node01|to=node01|deliver_tick=13|type=core.Vote
TICK000000001034|NET|SEND|from=node01|to=node02|deliver_tick=13|type=core.Vote
TICK000000001035|NET|SEND|from=node01|to=node03|deliver_tick=13|type=core.Vote
TICK000000001036|NODE|node01|SENT|PREVOTE|H=2
TICK000000001037|NET|DELIVER|from=node03|to=node01|tick=11|type=core.Vote
TICK000000001038|NET|DELIVER|from=node03|to=node03|tick=11|type=core.Vote
TICK000000001039|NET|DELIVER|from=node01|to=node01|tick=11|type=core.Vote
TICK000000001040|NET|DELIVER|from=node01|to=node02|tick=11|type=core.Vote
TICK000000001041|NET|DELIVER|from=node00|to=node01|tick=11|type=core.Vote
TICK000000001042|NET|DELIVER|from=node02|to=node00|tick=11|type=core.Vote
TICK000000001043|NET|DELIVER|from=node01|to=node02|tick=11|type=core.BlockHeader
TICK000000001044|NET|DELIVER|from=node01|to=node02|tick=11|type=core.BlockHeader
TICK000000001045|NET|DELIVER|from=node01|to=node03|tick=11|type=*core.Block
TICK000000001046|NET|DELIVER|from=node02|to=node01|tick=11|type=core.Vote
TICK000000001047|NET|DELIVER|from=node02|to=node02|tick=11|type=core.Vote
TICK000000001048|NET|DELIVER|from=node00|to=node02|tick=11|type=core.Vote
TICK000000001049|NET|DELIVER|from=node00|to=node00|tick=11|type=core.Vote
TICK000000001050|NODE|node03|RECV|BLOCK|from=node00|H=1|txs=1
TICK000000001051|NODE|node01|RECV|VOTE|from=node03|H=2|phase=PREVOTE
TICK000000001052|NODE|node02|RECV|VOTE|from=node01|H=2|phase=PREVOTE
TICK000000001053|NODE|node00|RECV|VOTE|from=node02|H=1|phase=PREVOTE
TICK000000001054|NODE|node01|RECV|VOTE|from=node01|H=2|phase=PREVOTE
TICK000000001055|NET|DELIVER|from=node02|to=node03|tick=11|type=core.Vote
TICK000000001056|NET|SEND|from=node02|to=node00|deliver_tick=14|type=core.Vote
TICK000000001057|NET|SEND|from=node02|to=node01|deliver_tick=13|type=core.Vote
TICK000000001058|NET|SEND|from=node02|to=node02|deliver_tick=13|type=core.Vote
TICK000000001059|NET|SEND|from=node02|to=node03|deliver_tick=13|type=core.Vote
TICK000000001060|NODE|node02|SENT|PRECOMMIT|H=2
TICK000000001061|NET|SEND|from=node03|to=node01|deliver_tick=13|type=core.Vote
TICK000000001062|NET|DUP|from=node03|to=node01|tick=13
TICK000000001063|NODE|node00|RECV|VOTE|from=node00|H=1|phase=PREVOTE
TICK000000001064|NET|DELIVER|from=node02|to=node01|tick=11|type=core.Vote
TICK000000001065|NODE|node02|RECV|HEADER|from=node01|H=2
TICK000000001066|NET|SEND|from=node03|to=node02|deliver_tick=12|type=core.Vote
TICK000000001067|NET|DUP|from=node03|to=node02|tick=12
TICK000000001068|NET|SEND|from=node03|to=node03|deliver_tick=14|type=core.Vote
TICK000000001069|NET|SEND|from=node03|to=node00|deliver_tick=14|type=core.Vote
TICK000000001070|NODE|node03|SENT|PREVOTE|H=1
TICK000000001071|NODE|node03|RECV|VOTE|from=node03|H=1|phase=PREVOTE
TICK000000001072|NET|DROP|from=node01|to=node02|lat=1
TICK000000001073|NET|SEND|from=node01|to=node03|deliver_tick=13|type=core.Vote
TICK000000001074|NET|DUP|from=node01|to=node03|tick=13
TICK000000001075|NET|SEND|from=node01|to=node00|deliver_tick=12|type=core.Vote
TICK000000001076|NET|DROP|from=node01|to=node01|lat=3
TICK000000001077|NODE|node03|RECV|VOTE|from=node01|H=1|phase=PREVOTE
TICK000000001078|NET|SEND|from=node02|to=node00|deliver_tick=13|type=core.Vote
TICK000000001079|NET|SEND|from=node02|to=node01|deliver_tick=14|type=core.Vote
TICK000000001080|NET|SEND|from=node02|to=node02|deliver_tick=14|type=core.Vote
TICK000000001081|NODE|node01|SENT|PRECOMMIT|H=2
TICK000000001082|NODE|node03|RECV|VOTE|from=node01|H=1|phase=PREVOTE
TICK000000001083|NODE|node01|RECV|VOTE|from=node00|H=2|phase=PREVOTE
TICK000000001084|NET|SEND|from=node02|to=node03|deliver_tick=12|type=core.Vote
TICK000000001085|NODE|node02|SENT|PREVOTE|H=2
TICK000000001086|NODE|node02|RECV|HEADER|from=node01|H=2
TICK000000001087|NET|DELIVER|from=node01|to=node03|tick=11|type=core.Vote
TICK000000001088|NET|DELIVER|from=node01|to=node03|tick=11|type=core.Vote
TICK000000001089|NET|DELIVER|from=node00|to=node00|tick=11|type=core.Vote
TICK000000001090|NET|DELIVER|from=node00|to=node02|tick=11|type=core.Vote
TICK000000001091|NODE|node03|RECV|VOTE|from=node03|H=2|phase=PREVOTE
TICK000000001092|NET|DELIVER|from=node00|to=node03|tick=11|type=core.Vote
TICK000000001093|NODE|node01|RECV|VOTE|from=node02|H=1|phase=PREVOTE
TICK000000001094|NODE|node00|RECV|VOTE|from=node00|H=2|phase=PREVOTE
TICK000000001095|NET|SEND|from=node02|to=node00|deliver_tick=13|type=core.Vote
TICK000000001096|NET|SEND|from=node02|to=node01|deliver_tick=14|type=core.Vote
TICK000000001097|NET|SEND|from=node02|to=node02|deliver_tick=14|type=core.Vote
TICK000000001098|NET|SEND|from=node02|to=node03|deliver_tick=14|type=core.Vote
TICK000000001099|NODE|node01|RECV|VOTE|from=node02|H=2|phase=PREVOTE
TICK000000001100|NODE|node02|SENT|PREVOTE|H=2
TICK000000001101|NODE|node02|RECV|VOTE|from=node02|H=1|phase=PREVOTE
TICK000000001102|NET|DELIVER|from=node00|to=node03|tick=11|type=core.Vote
TICK000000001103|NET|SEND|from=node03|to=node00|deliver_tick=13|type=core.Vote
TICK000000001104|NET|SEND|from=node03|to=node01|deliver_tick=12|type=core.Vote
TICK000000001105|NET|SEND|from=node03|to=node02|deliver_tick=12|type=core.Vote
TICK000000001106|NET|SEND|from=node03|to=node03|deliver_tick=14|type=core.Vote
TICK000000001107|NODE|node02|RECV|VOTE|from=node00|H=1|phase=PREVOTE
TICK000000001108|NODE|node03|SENT|PRECOMMIT|H=2
TICK000000001109|NODE|node03|RECV|BLOCK|from=node01|H=2|txs=1
TICK000000001110|NET|DELIVER|from=node02|to=node02|tick=11|type=core.Vote
TICK000000001111|NODE|node02|RECV|VOTE|from=node00|H=2|phase=PREVOTE
TICK000000001112|NET|DELIVER|from=node02|to=node03|tick=11|type=core.Vote
TICK000000001113|NET|DELIVER|from=node02|to=node00|tick=11|type=core.Vote
TICK000000001114|NODE|node00|RECV|VOTE|from=node02|H=1|phase=PREVOTE
TICK000000001115|NODE|node02|RECV|VOTE|from=node02|H=1|phase=PREVOTE
TICK000000001116|NET|DELIVER|from=node01|to=node02|tick=11|type=core.BlockHeader
TICK000000001117|NET|DELIVER|from=node01|to=node02|tick=11|type=core.BlockHeader
TICK000000001118|NET|DELIVER|from=node01|to=node02|tick=11|type=core.Vote
TICK000000001119|NET|SEND|from=node03|to=node00|deliver_tick=12|type=core.Vote
TICK000000001120|NET|DUP|from=node03|to=node00|tick=12
TICK000000001121|NET|SEND|from=node03|to=node01|deliver_tick=14|type=core.Vote
TICK000000001122|NET|SEND|from=node03|to=node02|deliver_tick=12|type=core.Vote
TICK000000001123|NET|SEND|from=node03|to=node03|deliver_tick=13|type=core.Vote
TICK000000001124|NODE|node03|SENT|PREVOTE|H=2
TICK000000001125|NODE|node02|RECV|HEADER|from=node01|H=2
TICK000000001126|NODE|node03|RECV|VOTE|from=node02|H=2|phase=PREVOTE
TICK000000001127|NET|SEND|from=node01|to=node00|deliver_tick=13|type=core.BlockHeader
TICK000000001128|NET|SEND|from=node01|to=node01|deliver_tick=14|type=core.BlockHeader
TICK000000001129|NET|SEND|from=node01|to=node02|deliver_tick=14|type=core.BlockHeader
TICK000000001130|NET|SEND|from=node01|to=node03|deliver_tick=14|type=core.BlockHeader
TICK000000001131|NODE|node01|PROPOSE|H=2
TICK000000001132|NET|SEND|from=node02|to=node00|deliver_tick=12|type=core.Vote
TICK000000001133|NET|SEND|from=node02|to=node01|deliver_tick=13|type=core.Vote
TICK000000001134|NET|SEND|from=node02|to=node02|deliver_tick=12|type=core.Vote
TICK000000001135|NET|SEND|from=node02|to=node03|deliver_tick=13|type=core.Vote
TICK000000001136|NODE|node02|SENT|PREVOTE|H=2
TICK000000001137|NODE|node03|RECV|VOTE|from=node01|H=1|phase=PREVOTE
TICK000000001138|NODE|node02|RECV|HEADER|from=node01|H=2
TICK000000001139|NODE|node03|RECV|VOTE|from=node01|H=1|phase=PREVOTE
TICK000000001140|NET|SEND|from=node02|to=node00|deliver_tick=12|type=core.Vote
TICK000000001141|NET|DUP|from=node02|to=node00|tick=12
TICK000000001142|NET|SEND|from=node02|to=node01|deliver_tick=13|type=core.Vote
TICK000000001143|NET|SEND|from=node02|to=node02|deliver_tick=13|type=core.Vote
TICK000000001144|NET|SEND|from=node02|to=node03|deliver_tick=13|type=core.Vote
TICK000000001145|NODE|node02|SENT|PREVOTE|H=2
TICK000000001146|NODE|node03|RECV|VOTE|from=node00|H=2|phase=PREVOTE
TICK000000001147|NODE|node02|RECV|VOTE|from=node01|H=2|phase=PREVOTE
TICK000000001148|NODE|node03|RECV|VOTE|from=node00|H=2|phase=PREVOTE
TICK000000001149|NODE|node03|RECV|VOTE|from=node02|H=1|phase=PREVOTE
TICK000000001150|NET|SEND|from=node01|to=node00|deliver_tick=14|type=*core.Block
TICK000000001151|NET|SEND|from=node01|to=node01|deliver_tick=12|type=*core.Block
TICK000000001152|NET|SEND|from=node01|to=node02|deliver_tick=14|type=*core.Block
TICK000000001153|NET|SEND|from=node01|to=node03|deliver_tick=14|type=*core.Block
TICK000000001154|NET|DELIVER|from=node02|to=node00|tick=12|type=core.Vote
TICK000000001155|NODE|node00|RECV|VOTE|from=node02|H=1|phase=PREVOTE
TICK000000001156|NET|DELIVER|from=node00|to=node03|tick=12|type=core.Vote
TICK000000001157|NET|DELIVER|from=node03|to=node01|tick=12|type=core.Vote
TICK000000001158|NET|DELIVER|from=node03|to=node01|tick=12|type=core.Vote
TICK000000001159|NET|DELIVER|from=node03|to=node02|tick=12|type=core.Vote
TICK000000001160|NET|DELIVER|from=node01|to=node01|tick=12|type=core.Vote
TICK000000001161|NET|DELIVER|from=node01|to=node01|tick=12|type=core.Vote
TICK000000001162|NET|DELIVER|from=node00|to=node00|tick=12|type=core.Vote
TICK000000001163|NET|DELIVER|from=node00|to=node02|tick=12|type=core.Vote
TICK000000001164|NET|DELIVER|from=node00|to=node03|tick=12|type=core.Vote
TICK000000001165|NET|DELIVER|from=node00|to=node00|tick=12|type=core.Vote
TICK000000001166|NET|DELIVER|from=node02|to=node02|tick=12|type=core.Vote
TICK000000001167|NET|DELIVER|from=node02|to=node03|tick=12|type=core.Vote
TICK000000001168|NET|DELIVER|from=node02|to=node01|tick=12|type=core.Vote
TICK000000001169|NET|DELIVER|from=node01|to=node01|tick=12|type=core.BlockHeader
TICK000000001170|NODE|node03|RECV|VOTE|from=node00|H=1|phase=PREVOTE
TICK000000001171|NODE|node01|RECV|VOTE|from=node03|H=1|phase=PREVOTE
TICK000000001172|NODE|node02|RECV|VOTE|from=node03|H=1|phase=PREVOTE
TICK000000001173|NODE|node00|RECV|VOTE|from=node00|H=1|phase=PREVOTE
TICK000000001174|NET|DELIVER|from=node03|to=node00|tick=12|type=core.Vote
TICK000000001175|NODE|node02|RECV|VOTE|from=node00|H=1|phase=PREVOTE
TICK000000001176|NET|DELIVER|from=node03|to=node02|tick=12|type=core.Vote
TICK000000001177|NET|DELIVER|from=node03|to=node02|tick=12|type=core.Vote
TICK000000001178|NET|DELIVER|from=node03|to=node03|tick=12|type=core.Vote
TICK000000001179|NET|DELIVER|from=node01|to=node00|tick=12|type=*core.Block
TICK000000001180|NET|DELIVER|from=node02|to=node03|tick=12|type=core.Vote
TICK000000001181|NET|DELIVER|from=node03|to=node03|tick=12|type=core.Vote
TICK000000001182|NODE|node03|RECV|VOTE|from=node00|H=1|phase=PREVOTE
TICK000000001183|NODE|node01|RECV|VOTE|from=node03|H=1|phase=PREVOTE
TICK000000001184|NODE|node00|RECV|VOTE|from=node00|H=2|phase=PREVOTE
TICK000000001185|NODE|node02|RECV|VOTE|from=node02|H=1|phase=PREVOTE
TICK000000001186|NET|DELIVER|from=node00|to=node01|tick=12|type=core.Vote
TICK000000001187|NET|DELIVER|from=node00|to=node03|tick=12|type=core.Vote
TICK000000001188|NET|DELIVER|from=node02|to=node00|tick=12|type=core.Vote
TICK000000001189|NET|DELIVER|from=node02|to=node02|tick=12|type=core.Vote
TICK000000001190|NODE|node03|RECV|VOTE|from=node02|H=1|phase=PREVOTE
TICK000000001191|NODE|node01|RECV|VOTE|from=node01|H=1|phase=PREVOTE
TICK000000001192|NODE|node00|RECV|VOTE|from=node03|H=2|phase=PREVOTE
TICK000000001193|NET|DELIVER|from=node03|to=node02|tick=12|type=core.Vote
TICK000000001194|NET|DELIVER|from=node01|to=node03|tick=12|type=core.Vote
TICK000000001195|NODE|node02|RECV|VOTE|from=node03|H=2|phase=PREVOTE
TICK000000001196|NET|DELIVER|from=node02|to=node00|tick=12|type=core.Vote
TICK000000001197|NET|DELIVER|from=node02|to=node02|tick=12|type=core.Vote
TICK000000001198|NODE|node01|RECV|VOTE|from=node01|H=1|phase=PREVOTE
TICK000000001199|NODE|node03|RECV|VOTE|from=node03|H=2|phase=PREVOTE
TICK000000001200|NODE|node02|RECV|VOTE|from=node03|H=2|phase=PREVOTE
TICK000000001201|NODE|node00|RECV|BLOCK|from=node01|H=2|txs=1
TICK000000001202|NET|DELIVER|from=node02|to=node02|tick=12|type=core.Vote
TICK000000001203|NET|DELIVER|from=node01|to=node02|tick=12|type=core.Vote
TICK000000001204|NODE|node01|RECV|VOTE|from=node02|H=1|phase=PREVOTE
TICK000000001205|NODE|node03|RECV|VOTE|from=node02|H=1|phase=PREVOTE
TICK000000001206|NET|DELIVER|from=node02|to=node01|tick=12|type=core.Vote
TICK000000001207|NODE|node02|RECV|VOTE|from=node02|H=2|phase=PREVOTE
TICK000000001208|NODE|node03|RECV|VOTE|from=node03|H=1|phase=PREVOTE
TICK000000001209|NODE|node01|RECV|HEADER|from=node01|H=2
TICK000000001210|NODE|node02|RECV|VOTE|from=node03|H=1|phase=PREVOTE
TICK000000001211|NET|SEND|from=node00|to=node02|deliver_tick=15|type=core.Vote
TICK000000001212|NET|SEND|from=node00|to=node03|deliver_tick=15|type=core.Vote
TICK000000001213|NODE|node02|RECV|VOTE|from=node02|H=2|phase=PREVOTE
TICK000000001214|NODE|node03|RECV|VOTE|from=node00|H=1|phase=PREVOTE
TICK000000001215|NET|DROP|from=node00|to=node00|lat=1
TICK000000001216|NET|SEND|from=node00|to=node01|deliver_tick=15|type=core.Vote
TICK000000001217|NODE|node00|SENT|PREVOTE|H=2
TICK000000001218|NODE|node00|RECV|VOTE|from=node02|H=2|phase=PREVOTE
TICK000000001219|NET|DELIVER|from=node03|to=node02|tick=12|type=core.Vote
TICK000000001220|NET|SEND|from=node01|to=node00|deliver_tick=14|type=core.Vote
TICK000000001221|NET|SEND|from=node01|to=node01|deliver_tick=14|type=core.Vote
TICK000000001222|NET|SEND|from=node01|to=node02|deliver_tick=14|type=core.Vote
TICK000000001223|NET|SEND|from=node01|to=node03|deliver_tick=13|type=core.Vote
TICK000000001224|NODE|node01|SENT|PREVOTE|H=2
TICK000000001225|NODE|node01|RECV|VOTE|from=node00|H=1|phase=PREVOTE
TICK000000001226|NET|SEND|from=node00|to=node02|deliver_tick=13|type=core.Vote
TICK000000001227|NET|SEND|from=node00|to=node03|deliver_tick=14|type=core.Vote
TICK000000001228|NET|SEND|from=node00|to=node00|deliver_tick=15|type=core.Vote
TICK000000001229|NODE|node01|RECV|VOTE|from=node02|H=2|phase=PREVOTE
TICK000000001230|NODE|node02|RECV|VOTE|from=node02|H=2|phase=PREVOTE
TICK000000001231|NET|SEND|from=node00|to=node01|deliver_tick=14|type=core.Vote
TICK000000001232|NODE|node03|RECV|VOTE|from=node01|H=2|phase=PREVOTE
TICK000000001233|NODE|node00|SENT|PRECOMMIT|H=2
TICK000000001234|NODE|node02|RECV|VOTE|from=node01|H=2|phase=PREVOTE
TICK000000001235|NODE|node00|RECV|VOTE|from=node02|H=2|phase=PREVOTE
TICK000000001236|NET|DELIVER|from=node03|to=node02|tick=12|type=core.Vote
TICK000000001237|NET|DELIVER|from=node01|to=node00|tick=12|type=core.Vote
TICK000000001238|NET|DELIVER|from=node02|to=node03|tick=12|type=core.Vote
TICK000000001239|NET|DELIVER|from=node03|to=node01|tick=12|type=core.Vote
TICK000000001240|NET|DELIVER|from=node03|to=node02|tick=12|type=core.Vote
TICK000000001241|NET|DELIVER|from=node03|to=node00|tick=12|type=core.Vote
TICK000000001242|NODE|node03|RECV|VOTE|from=node02|H=2|phase=PREVOTE
TICK000000001243|NODE|node01|RECV|VOTE|from=node03|H=2|phase=PRECOMMIT
TICK000000001244|NODE|node02|RECV|VOTE|from=node03|H=1|phase=PREVOTE
TICK000000001245|NET|DELIVER|from=node03|to=node00|tick=12|type=core.Vote
TICK000000001246|NET|DELIVER|from=node03|to=node02|tick=12|type=core.Vote
TICK000000001247|NET|DELIVER|from=node02|to=node00|tick=12|type=core.Vote
TICK000000001248|NET|DELIVER|from=node02|to=node02|tick=12|type=core.Vote
TICK000000001249|NET|DELIVER|from=node02|to=node00|tick=12|type=core.Vote
TICK000000001250|NET|DELIVER|from=node02|to=node00|tick=12|type=core.Vote
TICK000000001251|NET|DELIVER|from=node01|to=node01|tick=12|type=*core.Block
TICK000000001252|NODE|node00|RECV|VOTE|from=node01|H=2|phase=PRECOMMIT
TICK000000001253|NODE|node02|RECV|VOTE|from=node03|H=1|phase=PREVOTE
TICK000000001254|NODE|node01|RECV|BLOCK|from=node01|H=2|txs=1
TICK000000001255|NET|SEND|from=node01|to=node02|deliver_tick=14|type=core.BlockHeader
TICK000000001256|NET|SEND|from=node01|to=node03|deliver_tick=15|type=core.BlockHeader
TICK000000001257|NODE|node00|RECV|VOTE|from=node03|H=2|phase=PREVOTE
TICK000000001258|NET|SEND|from=node01|to=node00|deliver_tick=15|type=core.BlockHeader
TICK000000001259|NET|SEND|from=node01|to=node01|deliver_tick=15|type=core.BlockHeader
TICK000000001260|NODE|node02|RECV|VOTE|from=node03|H=2|phase=PRECOMMIT
TICK000000001261|NODE|node01|PROPOSE|H=2
TICK000000001262|NODE|node00|RECV|VOTE|from=node03|H=2|phase=PREVOTE
TICK000000001263|NODE|node02|RECV|VOTE|from=node03|H=2|phase=PREVOTE
TICK000000001264|NODE|node00|RECV|VOTE|from=node02|H=2|phase=PREVOTE
TICK000000001265|NET|SEND|from=node01|to=node00|deliver_tick=15|type=core.Vote
TICK000000001266|NET|SEND|from=node01|to=node01|deliver_tick=13|type=core.Vote
TICK000000001267|NET|SEND|from=node01|to=node02|deliver_tick=13|type=core.Vote
TICK000000001268|NET|SEND|from=node01|to=node03|deliver_tick=13|type=core.Vote
TICK000000001269|NODE|node01|SENT|PREVOTE|H=2
TICK000000001270|NODE|node02|RECV|VOTE|from=node02|H=2|phase=PREVOTE
TICK000000001271|NODE|node00|RECV|VOTE|from=node02|H=2|phase=PREVOTE
TICK000000001272|NODE|node00|RECV|VOTE|from=node02|H=2|phase=PREVOTE
TICK000000001273|NET|SEND|from=node01|to=node03|deliver_tick=14|type=*core.Block
TICK000000001274|NET|DROP|from=node01|to=node00|lat=3
TICK000000001275|NET|SEND|from=node01|to=node01|deliver_tick=14|type=*core.Block
TICK000000001276|NET|SEND|from=node01|to=node02|deliver_tick=13|type=*core.Block
TICK000000001277|NET|DELIVER|from=node02|to=node00|tick=13|type=core.Vote
TICK000000001278|NET|DELIVER|from=node02|to=node00|tick=13|type=core.Vote
TICK000000001279|NET|DELIVER|from=node03|to=node01|tick=13|type=core.Vote
TICK000000001280|NET|DELIVER|from=node03|to=node02|tick=13|type=core.Vote
TICK000000001281|NET|DELIVER|from=node03|to=node00|tick=13|type=core.Vote
TICK000000001282|NET|DELIVER|from=node03|to=node01|tick=13|type=core.Vote
TICK000000001283|NET|DELIVER|from=node03|to=node03|tick=13|type=core.Vote
TICK000000001284|NODE|node01|RECV|VOTE|from=node03|H=1|phase=PREVOTE
TICK000000001285|NODE|node00|RECV|VOTE|from=node02|H=1|phase=PREVOTE
TICK000000001286|NODE|node01|RECV|VOTE|from=node03|H=1|phase=PREVOTE
TICK000000001287|NET|DELIVER|from=node01|to=node00|tick=13|type=core.Vote
TICK000000001288|NET|DELIVER|from=node01|to=node01|tick=13|type=core.Vote
TICK000000001289|NET|DELIVER|from=node01|to=node02|tick=13|type=core.Vote
TICK000000001290|NET|DELIVER|from=node02|to=node01|tick=13|type=core.Vote
TICK000000001291|NET|DELIVER|from=node01|to=node00|tick=13|type=core.BlockHeader
TICK000000001292|NET|DELIVER|from=node01|to=node01|tick=13|type=core.BlockHeader
TICK000000001293|NET|DELIVER|from=node01|to=node03|tick=13|type=core.BlockHeader
TICK000000001294|NET|DELIVER|from=node01|to=node00|tick=13|type=core.Vote
TICK000000001295|NET|DELIVER|from=node01|to=node01|tick=13|type=core.Vote
TICK000000001296|NODE|node03|RECV|VOTE|from=node03|H=1|phase=PREVOTE
TICK000000001297|NODE|node02|RECV|VOTE|from=node03|H=1|phase=PREVOTE
TICK000000001298|NODE|node01|RECV|VOTE|from=node01|H=1|phase=PREVOTE
TICK000000001299|NODE|node00|RECV|VOTE|from=node02|H=1|phase=PREVOTE
TICK000000001300|NET|DELIVER|from=node02|to=node01|tick=13|type=core.Vote
TICK000000001301|NET|DELIVER|from=node02|to=node03|tick=13|type=core.Vote
TICK000000001302|NET|DELIVER|from=node01|to=node00|tick=13|type=*core.Block
TICK000000001303|NET|DELIVER|from=node01|to=node01|tick=13|type=*core.Block
TICK000000001304|NET|DELIVER|from=node01|to=node02|tick=13|type=*core.Block
TICK000000001305|NET|DELIVER|from=node01|to=node03|tick=13|type=*core.Block
TICK000000001306|NET|DELIVER|from=node03|to=node02|tick=13|type=core.Vote
TICK000000001307|NET|DELIVER|from=node03|to=node02|tick=13|type=core.Vote
TICK000000001308|NET|DELIVER|from=node03|to=node01|tick=13|type=core.Vote
TICK000000001309|NET|DELIVER|from=node02|to=node02|tick=13|type=core.Vote
TICK000000001310|NET|DELIVER|from=node02|to=node03|tick=13|type=core.Vote
TICK000000001311|NODE|node02|RECV|VOTE|from=node01|H=1|phase=PREVOTE
TICK000000001312|NODE|node03|RECV|HEADER|from=node01|H=2
TICK000000001313|NET|DELIVER|from=node01|to=node01|tick=13|type=core.Vote
TICK000000001314|NET|DELIVER|from=node01|to=node02|tick=13|type=core.Vote
TICK000000001315|NET|DELIVER|from=node01|to=node03|tick=13|type=core.Vote
TICK000000001316|NET|DELIVER|from=node02|to=node01|tick=13|type=core.Vote
TICK000000001317|NODE|node01|RECV|VOTE|from=node02|H=1|phase=PREVOTE
TICK000000001318|NET|SEND|from=node03|to=node03|deliver_tick=15|type=core.Vote
TICK000000001319|NET|SEND|from=node03|to=node00|deliver_tick=14|type=core.Vote
TICK000000001320|NET|SEND|from=node03|to=node01|deliver_tick=15|type=core.Vote
TICK000000001321|NET|SEND|from=node03|to=node02|deliver_tick=14|type=core.Vote
TICK000000001322|NODE|node00|RECV|VOTE|from=node03|H=1|phase=PREVOTE
TICK000000001323|NODE|node02|RECV|BLOCK|from=node01|H=2|txs=1
TICK000000001324|NODE|node03|SENT|PREVOTE|H=2
TICK000000001325|NODE|node00|RECV|VOTE|from=node01|H=1|phase=PREVOTE
TICK000000001326|NODE|node03|RECV|VOTE|from=node02|H=2|phase=PREVOTE
TICK000000001327|NODE|node01|RECV|HEADER|from=node01|H=2
TICK000000001328|NET|DELIVER|from=node02|to=node02|tick=13|type=core.Vote
TICK000000001329|NODE|node00|RECV|HEADER|from=node01|H=2
TICK000000001330|NET|DROP|from=node02|to=node00|lat=3
TICK000000001331|NODE|node03|RECV|BLOCK|from=node01|H=2|txs=1
TICK000000001332|NET|SEND|from=node02|to=node01|deliver_tick=14|type=core.Vote
TICK000000001333|NET|SEND|from=node02|to=node02|deliver_tick=16|type=core.Vote
TICK000000001334|NET|SEND|from=node02|to=node03|deliver_tick=16|type=core.Vote
TICK000000001335|NODE|node02|SENT|PREVOTE|H=2
TICK000000001336|NET|SEND|from=node00|to=node00|deliver_tick=14|type=core.Vote
TICK000000001337|NET|SEND|from=node00|to=node01|deliver_tick=16|type=core.Vote
TICK000000001338|NODE|node02|RECV|VOTE|from=node03|H=2|phase=PREVOTE
TICK000000001339|NET|DUP|from=node00|to=node01|tick=16
TICK000000001340|NET|DROP|from=node00|to=node02|lat=3
TICK000000001341|NET|SEND|from=node00|to=node03|deliver_tick=15|type=core.Vote
TICK000000001342|NODE|node00|SENT|PREVOTE|H=2
TICK000000001343|NET|DROP|from=node03|to=node00|lat=3
TICK000000001344|NET|SEND|from=node03|to=node01|deliver_tick=14|type=core.Vote
TICK000000001345|NET|SEND|from=node03|to=node02|deliver_tick=14|type=core.Vote
TICK000000001346|NODE|node00|RECV|VOTE|from=node01|H=2|phase=PREVOTE
TICK000000001347|NET|DELIVER|from=node02|to=node03|tick=13|type=core.Vote
TICK000000001348|NODE|node02|RECV|VOTE|from=node03|H=2|phase=PREVOTE
TICK000000001349|NET|SEND|from=node03|to=node03|deliver_tick=16|type=core.Vote
TICK000000001350|NODE|node00|RECV|BLOCK|from=node01|H=2|txs=1
TICK000000001351|NODE|node03|SENT|PREVOTE|H=2
TICK000000001352|NODE|node02|RECV|VOTE|from=node02|H=2|phase=PREVOTE
TICK000000001353|NODE|node03|RECV|VOTE|from=node02|H=2|phase=PREVOTE
TICK000000001354|NET|SEND|from=node01|to=node00|deliver_tick=14|type=core.Vote
TICK000000001355|NET|SEND|from=node01|to=node01|deliver_tick=16|type=core.Vote
TICK000000001356|NET|SEND|from=node01|to=node02|deliver_tick=16|type=core.Vote
TICK000000001357|NODE|node02|RECV|VOTE|from=node01|H=2|phase=PREVOTE
TICK000000001358|NET|SEND|from=node01|to=node03|deliver_tick=15|type=core.Vote
TICK000000001359|NODE|node01|SENT|PREVOTE|H=2
TICK000000001360|NET|DELIVER|from=node03|to=node01|tick=13|type=core.Vote
TICK000000001361|NODE|node02|RECV|VOTE|from=node02|H=2|phase=PRECOMMIT
TICK000000001362|NODE|node03|RECV|VOTE|from=node01|H=2|phase=PREVOTE
TICK000000001363|NODE|node01|RECV|VOTE|from=node01|H=2|phase=PREVOTE
TICK000000001364|NET|SEND|from=node00|to=node03|deliver_tick=15|type=core.Vote
TICK000000001365|NET|SEND|from=node00|to=node00|deliver_tick=15|type=core.Vote
TICK000000001366|NET|DUP|from=node00|to=node00|tick=15
TICK000000001367|NET|DROP|from=node00|to=node01|lat=3
TICK000000001368|NET|SEND|from=node00|to=node02|deliver_tick=14|type=core.Vote
TICK000000001369|NODE|node00|SENT|PREVOTE|H=2
TICK000000001370|NODE|node03|RECV|VOTE|from=node02|H=2|phase=PRECOMMIT
TICK000000001371|NET|DELIVER|from=node03|to=node01|tick=13|type=core.Vote
TICK000000001372|NET|DELIVER|from=node01|to=node03|tick=13|type=core.Vote
TICK000000001373|NODE|node01|RECV|VOTE|from=node02|H=2|phase=PREVOTE
TICK000000001374|NODE|node03|RECV|VOTE|from=node01|H=2|phase=PRECOMMIT
TICK000000001375|NET|DELIVER|from=node01|to=node03|tick=13|type=core.Vote
TICK000000001376|NET|DELIVER|from=node02|to=node00|tick=13|type=core.Vote
TICK000000001377|NODE|node00|RECV|VOTE|from=node02|H=2|phase=PREVOTE
TICK000000001378|NODE|node01|RECV|BLOCK|from=node01|H=2|txs=1
TICK000000001379|NODE|node03|RECV|VOTE|from=node01|H=2|phase=PRECOMMIT
TICK000000001380|NET|DELIVER|from=node02|to=node00|tick=13|type=core.Vote
TICK000000001381|NET|DELIVER|from=node03|to=node00|tick=13|type=core.Vote
TICK000000001382|NODE|node00|RECV|VOTE|from=node02|H=2|phase=PREVOTE
TICK000000001383|NET|DELIVER|from=node03|to=node03|tick=13|type=core.Vote
TICK000000001384|NET|DELIVER|from=node01|to=node00|tick=13|type=core.BlockHeader
TICK000000001385|NET|DELIVER|from=node02|to=node01|tick=13|type=core.Vote
TICK000000001386|NET|DELIVER|from=node02|to=node03|tick=13|type=core.Vote
TICK000000001387|NET|DELIVER|from=node02|to=node01|tick=13|type=core.Vote
TICK000000001388|NET|DELIVER|from=node02|to=node02|tick=13|type=core.Vote
TICK000000001389|NODE|node02|RECV|VOTE|from=node02|H=2|phase=PREVOTE
TICK000000001390|NET|SEND|from=node01|to=node00|deliver_tick=15|type=core.Vote
TICK000000001391|NET|SEND|from=node01|to=node01|deliver_tick=15|type=core.Vote
TICK000000001392|NODE|node00|RECV|VOTE|from=node03|H=2|phase=PRECOMMIT
TICK000000001393|NODE|node03|RECV|VOTE|from=node03|H=2|phase=PREVOTE
TICK000000001394|NET|DELIVER|from=node02|to=node03|tick=13|type=core.Vote
TICK000000001395|NET|SEND|from=node01|to=node02|deliver_tick=14|type=core.Vote
TICK000000001396|NET|SEND|from=node01|to=node03|deliver_tick=15|type=core.Vote
TICK000000001397|NODE|node00|RECV|HEADER|from=node01|H=2
TICK000000001398|NODE|node03|RECV|VOTE|from=node02|H=2|phase=PREVOTE
TICK000000001399|NODE|node01|SENT|PREVOTE|H=2
TICK000000001400|NODE|node01|RECV|VOTE|from=node03|H=2|phase=PREVOTE
TICK000000001401|NET|DELIVER|from=node01|to=node03|tick=13|type=core.Vote
TICK000000001402|NET|DELIVER|from=node00|to=node02|tick=13|type=core.Vote
TICK000000001403|NET|DELIVER|from=node01|to=node01|tick=13|type=core.Vote
TICK000000001404|NODE|node01|RECV|VOTE|from=node01|H=2|phase=PREVOTE
TICK000000001405|NODE|node03|RECV|VOTE|from=node02|H=2|phase=PREVOTE
TICK000000001406|NET|SEND|from=node00|to=node00|deliver_tick=16|type=core.Vote
TICK000000001407|NET|DROP|from=node00|to=node01|lat=2
TICK000000001408|NODE|node01|RECV|VOTE|from=node02|H=2|phase=PRECOMMIT
TICK000000001409|NODE|node02|RECV|VOTE|from=node00|H=2|phase=PRECOMMIT
TICK000000001410|NET|SEND|from=node00|to=node02|deliver_tick=16|type=core.Vote
TICK000000001411|NET|DUP|from=node00|to=node02|tick=16
TICK000000001412|NODE|node01|RECV|VOTE|from=node03|H=1|phase=PREVOTE
TICK000000001413|NET|SEND|from=node00|to=node03|deliver_tick=15|type=core.Vote
TICK000000001414|NODE|node00|SENT|PREVOTE|H=2
TICK000000001415|NODE|node03|RECV|VOTE|from=node01|H=2|phase=PREVOTE
TICK000000001416|NODE|node01|RECV|VOTE|from=node03|H=1|phase=PREVOTE
TICK000000001417|NODE|node02|FINALIZED|H=2
TICK000000001418|NODE|node02|RECV|VOTE|from=node01|H=2|phase=PREVOTE
TICK000000001419|NET|DELIVER|from=node01|to=node02|tick=13|type=core.Vote
TICK000000001420|NET|DELIVER|from=node01|to=node03|tick=13|type=core.Vote
TICK000000001421|NODE|node03|RECV|VOTE|from=node01|H=2|phase=PREVOTE
TICK000000001422|NET|DELIVER|from=node01|to=node02|tick=13|type=*core.Block
TICK000000001423|NODE|node01|RECV|VOTE|from=node02|H=2|phase=PREVOTE
TICK000000001424|NODE|node02|RECV|BLOCK|from=node01|H=2|txs=1
TICK000000001425|NET|SEND|from=node01|to=node00|deliver_tick=16|type=core.BlockHeader
TICK000000001426|NET|SEND|from=node01|to=node01|deliver_tick=15|type=core.BlockHeader
TICK000000001427|NET|SEND|from=node01|to=node02|deliver_tick=16|type=core.BlockHeader
TICK000000001428|NET|SEND|from=node01|to=node03|deliver_tick=14|type=core.BlockHeader
TICK000000001429|NODE|node01|PROPOSE|H=2
TICK000000001430|NODE|node02|RECV|BLOCK|bad_parent|H=2
TICK000000001431|NODE|node01|RECV|VOTE|from=node02|H=2|phase=PREVOTE
TICK000000001432|NET|SEND|from=node02|to=node00|deliver_tick=14|type=core.BlockHeader
TICK000000001433|NET|SEND|from=node02|to=node01|deliver_tick=16|type=core.BlockHeader
TICK000000001434|NODE|node01|RECV|VOTE|from=node01|H=2|phase=PREVOTE
TICK000000001435|NET|SEND|from=node02|to=node02|deliver_tick=16|type=core.BlockHeader
TICK000000001436|NET|SEND|from=node02|to=node03|deliver_tick=15|type=core.BlockHeader
TICK000000001437|NODE|node02|PROPOSE|H=3
TICK000000001438|NET|SEND|from=node01|to=node03|deliver_tick=16|type=*core.Block
TICK000000001439|NET|SEND|from=node01|to=node00|deliver_tick=16|type=*core.Block
TICK000000001440|NET|SEND|from=node01|to=node01|deliver_tick=14|type=*core.Block
TICK000000001441|NET|SEND|from=node01|to=node02|deliver_tick=15|type=*core.Block
TICK000000001442|NET|DELIVER|from=node01|to=node00|tick=14|type=core.Vote
TICK000000001443|NET|DELIVER|from=node01|to=node01|tick=14|type=core.Vote
TICK000000001444|NET|DELIVER|from=node01|to=node03|tick=14|type=core.Vote
TICK000000001445|NET|DELIVER|from=node03|to=node03|tick=14|type=core.Vote
TICK000000001446|NET|DELIVER|from=node03|to=node00|tick=14|type=core.Vote
TICK000000001447|NODE|node03|RECV|VOTE|from=node01|H=2|phase=PREVOTE
TICK000000001448|NODE|node00|RECV|VOTE|from=node01|H=2|phase=PREVOTE
TICK000000001449|NODE|node01|RECV|VOTE|from=node01|H=2|phase=PREVOTE
TICK000000001450|NODE|node03|RECV|VOTE|from=node03|H=2|phase=PREVOTE
TICK000000001451|NET|DELIVER|from=node00|to=node00|tick=14|type=core.Vote
TICK000000001452|NODE|node00|RECV|VOTE|from=node03|H=2|phase=PREVOTE
TICK000000001453|NET|DELIVER|from=node00|to=node02|tick=14|type=core.Vote
TICK000000001454|NET|DELIVER|from=node00|to=node03|tick=14|type=core.Vote
TICK000000001455|NET|DELIVER|from=node02|to=node00|tick=14|type=core.Vote
TICK000000001456|NODE|node02|RECV|VOTE|from=node00|H=1|phase=PREVOTE
TICK000000001457|NET|DELIVER|from=node01|to=node00|tick=14|type=core.Vote
TICK000000001458|NET|DELIVER|from=node02|to=node00|tick=14|type=core.Vote
TICK000000001459|NET|DELIVER|from=node03|to=node03|tick=14|type=core.Vote
TICK000000001460|NET|DELIVER|from=node03|to=node00|tick=14|type=core.Vote
TICK000000001461|NET|DELIVER|from=node02|to=node01|tick=14|type=core.Vote
TICK000000001462|NODE|node01|RECV|VOTE|from=node02|H=2|phase=PREVOTE
TICK000000001463|NET|DELIVER|from=node02|to=node02|tick=14|type=core.Vote
TICK000000001464|NET|DELIVER|from=node02|to=node01|tick=14|type=core.Vote
TICK000000001465|NET|DELIVER|from=node02|to=node02|tick=14|type=core.Vote
TICK000000001466|NET|DELIVER|from=node02|to=node03|tick=14|type=core.Vote
TICK000000001467|NET|DELIVER|from=node03|to=node03|tick=14|type=core.Vote
TICK000000001468|NET|DELIVER|from=node03|to=node01|tick=14|type=core.Vote
TICK000000001469|NET|DELIVER|from=node01|to=node01|tick=14|type=core.BlockHeader
TICK000000001470|NET|DELIVER|from=node01|to=node02|tick=14|type=core.BlockHeader
TICK000000001471|NET|DELIVER|from=node01|to=node03|tick=14|type=core.BlockHeader
TICK000000001472|NET|DELIVER|from=node01|to=node00|tick=14|type=*core.Block
TICK000000001473|NET|DELIVER|from=node01|to=node02|tick=14|type=*core.Block
TICK000000001474|NET|DELIVER|from=node01|to=node03|tick=14|type=*core.Block
TICK000000001475|NET|DELIVER|from=node01|to=node00|tick=14|type=core.Vote
TICK000000001476|NODE|node01|RECV|VOTE|from=node02|H=2|phase=PREVOTE
TICK000000001477|NODE|node03|RECV|VOTE|from=node00|H=1|phase=PREVOTE
TICK000000001478|NODE|node00|RECV|VOTE|from=node00|H=1|phase=PREVOTE
TICK000000001479|NODE|node03|RECV|VOTE|from=node03|H=1|phase=PREVOTE
TICK000000001480|NODE|node02|RECV|VOTE|from=node02|H=2|phase=PREVOTE
TICK000000001481|NET|DELIVER|from=node01|to=node01|tick=14|type=core.Vote
TICK000000001482|NET|DELIVER|from=node01|to=node02|tick=14|type=core.Vote
TICK000000001483|NODE|node01|RECV|VOTE|from=node03|H=2|phase=PREVOTE
TICK000000001484|NET|DELIVER|from=node00|to=node03|tick=14|type=core.Vote
TICK000000001485|NODE|node00|RECV|VOTE|from=node02|H=2|phase=PREVOTE
TICK000000001486|NET|DELIVER|from=node00|to=node01|tick=14|type=core.Vote
TICK000000001487|NET|DELIVER|from=node01|to=node02|tick=14|type=core.BlockHeader
TICK000000001488|NODE|node02|RECV|VOTE|from=node02|H=2|phase=PREVOTE
TICK000000001489|NODE|node03|RECV|VOTE|from=node02|H=2|phase=PREVOTE
TICK000000001490|NODE|node01|RECV|HEADER|from=node01|H=2
TICK000000001491|NODE|node02|RECV|HEADER|from=node01|H=2
TICK000000001492|NODE|node03|RECV|VOTE|from=node03|H=2|phase=PRECOMMIT
TICK000000001493|NET|DELIVER|from=node01|to=node03|tick=14|type=*core.Block
TICK000000001494|NET|DELIVER|from=node01|to=node01|tick=14|type=*core.Block
TICK000000001495|NET|DELIVER|from=node03|to=node00|tick=14|type=core.Vote
TICK000000001496|NODE|node02|RECV|HEADER|bad_parent|H=2
TICK000000001497|NODE|node02|RECV|BLOCK|from=node01|H=2|txs=1
TICK000000001498|NET|SEND|from=node01|to=node00|deliver_tick=16|type=core.Vote
TICK000000001499|NET|SEND|from=node01|to=node01|deliver_tick=17|type=core.Vote
TICK000000001500|NET|SEND|from=node01|to=node02|deliver_tick=15|type=core.Vote
TICK000000001501|NET|SEND|from=node01|to=node03|deliver_tick=15|type=core.Vote
TICK000000001502|NODE|node01|SENT|PREVOTE|H=2
TICK000000001503|NODE|node00|RECV|VOTE|from=node01|H=2|phase=PREVOTE
TICK000000001504|NET|DELIVER|from=node03|to=node02|tick=14|type=core.Vote
TICK000000001505|NET|DELIVER|from=node02|to=node01|tick=14|type=core.Vote
TICK000000001506|NODE|node03|FINALIZED|H=2
TICK000000001507|NODE|node03|RECV|HEADER|from=node01|H=2
TICK000000001508|NODE|node02|RECV|BLOCK|bad_parent|H=2
TICK000000001509|NODE|node02|RECV|VOTE|from=node01|H=2|phase=PREVOTE
TICK000000001510|NODE|node01|RECV|VOTE|from=node01|H=2|phase=PREVOTE
TICK000000001511|NODE|node03|RECV|HEADER|bad_parent|H=2
TICK000000001512|NET|DELIVER|from=node00|to=node00|tick=14|type=core.Vote
TICK000000001513|NET|DELIVER|from=node03|to=node01|tick=14|type=core.Vote
TICK000000001514|NET|DELIVER|from=node03|to=node02|tick=14|type=core.Vote
TICK000000001515|NET|DELIVER|from=node01|to=node00|tick=14|type=core.Vote
TICK000000001516|NET|DELIVER|from=node00|to=node02|tick=14|type=core.Vote
TICK000000001517|NET|DELIVER|from=node01|to=node02|tick=14|type=core.Vote
TICK000000001518|NET|DELIVER|from=node01|to=node03|tick=14|type=core.BlockHeader
TICK000000001519|NET|DELIVER|from=node02|to=node00|tick=14|type=core.BlockHeader
TICK000000001520|NET|DELIVER|from=node01|to=node01|tick=14|type=*core.Block
TICK000000001521|NODE|node01|RECV|VOTE|from=node00|H=2|phase=PRECOMMIT
TICK000000001522|NODE|node00|RECV|VOTE|from=node02|H=2|phase=PRECOMMIT
TICK000000001523|NODE|node03|RECV|BLOCK|from=node01|H=2|txs=1
TICK000000001524|NODE|node02|RECV|HEADER|from=node01|H=2
TICK000000001525|NET|SEND|from=node01|to=node00|deliver_tick=17|type=core.BlockHeader
TICK000000001526|NODE|node00|FINALIZED|H=2
TICK000000001527|NODE|node02|RECV|HEADER|bad_parent|H=2
TICK000000001528|NODE|node02|RECV|VOTE|from=node03|H=2|phase=PREVOTE
TICK000000001529|NODE|node00|RECV|VOTE|from=node03|H=1|phase=PREVOTE
TICK000000001530|NODE|node03|RECV|BLOCK|bad_parent|H=2
TICK000000001531|NODE|node03|RECV|VOTE|from=node00|H=2|phase=PRECOMMIT
TICK000000001532|NET|SEND|from=node01|to=node01|deliver_tick=16|type=core.BlockHeader
TICK000000001533|NODE|node00|RECV|BLOCK|from=node01|H=2|txs=1
TICK000000001534|NET|SEND|from=node01|to=node02|deliver_tick=17|type=core.BlockHeader
TICK000000001535|NET|SEND|from=node01|to=node03|deliver_tick=17|type=core.BlockHeader
TICK000000001536|NODE|node03|RECV|BLOCK|from=node01|H=2|txs=1
TICK000000001537|NODE|node01|PROPOSE|H=2
TICK000000001538|NODE|node02|RECV|VOTE|from=node03|H=2|phase=PREVOTE
TICK000000001539|NODE|node03|RECV|BLOCK|bad_parent|H=2
TICK000000001540|NODE|node03|RECV|HEADER|from=node01|H=2
TICK000000001541|NET|SEND|from=node02|to=node00|deliver_tick=17|type=core.BlockHeader
TICK000000001542|NET|SEND|from=node02|to=node01|deliver_tick=15|type=core.BlockHeader
TICK000000001543|NET|SEND|from=node02|to=node02|deliver_tick=15|type=core.BlockHeader
TICK000000001544|NET|SEND|from=node02|to=node03|deliver_tick=15|type=core.BlockHeader
TICK000000001545|NODE|node00|RECV|BLOCK|bad_parent|H=2
TICK000000001546|NODE|node00|RECV|VOTE|from=node01|H=2|phase=PREVOTE
TICK000000001547|NODE|node01|FINALIZED|H=2
TICK000000001548|NODE|node01|RECV|BLOCK|from=node01|H=2|txs=1
TICK000000001549|NODE|node00|RECV|VOTE|from=node03|H=2|phase=PREVOTE
TICK000000001550|NODE|node02|PROPOSE|H=3
TICK000000001551|NODE|node02|RECV|VOTE|from=node00|H=2|phase=PREVOTE
TICK000000001552|NODE|node03|RECV|HEADER|bad_parent|H=2
TICK000000001553|NODE|node01|RECV|BLOCK|bad_parent|H=2
TICK000000001554|NODE|node01|RECV|VOTE|from=node02|H=2|phase=PREVOTE
TICK000000001555|NODE|node00|RECV|VOTE|from=node00|H=2|phase=PREVOTE
TICK000000001556|NODE|node02|RECV|VOTE|from=node01|H=2|phase=PREVOTE
TICK000000001557|NODE|node01|RECV|VOTE|from=node03|H=2|phase=PREVOTE
TICK000000001558|NODE|node00|RECV|VOTE|from=node01|H=2|phase=PREVOTE
TICK000000001559|NODE|node01|RECV|BLOCK|from=node01|H=2|txs=1
TICK000000001560|NODE|node00|RECV|HEADER|from=node02|H=3
TICK000000001561|NODE|node01|RECV|BLOCK|bad_parent|H=2
TICK000000001562|NET|SEND|from=node00|to=node02|deliver_tick=17|type=core.Vote
TICK000000001563|NET|SEND|from=node00|to=node03|deliver_tick=15|type=core.Vote
TICK000000001564|NET|SEND|from=node00|to=node00|deliver_tick=17|type=core.Vote
TICK000000001565|NET|SEND|from=node00|to=node01|deliver_tick=15|type=core.Vote
TICK000000001566|NODE|node00|SENT|PREVOTE|H=3
TICK000000001567|NET|SEND|from=node01|to=node01|deliver_tick=15|type=*core.Block
TICK000000001568|NET|SEND|from=node01|to=node02|deliver_tick=15|type=*core.Block
TICK000000001569|NET|SEND|from=node01|to=node03|deliver_tick=17|type=*core.Block
TICK000000001570|NET|SEND|from=node01|to=node00|deliver_tick=15|type=*core.Block
TICK000000001571|NET|SEND|from=node02|to=node00|deliver_tick=17|type=*core.Block
TICK000000001572|NET|SEND|from=node02|to=node01|deliver_tick=17|type=*core.Block
TICK000000001573|NET|SEND|from=node02|to=node02|deliver_tick=16|type=*core.Block
TICK000000001574|NET|SEND|from=node02|to=node03|deliver_tick=16|type=*core.Block
TICK000000001575|NET|DELIVER|from=node00|to=node02|tick=15|type=core.Vote
TICK000000001576|NET|DELIVER|from=node00|to=node03|tick=15|type=core.Vote
TICK000000001577|NET|DELIVER|from=node00|to=node01|tick=15|type=core.Vote
TICK000000001578|NET|DELIVER|from=node00|to=node00|tick=15|type=core.Vote
TICK000000001579|NET|DELIVER|from=node01|to=node03|tick=15|type=core.BlockHeader
TICK000000001580|NET|DELIVER|from=node01|to=node00|tick=15|type=core.BlockHeader
TICK000000001581|NET|DELIVER|from=node01|to=node01|tick=15|type=core.BlockHeader
TICK000000001582|NET|DELIVER|from=node01|to=node00|tick=15|type=core.Vote
TICK000000001583|NET|DELIVER|from=node03|to=node03|tick=15|type=core.Vote
TICK000000001584|NET|DELIVER|from=node03|to=node01|tick=15|type=core.Vote
TICK000000001585|NET|DELIVER|from=node00|to=node03|tick=15|type=core.Vote
TICK000000001586|NET|DELIVER|from=node01|to=node03|tick=15|type=core.Vote
TICK000000001587|NET|DELIVER|from=node00|to=node03|tick=15|type=core.Vote
TICK000000001588|NET|DELIVER|from=node00|to=node00|tick=15|type=core.Vote
TICK000000001589|NET|DELIVER|from=node00|to=node00|tick=15|type=core.Vote
TICK000000001590|NET|DELIVER|from=node01|to=node00|tick=15|type=core.Vote
TICK000000001591|NET|DELIVER|from=node01|to=node01|tick=15|type=core.Vote
TICK000000001592|NODE|node02|RECV|VOTE|from=node00|H=2|phase=PREVOTE
TICK000000001593|NODE|node03|RECV|VOTE|from=node00|H=2|phase=PREVOTE
TICK000000001594|NODE|node01|RECV|VOTE|from=node00|H=2|phase=PREVOTE
TICK000000001595|NODE|node00|RECV|VOTE|from=node00|H=2|phase=PRECOMMIT
TICK000000001596|NET|DELIVER|from=node01|to=node03|tick=15|type=core.Vote
TICK000000001597|NET|DELIVER|from=node00|to=node03|tick=15|type=core.Vote
TICK000000001598|NET|DELIVER|from=node01|to=node01|tick=15|type=core.BlockHeader
TICK000000001599|NET|DELIVER|from=node02|to=node03|tick=15|type=core.BlockHeader
TICK000000001600|NET|DELIVER|from=node01|to=node02|tick=15|type=*core.Block
TICK000000001601|NET|DELIVER|from=node01|to=node02|tick=15|type=core.Vote
TICK000000001602|NET|DELIVER|from=node01|to=node03|tick=15|type=core.Vote
TICK000000001603|NET|DELIVER|from=node02|to=node01|tick=15|type=core.BlockHeader
TICK000000001604|NET|DELIVER|from=node02|to=node02|tick=15|type=core.BlockHeader
TICK000000001605|NET|DELIVER|from=node02|to=node03|tick=15|type=core.BlockHeader
TICK000000001606|NODE|node01|RECV|HEADER|from=node01|H=2
TICK000000001607|NODE|node02|RECV|BLOCK|from=node01|H=2|txs=1
TICK000000001608|NODE|node03|RECV|HEADER|from=node01|H=2
TICK000000001609|NET|DELIVER|from=node00|to=node03|tick=15|type=core.Vote
TICK000000001610|NET|DELIVER|from=node00|to=node01|tick=15|type=core.Vote
TICK000000001611|NET|DELIVER|from=node01|to=node01|tick=15|type=*core.Block
TICK000000001612|NET|DELIVER|from=node01|to=node02|tick=15|type=*core.Block
TICK000000001613|NET|DELIVER|from=node01|to=node00|tick=15|type=*core.Block
TICK000000001614|NODE|node00|RECV|HEADER|from=node01|H=2
TICK000000001615|NODE|node01|RECV|HEADER|bad_parent|H=2
TICK000000001616|NODE|node01|RECV|VOTE|from=node03|H=2|phase=PREVOTE
TICK000000001617|NODE|node03|RECV|HEADER|bad_parent|H=2
TICK000000001618|NODE|node03|RECV|VOTE|from=node03|H=2|phase=PREVOTE
TICK000000001619|NODE|node02|RECV|BLOCK|bad_parent|H=2
TICK000000001620|NODE|node02|RECV|VOTE|from=node01|H=2|phase=PREVOTE
TICK000000001621|NET|SEND|from=node02|to=node00|deliver_tick=18|type=core.BlockHeader
TICK000000001622|NET|DUP|from=node02|to=node00|tick=18
TICK000000001623|NET|SEND|from=node02|to=node01|deliver_tick=17|type=core.BlockHeader
TICK000000001624|NET|SEND|from=node02|to=node02|deliver_tick=18|type=core.BlockHeader
TICK000000001625|NODE|node01|RECV|VOTE|from=node01|H=2|phase=PREVOTE
TICK000000001626|NODE|node00|RECV|HEADER|bad_parent|H=2
TICK000000001627|NODE|node00|RECV|VOTE|from=node01|H=2|phase=PREVOTE
TICK000000001628|NODE|node03|RECV|VOTE|from=node00|H=2|phase=PREVOTE
TICK000000001629|NET|SEND|from=node02|to=node03|deliver_tick=17|type=core.BlockHeader
TICK000000001630|NODE|node01|RECV|HEADER|from=node01|H=2
TICK000000001631|NODE|node02|PROPOSE|H=3
TICK000000001632|NODE|node02|RECV|HEADER|from=node02|H=3
TICK000000001633|NODE|node03|RECV|VOTE|from=node01|H=2|phase=PREVOTE
TICK000000001634|NODE|node00|RECV|VOTE|from=node00|H=2|phase=PREVOTE
TICK000000001635|NODE|node01|RECV|HEADER|bad_parent|H=2
TICK000000001636|NODE|node01|RECV|HEADER|from=node02|H=3
TICK000000001637|NET|SEND|from=node02|to=node00|deliver_tick=16|type=core.Vote
TICK000000001638|NET|SEND|from=node02|to=node01|deliver_tick=17|type=core.Vote
TICK000000001639|NET|SEND|from=node02|to=node02|deliver_tick=17|type=core.Vote
TICK000000001640|NET|SEND|from=node02|to=node03|deliver_tick=16|type=core.Vote
TICK000000001641|NODE|node02|SENT|PREVOTE|H=3
TICK000000001642|NODE|node02|RECV|BLOCK|from=node01|H=2|txs=1
TICK000000001643|NODE|node00|RECV|VOTE|from=node00|H=2|phase=PREVOTE
TICK000000001644|NODE|node03|RECV|VOTE|from=node00|H=2|phase=PREVOTE
TICK000000001645|NODE|node02|RECV|BLOCK|bad_parent|H=2
TICK000000001646|NET|SEND|from=node01|to=node00|deliver_tick=18|type=core.Vote
TICK000000001647|NODE|node00|RECV|VOTE|from=node01|H=2|phase=PREVOTE
TICK000000001648|NODE|node03|RECV|VOTE|from=node01|H=2|phase=PREVOTE
TICK000000001649|NET|SEND|from=node01|to=node01|deliver_tick=16|type=core.Vote
TICK000000001650|NET|SEND|from=node01|to=node02|deliver_tick=18|type=core.Vote
TICK000000001651|NET|SEND|from=node01|to=node03|deliver_tick=18|type=core.Vote
TICK000000001652|NODE|node01|SENT|PREVOTE|H=3
TICK000000001653|NODE|node01|RECV|VOTE|from=node00|H=3|phase=PREVOTE
TICK000000001654|NODE|node00|RECV|BLOCK|from=node01|H=2|txs=1
TICK000000001655|NODE|node03|RECV|VOTE|from=node00|H=2|phase=PREVOTE
TICK000000001656|NODE|node01|RECV|BLOCK|from=node01|H=2|txs=1
TICK000000001657|NODE|node00|RECV|BLOCK|bad_parent|H=2
TICK000000001658|NODE|node03|RECV|HEADER|from=node02|H=3
TICK000000001659|NODE|node01|RECV|BLOCK|bad_parent|H=2
TICK000000001660|NET|SEND|from=node03|to=node00|deliver_tick=17|type=core.Vote
TICK000000001661|NET|DUP|from=node03|to=node00|tick=17
TICK000000001662|NET|SEND|from=node03|to=node01|deliver_tick=17|type=core.Vote
TICK000000001663|NET|SEND|from=node03|to=node02|deliver_tick=16|type=core.Vote
TICK000000001664|NET|SEND|from=node03|to=node03|deliver_tick=18|type=core.Vote
TICK000000001665|NODE|node03|SENT|PREVOTE|H=3
TICK000000001666|NODE|node03|RECV|VOTE|from=node01|H=2|phase=PREVOTE
TICK000000001667|NODE|node03|RECV|HEADER|from=node02|H=3
TICK000000001668|NET|SEND|from=node03|to=node00|deliver_tick=18|type=core.Vote
TICK000000001669|NET|SEND|from=node03|to=node01|deliver_tick=18|type=core.Vote
TICK000000001670|NET|SEND|from=node03|to=node02|deliver_tick=18|type=core.Vote
TICK000000001671|NET|DROP|from=node03|to=node03|lat=3
TICK000000001672|NODE|node03|SENT|PREVOTE|H=3
TICK000000001673|NODE|node03|RECV|VOTE|from=node00|H=3|phase=PREVOTE
TICK000000001674|NET|SEND|from=node02|to=node00|deliver_tick=18|type=*core.Block
TICK000000001675|NET|SEND|from=node02|to=node01|deliver_tick=18|type=*core.Block
TICK000000001676|NET|SEND|from=node02|to=node02|deliver_tick=17|type=*core.Block
TICK000000001677|NET|SEND|from=node02|to=node03|deliver_tick=18|type=*core.Block
TICK000000001678|NET|SEND|from=node01|to=node00|deliver_tick=17|type=*core.Block
TICK000000001679|NET|SEND|from=node01|to=node01|deliver_tick=16|type=*core.Block
TICK000000001680|NET|SEND|from=node01|to=node02|deliver_tick=18|type=*core.Block
TICK000000001681|NET|SEND|from=node01|to=node03|deliver_tick=18|type=*core.Block
TICK000000001682|NET|DELIVER|from=node02|to=node02|tick=16|type=core.Vote
TICK000000001683|NET|DELIVER|from=node02|to=node03|tick=16|type=core.Vote
TICK000000001684|NET|DELIVER|from=node00|to=node01|tick=16|type=core.Vote
TICK000000001685|NET|DELIVER|from=node00|to=node01|tick=16|type=core.Vote
TICK000000001686|NET|DELIVER|from=node03|to=node03|tick=16|type=core.Vote
TICK000000001687|NET|DELIVER|from=node01|to=node01|tick=16|type=core.Vote
TICK000000001688|NET|DELIVER|from=node01|to=node02|tick=16|type=core.Vote
TICK000000001689|NET|DELIVER|from=node00|to=node00|tick=16|type=core.Vote
TICK000000001690|NODE|node00|RECV|VOTE|from=node00|H=2|phase=PREVOTE
TICK000000001691|NODE|node02|RECV|VOTE|from=node02|H=2|phase=PREVOTE
TICK000000001692|NODE|node03|RECV|VOTE|from=node02|H=2|phase=PREVOTE
TICK000000001693|NODE|node01|RECV|VOTE|from=node00|H=2|phase=PREVOTE
TICK000000001694|NET|DELIVER|from=node00|to=node02|tick=16|type=core.Vote
TICK000000001695|NET|DELIVER|from=node00|to=node02|tick=16|type=core.Vote
TICK000000001696|NET|DELIVER|from=node01|to=node00|tick=16|type=core.BlockHeader
TICK000000001697|NODE|node03|RECV|VOTE|from=node03|H=2|phase=PREVOTE
TICK000000001698|NODE|node02|RECV|VOTE|from=node01|H=2|phase=PREVOTE
TICK000000001699|NET|DELIVER|from=node01|to=node02|tick=16|type=core.BlockHeader
TICK000000001700|NET|DELIVER|from=node02|to=node01|tick=16|type=core.BlockHeader
TICK000000001701|NET|DELIVER|from=node02|to=node02|tick=16|type=core.BlockHeader
TICK000000001702|NET|DELIVER|from=node01|to=node03|tick=16|type=*core.Block
TICK000000001703|NODE|node00|RECV|HEADER|from=node01|H=2
TICK000000001704|NODE|node01|RECV|VOTE|from=node00|H=2|phase=PREVOTE
TICK000000001705|NODE|node02|RECV|VOTE|from=node00|H=2|phase=PREVOTE
TICK000000001706|NET|DELIVER|from=node01|to=node00|tick=16|type=*core.Block
TICK000000001707|NET|DELIVER|from=node01|to=node00|tick=16|type=core.Vote
TICK000000001708|NET|DELIVER|from=node01|to=node01|tick=16|type=core.BlockHeader
TICK000000001709|NET|DELIVER|from=node02|to=node02|tick=16|type=*core.Block
TICK000000001710|NET|DELIVER|from=node02|to=node03|tick=16|type=*core.Block
TICK000000001711|NET|DELIVER|from=node02|to=node00|tick=16|type=core.Vote
TICK000000001712|NET|DELIVER|from=node02|to=node03|tick=16|type=core.Vote
TICK000000001713|NODE|node01|RECV|VOTE|from=node01|H=2|phase=PREVOTE
TICK000000001714|NODE|node03|RECV|BLOCK|from=node01|H=2|txs=1
TICK000000001715|NODE|node02|RECV|VOTE|from=node00|H=2|phase=PREVOTE
TICK000000001716|NODE|node00|RECV|HEADER|bad_parent|H=2
TICK000000001717|NODE|node00|RECV|BLOCK|from=node01|H=2|txs=1
TICK000000001718|NET|DELIVER|from=node01|to=node01|tick=16|type=core.Vote
TICK000000001719|NET|DELIVER|from=node03|to=node02|tick=16|type=core.Vote
TICK000000001720|NODE|node01|RECV|HEADER|from=node02|H=3
TICK000000001721|NODE|node00|RECV|BLOCK|bad_parent|H=2
TICK000000001722|NODE|node02|RECV|HEADER|from=node01|H=2
TICK000000001723|NET|SEND|from=node01|to=node03|deliver_tick=17|type=core.Vote
TICK000000001724|NET|SEND|from=node01|to=node00|deliver_tick=17|type=core.Vote
TICK000000001725|NET|SEND|from=node01|to=node01|deliver_tick=19|type=core.Vote
TICK000000001726|NET|SEND|from=node01|to=node02|deliver_tick=17|type=core.Vote
TICK000000001727|NODE|node01|SENT|PREVOTE|H=3
TICK000000001728|NODE|node01|RECV|HEADER|from=node01|H=2
TICK000000001729|NODE|node03|RECV|BLOCK|bad_parent|H=2
TICK000000001730|NODE|node03|RECV|BLOCK|from=node02|H=3|txs=1
TICK000000001731|NET|DELIVER|from=node01|to=node01|tick=16|type=*core.Block
TICK000000001732|NODE|node02|RECV|HEADER|bad_parent|H=2
TICK000000001733|NODE|node02|RECV|HEADER|from=node02|H=3
TICK000000001734|NODE|node00|RECV|VOTE|from=node01|H=2|phase=PREVOTE
TICK000000001735|NET|SEND|from=node02|to=node00|deliver_tick=19|type=core.BlockHeader
TICK000000001736|NET|SEND|from=node02|to=node01|deliver_tick=17|type=core.BlockHeader
TICK000000001737|NET|SEND|from=node02|to=node02|deliver_tick=19|type=core.BlockHeader
TICK000000001738|NET|SEND|from=node02|to=node03|deliver_tick=19|type=core.BlockHeader
TICK000000001739|NODE|node01|RECV|HEADER|bad_parent|H=2
TICK000000001740|NODE|node01|RECV|VOTE|from=node01|H=3|phase=PREVOTE
TICK000000001741|NODE|node02|PROPOSE|H=3
TICK000000001742|NET|SEND|from=node03|to=node01|deliver_tick=17|type=core.Vote
TICK000000001743|NODE|node01|RECV|BLOCK|from=node01|H=2|txs=1
TICK000000001744|NODE|node00|RECV|VOTE|from=node02|H=3|phase=PREVOTE
TICK000000001745|NET|DUP|from=node03|to=node01|tick=17
TICK000000001746|NET|SEND|from=node03|to=node02|deliver_tick=17|type=core.Vote
TICK000000001747|NET|DUP|from=node03|to=node02|tick=17
TICK000000001748|NET|SEND|from=node03|to=node03|deliver_tick=17|type=core.Vote
TICK000000001749|NET|SEND|from=node03|to=node00|deliver_tick=17|type=core.Vote
TICK000000001750|NODE|node01|RECV|BLOCK|bad_parent|H=2
TICK000000001751|NODE|node03|SENT|PREVOTE|H=3
TICK000000001752|NODE|node03|RECV|VOTE|from=node02|H=3|phase=PREVOTE
TICK000000001753|NET|SEND|from=node02|to=node00|deliver_tick=19|type=core.Vote
TICK000000001754|NET|SEND|from=node02|to=node01|deliver_tick=19|type=core.Vote
TICK000000001755|NET|SEND|from=node02|to=node02|deliver_tick=18|type=core.Vote
TICK000000001756|NET|SEND|from=node02|to=node03|deliver_tick=19|type=core.Vote
TICK000000001757|NODE|node02|SENT|PREVOTE|H=3
TICK000000001758|NODE|node02|RECV|BLOCK|from=node02|H=3|txs=1
TICK000000001759|NET|SEND|from=node02|to=node00|deliver_tick=18|type=core.Vote
TICK000000001760|NET|SEND|from=node02|to=node01|deliver_tick=18|type=core.Vote
TICK000000001761|NET|SEND|from=node02|to=node02|deliver_tick=17|type=core.Vote
TICK000000001762|NET|SEND|from=node02|to=node03|deliver_tick=17|type=core.Vote
TICK000000001763|NODE|node02|SENT|PREVOTE|H=3
TICK000000001764|NODE|node02|RECV|VOTE|from=node03|H=3|phase=PREVOTE
TICK000000001765|NET|SEND|from=node02|to=node01|deliver_tick=18|type=*core.Block
TICK000000001766|NET|DROP|from=node02|to=node02|lat=2
TICK000000001767|NET|SEND|from=node02|to=node03|deliver_tick=19|type=*core.Block
TICK000000001768|NET|SEND|from=node02|to=node00|deliver_tick=18|type=*core.Block
TICK000000001769|NET|DELIVER|from=node01|to=node01|tick=17|type=core.Vote
TICK000000001770|NET|DELIVER|from=node01|to=node00|tick=17|type=core.BlockHeader
TICK000000001771|NET|DELIVER|from=node01|to=node02|tick=17|type=core.BlockHeader
TICK000000001772|NET|DELIVER|from=node01|to=node03|tick=17|type=core.BlockHeader
TICK000000001773|NET|DELIVER|from=node02|to=node00|tick=17|type=core.BlockHeader
TICK000000001774|NODE|node02|RECV|HEADER|from=node01|H=2
TICK000000001775|NODE|node01|RECV|VOTE|from=node01|H=2|phase=PREVOTE
TICK000000001776|NODE|node00|RECV|HEADER|from=node01|H=2
TICK000000001777|NODE|node02|RECV|HEADER|bad_parent|H=2
TICK000000001778|NODE|node02|RECV|VOTE|from=node00|H=3|phase=PREVOTE
TICK000000001779|NET|DELIVER|from=node00|to=node02|tick=17|type=core.Vote
TICK000000001780|NET|DELIVER|from=node00|to=node00|tick=17|type=core.Vote
TICK000000001781|NET|DELIVER|from=node01|to=node03|tick=17|type=*core.Block
TICK000000001782|NET|DELIVER|from=node02|to=node00|tick=17|type=*core.Block
TICK000000001783|NET|DELIVER|from=node02|to=node01|tick=17|type=*core.Block
TICK000000001784|NET|DELIVER|from=node02|to=node01|tick=17|type=core.BlockHeader
TICK000000001785|NODE|node01|RECV|BLOCK|from=node02|H=3|txs=1
TICK000000001786|NODE|node03|RECV|HEADER|from=node01|H=2
TICK000000001787|NODE|node00|RECV|HEADER|bad_parent|H=2
TICK000000001788|NODE|node00|RECV|HEADER|from=node02|H=3
TICK000000001789|NET|DELIVER|from=node02|to=node03|tick=17|type=core.BlockHeader
TICK000000001790|NET|DELIVER|from=node02|to=node01|tick=17|type=core.Vote
TICK000000001791|NET|SEND|from=node00|to=node03|deliver_tick=19|type=core.Vote
TICK000000001792|NET|SEND|from=node00|to=node00|deliver_tick=19|type=core.Vote
TICK000000001793|NET|SEND|from=node00|to=node01|deliver_tick=19|type=core.Vote
TICK000000001794|NET|SEND|from=node00|to=node02|deliver_tick=19|type=core.Vote
TICK000000001795|NODE|node00|SENT|PREVOTE|H=3
TICK000000001796|NET|DELIVER|from=node02|to=node02|tick=17|type=core.Vote
TICK000000001797|NET|DELIVER|from=node03|to=node00|tick=17|type=core.Vote
TICK000000001798|NODE|node02|RECV|VOTE|from=node02|H=3|phase=PREVOTE
TICK000000001799|NODE|node03|RECV|HEADER|bad_parent|H=2
TICK000000001800|NODE|node03|RECV|BLOCK|from=node01|H=2|txs=1
TICK000000001801|NODE|node00|RECV|VOTE|from=node00|H=3|phase=PREVOTE
TICK000000001802|NET|DELIVER|from=node03|to=node00|tick=17|type=core.Vote
TICK000000001803|NET|SEND|from=node01|to=node03|deliver_tick=18|type=core.Vote
TICK000000001804|NET|SEND|from=node01|to=node00|deliver_tick=19|type=core.Vote
TICK000000001805|NET|SEND|from=node01|to=node01|deliver_tick=20|type=core.Vote
TICK000000001806|NODE|node03|RECV|BLOCK|bad_parent|H=2
TICK000000001807|NODE|node03|RECV|HEADER|from=node02|H=3
TICK000000001808|NODE|node00|RECV|BLOCK|from=node02|H=3|txs=1
TICK000000001809|NET|SEND|from=node01|to=node02|deliver_tick=20|type=core.Vote
TICK000000001810|NODE|node01|SENT|PREVOTE|H=3
TICK000000001811|NODE|node01|RECV|HEADER|from=node02|H=3
TICK000000001812|NET|SEND|from=node02|to=node00|deliver_tick=19|type=core.Vote
TICK000000001813|NET|SEND|from=node02|to=node01|deliver_tick=19|type=core.Vote
TICK000000001814|NET|DUP|from=node02|to=node01|tick=19
TICK000000001815|NET|SEND|from=node02|to=node02|deliver_tick=19|type=core.Vote
TICK000000001816|NET|SEND|from=node02|to=node03|deliver_tick=18|type=core.Vote
TICK000000001817|NODE|node02|SENT|PRECOMMIT|H=3
TICK000000001818|NET|SEND|from=node03|to=node00|deliver_tick=19|type=core.Vote
TICK000000001819|NET|SEND|from=node03|to=node01|deliver_tick=18|type=core.Vote
TICK000000001820|NET|SEND|from=node03|to=node02|deliver_tick=18|type=core.Vote
TICK000000001821|NET|SEND|from=node03|to=node03|deliver_tick=20|type=core.Vote
TICK000000001822|NET|DELIVER|from=node03|to=node01|tick=17|type=core.Vote
TICK000000001823|NODE|node03|SENT|PREVOTE|H=3
TICK000000001824|NET|SEND|from=node01|to=node00|deliver_tick=18|type=core.Vote
TICK000000001825|NET|SEND|from=node01|to=node01|deliver_tick=20|type=core.Vote
TICK000000001826|NET|SEND|from=node01|to=node02|deliver_tick=19|type=core.Vote
TICK000000001827|NET|SEND|from=node01|to=node03|deliver_tick=20|type=core.Vote
TICK000000001828|NODE|node01|SENT|PREVOTE|H=3
TICK000000001829|NET|SEND|from=node00|to=node00|deliver_tick=18|type=core.Vote
TICK000000001830|NET|SEND|from=node00|to=node01|deliver_tick=18|type=core.Vote
TICK000000001831|NODE|node01|RECV|VOTE|from=node02|H=3|phase=PREVOTE
TICK000000001832|NODE|node02|RECV|BLOCK|from=node02|H=3|txs=1
TICK000000001833|NET|DELIVER|from=node02|to=node02|tick=17|type=*core.Block
TICK000000001834|NET|SEND|from=node00|to=node02|deliver_tick=19|type=core.Vote
TICK000000001835|NET|SEND|from=node00|to=node03|deliver_tick=19|type=core.Vote
TICK000000001836|NODE|node00|SENT|PREVOTE|H=3
TICK000000001837|NET|SEND|from=node01|to=node00|deliver_tick=20|type=core.Vote
TICK000000001838|NODE|node00|RECV|VOTE|from=node03|H=3|phase=PREVOTE
TICK000000001839|NET|DROP|from=node01|to=node01|lat=3
TICK000000001840|NET|SEND|from=node01|to=node02|deliver_tick=19|type=core.Vote
TICK000000001841|NET|SEND|from=node01|to=node03|deliver_tick=19|type=core.Vote
TICK000000001842|NODE|node01|SENT|PRECOMMIT|H=3
TICK000000001843|NODE|node01|RECV|VOTE|from=node03|H=3|phase=PREVOTE
TICK000000001844|NET|DELIVER|from=node01|to=node00|tick=17|type=*core.Block
TICK000000001845|NET|SEND|from=node02|to=node01|deliver_tick=19|type=core.Vote
TICK000000001846|NET|SEND|from=node02|to=node02|deliver_tick=20|type=core.Vote
TICK000000001847|NET|DUP|from=node02|to=node02|tick=20
TICK000000001848|NET|DROP|from=node02|to=node03|lat=3
TICK000000001849|NET|SEND|from=node02|to=node00|deliver_tick=20|type=core.Vote
TICK000000001850|NODE|node02|SENT|PREVOTE|H=3
TICK000000001851|NET|DELIVER|from=node01|to=node03|tick=17|type=core.Vote
TICK000000001852|NODE|node03|RECV|VOTE|from=node01|H=3|phase=PREVOTE
TICK000000001853|NET|SEND|from=node00|to=node00|deliver_tick=18|type=core.Vote
TICK000000001854|NET|SEND|from=node00|to=node01|deliver_tick=20|type=core.Vote
TICK000000001855|NET|SEND|from=node00|to=node02|deliver_tick=18|type=core.Vote
TICK000000001856|NET|SEND|from=node00|to=node03|deliver_tick=19|type=core.Vote
TICK000000001857|NODE|node00|SENT|PRECOMMIT|H=3
TICK000000001858|NODE|node00|RECV|VOTE|from=node03|H=3|phase=PREVOTE
TICK000000001859|NET|DELIVER|from=node01|to=node00|tick=17|type=core.Vote
TICK000000001860|NET|SEND|from=node03|to=node00|deliver_tick=19|type=core.Vote
TICK000000001861|NET|SEND|from=node03|to=node01|deliver_tick=18|type=core.Vote
TICK000000001862|NET|SEND|from=node03|to=node02|deliver_tick=19|type=core.Vote
TICK000000001863|NET|SEND|from=node03|to=node03|deliver_tick=18|type=core.Vote
TICK000000001864|NODE|node03|SENT|PRECOMMIT|H=3
TICK000000001865|NODE|node00|RECV|BLOCK|from=node01|H=2|txs=1
TICK000000001866|NET|DELIVER|from=node01|to=node02|tick=17|type=core.Vote
TICK000000001867|NET|DELIVER|from=node02|to=node01|tick=17|type=core.BlockHeader
TICK000000001868|NET|DELIVER|from=node03|to=node01|tick=17|type=core.Vote
TICK000000001869|NET|DELIVER|from=node03|to=node01|tick=17|type=core.Vote
TICK000000001870|NET|DELIVER|from=node03|to=node02|tick=17|type=core.Vote
TICK000000001871|NODE|node00|RECV|BLOCK|bad_parent|H=2
TICK000000001872|NODE|node00|RECV|VOTE|from=node01|H=3|phase=PREVOTE
TICK000000001873|NODE|node01|RECV|HEADER|from=node02|H=3
TICK000000001874|NET|DELIVER|from=node03|to=node02|tick=17|type=core.Vote
TICK000000001875|NET|DELIVER|from=node03|to=node03|tick=17|type=core.Vote
TICK000000001876|NET|DELIVER|from=node03|to=node00|tick=17|type=core.Vote
TICK000000001877|NODE|node00|RECV|VOTE|from=node03|H=3|phase=PREVOTE
TICK000000001878|NODE|node02|RECV|VOTE|from=node01|H=3|phase=PREVOTE
TICK000000001879|NET|SEND|from=node01|to=node02|deliver_tick=20|type=core.Vote
TICK000000001880|NET|SEND|from=node01|to=node03|deliver_tick=20|type=core.Vote
TICK000000001881|NODE|node03|RECV|VOTE|from=node03|H=3|phase=PREVOTE
TICK000000001882|NET|DELIVER|from=node02|to=node02|tick=17|type=core.Vote
TICK000000001883|NET|DUP|from=node01|to=node03|tick=20
TICK000000001884|NET|DROP|from=node01|to=node00|lat=1
TICK000000001885|NET|SEND|from=node01|to=node01|deliver_tick=20|type=core.Vote
TICK000000001886|NODE|node01|SENT|PREVOTE|H=3
TICK000000001887|NODE|node02|RECV|VOTE|from=node03|H=3|phase=PREVOTE
TICK000000001888|NODE|node01|RECV|VOTE|from=node03|H=3|phase=PREVOTE
TICK000000001889|NET|DELIVER|from=node02|to=node03|tick=17|type=core.Vote
TICK000000001890|NODE|node02|RECV|VOTE|from=node03|H=3|phase=PREVOTE
TICK000000001891|NODE|node01|RECV|VOTE|from=node03|H=3|phase=PREVOTE
TICK000000001892|NODE|node03|RECV|VOTE|from=node02|H=3|phase=PREVOTE
TICK000000001893|NET|SEND|from=node02|to=node00|deliver_tick=18|type=core.BlockHeader
TICK000000001894|NET|SEND|from=node02|to=node01|deliver_tick=20|type=core.BlockHeader
TICK000000001895|NET|SEND|from=node02|to=node02|deliver_tick=18|type=core.BlockHeader
TICK000000001896|NET|SEND|from=node02|to=node03|deliver_tick=18|type=core.BlockHeader
TICK000000001897|NET|DUP|from=node02|to=node03|tick=18
TICK000000001898|NODE|node02|PROPOSE|H=3
TICK000000001899|NODE|node02|RECV|VOTE|from=node02|H=3|phase=PREVOTE
TICK000000001900|NET|SEND|from=node02|to=node00|deliver_tick=19|type=*core.Block
TICK000000001901|NET|SEND|from=node02|to=node01|deliver_tick=20|type=*core.Block
TICK000000001902|NET|SEND|from=node02|to=node02|deliver_tick=18|type=*core.Block
TICK000000001903|NET|SEND|from=node02|to=node03|deliver_tick=19|type=*core.Block
TICK000000001904|NET|DELIVER|from=node02|to=node00|tick=18|type=core.BlockHeader
TICK000000001905|NET|DELIVER|from=node02|to=node00|tick=18|type=core.BlockHeader
TICK000000001906|NET|DELIVER|from=node02|to=node02|tick=18|type=core.BlockHeader
TICK000000001907|NET|DELIVER|from=node01|to=node00|tick=18|type=core.Vote
TICK000000001908|NET|DELIVER|from=node01|to=node02|tick=18|type=core.Vote
TICK000000001909|NET|DELIVER|from=node01|to=node03|tick=18|type=core.Vote
TICK000000001910|NODE|node03|RECV|VOTE|from=node01|H=3|phase=PREVOTE
TICK000000001911|NODE|node00|RECV|HEADER|from=node02|H=3
TICK000000001912|NODE|node03|RECV|VOTE|from=node03|H=3|phase=PREVOTE
TICK000000001913|NODE|node02|RECV|HEADER|from=node02|H=3
TICK000000001914|NET|DELIVER|from=node03|to=node03|tick=18|type=core.Vote
TICK000000001915|NET|DELIVER|from=node03|to=node00|tick=18|type=core.Vote
TICK000000001916|NET|DELIVER|from=node03|to=node01|tick=18|type=core.Vote
TICK000000001917|NET|DELIVER|from=node03|to=node02|tick=18|type=core.Vote
TICK000000001918|NET|DELIVER|from=node02|to=node00|tick=18|type=*core.Block
TICK000000001919|NET|SEND|from=node00|to=node03|deliver_tick=20|type=core.Vote
TICK000000001920|NET|SEND|from=node00|to=node00|deliver_tick=19|type=core.Vote
TICK000000001921|NODE|node01|RECV|VOTE|from=node03|H=3|phase=PREVOTE
TICK000000001922|NET|DELIVER|from=node02|to=node01|tick=18|type=*core.Block
TICK000000001923|NET|SEND|from=node02|to=node00|deliver_tick=20|type=core.Vote
TICK000000001924|NET|DROP|from=node02|to=node01|lat=3
TICK000000001925|NET|SEND|from=node02|to=node02|deliver_tick=21|type=core.Vote
TICK000000001926|NET|SEND|from=node02|to=node03|deliver_tick=21|type=core.Vote
TICK000000001927|NODE|node02|SENT|PREVOTE|H=3
TICK000000001928|NODE|node02|RECV|VOTE|from=node01|H=3|phase=PREVOTE
TICK000000001929|NET|SEND|from=node00|to=node01|deliver_tick=19|type=core.Vote
TICK000000001930|NET|SEND|from=node00|to=node02|deliver_tick=19|type=core.Vote
TICK000000001931|NODE|node00|SENT|PREVOTE|H=3
TICK000000001932|NODE|node00|RECV|HEADER|from=node02|H=3
TICK000000001933|NODE|node02|RECV|VOTE|from=node03|H=3|phase=PREVOTE
TICK000000001934|NODE|node01|RECV|BLOCK|from=node02|H=3|txs=1
TICK000000001935|NET|DELIVER|from=node02|to=node03|tick=18|type=*core.Block
TICK000000001936|NET|DELIVER|from=node01|to=node02|tick=18|type=*core.Block
TICK000000001937|NET|DELIVER|from=node01|to=node03|tick=18|type=*core.Block
TICK000000001938|NET|DELIVER|from=node02|to=node02|tick=18|type=core.Vote
TICK000000001939|NET|DELIVER|from=node02|to=node00|tick=18|type=core.Vote
TICK000000001940|NET|DELIVER|from=node02|to=node01|tick=18|type=core.Vote
TICK000000001941|NET|DELIVER|from=node02|to=node01|tick=18|type=*core.Block
TICK000000001942|NET|DELIVER|from=node02|to=node00|tick=18|type=*core.Block
TICK000000001943|NET|DELIVER|from=node01|to=node03|tick=18|type=core.Vote
TICK000000001944|NET|DELIVER|from=node02|to=node03|tick=18|type=core.Vote
TICK000000001945|NET|DELIVER|from=node03|to=node01|tick=18|type=core.Vote
TICK000000001946|NET|DELIVER|from=node03|to=node02|tick=18|type=core.Vote
TICK000000001947|NET|DELIVER|from=node01|to=node00|tick=18|type=core.Vote
TICK000000001948|NODE|node03|RECV|BLOCK|from=node02|H=3|txs=1
TICK000000001949|NET|DELIVER|from=node00|to=node00|tick=18|type=core.Vote
TICK000000001950|NODE|node02|RECV|BLOCK|from=node01|H=2|txs=1
TICK000000001951|NET|SEND|from=node01|to=node01|deliver_tick=20|type=core.Vote
TICK000000001952|NET|DUP|from=node01|to=node01|tick=20
TICK000000001953|NET|SEND|from=node01|to=node02|deliver_tick=21|type=core.Vote
TICK000000001954|NET|SEND|from=node01|to=node03|deliver_tick=20|type=core.Vote
TICK000000001955|NET|SEND|from=node01|to=node00|deliver_tick=21|type=core.Vote
TICK000000001956|NODE|node01|SENT|PREVOTE|H=3
TICK000000001957|NET|SEND|from=node00|to=node00|deliver_tick=20|type=core.Vote
TICK000000001958|NET|SEND|from=node00|to=node01|deliver_tick=20|type=core.Vote
TICK000000001959|NODE|node02|RECV|BLOCK|bad_parent|H=2
TICK000000001960|NODE|node02|RECV|VOTE|from=node02|H=3|phase=PREVOTE
TICK000000001961|NODE|node01|RECV|VOTE|from=node02|H=3|phase=PREVOTE
TICK000000001962|NET|SEND|from=node00|to=node02|deliver_tick=21|type=core.Vote
TICK000000001963|NET|SEND|from=node00|to=node03|deliver_tick=20|type=core.Vote
TICK000000001964|NODE|node00|SENT|PREVOTE|H=3
TICK000000001965|NODE|node02|RECV|VOTE|from=node03|H=3|phase=PREVOTE
TICK000000001966|NET|DELIVER|from=node00|to=node01|tick=18|type=core.Vote
TICK000000001967|NET|SEND|from=node03|to=node01|deliver_tick=19|type=core.Vote
TICK000000001968|NET|SEND|from=node03|to=node02|deliver_tick=21|type=core.Vote
TICK000000001969|NET|DROP|from=node03|to=node03|lat=1
TICK000000001970|NET|SEND|from=node03|to=node00|deliver_tick=19|type=core.Vote
TICK000000001971|NODE|node03|SENT|PREVOTE|H=3
TICK000000001972|NET|DELIVER|from=node00|to=node00|tick=18|type=core.Vote
TICK000000001973|NET|DELIVER|from=node00|to=node02|tick=18|type=core.Vote
TICK000000001974|NET|DELIVER|from=node03|to=node01|tick=18|type=core.Vote
TICK000000001975|NODE|node00|RECV|VOTE|from=node01|H=3|phase=PREVOTE
TICK000000001976|NODE|node01|RECV|BLOCK|from=node02|H=3|txs=1
TICK000000001977|NODE|node03|RECV|BLOCK|from=node01|H=2|txs=1
TICK000000001978|NODE|node00|RECV|VOTE|from=node03|H=3|phase=PREVOTE
TICK000000001979|NET|DELIVER|from=node03|to=node03|tick=18|type=core.Vote
TICK000000001980|NET|DELIVER|from=node02|to=node00|tick=18|type=core.BlockHeader
TICK000000001981|NODE|node02|RECV|VOTE|from=node00|H=3|phase=PRECOMMIT
TICK000000001982|NET|DELIVER|from=node02|to=node02|tick=18|type=core.BlockHeader
TICK000000001983|NET|DELIVER|from=node02|to=node03|tick=18|type=core.BlockHeader
TICK000000001984|NET|DELIVER|from=node02|to=node03|tick=18|type=core.BlockHeader
TICK000000001985|NET|DELIVER|from=node02|to=node02|tick=18|type=*core.Block
TICK000000001986|NET|SEND|from=node01|to=node00|deliver_tick=21|type=core.Vote
TICK000000001987|NET|SEND|from=node01|to=node01|deliver_tick=20|type=core.Vote
TICK000000001988|NODE|node03|RECV|BLOCK|bad_parent|H=2
TICK000000001989|NODE|node03|RECV|VOTE|from=node01|H=3|phase=PREVOTE
TICK000000001990|NODE|node00|RECV|BLOCK|from=node02|H=3|txs=1
TICK000000001991|NET|SEND|from=node01|to=node02|deliver_tick=21|type=core.Vote
TICK000000001992|NODE|node03|RECV|VOTE|from=node02|H=3|phase=PRECOMMIT
TICK000000001993|NET|SEND|from=node01|to=node03|deliver_tick=21|type=core.Vote
TICK000000001994|NODE|node01|SENT|PREVOTE|H=3
TICK000000001995|NET|SEND|from=node02|to=node00|deliver_tick=21|type=core.BlockHeader
TICK000000001996|NODE|node03|RECV|VOTE|from=node03|H=3|phase=PRECOMMIT
TICK000000001997|NET|SEND|from=node02|to=node01|deliver_tick=20|type=core.BlockHeader
TICK000000001998|NET|DUP|from=node02|to=node01|tick=20
TICK000000001999|NET|SEND|from=node02|to=node02|deliver_tick=20|type=core.BlockHeader
TICK000000002000|NET|DROP|from=node02|to=node03|lat=2
TICK000000002001|NODE|node02|PROPOSE|H=3
TICK000000002002|NET|SEND|from=node00|to=node00|deliver_tick=20|type=core.Vote
TICK000000002003|NET|SEND|from=node00|to=node01|deliver_tick=20|type=core.Vote
TICK000000002004|NODE|node03|RECV|HEADER|from=node02|H=3
TICK000000002005|NODE|node01|RECV|VOTE|from=node03|H=3|phase=PREVOTE
TICK000000002006|NODE|node02|RECV|HEADER|from=node02|H=3
TICK000000002007|NET|SEND|from=node00|to=node02|deliver_tick=19|type=core.Vote
TICK000000002008|NET|SEND|from=node00|to=node03|deliver_tick=20|type=core.Vote
TICK000000002009|NODE|node00|SENT|PREVOTE|H=3
TICK000000002010|NODE|node00|RECV|VOTE|from=node02|H=3|phase=PREVOTE
TICK000000002011|NODE|node01|RECV|VOTE|from=node00|H=3|phase=PREVOTE
TICK000000002012|NET|DROP|from=node03|to=node00|lat=3
TICK000000002013|NET|SEND|from=node03|to=node01|deliver_tick=19|type=core.Vote
TICK000000002014|NODE|node00|RECV|BLOCK|from=node02|H=3|txs=1
TICK000000002015|NET|SEND|from=node03|to=node02|deliver_tick=20|type=core.Vote
TICK000000002016|NET|SEND|from=node03|to=node03|deliver_tick=21|type=core.Vote
TICK000000002017|NODE|node03|SENT|PREVOTE|H=3
TICK000000002018|NET|SEND|from=node02|to=node00|deliver_tick=21|type=core.Vote
TICK000000002019|NET|SEND|from=node02|to=node01|deliver_tick=20|type=core.Vote
TICK000000002020|NET|SEND|from=node02|to=node02|deliver_tick=20|type=core.Vote
TICK000000002021|NET|SEND|from=node02|to=node03|deliver_tick=19|type=core.Vote
TICK000000002022|NODE|node02|SENT|PREVOTE|H=3
TICK000000002023|NODE|node02|RECV|BLOCK|from=node02|H=3|txs=1
TICK000000002024|NODE|node01|RECV|VOTE|from=node03|H=3|phase=PRECOMMIT
TICK000000002025|NODE|node03|RECV|HEADER|from=node02|H=3
TICK000000002026|NET|SEND|from=node00|to=node03|deliver_tick=19|type=core.Vote
TICK000000002027|NET|SEND|from=node00|to=node00|deliver_tick=19|type=core.Vote
TICK000000002028|NET|SEND|from=node00|to=node01|deliver_tick=19|type=core.Vote
TICK000000002029|NET|SEND|from=node00|to=node02|deliver_tick=21|type=core.Vote
TICK000000002030|NET|DUP|from=node00|to=node02|tick=21
TICK000000002031|NODE|node00|SENT|PREVOTE|H=3
TICK000000002032|NODE|node00|RECV|VOTE|from=node01|H=3|phase=PREVOTE
TICK000000002033|NET|SEND|from=node03|to=node00|deliver_tick=21|type=core.Vote
TICK000000002034|NET|SEND|from=node03|to=node01|deliver_tick=20|type=core.Vote
TICK000000002035|NET|SEND|from=node03|to=node02|deliver_tick=19|type=core.Vote
TICK000000002036|NET|SEND|from=node03|to=node03|deliver_tick=19|type=core.Vote
TICK000000002037|NODE|node03|SENT|PREVOTE|H=3
TICK000000002038|NET|SEND|from=node02|to=node00|deliver_tick=19|type=core.Vote
TICK000000002039|NET|SEND|from=node02|to=node01|deliver_tick=19|type=core.Vote
TICK000000002040|NET|SEND|from=node02|to=node02|deliver_tick=20|type=core.Vote
TICK000000002041|NET|SEND|from=node02|to=node03|deliver_tick=20|type=core.Vote
TICK000000002042|NODE|node02|SENT|PREVOTE|H=3
TICK000000002043|NODE|node00|RECV|VOTE|from=node00|H=3|phase=PREVOTE
TICK000000002044|NODE|node00|RECV|VOTE|from=node00|H=3|phase=PRECOMMIT
TICK000000002045|NODE|node00|RECV|HEADER|from=node02|H=3
TICK000000002046|NET|SEND|from=node00|to=node00|deliver_tick=19|type=core.Vote
TICK000000002047|NET|SEND|from=node00|to=node01|deliver_tick=20|type=core.Vote
TICK000000002048|NET|SEND|from=node00|to=node02|deliver_tick=21|type=core.Vote
TICK000000002049|NET|SEND|from=node00|to=node03|deliver_tick=21|type=core.Vote
TICK000000002050|NET|DUP|from=node00|to=node03|tick=21
TICK000000002051|NODE|node00|SENT|PREVOTE|H=3
TICK000000002052|NET|SEND|from=node02|to=node00|deliver_tick=19|type=*core.Block
TICK000000002053|NET|SEND|from=node02|to=node01|deliver_tick=21|type=*core.Block
TICK000000002054|NET|SEND|from=node02|to=node02|deliver_tick=20|type=*core.Block
TICK000000002055|NET|SEND|from=node02|to=node03|deliver_tick=21|type=*core.Block
TICK000000002056|NET|DUP|from=node02|to=node03|tick=21
TICK000000002057|NET|DELIVER|from=node01|to=node01|tick=19|type=core.Vote
TICK000000002058|NET|DELIVER|from=node02|to=node00|tick=19|type=core.BlockHeader
TICK000000002059|NET|DELIVER|from=node02|to=node02|tick=19|type=core.BlockHeader
TICK000000002060|NET|DELIVER|from=node02|to=node03|tick=19|type=core.BlockHeader
TICK000000002061|NET|DELIVER|from=node02|to=node00|tick=19|type=core.Vote
TICK000000002062|NET|DELIVER|from=node02|to=node01|tick=19|type=core.Vote
TICK000000002063|NET|DELIVER|from=node02|to=node03|tick=19|type=core.Vote
TICK000000002064|NODE|node01|RECV|VOTE|from=node01|H=3|phase=PREVOTE
TICK000000002065|NODE|node02|RECV|HEADER|from=node02|H=3
TICK000000002066|NODE|node00|RECV|HEADER|from=node02|H=3
TICK000000002067|NODE|node03|RECV|HEADER|from=node02|H=3
TICK000000002068|NET|DELIVER|from=node02|to=node03|tick=19|type=*core.Block
TICK000000002069|NODE|node01|RECV|VOTE|from=node02|H=3|phase=PREVOTE
TICK000000002070|NET|SEND|from=node02|to=node00|deliver_tick=21|type=core.Vote
TICK000000002071|NET|SEND|from=node02|to=node01|deliver_tick=20|type=core.Vote
TICK000000002072|NET|SEND|from=node02|to=node02|deliver_tick=20|type=core.Vote
TICK000000002073|NET|SEND|from=node02|to=node03|deliver_tick=20|type=core.Vote
TICK000000002074|NODE|node02|SENT|PREVOTE|H=3
TICK000000002075|NET|DROP|from=node03|to=node00|lat=3
TICK000000002076|NET|SEND|from=node03|to=node01|deliver_tick=20|type=core.Vote
TICK000000002077|NET|SEND|from=node03|to=node02|deliver_tick=22|type=core.Vote
TICK000000002078|NET|SEND|from=node03|to=node03|deliver_tick=21|type=core.Vote
TICK000000002079|NODE|node03|SENT|PREVOTE|H=3
TICK000000002080|NODE|node03|RECV|VOTE|from=node02|H=3|phase=PREVOTE
TICK000000002081|NET|DELIVER|from=node00|to=node03|tick=19|type=core.Vote
TICK000000002082|NET|SEND|from=node00|to=node00|deliver_tick=20|type=core.Vote
TICK000000002083|NET|SEND|from=node00|to=node01|deliver_tick=21|type=core.Vote
TICK000000002084|NET|SEND|from=node00|to=node02|deliver_tick=22|type=core.Vote
TICK000000002085|NET|SEND|from=node00|to=node03|deliver_tick=21|type=core.Vote
TICK000000002086|NODE|node03|RECV|BLOCK|from=node02|H=3|txs=1
TICK000000002087|NODE|node00|SENT|PREVOTE|H=3
TICK000000002088|NODE|node00|RECV|VOTE|from=node02|H=3|phase=PREVOTE
TICK000000002089|NET|DELIVER|from=node00|to=node00|tick=19|type=core.Vote
TICK000000002090|NET|DELIVER|from=node00|to=node01|tick=19|type=core.Vote
TICK000000002091|NODE|node01|RECV|VOTE|from=node00|H=3|phase=PREVOTE
TICK000000002092|NET|DELIVER|from=node00|to=node02|tick=19|type=core.Vote
TICK000000002093|NET|DELIVER|from=node01|to=node00|tick=19|type=core.Vote
TICK000000002094|NET|DELIVER|from=node02|to=node00|tick=19|type=core.Vote
TICK000000002095|NET|DELIVER|from=node02|to=node01|tick=19|type=core.Vote
TICK000000002096|NET|DELIVER|from=node02|to=node01|tick=19|type=core.Vote
TICK000000002097|NET|DELIVER|from=node02|to=node02|tick=19|type=core.Vote
TICK000000002098|NODE|node01|RECV|VOTE|from=node02|H=3|phase=PRECOMMIT
TICK000000002099|NODE|node02|RECV|VOTE|from=node00|H=3|phase=PREVOTE
TICK000000002100|NODE|node01|RECV|VOTE|from=node02|H=3|phase=PRECOMMIT
TICK000000002101|NET|SEND|from=node03|to=node01|deliver_tick=21|type=core.Vote
TICK000000002102|NODE|node00|RECV|VOTE|from=node00|H=3|phase=PREVOTE
TICK000000002103|NET|DELIVER|from=node03|to=node00|tick=19|type=core.Vote
TICK000000002104|NET|SEND|from=node03|to=node02|deliver_tick=22|type=core.Vote
TICK000000002105|NET|SEND|from=node03|to=node03|deliver_tick=22|type=core.Vote
TICK000000002106|NODE|node02|RECV|VOTE|from=node02|H=3|phase=PRECOMMIT
TICK000000002107|NET|SEND|from=node03|to=node00|deliver_tick=22|type=core.Vote
TICK000000002108|NODE|node03|SENT|PREVOTE|H=3
TICK000000002109|NODE|node00|RECV|VOTE|from=node01|H=3|phase=PREVOTE
TICK000000002110|NODE|node03|RECV|VOTE|from=node00|H=3|phase=PREVOTE
TICK000000002111|NODE|node02|RECV|VOTE|from=node01|H=3|phase=PREVOTE
TICK000000002112|NODE|node00|RECV|VOTE|from=node02|H=3|phase=PRECOMMIT
TICK000000002113|NET|DELIVER|from=node01|to=node02|tick=19|type=core.Vote
TICK000000002114|NET|DELIVER|from=node00|to=node02|tick=19|type=core.Vote
TICK000000002115|NET|DELIVER|from=node00|to=node03|tick=19|type=core.Vote
TICK000000002116|NET|DELIVER|from=node01|to=node02|tick=19|type=core.Vote
TICK000000002117|NODE|node00|RECV|VOTE|from=node03|H=3|phase=PREVOTE
TICK000000002118|NET|DELIVER|from=node01|to=node03|tick=19|type=core.Vote
TICK000000002119|NET|DELIVER|from=node02|to=node01|tick=19|type=core.Vote
TICK000000002120|NET|DELIVER|from=node00|to=node03|tick=19|type=core.Vote
TICK000000002121|NET|DELIVER|from=node03|to=node00|tick=19|type=core.Vote
TICK000000002122|NET|DELIVER|from=node03|to=node02|tick=19|type=core.Vote
TICK000000002123|NET|DELIVER|from=node02|to=node00|tick=19|type=*core.Block
TICK000000002124|NET|DELIVER|from=node02|to=node03|tick=19|type=*core.Block
TICK000000002125|NODE|node00|RECV|VOTE|from=node03|H=3|phase=PRECOMMIT
TICK000000002126|NODE|node03|RECV|VOTE|from=node00|H=3|phase=PREVOTE
TICK000000002127|NODE|node02|RECV|VOTE|from=node00|H=3|phase=PREVOTE
TICK000000002128|NODE|node01|RECV|VOTE|from=node02|H=3|phase=PREVOTE
TICK000000002129|NET|DELIVER|from=node00|to=node00|tick=19|type=core.Vote
TICK000000002130|NET|DELIVER|from=node00|to=node01|tick=19|type=core.Vote
TICK000000002131|NODE|node00|FINALIZED|H=3
TICK000000002132|NODE|node00|RECV|BLOCK|from=node02|H=3|txs=1
TICK000000002133|NODE|node03|RECV|VOTE|from=node01|H=3|phase=PRECOMMIT
TICK000000002134|NET|DELIVER|from=node00|to=node02|tick=19|type=core.Vote
TICK000000002135|NET|DELIVER|from=node03|to=node01|tick=19|type=core.Vote
TICK000000002136|NET|DELIVER|from=node03|to=node00|tick=19|type=core.Vote
TICK000000002137|NET|DELIVER|from=node00|to=node02|tick=19|type=core.Vote
TICK000000002138|NET|DELIVER|from=node03|to=node01|tick=19|type=core.Vote
TICK000000002139|NET|DELIVER|from=node02|to=node03|tick=19|type=core.Vote
TICK000000002140|NET|DELIVER|from=node00|to=node03|tick=19|type=core.Vote
TICK000000002141|NET|DELIVER|from=node00|to=node00|tick=19|type=core.Vote
TICK000000002142|NET|DELIVER|from=node00|to=node01|tick=19|type=core.Vote
TICK000000002143|NET|DELIVER|from=node03|to=node02|tick=19|type=core.Vote
TICK000000002144|NET|DELIVER|from=node03|to=node03|tick=19|type=core.Vote
TICK000000002145|NET|DELIVER|from=node02|to=node00|tick=19|type=core.Vote
TICK000000002146|NET|DELIVER|from=node02|to=node01|tick=19|type=core.Vote
TICK000000002147|NET|DELIVER|from=node00|to=node00|tick=19|type=core.Vote
TICK000000002148|NET|DELIVER|from=node02|to=node00|tick=19|type=*core.Block
TICK000000002149|NODE|node01|RECV|VOTE|from=node00|H=3|phase=PREVOTE
TICK000000002150|NODE|node03|FINALIZED|H=3
TICK000000002151|NET|SEND|from=node02|to=node00|deliver_tick=22|type=core.BlockHeader
TICK000000002152|NET|SEND|from=node02|to=node01|deliver_tick=20|type=core.BlockHeader
TICK000000002153|NET|SEND|from=node02|to=node02|deliver_tick=22|type=core.BlockHeader
TICK000000002154|NODE|node03|RECV|VOTE|from=node00|H=3|phase=PRECOMMIT
TICK000000002155|NODE|node02|RECV|VOTE|from=node01|H=3|phase=PRECOMMIT
TICK000000002156|NODE|node00|RECV|BLOCK|bad_parent|H=3
TICK000000002157|NODE|node03|RECV|BLOCK|from=node02|H=3|txs=1
TICK000000002158|NODE|node00|RECV|VOTE|from=node00|H=3|phase=PREVOTE
TICK000000002159|NODE|node01|RECV|VOTE|from=node03|H=3|phase=PREVOTE
TICK000000002160|NODE|node03|RECV|BLOCK|bad_parent|H=3
TICK000000002161|NODE|node03|RECV|VOTE|from=node02|H=3|phase=PREVOTE
TICK000000002162|NET|SEND|from=node02|to=node03|deliver_tick=21|type=core.BlockHeader
TICK000000002163|NODE|node02|PROPOSE|H=3
TICK000000002164|NODE|node01|RECV|VOTE|from=node03|H=3|phase=PREVOTE
TICK000000002165|NODE|node00|RECV|VOTE|from=node03|H=3|phase=PREVOTE
TICK000000002166|NODE|node02|FINALIZED|H=3
TICK000000002167|NODE|node02|RECV|VOTE|from=node03|H=3|phase=PRECOMMIT
TICK000000002168|NET|SEND|from=node03|to=node02|deliver_tick=21|type=core.BlockHeader
TICK000000002169|NET|SEND|from=node03|to=node03|deliver_tick=20|type=core.BlockHeader
TICK000000002170|NODE|node01|RECV|VOTE|from=node00|H=3|phase=PREVOTE
TICK000000002171|NET|SEND|from=node03|to=node00|deliver_tick=21|type=core.BlockHeader
TICK000000002172|NET|SEND|from=node03|to=node01|deliver_tick=22|type=core.BlockHeader
TICK000000002173|NODE|node00|RECV|VOTE|from=node00|H=3|phase=PREVOTE
TICK000000002174|NODE|node03|PROPOSE|H=4
TICK000000002175|NODE|node03|RECV|VOTE|from=node00|H=3|phase=PREVOTE
TICK000000002176|NODE|node02|RECV|VOTE|from=node00|H=3|phase=PREVOTE
TICK000000002177|NODE|node01|RECV|VOTE|from=node02|H=3|phase=PREVOTE
TICK000000002178|NODE|node03|RECV|VOTE|from=node03|H=3|phase=PREVOTE
TICK000000002179|NODE|node02|RECV|VOTE|from=node00|H=3|phase=PREVOTE
TICK000000002180|NODE|node00|RECV|VOTE|from=node02|H=3|phase=PREVOTE
TICK000000002181|NODE|node00|RECV|VOTE|from=node00|H=3|phase=PREVOTE
TICK000000002182|NODE|node02|RECV|VOTE|from=node03|H=3|phase=PREVOTE
TICK000000002183|NODE|node00|RECV|BLOCK|from=node02|H=3|txs=1
TICK000000002184|NODE|node00|RECV|BLOCK|bad_parent|H=3
TICK000000002185|NET|SEND|from=node02|to=node00|deliver_tick=20|type=*core.Block
TICK000000002186|NET|SEND|from=node02|to=node01|deliver_tick=22|type=*core.Block
TICK000000002187|NET|SEND|from=node02|to=node02|deliver_tick=22|type=*core.Block
TICK000000002188|NET|SEND|from=node02|to=node03|deliver_tick=21|type=*core.Block
TICK000000002189|NET|DELIVER|from=node01|to=node01|tick=20|type=core.Vote
TICK000000002190|NET|DELIVER|from=node01|to=node02|tick=20|type=core.Vote
TICK000000002191|NODE|node02|RECV|VOTE|from=node01|H=3|phase=PREVOTE
TICK000000002192|NODE|node01|RECV|VOTE|from=node01|H=3|phase=PREVOTE
TICK000000002193|NET|DELIVER|from=node03|to=node03|tick=20|type=core.Vote
TICK000000002194|NET|DELIVER|from=node01|to=node01|tick=20|type=core.Vote
TICK000000002195|NET|DELIVER|from=node01|to=node03|tick=20|type=core.Vote
TICK000000002196|NET|DELIVER|from=node01|to=node00|tick=20|type=core.Vote
TICK000000002197|NODE|node00|RECV|VOTE|from=node01|H=3|phase=PRECOMMIT
TICK000000002198|NODE|node03|RECV|VOTE|from=node03|H=3|phase=PREVOTE
TICK000000002199|NET|DELIVER|from=node02|to=node02|tick=20|type=core.Vote
TICK000000002200|NET|DELIVER|from=node02|to=node02|tick=20|type=core.Vote
TICK000000002201|NET|DELIVER|from=node02|to=node00|tick=20|type=core.Vote
TICK000000002202|NET|DELIVER|from=node00|to=node01|tick=20|type=core.Vote
TICK000000002203|NET|DELIVER|from=node01|to=node02|tick=20|type=core.Vote
TICK000000002204|NET|DELIVER|from=node01|to=node03|tick=20|type=core.Vote
TICK000000002205|NET|DELIVER|from=node01|to=node03|tick=20|type=core.Vote
TICK000000002206|NODE|node03|RECV|VOTE|from=node01|H=3|phase=PREVOTE
TICK000000002207|NODE|node02|RECV|VOTE|from=node02|H=3|phase=PREVOTE
TICK000000002208|NODE|node03|RECV|VOTE|from=node01|H=3|phase=PREVOTE
TICK000000002209|NET|DELIVER|from=node01|to=node01|tick=20|type=core.Vote
TICK000000002210|NET|DELIVER|from=node02|to=node01|tick=20|type=core.BlockHeader
TICK000000002211|NODE|node03|RECV|VOTE|from=node01|H=3|phase=PREVOTE
TICK000000002212|NODE|node02|RECV|VOTE|from=node02|H=3|phase=PREVOTE
TICK000000002213|NET|DELIVER|from=node02|to=node01|tick=20|type=*core.Block
TICK000000002214|NET|DELIVER|from=node00|to=node03|tick=20|type=core.Vote
TICK000000002215|NET|DELIVER|from=node02|to=node00|tick=20|type=core.Vote
TICK000000002216|NET|DELIVER|from=node01|to=node01|tick=20|type=core.Vote
TICK000000002217|NET|DELIVER|from=node01|to=node01|tick=20|type=core.Vote
TICK000000002218|NET|DELIVER|from=node01|to=node03|tick=20|type=core.Vote
TICK000000002219|NET|DELIVER|from=node00|to=node00|tick=20|type=core.Vote
TICK000000002220|NET|DELIVER|from=node00|to=node01|tick=20|type=core.Vote
TICK000000002221|NET|DELIVER|from=node00|to=node03|tick=20|type=core.Vote
TICK000000002222|NET|DELIVER|from=node01|to=node01|tick=20|type=core.Vote
TICK000000002223|NET|DELIVER|from=node02|to=node01|tick=20|type=core.BlockHeader
TICK000000002224|NET|DELIVER|from=node02|to=node01|tick=20|type=core.BlockHeader
TICK000000002225|NET|DELIVER|from=node02|to=node02|tick=20|type=core.BlockHeader
TICK000000002226|NET|DELIVER|from=node00|to=node00|tick=20|type=core.Vote
TICK000000002227|NET|DELIVER|from=node00|to=node01|tick=20|type=core.Vote
TICK000000002228|NET|DELIVER|from=node00|to=node03|tick=20|type=core.Vote
TICK000000002229|NET|DELIVER|from=node03|to=node02|tick=20|type=core.Vote
TICK000000002230|NODE|node00|RECV|VOTE|from=node02|H=3|phase=PREVOTE
TICK000000002231|NODE|node01|RECV|VOTE|from=node01|H=3|phase=PREVOTE
TICK000000002232|NODE|node02|RECV|VOTE|from=node01|H=3|phase=PREVOTE
TICK000000002233|NODE|node03|RECV|VOTE|from=node00|H=3|phase=PREVOTE
TICK000000002234|NET|DELIVER|from=node02|to=node01|tick=20|type=core.Vote
TICK000000002235|NET|DELIVER|from=node02|to=node02|tick=20|type=core.Vote
TICK000000002236|NET|DELIVER|from=node03|to=node01|tick=20|type=core.Vote
TICK000000002237|NET|DELIVER|from=node02|to=node02|tick=20|type=core.Vote
TICK000000002238|NODE|node03|RECV|VOTE|from=node01|H=3|phase=PREVOTE
TICK000000002239|NODE|node01|RECV|VOTE|from=node00|H=3|phase=PRECOMMIT
TICK000000002240|NODE|node02|RECV|HEADER|from=node02|H=3
TICK000000002241|NODE|node00|RECV|VOTE|from=node02|H=3|phase=PREVOTE
TICK000000002242|NET|DELIVER|from=node02|to=node03|tick=20|type=core.Vote
TICK000000002243|NET|DELIVER|from=node00|to=node01|tick=20|type=core.Vote
TICK000000002244|NET|DELIVER|from=node02|to=node02|tick=20|type=*core.Block
TICK000000002245|NET|DELIVER|from=node02|to=node01|tick=20|type=core.Vote
TICK000000002246|NET|DELIVER|from=node02|to=node02|tick=20|type=core.Vote
TICK000000002247|NET|DELIVER|from=node02|to=node03|tick=20|type=core.Vote
TICK000000002248|NET|DELIVER|from=node03|to=node01|tick=20|type=core.Vote
TICK000000002249|NET|DELIVER|from=node00|to=node00|tick=20|type=core.Vote
TICK000000002250|NODE|node00|RECV|VOTE|from=node00|H=3|phase=PREVOTE
TICK000000002251|NODE|node02|RECV|HEADER|bad_parent|H=3
TICK000000002252|NODE|node02|RECV|VOTE|from=node03|H=3|phase=PREVOTE
TICK000000002253|NODE|node03|RECV|VOTE|from=node00|H=3|phase=PREVOTE
TICK000000002254|NET|DELIVER|from=node02|to=node01|tick=20|type=core.BlockHeader
TICK000000002255|NET|DELIVER|from=node03|to=node03|tick=20|type=core.BlockHeader
TICK000000002256|NET|DELIVER|from=node02|to=node00|tick=20|type=*core.Block
TICK000000002257|NODE|node02|RECV|VOTE|from=node02|H=3|phase=PREVOTE
TICK000000002258|NODE|node00|RECV|VOTE|from=node00|H=3|phase=PREVOTE
TICK000000002259|NODE|node01|FINALIZED|H=3
TICK000000002260|NODE|node02|RECV|VOTE|from=node02|H=3|phase=PREVOTE
TICK000000002261|NODE|node03|RECV|VOTE|from=node00|H=3|phase=PREVOTE
TICK000000002262|NODE|node01|RECV|VOTE|from=node01|H=3|phase=PREVOTE
TICK000000002263|NET|SEND|from=node03|to=node00|deliver_tick=21|type=core.BlockHeader
TICK000000002264|NODE|node00|RECV|VOTE|from=node00|H=3|phase=PREVOTE
TICK000000002265|NODE|node02|RECV|BLOCK|from=node02|H=3|txs=1
TICK000000002266|NODE|node01|RECV|HEADER|from=node02|H=3
TICK000000002267|NET|SEND|from=node03|to=node01|deliver_tick=21|type=core.BlockHeader
TICK000000002268|NODE|node00|RECV|BLOCK|from=node02|H=3|txs=1
TICK000000002269|NET|SEND|from=node03|to=node02|deliver_tick=21|type=core.BlockHeader
TICK000000002270|NODE|node01|RECV|HEADER|bad_parent|H=3
TICK000000002271|NODE|node01|RECV|BLOCK|from=node02|H=3|txs=1
TICK000000002272|NET|SEND|from=node03|to=node03|deliver_tick=23|type=core.BlockHeader
TICK000000002273|NODE|node03|PROPOSE|H=4
TICK000000002274|NODE|node03|RECV|VOTE|from=node02|H=3|phase=PREVOTE
TICK000000002275|NODE|node02|RECV|BLOCK|bad_parent|H=3
TICK000000002276|NODE|node02|RECV|VOTE|from=node02|H=3|phase=PREVOTE
TICK000000002277|NODE|node00|RECV|BLOCK|bad_parent|H=3
TICK000000002278|NODE|node01|RECV|BLOCK|bad_parent|H=3
TICK000000002279|NODE|node03|RECV|VOTE|from=node02|H=3|phase=PREVOTE
TICK000000002280|NODE|node01|RECV|VOTE|from=node01|H=3|phase=PREVOTE
TICK000000002281|NODE|node03|RECV|HEADER|from=node03|H=4
TICK000000002282|NODE|node01|RECV|VOTE|from=node01|H=3|phase=PREVOTE
TICK000000002283|NODE|node01|RECV|VOTE|from=node00|H=3|phase=PREVOTE
TICK000000002284|NET|SEND|from=node03|to=node00|deliver_tick=23|type=core.Vote
TICK000000002285|NET|SEND|from=node03|to=node01|deliver_tick=22|type=core.Vote
TICK000000002286|NET|SEND|from=node03|to=node02|deliver_tick=22|type=core.Vote
TICK000000002287|NET|SEND|from=node03|to=node03|deliver_tick=21|type=core.Vote
TICK000000002288|NET|DUP|from=node03|to=node03|tick=21
TICK000000002289|NODE|node03|SENT|PREVOTE|H=4
TICK000000002290|NODE|node01|RECV|VOTE|from=node01|H=3|phase=PREVOTE
TICK000000002291|NODE|node01|RECV|HEADER|from=node02|H=3
TICK000000002292|NODE|node01|RECV|HEADER|bad_parent|H=3
TICK000000002293|NODE|node01|RECV|HEADER|from=node02|H=3
TICK000000002294|NODE|node01|RECV|HEADER|bad_parent|H=3
TICK000000002295|NODE|node01|RECV|VOTE|from=node00|H=3|phase=PREVOTE
TICK000000002296|NODE|node01|RECV|VOTE|from=node02|H=3|phase=PREVOTE
TICK000000002297|NODE|node01|RECV|VOTE|from=node03|H=3|phase=PREVOTE
TICK000000002298|NODE|node01|RECV|VOTE|from=node00|H=3|phase=PREVOTE
TICK000000002299|NODE|node01|RECV|VOTE|from=node02|H=3|phase=PREVOTE
TICK000000002300|NODE|node01|RECV|VOTE|from=node03|H=3|phase=PREVOTE
TICK000000002301|NODE|node01|RECV|HEADER|from=node02|H=3
TICK000000002302|NODE|node01|RECV|HEADER|bad_parent|H=3
TICK000000002303|NET|SEND|from=node02|to=node00|deliver_tick=23|type=*core.Block
TICK000000002304|NET|SEND|from=node02|to=node01|deliver_tick=23|type=*core.Block
TICK000000002305|NET|SEND|from=node02|to=node02|deliver_tick=21|type=*core.Block
TICK000000002306|NET|SEND|from=node02|to=node03|deliver_tick=22|type=*core.Block
TICK000000002307|NET|SEND|from=node03|to=node01|deliver_tick=22|type=*core.Block
TICK000000002308|NET|SEND|from=node03|to=node02|deliver_tick=23|type=*core.Block
TICK000000002309|NET|DUP|from=node03|to=node02|tick=23
TICK000000002310|NET|SEND|from=node03|to=node03|deliver_tick=22|type=*core.Block
TICK000000002311|NET|SEND|from=node03|to=node00|deliver_tick=23|type=*core.Block
TICK000000002312|NET|DELIVER|from=node02|to=node02|tick=21|type=core.Vote
TICK000000002313|NET|DELIVER|from=node02|to=node03|tick=21|type=core.Vote
TICK000000002314|NET|DELIVER|from=node01|to=node02|tick=21|type=core.Vote
TICK000000002315|NODE|node02|RECV|VOTE|from=node02|H=3|phase=PREVOTE
TICK000000002316|NODE|node03|RECV|VOTE|from=node02|H=3|phase=PREVOTE
TICK000000002317|NET|DELIVER|from=node01|to=node00|tick=21|type=core.Vote
TICK000000002318|NET|DELIVER|from=node00|to=node02|tick=21|type=core.Vote
TICK000000002319|NET|DELIVER|from=node03|to=node02|tick=21|type=core.Vote
TICK000000002320|NET|DELIVER|from=node01|to=node00|tick=21|type=core.Vote
TICK000000002321|NET|DELIVER|from=node01|to=node02|tick=21|type=core.Vote
TICK000000002322|NET|DELIVER|from=node01|to=node03|tick=21|type=core.Vote
TICK000000002323|NET|DELIVER|from=node02|to=node00|tick=21|type=core.BlockHeader
TICK000000002324|NET|DELIVER|from=node03|to=node03|tick=21|type=core.Vote
TICK000000002325|NET|DELIVER|from=node02|to=node00|tick=21|type=core.Vote
TICK000000002326|NODE|node03|RECV|VOTE|from=node01|H=3|phase=PREVOTE
TICK000000002327|NODE|node00|RECV|VOTE|from=node01|H=3|phase=PREVOTE
TICK000000002328|NET|DELIVER|from=node00|to=node02|tick=21|type=core.Vote
TICK000000002329|NET|DELIVER|from=node00|to=node02|tick=21|type=core.Vote
TICK000000002330|NET|DELIVER|from=node03|to=node00|tick=21|type=core.Vote
TICK000000002331|NET|DELIVER|from=node00|to=node02|tick=21|type=core.Vote
TICK000000002332|NET|DELIVER|from=node00|to=node03|tick=21|type=core.Vote
TICK000000002333|NET|DELIVER|from=node00|to=node03|tick=21|type=core.Vote
TICK000000002334|NET|DELIVER|from=node02|to=node01|tick=21|type=*core.Block
TICK000000002335|NET|DELIVER|from=node02|to=node03|tick=21|type=*core.Block
TICK000000002336|NET|DELIVER|from=node02|to=node03|tick=21|type=*core.Block
TICK000000002337|NET|DELIVER|from=node02|to=node00|tick=21|type=core.Vote
TICK000000002338|NET|DELIVER|from=node03|to=node03|tick=21|type=core.Vote
TICK000000002339|NET|DELIVER|from=node00|to=node01|tick=21|type=core.Vote
TICK000000002340|NET|DELIVER|from=node00|to=node03|tick=21|type=core.Vote
TICK000000002341|NET|DELIVER|from=node03|to=node01|tick=21|type=core.Vote
TICK000000002342|NET|DELIVER|from=node02|to=node03|tick=21|type=core.BlockHeader
TICK000000002343|NODE|node02|RECV|VOTE|from=node01|H=3|phase=PREVOTE
TICK000000002344|NODE|node01|RECV|BLOCK|from=node02|H=3|txs=1
TICK000000002345|NODE|node03|RECV|VOTE|from=node03|H=3|phase=PREVOTE
TICK000000002346|NODE|node00|RECV|VOTE|from=node01|H=3|phase=PREVOTE
TICK000000002347|NET|DELIVER|from=node03|to=node02|tick=21|type=core.BlockHeader
TICK000000002348|NET|DELIVER|from=node03|to=node00|tick=21|type=core.BlockHeader
TICK000000002349|NODE|node02|RECV|VOTE|from=node00|H=3|phase=PREVOTE
TICK000000002350|NODE|node01|RECV|BLOCK|bad_parent|H=3
TICK000000002351|NODE|node01|RECV|VOTE|from=node00|H=3|phase=PREVOTE
TICK000000002352|NET|DELIVER|from=node02|to=node03|tick=21|type=*core.Block
TICK000000002353|NET|DELIVER|from=node03|to=node00|tick=21|type=core.BlockHeader
TICK000000002354|NODE|node03|RECV|VOTE|from=node00|H=3|phase=PREVOTE
TICK000000002355|NET|DELIVER|from=node03|to=node01|tick=21|type=core.BlockHeader
TICK000000002356|NET|DELIVER|from=node03|to=node02|tick=21|type=core.BlockHeader
TICK000000002357|NODE|node00|RECV|HEADER|from=node02|H=3
TICK000000002358|NODE|node01|RECV|VOTE|from=node03|H=3|phase=PREVOTE
TICK000000002359|NODE|node02|RECV|VOTE|from=node03|H=3|phase=PREVOTE
TICK000000002360|NODE|node00|RECV|HEADER|bad_parent|H=3
TICK000000002361|NODE|node00|RECV|VOTE|from=node02|H=3|phase=PREVOTE
TICK000000002362|NET|DELIVER|from=node03|to=node03|tick=21|type=core.Vote
TICK000000002363|NET|DELIVER|from=node03|to=node03|tick=21|type=core.Vote
TICK000000002364|NODE|node02|RECV|VOTE|from=node01|H=3|phase=PREVOTE
TICK000000002365|NODE|node03|RECV|VOTE|from=node00|H=3|phase=PREVOTE
TICK000000002366|NET|DELIVER|from=node02|to=node02|tick=21|type=*core.Block
TICK000000002367|NODE|node02|RECV|VOTE|from=node00|H=3|phase=PREVOTE
TICK000000002368|NODE|node01|RECV|HEADER|from=node03|H=4
TICK000000002369|NODE|node00|RECV|VOTE|from=node03|H=3|phase=PREVOTE
TICK000000002370|NODE|node02|RECV|VOTE|from=node00|H=3|phase=PREVOTE
TICK000000002371|NET|SEND|from=node03|to=node00|deliver_tick=22|type=core.BlockHeader
TICK000000002372|NET|SEND|from=node03|to=node01|deliver_tick=24|type=core.BlockHeader
TICK000000002373|NODE|node00|RECV|VOTE|from=node02|H=3|phase=PREVOTE
TICK000000002374|NET|SEND|from=node03|to=node02|deliver_tick=23|type=core.BlockHeader
TICK000000002375|NET|SEND|from=node03|to=node03|deliver_tick=22|type=core.BlockHeader
TICK000000002376|NET|SEND|from=node01|to=node00|deliver_tick=22|type=core.Vote
TICK000000002377|NET|SEND|from=node01|to=node01|deliver_tick=24|type=core.Vote
TICK000000002378|NET|SEND|from=node01|to=node02|deliver_tick=23|type=core.Vote
TICK000000002379|NET|SEND|from=node01|to=node03|deliver_tick=23|type=core.Vote
TICK000000002380|NET|DUP|from=node01|to=node03|tick=23
TICK000000002381|NODE|node01|SENT|PREVOTE|H=4
TICK000000002382|NODE|node02|RECV|VOTE|from=node00|H=3|phase=PREVOTE
TICK000000002383|NODE|node03|PROPOSE|H=4
TICK000000002384|NODE|node03|RECV|BLOCK|from=node02|H=3|txs=1
TICK000000002385|NODE|node02|RECV|HEADER|from=node03|H=4
TICK000000002386|NODE|node00|RECV|HEADER|from=node03|H=4
TICK000000002387|NODE|node03|RECV|BLOCK|bad_parent|H=3
TICK000000002388|NET|SEND|from=node02|to=node02|deliver_tick=22|type=core.Vote
TICK000000002389|NET|SEND|from=node02|to=node03|deliver_tick=22|type=core.Vote
TICK000000002390|NODE|node03|RECV|BLOCK|from=node02|H=3|txs=1
TICK000000002391|NET|SEND|from=node02|to=node00|deliver_tick=22|type=core.Vote
TICK000000002392|NET|SEND|from=node02|to=node01|deliver_tick=24|type=core.Vote
TICK000000002393|NODE|node02|SENT|PREVOTE|H=4
TICK000000002394|NODE|node02|RECV|HEADER|from=node03|H=4
TICK000000002395|NET|SEND|from=node00|to=node02|deliver_tick=22|type=core.Vote
TICK000000002396|NET|SEND|from=node00|to=node03|deliver_tick=23|type=core.Vote
TICK000000002397|NODE|node03|RECV|BLOCK|bad_parent|H=3
TICK000000002398|NODE|node03|RECV|VOTE|from=node03|H=3|phase=PREVOTE
TICK000000002399|NET|SEND|from=node00|to=node00|deliver_tick=24|type=core.Vote
TICK000000002400|NET|SEND|from=node00|to=node01|deliver_tick=22|type=core.Vote
TICK000000002401|NODE|node00|SENT|PREVOTE|H=4
TICK000000002402|NODE|node00|RECV|HEADER|from=node03|H=4
TICK000000002403|NODE|node03|RECV|VOTE|from=node00|H=3|phase=PREVOTE
TICK000000002404|NET|SEND|from=node02|to=node00|deliver_tick=23|type=core.Vote
TICK000000002405|NET|DROP|from=node02|to=node01|lat=3
TICK000000002406|NET|DROP|from=node02|to=node02|lat=1
TICK000000002407|NET|SEND|from=node02|to=node03|deliver_tick=24|type=core.Vote
TICK000000002408|NODE|node03|RECV|HEADER|from=node02|H=3
TICK000000002409|NODE|node02|SENT|PREVOTE|H=4
TICK000000002410|NODE|node02|RECV|BLOCK|from=node02|H=3|txs=1
TICK000000002411|NET|SEND|from=node00|to=node00|deliver_tick=24|type=core.Vote
TICK000000002412|NET|SEND|from=node00|to=node01|deliver_tick=24|type=core.Vote
TICK000000002413|NET|SEND|from=node00|to=node02|deliver_tick=22|type=core.Vote
TICK000000002414|NODE|node02|RECV|BLOCK|bad_parent|H=3
TICK000000002415|NODE|node03|RECV|HEADER|bad_parent|H=3
TICK000000002416|NODE|node03|RECV|BLOCK|from=node02|H=3|txs=1
TICK000000002417|NET|SEND|from=node00|to=node03|deliver_tick=22|type=core.Vote
TICK000000002418|NODE|node00|SENT|PREVOTE|H=4
TICK000000002419|NODE|node03|RECV|BLOCK|bad_parent|H=3
TICK000000002420|NODE|node03|RECV|VOTE|from=node03|H=4|phase=PREVOTE
TICK000000002421|NODE|node03|RECV|VOTE|from=node03|H=4|phase=PREVOTE
TICK000000002422|NET|SEND|from=node03|to=node02|deliver_tick=24|type=*core.Block
TICK000000002423|NET|SEND|from=node03|to=node03|deliver_tick=23|type=*core.Block
TICK000000002424|NET|SEND|from=node03|to=node00|deliver_tick=22|type=*core.Block
TICK000000002425|NET|SEND|from=node03|to=node01|deliver_tick=24|type=*core.Block
TICK000000002426|NET|DELIVER|from=node03|to=node02|tick=22|type=core.Vote
TICK000000002427|NET|DELIVER|from=node00|to=node02|tick=22|type=core.Vote
TICK000000002428|NET|DELIVER|from=node03|to=node02|tick=22|type=core.Vote
TICK000000002429|NET|DELIVER|from=node03|to=node03|tick=22|type=core.Vote
TICK000000002430|NET|DELIVER|from=node03|to=node00|tick=22|type=core.Vote
TICK000000002431|NET|DELIVER|from=node02|to=node00|tick=22|type=core.BlockHeader
TICK000000002432|NET|DELIVER|from=node02|to=node02|tick=22|type=core.BlockHeader
TICK000000002433|NODE|node02|RECV|VOTE|from=node03|H=3|phase=PREVOTE
TICK000000002434|NODE|node03|RECV|VOTE|from=node03|H=3|phase=PREVOTE
TICK000000002435|NODE|node00|RECV|VOTE|from=node03|H=3|phase=PREVOTE
TICK000000002436|NODE|node02|RECV|VOTE|from=node00|H=3|phase=PREVOTE
TICK000000002437|NET|DELIVER|from=node03|to=node01|tick=22|type=core.BlockHeader
TICK000000002438|NODE|node00|RECV|HEADER|from=node02|H=3
TICK000000002439|NET|DELIVER|from=node02|to=node01|tick=22|type=*core.Block
TICK000000002440|NET|DELIVER|from=node02|to=node02|tick=22|type=*core.Block
TICK000000002441|NET|DELIVER|from=node03|to=node01|tick=22|type=core.Vote
TICK000000002442|NET|DELIVER|from=node03|to=node02|tick=22|type=core.Vote
TICK000000002443|NODE|node00|RECV|HEADER|bad_parent|H=3
TICK000000002444|NODE|node01|RECV|HEADER|from=node03|H=4
TICK000000002445|NET|DELIVER|from=node02|to=node03|tick=22|type=*core.Block
TICK000000002446|NET|DELIVER|from=node03|to=node01|tick=22|type=*core.Block
TICK000000002447|NODE|node03|RECV|BLOCK|from=node02|H=3|txs=1
TICK000000002448|NODE|node02|RECV|VOTE|from=node03|H=3|phase=PREVOTE
TICK000000002449|NET|DELIVER|from=node03|to=node03|tick=22|type=*core.Block
TICK000000002450|NODE|node02|RECV|HEADER|from=node02|H=3
TICK000000002451|NET|SEND|from=node01|to=node00|deliver_tick=23|type=core.Vote
TICK000000002452|NODE|node02|RECV|HEADER|bad_parent|H=3
TICK000000002453|NODE|node02|RECV|BLOCK|from=node02|H=3|txs=1
TICK000000002454|NET|DELIVER|from=node03|to=node00|tick=22|type=core.BlockHeader
TICK000000002455|NET|SEND|from=node01|to=node01|deliver_tick=25|type=core.Vote
TICK000000002456|NET|SEND|from=node01|to=node02|deliver_tick=23|type=core.Vote
TICK000000002457|NET|SEND|from=node01|to=node03|deliver_tick=24|type=core.Vote
TICK000000002458|NODE|node01|SENT|PREVOTE|H=4
TICK000000002459|NODE|node01|RECV|BLOCK|from=node02|H=3|txs=1
TICK000000002460|NODE|node00|RECV|HEADER|from=node03|H=4
TICK000000002461|NODE|node03|RECV|BLOCK|bad_parent|H=3
TICK000000002462|NODE|node03|RECV|BLOCK|from=node03|H=4|txs=1
TICK000000002463|NODE|node01|RECV|BLOCK|bad_parent|H=3
TICK000000002464|NODE|node01|RECV|VOTE|from=node03|H=4|phase=PREVOTE
TICK000000002465|NET|DELIVER|from=node03|to=node03|tick=22|type=core.BlockHeader
TICK000000002466|NET|DELIVER|from=node01|to=node00|tick=22|type=core.Vote
TICK000000002467|NODE|node02|RECV|BLOCK|bad_parent|H=3
TICK000000002468|NODE|node02|RECV|VOTE|from=node03|H=4|phase=PREVOTE
TICK000000002469|NODE|node01|RECV|BLOCK|from=node03|H=4|txs=1
TICK000000002470|NET|SEND|from=node00|to=node00|deliver_tick=24|type=core.Vote
TICK000000002471|NET|SEND|from=node00|to=node01|deliver_tick=23|type=core.Vote
TICK000000002472|NET|DUP|from=node00|to=node01|tick=23
TICK000000002473|NET|SEND|from=node00|to=node02|deliver_tick=25|type=core.Vote
TICK000000002474|NET|SEND|from=node00|to=node03|deliver_tick=24|type=core.Vote
TICK000000002475|NODE|node00|SENT|PREVOTE|H=4
TICK000000002476|NODE|node00|RECV|VOTE|from=node01|H=4|phase=PREVOTE
TICK000000002477|NET|SEND|from=node01|to=node00|deliver_tick=24|type=core.Vote
TICK000000002478|NET|SEND|from=node01|to=node01|deliver_tick=23|type=core.Vote
TICK000000002479|NET|DELIVER|from=node02|to=node02|tick=22|type=core.Vote
TICK000000002480|NODE|node02|RECV|VOTE|from=node02|H=4|phase=PREVOTE
TICK000000002481|NET|SEND|from=node01|to=node02|deliver_tick=24|type=core.Vote
TICK000000002482|NET|SEND|from=node01|to=node03|deliver_tick=25|type=core.Vote
TICK000000002483|NODE|node01|SENT|PREVOTE|H=4
TICK000000002484|NET|SEND|from=node03|to=node00|deliver_tick=23|type=core.Vote
TICK000000002485|NET|SEND|from=node03|to=node01|deliver_tick=24|type=core.Vote
TICK000000002486|NET|SEND|from=node03|to=node02|deliver_tick=24|type=core.Vote
TICK000000002487|NET|SEND|from=node03|to=node03|deliver_tick=24|type=core.Vote
TICK000000002488|NET|DUP|from=node03|to=node03|tick=24
TICK000000002489|NODE|node03|SENT|PREVOTE|H=4
TICK000000002490|NET|DELIVER|from=node02|to=node03|tick=22|type=core.Vote
TICK000000002491|NET|DELIVER|from=node02|to=node00|tick=22|type=core.Vote
TICK000000002492|NET|DELIVER|from=node00|to=node02|tick=22|type=core.Vote
TICK000000002493|NODE|node03|RECV|HEADER|from=node03|H=4
TICK000000002494|NODE|node00|RECV|VOTE|from=node02|H=4|phase=PREVOTE
TICK000000002495|NET|SEND|from=node03|to=node00|deliver_tick=23|type=core.Vote
TICK000000002496|NODE|node02|RECV|VOTE|from=node00|H=4|phase=PREVOTE
TICK000000002497|NET|DELIVER|from=node00|to=node01|tick=22|type=core.Vote
TICK000000002498|NODE|node01|RECV|VOTE|from=node00|H=4|phase=PREVOTE
TICK000000002499|NET|SEND|from=node03|to=node01|deliver_tick=23|type=core.Vote
TICK000000002500|NET|SEND|from=node03|to=node02|deliver_tick=23|type=core.Vote
TICK000000002501|NET|SEND|from=node03|to=node03|deliver_tick=23|type=core.Vote
TICK000000002502|NODE|node03|SENT|PREVOTE|H=4
TICK000000002503|NET|DELIVER|from=node00|to=node02|tick=22|type=core.Vote
TICK000000002504|NET|SEND|from=node02|to=node00|deliver_tick=24|type=core.Vote
TICK000000002505|NODE|node03|RECV|VOTE|from=node02|H=4|phase=PREVOTE
TICK000000002506|NET|SEND|from=node02|to=node01|deliver_tick=24|type=core.Vote
TICK000000002507|NET|SEND|from=node02|to=node02|deliver_tick=24|type=core.Vote
TICK000000002508|NET|SEND|from=node02|to=node03|deliver_tick=25|type=core.Vote
TICK000000002509|NODE|node02|SENT|PRECOMMIT|H=4
TICK000000002510|NET|DELIVER|from=node00|to=node03|tick=22|type=core.Vote
TICK000000002511|NET|DELIVER|from=node03|to=node00|tick=22|type=*core.Block
TICK000000002512|NODE|node02|RECV|VOTE|from=node00|H=4|phase=PREVOTE
TICK000000002513|NODE|node03|RECV|VOTE|from=node00|H=4|phase=PREVOTE
TICK000000002514|NODE|node00|RECV|BLOCK|from=node03|H=4|txs=1
TICK000000002515|NET|SEND|from=node03|to=node00|deliver_tick=24|type=core.BlockHeader
TICK000000002516|NET|SEND|from=node03|to=node01|deliver_tick=23|type=core.BlockHeader
TICK000000002517|NET|SEND|from=node03|to=node02|deliver_tick=23|type=core.BlockHeader
TICK000000002518|NET|SEND|from=node03|to=node03|deliver_tick=23|type=core.BlockHeader
TICK000000002519|NODE|node03|PROPOSE|H=4
TICK000000002520|NET|SEND|from=node03|to=node03|deliver_tick=25|type=core.Vote
TICK000000002521|NET|SEND|from=node03|to=node00|deliver_tick=25|type=core.Vote
TICK000000002522|NET|SEND|from=node03|to=node01|deliver_tick=25|type=core.Vote
TICK000000002523|NET|SEND|from=node03|to=node02|deliver_tick=23|type=core.Vote
TICK000000002524|NODE|node03|SENT|PRECOMMIT|H=4
TICK000000002525|NET|SEND|from=node00|to=node01|deliver_tick=23|type=core.Vote
TICK000000002526|NET|SEND|from=node00|to=node02|deliver_tick=24|type=core.Vote
TICK000000002527|NET|SEND|from=node00|to=node03|deliver_tick=25|type=core.Vote
TICK000000002528|NET|SEND|from=node00|to=node00|deliver_tick=24|type=core.Vote
TICK000000002529|NODE|node00|SENT|PREVOTE|H=4
TICK000000002530|NET|SEND|from=node03|to=node03|deliver_tick=25|type=*core.Block
TICK000000002531|NET|SEND|from=node03|to=node00|deliver_tick=24|type=*core.Block
TICK000000002532|NET|SEND|from=node03|to=node01|deliver_tick=25|type=*core.Block
TICK000000002533|NET|SEND|from=node03|to=node02|deliver_tick=25|type=*core.Block
TICK000000002534|NET|DELIVER|from=node03|to=node03|tick=23|type=core.BlockHeader
TICK000000002535|NET|DELIVER|from=node03|to=node00|tick=23|type=core.Vote
TICK000000002536|NET|DELIVER|from=node02|to=node00|tick=23|type=*core.Block
TICK000000002537|NET|DELIVER|from=node02|to=node01|tick=23|type=*core.Block
TICK000000002538|NET|DELIVER|from=node03|to=node02|tick=23|type=*core.Block
TICK000000002539|NODE|node02|RECV|BLOCK|from=node03|H=4|txs=1
TICK000000002540|NODE|node03|RECV|HEADER|from=node03|H=4
TICK000000002541|NET|DELIVER|from=node03|to=node02|tick=23|type=*core.Block
TICK000000002542|NODE|node00|RECV|VOTE|from=node03|H=4|phase=PREVOTE
TICK000000002543|NODE|node01|RECV|BLOCK|from=node02|H=3|txs=1
TICK000000002544|NET|SEND|from=node02|to=node01|deliver_tick=25|type=core.Vote
TICK000000002545|NET|SEND|from=node02|to=node02|deliver_tick=25|type=core.Vote
TICK000000002546|NET|SEND|from=node02|to=node03|deliver_tick=24|type=core.Vote
TICK000000002547|NET|SEND|from=node02|to=node00|deliver_tick=25|type=core.Vote
TICK000000002548|NODE|node02|SENT|PREVOTE|H=4
TICK000000002549|NET|SEND|from=node03|to=node00|deliver_tick=25|type=core.Vote
TICK000000002550|NET|SEND|from=node03|to=node01|deliver_tick=25|type=core.Vote
TICK000000002551|NET|SEND|from=node03|to=node02|deliver_tick=26|type=core.Vote
TICK000000002552|NODE|node01|RECV|BLOCK|bad_parent|H=3
TICK000000002553|NODE|node02|RECV|BLOCK|from=node03|H=4|txs=1
TICK000000002554|NET|DELIVER|from=node03|to=node00|tick=23|type=*core.Block
TICK000000002555|NET|SEND|from=node03|to=node03|deliver_tick=24|type=core.Vote
TICK000000002556|NODE|node03|SENT|PREVOTE|H=4
TICK000000002557|NET|DROP|from=node00|to=node02|lat=2
TICK000000002558|NET|SEND|from=node00|to=node03|deliver_tick=24|type=core.Vote
TICK000000002559|NET|SEND|from=node00|to=node00|deliver_tick=25|type=core.Vote
TICK000000002560|NET|SEND|from=node00|to=node01|deliver_tick=26|type=core.Vote
TICK000000002561|NODE|node00|SENT|PRECOMMIT|H=4
TICK000000002562|NET|DELIVER|from=node03|to=node02|tick=23|type=core.BlockHeader
TICK000000002563|NET|DELIVER|from=node01|to=node02|tick=23|type=core.Vote
TICK000000002564|NODE|node00|RECV|BLOCK|from=node02|H=3|txs=1
TICK000000002565|NET|DELIVER|from=node01|to=node03|tick=23|type=core.Vote
TICK000000002566|NET|DELIVER|from=node01|to=node03|tick=23|type=core.Vote
TICK000000002567|NODE|node03|RECV|VOTE|from=node01|H=4|phase=PREVOTE
TICK000000002568|NET|DELIVER|from=node00|to=node03|tick=23|type=core.Vote
TICK000000002569|NET|DELIVER|from=node02|to=node00|tick=23|type=core.Vote
TICK000000002570|NET|SEND|from=node02|to=node01|deliver_tick=25|type=core.Vote
TICK000000002571|NODE|node03|RECV|VOTE|from=node01|H=4|phase=PREVOTE
TICK000000002572|NET|SEND|from=node02|to=node02|deliver_tick=25|type=core.Vote
TICK000000002573|NET|SEND|from=node02|to=node03|deliver_tick=24|type=core.Vote
TICK000000002574|NET|SEND|from=node02|to=node00|deliver_tick=25|type=core.Vote
TICK000000002575|NODE|node03|RECV|VOTE|from=node00|H=4|phase=PREVOTE
TICK000000002576|NODE|node00|RECV|BLOCK|bad_parent|H=3
TICK000000002577|NODE|node00|RECV|BLOCK|from=node03|H=4|txs=1
TICK000000002578|NODE|node02|SENT|PREVOTE|H=4
TICK000000002579|NODE|node02|RECV|HEADER|from=node03|H=4
TICK000000002580|NET|DELIVER|from=node03|to=node03|tick=23|type=*core.Block
TICK000000002581|NET|DELIVER|from=node01|to=node00|tick=23|type=core.Vote
TICK000000002582|NET|DELIVER|from=node01|to=node02|tick=23|type=core.Vote
TICK000000002583|NODE|node03|RECV|BLOCK|from=node03|H=4|txs=1
TICK000000002584|NET|SEND|from=node00|to=node00|deliver_tick=26|type=core.Vote
TICK000000002585|NET|SEND|from=node00|to=node01|deliver_tick=24|type=core.Vote
TICK000000002586|NET|SEND|from=node00|to=node02|deliver_tick=24|type=core.Vote
TICK000000002587|NET|SEND|from=node00|to=node03|deliver_tick=26|type=core.Vote
TICK000000002588|NODE|node00|SENT|PREVOTE|H=4
TICK000000002589|NODE|node00|RECV|VOTE|from=node02|H=4|phase=PREVOTE
TICK000000002590|NET|DELIVER|from=node00|to=node01|tick=23|type=core.Vote
TICK000000002591|NODE|node00|RECV|VOTE|from=node01|H=4|phase=PREVOTE
TICK000000002592|NODE|node01|RECV|VOTE|from=node00|H=4|phase=PREVOTE
TICK000000002593|NET|SEND|from=node02|to=node00|deliver_tick=25|type=core.Vote
TICK000000002594|NET|SEND|from=node02|to=node01|deliver_tick=24|type=core.Vote
TICK000000002595|NET|SEND|from=node02|to=node02|deliver_tick=24|type=core.Vote
TICK000000002596|NET|SEND|from=node02|to=node03|deliver_tick=26|type=core.Vote
TICK000000002597|NODE|node02|SENT|PREVOTE|H=4
TICK000000002598|NODE|node02|RECV|VOTE|from=node01|H=4|phase=PREVOTE
TICK000000002599|NET|DELIVER|from=node00|to=node01|tick=23|type=core.Vote
TICK000000002600|NODE|node01|RECV|VOTE|from=node00|H=4|phase=PREVOTE
TICK000000002601|NET|SEND|from=node03|to=node00|deliver_tick=24|type=core.Vote
TICK000000002602|NET|SEND|from=node03|to=node01|deliver_tick=25|type=core.Vote
TICK000000002603|NODE|node02|RECV|VOTE|from=node01|H=4|phase=PREVOTE
TICK000000002604|NET|SEND|from=node03|to=node02|deliver_tick=24|type=core.Vote
TICK000000002605|NET|SEND|from=node03|to=node03|deliver_tick=25|type=core.Vote
TICK000000002606|NODE|node03|SENT|PREVOTE|H=4
TICK000000002607|NET|DELIVER|from=node01|to=node01|tick=23|type=core.Vote
TICK000000002608|NET|DELIVER|from=node03|to=node00|tick=23|type=core.Vote
TICK000000002609|NET|DELIVER|from=node03|to=node00|tick=23|type=core.Vote
TICK000000002610|NET|DELIVER|from=node03|to=node01|tick=23|type=core.Vote
TICK000000002611|NODE|node01|RECV|VOTE|from=node01|H=4|phase=PREVOTE
TICK000000002612|NET|DELIVER|from=node03|to=node02|tick=23|type=core.Vote
TICK000000002613|NET|DELIVER|from=node03|to=node03|tick=23|type=core.Vote
TICK000000002614|NODE|node00|RECV|VOTE|from=node03|H=4|phase=PREVOTE
TICK000000002615|NODE|node02|RECV|VOTE|from=node03|H=4|phase=PREVOTE
TICK000000002616|NET|DELIVER|from=node03|to=node01|tick=23|type=core.BlockHeader
TICK000000002617|NET|DELIVER|from=node03|to=node02|tick=23|type=core.BlockHeader
TICK000000002618|NET|DELIVER|from=node03|to=node03|tick=23|type=core.BlockHeader
TICK000000002619|NET|DELIVER|from=node03|to=node02|tick=23|type=core.Vote
TICK000000002620|NET|DELIVER|from=node00|to=node01|tick=23|type=core.Vote
TICK000000002621|NODE|node03|RECV|VOTE|from=node03|H=4|phase=PREVOTE
TICK000000002622|NODE|node00|RECV|VOTE|from=node03|H=4|phase=PREVOTE
TICK000000002623|NODE|node02|RECV|HEADER|from=node03|H=4
TICK000000002624|NET|SEND|from=node03|to=node03|deliver_tick=25|type=core.BlockHeader
TICK000000002625|NET|SEND|from=node03|to=node00|deliver_tick=26|type=core.BlockHeader
TICK000000002626|NET|SEND|from=node03|to=node01|deliver_tick=25|type=core.BlockHeader
TICK000000002627|NET|SEND|from=node01|to=node00|deliver_tick=24|type=core.Vote
TICK000000002628|NET|SEND|from=node01|to=node01|deliver_tick=26|type=core.Vote
TICK000000002629|NET|SEND|from=node01|to=node02|deliver_tick=25|type=core.Vote
TICK000000002630|NET|SEND|from=node01|to=node03|deliver_tick=25|type=core.Vote
TICK000000002631|NODE|node01|SENT|PRECOMMIT|H=4
TICK000000002632|NODE|node01|RECV|VOTE|from=node03|H=4|phase=PREVOTE
TICK000000002633|NET|SEND|from=node03|to=node02|deliver_tick=25|type=core.BlockHeader
TICK000000002634|NODE|node03|PROPOSE|H=4
TICK000000002635|NODE|node03|RECV|HEADER|from=node03|H=4
TICK000000002636|NET|SEND|from=node02|to=node00|deliver_tick=24|type=core.Vote
TICK000000002637|NET|SEND|from=node02|to=node01|deliver_tick=24|type=core.Vote
TICK000000002638|NET|DUP|from=node02|to=node01|tick=24
TICK000000002639|NET|SEND|from=node02|to=node02|deliver_tick=26|type=core.Vote
TICK000000002640|NET|SEND|from=node02|to=node03|deliver_tick=25|type=core.Vote
TICK000000002641|NODE|node02|SENT|PREVOTE|H=4
TICK000000002642|NODE|node02|RECV|VOTE|from=node03|H=4|phase=PRECOMMIT
TICK000000002643|NODE|node01|RECV|HEADER|from=node03|H=4
TICK000000002644|NET|DROP|from=node03|to=node00|lat=2
TICK000000002645|NET|SEND|from=node03|to=node01|deliver_tick=25|type=core.Vote
TICK000000002646|NET|DUP|from=node03|to=node01|tick=25
TICK000000002647|NET|SEND|from=node03|to=node02|deliver_tick=24|type=core.Vote
TICK000000002648|NET|SEND|from=node03|to=node03|deliver_tick=26|type=core.Vote
TICK000000002649|NET|DUP|from=node03|to=node03|tick=26
TICK000000002650|NODE|node03|SENT|PREVOTE|H=4
TICK000000002651|NET|SEND|from=node01|to=node02|deliver_tick=26|type=core.Vote
TICK000000002652|NET|SEND|from=node01|to=node03|deliver_tick=26|type=core.Vote
TICK000000002653|NET|SEND|from=node01|to=node00|deliver_tick=24|type=core.Vote
TICK000000002654|NET|SEND|from=node01|to=node01|deliver_tick=26|type=core.Vote
TICK000000002655|NODE|node01|SENT|PREVOTE|H=4
TICK000000002656|NODE|node01|RECV|VOTE|from=node00|H=4|phase=PREVOTE
TICK000000002657|NET|SEND|from=node03|to=node00|deliver_tick=25|type=*core.Block
TICK000000002658|NET|SEND|from=node03|to=node01|deliver_tick=24|type=*core.Block
TICK000000002659|NET|SEND|from=node03|to=node02|deliver_tick=24|type=*core.Block
TICK000000002660|NET|DUP|from=node03|to=node02|tick=24
TICK000000002661|NET|SEND|from=node03|to=node03|deliver_tick=25|type=*core.Block
TICK000000002662|NET|DELIVER|from=node03|to=node01|tick=24|type=core.BlockHeader
TICK000000002663|NODE|node01|RECV|HEADER|from=node03|H=4
TICK000000002664|NET|DELIVER|from=node01|to=node01|tick=24|type=core.Vote
TICK000000002665|NET|DELIVER|from=node02|to=node01|tick=24|type=core.Vote
TICK000000002666|NET|DELIVER|from=node00|to=node00|tick=24|type=core.Vote
TICK000000002667|NET|DELIVER|from=node02|to=node03|tick=24|type=core.Vote
TICK000000002668|NET|DELIVER|from=node00|to=node00|tick=24|type=core.Vote
TICK000000002669|NET|DELIVER|from=node00|to=node01|tick=24|type=core.Vote
TICK000000002670|NODE|node00|RECV|VOTE|from=node00|H=4|phase=PREVOTE
TICK000000002671|NODE|node03|RECV|VOTE|from=node02|H=4|phase=PREVOTE
TICK000000002672|NET|DELIVER|from=node03|to=node02|tick=24|type=*core.Block
TICK000000002673|NODE|node02|RECV|BLOCK|from=node03|H=4|txs=1
TICK000000002674|NET|SEND|from=node01|to=node00|deliver_tick=26|type=core.Vote
TICK000000002675|NET|SEND|from=node01|to=node01|deliver_tick=25|type=core.Vote
TICK000000002676|NET|SEND|from=node01|to=node02|deliver_tick=26|type=core.Vote
TICK000000002677|NODE|node00|RECV|VOTE|from=node00|H=4|phase=PREVOTE
TICK000000002678|NET|SEND|from=node01|to=node03|deliver_tick=27|type=core.Vote
TICK000000002679|NODE|node01|SENT|PREVOTE|H=4
TICK000000002680|NET|DELIVER|from=node03|to=node01|tick=24|type=*core.Block
TICK000000002681|NODE|node01|RECV|VOTE|from=node01|H=4|phase=PREVOTE
TICK000000002682|NET|SEND|from=node02|to=node00|deliver_tick=25|type=core.Vote
TICK000000002683|NET|SEND|from=node02|to=node01|deliver_tick=26|type=core.Vote
TICK000000002684|NET|SEND|from=node02|to=node02|deliver_tick=26|type=core.Vote
TICK000000002685|NET|SEND|from=node02|to=node03|deliver_tick=27|type=core.Vote
TICK000000002686|NODE|node02|SENT|PREVOTE|H=4
TICK000000002687|NET|DELIVER|from=node01|to=node03|tick=24|type=core.Vote
TICK000000002688|NET|DELIVER|from=node00|to=node00|tick=24|type=core.Vote
TICK000000002689|NET|DELIVER|from=node00|to=node03|tick=24|type=core.Vote
TICK000000002690|NET|DELIVER|from=node01|to=node00|tick=24|type=core.Vote
TICK000000002691|NET|DELIVER|from=node01|to=node02|tick=24|type=core.Vote
TICK000000002692|NET|DELIVER|from=node03|to=node01|tick=24|type=core.Vote
TICK000000002693|NODE|node01|RECV|VOTE|from=node02|H=4|phase=PREVOTE
TICK000000002694|NODE|node03|RECV|VOTE|from=node01|H=4|phase=PREVOTE
TICK000000002695|NET|DELIVER|from=node03|to=node02|tick=24|type=core.Vote
TICK000000002696|NET|DELIVER|from=node03|to=node03|tick=24|type=core.Vote
TICK000000002697|NET|DELIVER|from=node03|to=node03|tick=24|type=core.Vote
TICK000000002698|NET|DELIVER|from=node02|to=node00|tick=24|type=core.Vote
TICK000000002699|NET|DELIVER|from=node02|to=node01|tick=24|type=core.Vote
TICK000000002700|NET|DELIVER|from=node02|to=node02|tick=24|type=core.Vote
TICK000000002701|NET|DELIVER|from=node03|to=node00|tick=24|type=core.BlockHeader
TICK000000002702|NET|DELIVER|from=node00|to=node02|tick=24|type=core.Vote
TICK000000002703|NET|DELIVER|from=node00|to=node00|tick=24|type=core.Vote
TICK000000002704|NODE|node03|RECV|VOTE|from=node00|H=4|phase=PREVOTE
TICK000000002705|NODE|node00|RECV|VOTE|from=node00|H=4|phase=PREVOTE
TICK000000002706|NODE|node02|RECV|VOTE|from=node01|H=4|phase=PREVOTE
TICK000000002707|NODE|node03|RECV|VOTE|from=node03|H=4|phase=PREVOTE
TICK000000002708|NODE|node01|RECV|VOTE|from=node00|H=4|phase=PREVOTE
TICK000000002709|NODE|node00|RECV|VOTE|from=node01|H=4|phase=PREVOTE
TICK000000002710|NET|DELIVER|from=node03|to=node00|tick=24|type=*core.Block
TICK000000002711|NET|DELIVER|from=node02|to=node03|tick=24|type=core.Vote
TICK000000002712|NET|DELIVER|from=node03|to=node03|tick=24|type=core.Vote
TICK000000002713|NET|DELIVER|from=node00|to=node03|tick=24|type=core.Vote
TICK000000002714|NET|DELIVER|from=node02|to=node03|tick=24|type=core.Vote
TICK000000002715|NET|DELIVER|from=node00|to=node01|tick=24|type=core.Vote
TICK000000002716|NET|DELIVER|from=node00|to=node02|tick=24|type=core.Vote
TICK000000002717|NODE|node01|RECV|BLOCK|from=node03|H=4|txs=1
TICK000000002718|NODE|node03|RECV|VOTE|from=node03|H=4|phase=PREVOTE
TICK000000002719|NET|DELIVER|from=node02|to=node01|tick=24|type=core.Vote
TICK000000002720|NET|DELIVER|from=node02|to=node02|tick=24|type=core.Vote
TICK000000002721|NET|DELIVER|from=node03|to=node00|tick=24|type=core.Vote
TICK000000002722|NET|DELIVER|from=node03|to=node02|tick=24|type=core.Vote
TICK000000002723|NET|DELIVER|from=node01|to=node00|tick=24|type=core.Vote
TICK000000002724|NET|DELIVER|from=node02|to=node00|tick=24|type=core.Vote
TICK000000002725|NET|DELIVER|from=node02|to=node01|tick=24|type=core.Vote
TICK000000002726|NET|DELIVER|from=node02|to=node01|tick=24|type=core.Vote
TICK000000002727|NODE|node00|RECV|VOTE|from=node02|H=4|phase=PRECOMMIT
TICK000000002728|NODE|node02|RECV|VOTE|from=node03|H=4|phase=PREVOTE
TICK000000002729|NODE|node03|RECV|VOTE|from=node02|H=4|phase=PREVOTE
TICK000000002730|NET|DELIVER|from=node03|to=node02|tick=24|type=core.Vote
TICK000000002731|NET|SEND|from=node01|to=node00|deliver_tick=27|type=core.Vote
TICK000000002732|NET|SEND|from=node01|to=node01|deliver_tick=25|type=core.Vote
TICK000000002733|NET|DUP|from=node01|to=node01|tick=25
TICK000000002734|NET|SEND|from=node01|to=node02|deliver_tick=26|type=core.Vote
TICK000000002735|NET|SEND|from=node01|to=node03|deliver_tick=26|type=core.Vote
TICK000000002736|NODE|node01|SENT|PREVOTE|H=4
TICK000000002737|NODE|node00|RECV|HEADER|from=node03|H=4
TICK000000002738|NODE|node02|RECV|VOTE|from=node02|H=4|phase=PRECOMMIT
TICK000000002739|NODE|node03|RECV|VOTE|from=node03|H=4|phase=PREVOTE
TICK000000002740|NODE|node01|RECV|VOTE|from=node03|H=4|phase=PREVOTE
TICK000000002741|NODE|node02|RECV|VOTE|from=node00|H=4|phase=PREVOTE
TICK000000002742|NODE|node03|RECV|VOTE|from=node00|H=4|phase=PRECOMMIT
TICK000000002743|NET|DELIVER|from=node01|to=node00|tick=24|type=core.Vote
TICK000000002744|NET|SEND|from=node00|to=node03|deliver_tick=27|type=core.Vote
TICK000000002745|NET|SEND|from=node00|to=node00|deliver_tick=27|type=core.Vote
TICK000000002746|NODE|node03|RECV|VOTE|from=node02|H=4|phase=PREVOTE
TICK000000002747|NET|DUP|from=node00|to=node00|tick=27
TICK000000002748|NET|SEND|from=node00|to=node01|deliver_tick=26|type=core.Vote
TICK000000002749|NET|SEND|from=node00|to=node02|deliver_tick=27|type=core.Vote
TICK000000002750|NODE|node02|RECV|VOTE|from=node00|H=4|phase=PREVOTE
TICK000000002751|NODE|node01|RECV|VOTE|from=node02|H=4|phase=PRECOMMIT
TICK000000002752|NODE|node00|SENT|PREVOTE|H=4
TICK000000002753|NODE|node02|RECV|VOTE|from=node02|H=4|phase=PREVOTE
TICK000000002754|NODE|node01|RECV|VOTE|from=node00|H=4|phase=PREVOTE
TICK000000002755|NODE|node00|RECV|VOTE|from=node00|H=4|phase=PREVOTE
TICK000000002756|NODE|node01|RECV|VOTE|from=node02|H=4|phase=PREVOTE
TICK000000002757|NET|DELIVER|from=node03|to=node01|tick=24|type=*core.Block
TICK000000002758|NET|DELIVER|from=node03|to=node02|tick=24|type=*core.Block
TICK000000002759|NODE|node01|RECV|VOTE|from=node02|H=4|phase=PREVOTE
TICK000000002760|NODE|node02|RECV|VOTE|from=node03|H=4|phase=PREVOTE
TICK000000002761|NODE|node00|RECV|BLOCK|from=node03|H=4|txs=1
TICK000000002762|NODE|node01|RECV|VOTE|from=node02|H=4|phase=PREVOTE
TICK000000002763|NET|DELIVER|from=node03|to=node02|tick=24|type=*core.Block
TICK000000002764|NODE|node02|RECV|VOTE|from=node03|H=4|phase=PREVOTE
TICK000000002765|NODE|node01|RECV|BLOCK|from=node03|H=4|txs=1
TICK000000002766|NET|SEND|from=node03|to=node00|deliver_tick=25|type=core.BlockHeader
TICK000000002767|NODE|node02|RECV|BLOCK|from=node03|H=4|txs=1
TICK000000002768|NET|SEND|from=node03|to=node01|deliver_tick=26|type=core.BlockHeader
TICK000000002769|NET|SEND|from=node03|to=node02|deliver_tick=25|type=core.BlockHeader
TICK000000002770|NET|SEND|from=node03|to=node03|deliver_tick=27|type=core.BlockHeader
TICK000000002771|NODE|node03|PROPOSE|H=4
TICK000000002772|NET|SEND|from=node00|to=node01|deliver_tick=27|type=core.Vote
TICK000000002773|NET|SEND|from=node00|to=node02|deliver_tick=27|type=core.Vote
TICK000000002774|NET|DUP|from=node00|to=node02|tick=27
TICK000000002775|NET|SEND|from=node00|to=node03|deliver_tick=27|type=core.Vote
TICK000000002776|NET|SEND|from=node00|to=node00|deliver_tick=26|type=core.Vote
TICK000000002777|NODE|node00|SENT|PREVOTE|H=4
TICK000000002778|NODE|node00|RECV|VOTE|from=node03|H=4|phase=PREVOTE
TICK000000002779|NET|SEND|from=node01|to=node02|deliver_tick=26|type=core.Vote
TICK000000002780|NET|SEND|from=node01|to=node03|deliver_tick=25|type=core.Vote
TICK000000002781|NET|SEND|from=node01|to=node00|deliver_tick=25|type=core.Vote
TICK000000002782|NET|SEND|from=node01|to=node01|deliver_tick=27|type=core.Vote
TICK000000002783|NODE|node01|SENT|PREVOTE|H=4
TICK000000002784|NODE|node00|RECV|VOTE|from=node01|H=4|phase=PRECOMMIT
TICK000000002785|NET|SEND|from=node02|to=node00|deliver_tick=25|type=core.Vote
TICK000000002786|NET|DROP|from=node02|to=node01|lat=3
TICK000000002787|NET|SEND|from=node02|to=node02|deliver_tick=25|type=core.Vote
TICK000000002788|NET|SEND|from=node02|to=node03|deliver_tick=26|type=core.Vote
TICK000000002789|NODE|node02|SENT|PREVOTE|H=4
TICK000000002790|NODE|node02|RECV|BLOCK|from=node03|H=4|txs=1
TICK000000002791|NODE|node00|RECV|VOTE|from=node02|H=4|phase=PREVOTE
TICK000000002792|NODE|node00|RECV|VOTE|from=node01|H=4|phase=PREVOTE
TICK000000002793|NET|SEND|from=node02|to=node00|deliver_tick=27|type=core.Vote
TICK000000002794|NET|SEND|from=node02|to=node01|deliver_tick=25|type=core.Vote
TICK000000002795|NET|SEND|from=node02|to=node02|deliver_tick=25|type=core.Vote
TICK000000002796|NET|SEND|from=node02|to=node03|deliver_tick=26|type=core.Vote
TICK000000002797|NODE|node02|SENT|PREVOTE|H=4
TICK000000002798|NET|SEND|from=node03|to=node00|deliver_tick=25|type=*core.Block
TICK000000002799|NET|SEND|from=node03|to=node01|deliver_tick=27|type=*core.Block
TICK000000002800|NET|SEND|from=node03|to=node02|deliver_tick=26|type=*core.Block
TICK000000002801|NET|SEND|from=node03|to=node03|deliver_tick=25|type=*core.Block
TICK000000002802|NET|DELIVER|from=node01|to=node01|tick=25|type=core.Vote
TICK000000002803|NET|DELIVER|from=node00|to=node02|tick=25|type=core.Vote
TICK000000002804|NODE|node02|RECV|VOTE|from=node00|H=4|phase=PREVOTE
TICK000000002805|NODE|node01|RECV|VOTE|from=node01|H=4|phase=PREVOTE
TICK000000002806|NET|DELIVER|from=node01|to=node03|tick=25|type=core.Vote
TICK000000002807|NET|DELIVER|from=node02|to=node03|tick=25|type=core.Vote
TICK000000002808|NET|DELIVER|from=node03|to=node03|tick=25|type=core.Vote
TICK000000002809|NET|DELIVER|from=node03|to=node00|tick=25|type=core.Vote
TICK000000002810|NET|DELIVER|from=node03|to=node01|tick=25|type=core.Vote
TICK000000002811|NET|DELIVER|from=node00|to=node03|tick=25|type=core.Vote
TICK000000002812|NET|DELIVER|from=node03|to=node03|tick=25|type=*core.Block
TICK000000002813|NET|DELIVER|from=node03|to=node01|tick=25|type=*core.Block
TICK000000002814|NODE|node00|RECV|VOTE|from=node03|H=4|phase=PRECOMMIT
TICK000000002815|NODE|node03|RECV|VOTE|from=node01|H=4|phase=PREVOTE
TICK000000002816|NODE|node01|RECV|VOTE|from=node03|H=4|phase=PRECOMMIT
TICK000000002817|NET|DELIVER|from=node03|to=node02|tick=25|type=*core.Block
TICK000000002818|NET|DELIVER|from=node02|to=node01|tick=25|type=core.Vote
TICK000000002819|NET|DELIVER|from=node02|to=node02|tick=25|type=core.Vote
TICK000000002820|NET|DELIVER|from=node02|to=node00|tick=25|type=core.Vote
TICK000000002821|NODE|node01|RECV|BLOCK|from=node03|H=4|txs=1
TICK000000002822|NODE|node00|FINALIZED|H=4
TICK000000002823|NODE|node00|RECV|VOTE|from=node02|H=4|phase=PREVOTE
TICK000000002824|NET|DELIVER|from=node03|to=node00|tick=25|type=core.Vote
TICK000000002825|NET|DELIVER|from=node03|to=node01|tick=25|type=core.Vote
TICK000000002826|NODE|node02|RECV|BLOCK|from=node03|H=4|txs=1
TICK000000002827|NET|DELIVER|from=node00|to=node00|tick=25|type=core.Vote
TICK000000002828|NODE|node00|RECV|VOTE|from=node03|H=4|phase=PREVOTE
TICK000000002829|NET|DELIVER|from=node02|to=node01|tick=25|type=core.Vote
TICK000000002830|NET|DELIVER|from=node02|to=node02|tick=25|type=core.Vote
TICK000000002831|NET|DELIVER|from=node02|to=node00|tick=25|type=core.Vote
TICK000000002832|NET|DELIVER|from=node02|to=node00|tick=25|type=core.Vote
TICK000000002833|NET|DELIVER|from=node03|to=node01|tick=25|type=core.Vote
TICK000000002834|NET|DELIVER|from=node03|to=node03|tick=25|type=core.Vote
TICK000000002835|NODE|node03|RECV|VOTE|from=node02|H=4|phase=PRECOMMIT
TICK000000002836|NODE|node00|RECV|VOTE|from=node00|H=4|phase=PRECOMMIT
TICK000000002837|NET|SEND|from=node01|to=node01|deliver_tick=26|type=core.Vote
TICK000000002838|NET|SEND|from=node01|to=node02|deliver_tick=28|type=core.Vote
TICK000000002839|NET|SEND|from=node01|to=node03|deliver_tick=26|type=core.Vote
TICK000000002840|NODE|node00|RECV|VOTE|from=node02|H=4|phase=PREVOTE
TICK000000002841|NODE|node03|RECV|VOTE|from=node03|H=4|phase=PRECOMMIT
TICK000000002842|NET|DELIVER|from=node03|to=node03|tick=25|type=core.BlockHeader
TICK000000002843|NODE|node00|RECV|VOTE|from=node02|H=4|phase=PREVOTE
TICK000000002844|NET|SEND|from=node01|to=node00|deliver_tick=26|type=core.Vote
TICK000000002845|NODE|node01|SENT|PREVOTE|H=4
TICK000000002846|NODE|node03|FINALIZED|H=4
TICK000000002847|NODE|node01|RECV|VOTE|from=node02|H=4|phase=PREVOTE
TICK000000002848|NET|SEND|from=node02|to=node00|deliver_tick=27|type=core.Vote
TICK000000002849|NET|SEND|from=node02|to=node01|deliver_tick=28|type=core.Vote
TICK000000002850|NODE|node03|RECV|VOTE|from=node00|H=4|phase=PREVOTE
TICK000000002851|NODE|node01|RECV|VOTE|from=node03|H=4|phase=PREVOTE
TICK000000002852|NET|SEND|from=node02|to=node02|deliver_tick=27|type=core.Vote
TICK000000002853|NET|SEND|from=node02|to=node03|deliver_tick=27|type=core.Vote
TICK000000002854|NODE|node02|SENT|PREVOTE|H=4
TICK000000002855|NODE|node03|RECV|BLOCK|from=node03|H=4|txs=1
TICK000000002856|NODE|node01|RECV|VOTE|from=node02|H=4|phase=PREVOTE
TICK000000002857|NODE|node02|RECV|VOTE|from=node02|H=4|phase=PREVOTE
TICK000000002858|NET|DELIVER|from=node03|to=node01|tick=25|type=core.BlockHeader
TICK000000002859|NET|DELIVER|from=node01|to=node02|tick=25|type=core.Vote
TICK000000002860|NET|DELIVER|from=node01|to=node03|tick=25|type=core.Vote
TICK000000002861|NODE|node03|RECV|BLOCK|bad_parent|H=4
TICK000000002862|NODE|node03|RECV|VOTE|from=node03|H=4|phase=PREVOTE
TICK000000002863|NODE|node01|RECV|VOTE|from=node03|H=4|phase=PREVOTE
TICK000000002864|NODE|node02|RECV|VOTE|from=node02|H=4|phase=PREVOTE
TICK000000002865|NET|DELIVER|from=node03|to=node02|tick=25|type=core.BlockHeader
TICK000000002866|NET|DELIVER|from=node02|to=node03|tick=25|type=core.Vote
TICK000000002867|NET|DELIVER|from=node03|to=node01|tick=25|type=core.Vote
TICK000000002868|NET|DELIVER|from=node03|to=node01|tick=25|type=core.Vote
TICK000000002869|NET|DELIVER|from=node03|to=node00|tick=25|type=*core.Block
TICK000000002870|NET|DELIVER|from=node03|to=node03|tick=25|type=*core.Block
TICK000000002871|NODE|node01|RECV|HEADER|from=node03|H=4
TICK000000002872|NODE|node03|RECV|HEADER|from=node03|H=4
TICK000000002873|NODE|node02|RECV|VOTE|from=node01|H=4|phase=PRECOMMIT
TICK000000002874|NET|DELIVER|from=node01|to=node01|tick=25|type=core.Vote
TICK000000002875|NET|SEND|from=node01|to=node00|deliver_tick=28|type=core.Vote
TICK000000002876|NET|SEND|from=node01|to=node01|deliver_tick=26|type=core.Vote
TICK000000002877|NET|DROP|from=node01|to=node02|lat=1
TICK000000002878|NET|SEND|from=node01|to=node03|deliver_tick=28|type=core.Vote
TICK000000002879|NODE|node01|SENT|PREVOTE|H=4
TICK000000002880|NODE|node01|RECV|VOTE|from=node03|H=4|phase=PREVOTE
TICK000000002881|NODE|node00|RECV|BLOCK|from=node03|H=4|txs=1
TICK000000002882|NET|DELIVER|from=node02|to=node00|tick=25|type=core.Vote
TICK000000002883|NODE|node00|RECV|BLOCK|bad_parent|H=4
TICK000000002884|NODE|node00|RECV|VOTE|from=node02|H=4|phase=PREVOTE
TICK000000002885|NET|DELIVER|from=node01|to=node01|tick=25|type=core.Vote
TICK000000002886|NET|DELIVER|from=node01|to=node01|tick=25|type=core.Vote
TICK000000002887|NET|DELIVER|from=node03|to=node00|tick=25|type=core.BlockHeader
TICK000000002888|NET|DELIVER|from=node03|to=node02|tick=25|type=core.BlockHeader
TICK000000002889|NET|DELIVER|from=node01|to=node03|tick=25|type=core.Vote
TICK000000002890|NET|DELIVER|from=node01|to=node00|tick=25|type=core.Vote
TICK000000002891|NET|DELIVER|from=node02|to=node00|tick=25|type=core.Vote
TICK000000002892|NET|DELIVER|from=node02|to=node02|tick=25|type=core.Vote
TICK000000002893|NET|DELIVER|from=node02|to=node01|tick=25|type=core.Vote
TICK000000002894|NET|DELIVER|from=node02|to=node02|tick=25|type=core.Vote
TICK000000002895|NET|DELIVER|from=node03|to=node00|tick=25|type=*core.Block
TICK000000002896|NET|DELIVER|from=node03|to=node03|tick=25|type=*core.Block
TICK000000002897|NODE|node00|RECV|HEADER|from=node03|H=4
TICK000000002898|NODE|node02|FINALIZED|H=4
TICK000000002899|NODE|node02|RECV|HEADER|from=node03|H=4
TICK000000002900|NET|SEND|from=node00|to=node02|deliver_tick=27|type=core.BlockHeader
TICK000000002901|NET|SEND|from=node00|to=node03|deliver_tick=27|type=core.BlockHeader
TICK000000002902|NET|SEND|from=node00|to=node00|deliver_tick=27|type=core.BlockHeader
TICK000000002903|NET|SEND|from=node00|to=node01|deliver_tick=26|type=core.BlockHeader
TICK000000002904|NODE|node00|PROPOSE|H=5
TICK000000002905|NODE|node00|RECV|HEADER|bad_parent|H=4
TICK000000002906|NODE|node00|RECV|VOTE|from=node01|H=4|phase=PREVOTE
TICK000000002907|NODE|node02|RECV|HEADER|bad_parent|H=4
TICK000000002908|NODE|node02|RECV|HEADER|from=node03|H=4
TICK000000002909|NODE|node01|RECV|VOTE|from=node03|H=4|phase=PREVOTE
TICK000000002910|NODE|node03|RECV|HEADER|bad_parent|H=4
TICK000000002911|NODE|node02|RECV|HEADER|bad_parent|H=4
TICK000000002912|NODE|node02|RECV|VOTE|from=node02|H=4|phase=PREVOTE
TICK000000002913|NODE|node03|RECV|VOTE|from=node01|H=4|phase=PRECOMMIT
TICK000000002914|NODE|node00|RECV|VOTE|from=node02|H=4|phase=PREVOTE
TICK000000002915|NODE|node02|RECV|VOTE|from=node02|H=4|phase=PREVOTE
TICK000000002916|NODE|node01|RECV|VOTE|from=node01|H=4|phase=PREVOTE
TICK000000002917|NODE|node03|RECV|VOTE|from=node02|H=4|phase=PREVOTE
TICK000000002918|NODE|node00|RECV|BLOCK|from=node03|H=4|txs=1
TICK000000002919|NODE|node01|RECV|VOTE|from=node01|H=4|phase=PREVOTE
TICK000000002920|NODE|node03|RECV|BLOCK|from=node03|H=4|txs=1
TICK000000002921|NODE|node00|RECV|BLOCK|bad_parent|H=4
TICK000000002922|NODE|node01|RECV|VOTE|from=node01|H=4|phase=PREVOTE
TICK000000002923|NODE|node03|RECV|BLOCK|bad_parent|H=4
TICK000000002924|NODE|node03|RECV|VOTE|from=node01|H=4|phase=PREVOTE
TICK000000002925|NODE|node01|RECV|VOTE|from=node02|H=4|phase=PREVOTE
TICK000000002926|NODE|node03|RECV|BLOCK|from=node03|H=4|txs=1
TICK000000002927|NODE|node03|RECV|BLOCK|bad_parent|H=4
TICK000000002928|NET|SEND|from=node03|to=node03|deliver_tick=28|type=*core.Block
TICK000000002929|NET|SEND|from=node03|to=node00|deliver_tick=27|type=*core.Block
TICK000000002930|NET|SEND|from=node03|to=node01|deliver_tick=26|type=*core.Block
TICK000000002931|NET|SEND|from=node03|to=node02|deliver_tick=28|type=*core.Block
TICK000000002932|NET|DELIVER|from=node03|to=node02|tick=26|type=core.Vote
TICK000000002933|NET|DELIVER|from=node00|to=node01|tick=26|type=core.Vote
TICK000000002934|NET|DELIVER|from=node00|to=node00|tick=26|type=core.Vote
TICK000000002935|NET|DELIVER|from=node00|to=node03|tick=26|type=core.Vote
TICK000000002936|NET|DELIVER|from=node02|to=node03|tick=26|type=core.Vote
TICK000000002937|NET|DELIVER|from=node03|to=node00|tick=26|type=core.BlockHeader
TICK000000002938|NET|DELIVER|from=node01|to=node01|tick=26|type=core.Vote
TICK000000002939|NET|DELIVER|from=node02|to=node02|tick=26|type=core.Vote
TICK000000002940|NET|DELIVER|from=node03|to=node03|tick=26|type=core.Vote
TICK000000002941|NET|DELIVER|from=node03|to=node03|tick=26|type=core.Vote
TICK000000002942|NET|DELIVER|from=node01|to=node02|tick=26|type=core.Vote
TICK000000002943|NET|DELIVER|from=node01|to=node03|tick=26|type=core.Vote
TICK000000002944|NET|DELIVER|from=node01|to=node01|tick=26|type=core.Vote
TICK000000002945|NET|DELIVER|from=node01|to=node00|tick=26|type=core.Vote
TICK000000002946|NET|DELIVER|from=node01|to=node02|tick=26|type=core.Vote
TICK000000002947|NET|DELIVER|from=node02|to=node01|tick=26|type=core.Vote
TICK000000002948|NET|DELIVER|from=node02|to=node02|tick=26|type=core.Vote
TICK000000002949|NET|DELIVER|from=node01|to=node02|tick=26|type=core.Vote
TICK000000002950|NET|DELIVER|from=node01|to=node03|tick=26|type=core.Vote
TICK000000002951|NET|DELIVER|from=node00|to=node01|tick=26|type=core.Vote
TICK000000002952|NET|DELIVER|from=node03|to=node01|tick=26|type=core.BlockHeader
TICK000000002953|NET|DELIVER|from=node00|to=node00|tick=26|type=core.Vote
TICK000000002954|NET|DELIVER|from=node01|to=node02|tick=26|type=core.Vote
TICK000000002955|NET|DELIVER|from=node02|to=node03|tick=26|type=core.Vote
TICK000000002956|NET|DELIVER|from=node02|to=node03|tick=26|type=core.Vote
TICK000000002957|NET|DELIVER|from=node03|to=node02|tick=26|type=*core.Block
TICK000000002958|NET|DELIVER|from=node01|to=node01|tick=26|type=core.Vote
TICK000000002959|NET|DELIVER|from=node01|to=node03|tick=26|type=core.Vote
TICK000000002960|NODE|node02|RECV|VOTE|from=node03|H=4|phase=PREVOTE
TICK000000002961|NODE|node01|RECV|VOTE|from=node00|H=4|phase=PRECOMMIT
TICK000000002962|NODE|node02|RECV|VOTE|from=node02|H=4|phase=PREVOTE
TICK000000002963|NODE|node01|FINALIZED|H=4
TICK000000002964|NODE|node01|RECV|VOTE|from=node01|H=4|phase=PRECOMMIT
TICK000000002965|NODE|node00|RECV|VOTE|from=node00|H=4|phase=PREVOTE
TICK000000002966|NODE|node01|RECV|VOTE|from=node01|H=4|phase=PREVOTE
TICK000000002967|NODE|node00|RECV|HEADER|from=node03|H=4
TICK000000002968|NODE|node03|RECV|VOTE|from=node00|H=4|phase=PREVOTE
TICK000000002969|NODE|node01|RECV|VOTE|from=node02|H=4|phase=PREVOTE
TICK000000002970|NODE|node02|RECV|VOTE|from=node01|H=4|phase=PREVOTE
TICK000000002971|NODE|node00|RECV|HEADER|bad_parent|H=4
TICK000000002972|NODE|node00|RECV|VOTE|from=node01|H=4|phase=PREVOTE
TICK000000002973|NET|DELIVER|from=node01|to=node00|tick=26|type=core.Vote
TICK000000002974|NODE|node01|RECV|VOTE|from=node00|H=4|phase=PREVOTE
TICK000000002975|NODE|node02|RECV|VOTE|from=node01|H=4|phase=PREVOTE
TICK000000002976|NET|DELIVER|from=node01|to=node01|tick=26|type=core.Vote
TICK000000002977|NET|DELIVER|from=node00|to=node01|tick=26|type=core.BlockHeader
TICK000000002978|NET|DELIVER|from=node03|to=node01|tick=26|type=*core.Block
TICK000000002979|NODE|node03|RECV|VOTE|from=node02|H=4|phase=PREVOTE
TICK000000002980|NODE|node02|RECV|VOTE|from=node02|H=4|phase=PREVOTE
TICK000000002981|NODE|node01|RECV|HEADER|from=node03|H=4
TICK000000002982|NODE|node00|RECV|VOTE|from=node00|H=4|phase=PREVOTE
TICK000000002983|NET|SEND|from=node00|to=node00|deliver_tick=28|type=core.BlockHeader
TICK000000002984|NET|SEND|from=node00|to=node01|deliver_tick=27|type=core.BlockHeader
TICK000000002985|NET|SEND|from=node00|to=node02|deliver_tick=28|type=core.BlockHeader
TICK000000002986|NET|SEND|from=node00|to=node03|deliver_tick=27|type=core.BlockHeader
TICK000000002987|NODE|node03|RECV|VOTE|from=node03|H=4|phase=PREVOTE
TICK000000002988|NODE|node02|RECV|VOTE|from=node01|H=4|phase=PREVOTE
TICK000000002989|NODE|node01|RECV|HEADER|bad_parent|H=4
TICK000000002990|NODE|node01|RECV|VOTE|from=node01|H=4|phase=PREVOTE
TICK000000002991|NODE|node02|RECV|VOTE|from=node01|H=4|phase=PREVOTE
TICK000000002992|NODE|node00|PROPOSE|H=5
TICK000000002993|NODE|node00|RECV|VOTE|from=node01|H=4|phase=PREVOTE
TICK000000002994|NODE|node03|RECV|VOTE|from=node03|H=4|phase=PREVOTE
TICK000000002995|NODE|node01|RECV|VOTE|from=node01|H=4|phase=PREVOTE
TICK000000002996|NODE|node02|RECV|BLOCK|from=node03|H=4|txs=1
TICK000000002997|NODE|node03|RECV|VOTE|from=node01|H=4|phase=PREVOTE
TICK000000002998|NODE|node02|RECV|BLOCK|bad_parent|H=4
TICK000000002999|NODE|node01|RECV|HEADER|from=node00|H=5
TICK000000003000|NODE|node03|RECV|VOTE|from=node01|H=4|phase=PREVOTE
TICK000000003001|NET|SEND|from=node01|to=node03|deliver_tick=29|type=core.Vote
TICK000000003002|NET|DROP|from=node01|to=node00|lat=3
TICK000000003003|NET|SEND|from=node01|to=node01|deliver_tick=29|type=core.Vote
TICK000000003004|NET|SEND|from=node01|to=node02|deliver_tick=27|type=core.Vote
TICK000000003005|NODE|node01|SENT|PREVOTE|H=5
TICK000000003006|NODE|node01|RECV|BLOCK|from=node03|H=4|txs=1
TICK000000003007|NODE|node03|RECV|VOTE|from=node02|H=4|phase=PREVOTE
TICK000000003008|NODE|node01|RECV|BLOCK|bad_parent|H=4
TICK000000003009|NODE|node03|RECV|VOTE|from=node02|H=4|phase=PREVOTE
TICK000000003010|NODE|node03|RECV|VOTE|from=node01|H=4|phase=PREVOTE
TICK000000003011|NET|SEND|from=node00|to=node03|deliver_tick=28|type=*core.Block
TICK000000003012|NET|SEND|from=node00|to=node00|deliver_tick=27|type=*core.Block
TICK000000003013|NET|SEND|from=node00|to=node01|deliver_tick=28|type=*core.Block
TICK000000003014|NET|SEND|from=node00|to=node02|deliver_tick=28|type=*core.Block
TICK000000003015|NET|DELIVER|from=node01|to=node03|tick=27|type=core.Vote
TICK000000003016|NET|DELIVER|from=node02|to=node03|tick=27|type=core.Vote
TICK000000003017|NODE|node03|RECV|VOTE|from=node01|H=4|phase=PREVOTE
TICK000000003018|NET|DELIVER|from=node01|to=node00|tick=27|type=core.Vote
TICK000000003019|NET|DELIVER|from=node00|to=node03|tick=27|type=core.Vote
TICK000000003020|NET|DELIVER|from=node00|to=node00|tick=27|type=core.Vote
TICK000000003021|NODE|node00|RECV|VOTE|from=node01|H=4|phase=PREVOTE
TICK000000003022|NET|DELIVER|from=node00|to=node00|tick=27|type=core.Vote
TICK000000003023|NET|DELIVER|from=node00|to=node02|tick=27|type=core.Vote
TICK000000003024|NET|DELIVER|from=node03|to=node03|tick=27|type=core.BlockHeader
TICK000000003025|NODE|node03|RECV|VOTE|from=node02|H=4|phase=PREVOTE
TICK000000003026|NODE|node02|RECV|VOTE|from=node00|H=4|phase=PREVOTE
TICK000000003027|NET|DELIVER|from=node00|to=node01|tick=27|type=core.Vote
TICK000000003028|NODE|node03|RECV|VOTE|from=node00|H=4|phase=PREVOTE
TICK000000003029|NET|DELIVER|from=node00|to=node02|tick=27|type=core.Vote
TICK000000003030|NET|DELIVER|from=node00|to=node02|tick=27|type=core.Vote
TICK000000003031|NODE|node02|RECV|VOTE|from=node00|H=4|phase=PREVOTE
TICK000000003032|NODE|node00|RECV|VOTE|from=node00|H=4|phase=PREVOTE
TICK000000003033|NODE|node01|RECV|VOTE|from=node00|H=4|phase=PREVOTE
TICK000000003034|NODE|node03|RECV|HEADER|from=node03|H=4
TICK000000003035|NET|DELIVER|from=node00|to=node03|tick=27|type=core.Vote
TICK000000003036|NET|DELIVER|from=node01|to=node01|tick=27|type=core.Vote
TICK000000003037|NET|DELIVER|from=node02|to=node00|tick=27|type=core.Vote
TICK000000003038|NODE|node02|RECV|VOTE|from=node00|H=4|phase=PREVOTE
TICK000000003039|NODE|node00|RECV|VOTE|from=node00|H=4|phase=PREVOTE
TICK000000003040|NODE|node03|RECV|HEADER|bad_parent|H=4
TICK000000003041|NODE|node01|RECV|VOTE|from=node01|H=4|phase=PREVOTE
TICK000000003042|NET|DELIVER|from=node03|to=node01|tick=27|type=*core.Block
TICK000000003043|NODE|node00|RECV|VOTE|from=node02|H=4|phase=PREVOTE
TICK000000003044|NET|DELIVER|from=node02|to=node00|tick=27|type=core.Vote
TICK000000003045|NET|DELIVER|from=node02|to=node02|tick=27|type=core.Vote
TICK000000003046|NET|DELIVER|from=node02|to=node03|tick=27|type=core.Vote
TICK000000003047|NET|DELIVER|from=node00|to=node02|tick=27|type=core.BlockHeader
TICK000000003048|NET|DELIVER|from=node00|to=node03|tick=27|type=core.BlockHeader
TICK000000003049|NET|DELIVER|from=node00|to=node00|tick=27|type=core.BlockHeader
TICK000000003050|NODE|node03|RECV|VOTE|from=node00|H=4|phase=PREVOTE
TICK000000003051|NODE|node02|RECV|VOTE|from=node02|H=4|phase=PREVOTE
TICK000000003052|NODE|node01|RECV|BLOCK|from=node03|H=4|txs=1
TICK000000003053|NODE|node03|RECV|VOTE|from=node02|H=4|phase=PREVOTE
TICK000000003054|NET|DELIVER|from=node03|to=node00|tick=27|type=*core.Block
TICK000000003055|NET|DELIVER|from=node00|to=node01|tick=27|type=core.BlockHeader
TICK000000003056|NET|DELIVER|from=node00|to=node03|tick=27|type=core.BlockHeader
TICK000000003057|NODE|node00|RECV|VOTE|from=node02|H=4|phase=PREVOTE
TICK000000003058|NODE|node02|RECV|HEADER|from=node00|H=5
TICK000000003059|NODE|node01|RECV|BLOCK|bad_parent|H=4
TICK000000003060|NODE|node01|RECV|HEADER|from=node00|H=5
TICK000000003061|NODE|node00|RECV|HEADER|from=node00|H=5
TICK000000003062|NODE|node03|RECV|HEADER|from=node00|H=5
TICK000000003063|NET|SEND|from=node02|to=node02|deliver_tick=30|type=core.Vote
TICK000000003064|NET|SEND|from=node02|to=node03|deliver_tick=29|type=core.Vote
TICK000000003065|NET|SEND|from=node02|to=node00|deliver_tick=29|type=core.Vote
TICK000000003066|NET|SEND|from=node02|to=node01|deliver_tick=28|type=core.Vote
TICK000000003067|NODE|node02|SENT|PREVOTE|H=5
TICK000000003068|NET|SEND|from=node00|to=node03|deliver_tick=29|type=core.Vote
TICK000000003069|NET|SEND|from=node00|to=node00|deliver_tick=28|type=core.Vote
TICK000000003070|NET|SEND|from=node00|to=node01|deliver_tick=30|type=core.Vote
TICK000000003071|NET|SEND|from=node00|to=node02|deliver_tick=29|type=core.Vote
TICK000000003072|NODE|node00|SENT|PREVOTE|H=5
TICK000000003073|NODE|node00|RECV|BLOCK|from=node03|H=4|txs=1
TICK000000003074|NET|DELIVER|from=node01|to=node02|tick=27|type=core.Vote
TICK000000003075|NODE|node02|RECV|VOTE|from=node01|H=5|phase=PREVOTE
TICK000000003076|NET|SEND|from=node01|to=node00|deliver_tick=28|type=core.Vote
TICK000000003077|NET|SEND|from=node01|to=node01|deliver_tick=30|type=core.Vote
TICK000000003078|NET|SEND|from=node01|to=node02|deliver_tick=30|type=core.Vote
TICK000000003079|NODE|node00|RECV|BLOCK|bad_parent|H=4
TICK000000003080|NET|SEND|from=node01|to=node03|deliver_tick=29|type=core.Vote
TICK000000003081|NODE|node01|SENT|PREVOTE|H=5
TICK000000003082|NET|SEND|from=node03|to=node01|deliver_tick=30|type=core.Vote
TICK000000003083|NET|DROP|from=node03|to=node02|lat=2
TICK000000003084|NET|SEND|from=node03|to=node03|deliver_tick=30|type=core.Vote
TICK000000003085|NET|SEND|from=node03|to=node00|deliver_tick=30|type=core.Vote
TICK000000003086|NODE|node03|SENT|PREVOTE|H=5
TICK000000003087|NODE|node03|RECV|HEADER|from=node00|H=5
TICK000000003088|NODE|node00|RECV|BLOCK|from=node00|H=5|txs=1
TICK000000003089|NET|DELIVER|from=node00|to=node00|tick=27|type=*core.Block
TICK000000003090|NET|SEND|from=node03|to=node01|deliver_tick=28|type=core.Vote
TICK000000003091|NET|SEND|from=node03|to=node02|deliver_tick=30|type=core.Vote
TICK000000003092|NET|SEND|from=node03|to=node03|deliver_tick=28|type=core.Vote
TICK000000003093|NET|SEND|from=node03|to=node00|deliver_tick=28|type=core.Vote
TICK000000003094|NET|DUP|from=node03|to=node00|tick=28
TICK000000003095|NODE|node03|SENT|PREVOTE|H=5
TICK000000003096|NET|SEND|from=node00|to=node00|deliver_tick=28|type=core.BlockHeader
TICK000000003097|NET|SEND|from=node00|to=node01|deliver_tick=28|type=core.BlockHeader
TICK000000003098|NET|SEND|from=node00|to=node02|deliver_tick=30|type=core.BlockHeader
TICK000000003099|NET|SEND|from=node00|to=node03|deliver_tick=29|type=core.BlockHeader
TICK000000003100|NODE|node00|PROPOSE|H=5
TICK000000003101|NET|SEND|from=node00|to=node00|deliver_tick=28|type=core.Vote
TICK000000003102|NET|SEND|from=node00|to=node01|deliver_tick=30|type=core.Vote
TICK000000003103|NET|SEND|from=node00|to=node02|deliver_tick=30|type=core.Vote
TICK000000003104|NET|SEND|from=node00|to=node03|deliver_tick=29|type=core.Vote
TICK000000003105|NODE|node00|SENT|PREVOTE|H=5
TICK000000003106|NET|SEND|from=node00|to=node02|deliver_tick=28|type=*core.Block
TICK000000003107|NET|SEND|from=node00|to=node03|deliver_tick=29|type=*core.Block
TICK000000003108|NET|SEND|from=node00|to=node00|deliver_tick=30|type=*core.Block
TICK000000003109|NET|SEND|from=node00|to=node01|deliver_tick=30|type=*core.Block
TICK000000003110|NET|DUP|from=node00|to=node01|tick=30
TICK000000003111|NET|DELIVER|from=node01|to=node02|tick=28|type=core.Vote
TICK000000003112|NET|DELIVER|from=node02|to=node01|tick=28|type=core.Vote
TICK000000003113|NODE|node01|RECV|VOTE|from=node02|H=4|phase=PREVOTE
TICK000000003114|NODE|node02|RECV|VOTE|from=node01|H=4|phase=PREVOTE
TICK000000003115|NET|DELIVER|from=node01|to=node00|tick=28|type=core.Vote
TICK000000003116|NET|DELIVER|from=node01|to=node03|tick=28|type=core.Vote
TICK000000003117|NET|DELIVER|from=node03|to=node03|tick=28|type=*core.Block
TICK000000003118|NET|DELIVER|from=node03|to=node02|tick=28|type=*core.Block
TICK000000003119|NET|DELIVER|from=node00|to=node00|tick=28|type=core.BlockHeader
TICK000000003120|NET|DELIVER|from=node00|to=node02|tick=28|type=core.BlockHeader
TICK000000003121|NODE|node00|RECV|VOTE|from=node01|H=4|phase=PREVOTE
TICK000000003122|NET|DELIVER|from=node00|to=node03|tick=28|type=*core.Block
TICK000000003123|NET|DELIVER|from=node00|to=node01|tick=28|type=*core.Block
TICK000000003124|NET|DELIVER|from=node00|to=node02|tick=28|type=*core.Block
TICK000000003125|NET|DELIVER|from=node02|to=node01|tick=28|type=core.Vote
TICK000000003126|NET|DELIVER|from=node00|to=node00|tick=28|type=core.Vote
TICK000000003127|NET|DELIVER|from=node01|to=node00|tick=28|type=core.Vote
TICK000000003128|NET|DELIVER|from=node03|to=node01|tick=28|type=core.Vote
TICK000000003129|NODE|node03|RECV|VOTE|from=node01|H=4|phase=PREVOTE
TICK000000003130|NODE|node02|RECV|BLOCK|from=node03|H=4|txs=1
TICK000000003131|NODE|node03|RECV|BLOCK|from=node03|H=4|txs=1
TICK000000003132|NODE|node01|RECV|BLOCK|from=node00|H=5|txs=1
TICK000000003133|NODE|node00|RECV|HEADER|from=node00|H=5
TICK000000003134|NET|DELIVER|from=node03|to=node03|tick=28|type=core.Vote
TICK000000003135|NET|SEND|from=node01|to=node01|deliver_tick=31|type=core.Vote
TICK000000003136|NET|DUP|from=node01|to=node01|tick=31
TICK000000003137|NET|SEND|from=node01|to=node02|deliver_tick=30|type=core.Vote
TICK000000003138|NET|SEND|from=node01|to=node03|deliver_tick=30|type=core.Vote
TICK000000003139|NET|SEND|from=node01|to=node00|deliver_tick=31|type=core.Vote
TICK000000003140|NODE|node01|SENT|PREVOTE|H=5
TICK000000003141|NET|DELIVER|from=node03|to=node00|tick=28|type=core.Vote
TICK000000003142|NET|DELIVER|from=node03|to=node00|tick=28|type=core.Vote
TICK000000003143|NET|DELIVER|from=node00|to=node00|tick=28|type=core.BlockHeader
TICK000000003144|NET|DELIVER|from=node00|to=node01|tick=28|type=core.BlockHeader
TICK000000003145|NET|DELIVER|from=node00|to=node00|tick=28|type=core.Vote
TICK000000003146|NET|DELIVER|from=node00|to=node02|tick=28|type=*core.Block
TICK000000003147|NODE|node03|RECV|BLOCK|bad_parent|H=4
TICK000000003148|NET|SEND|from=node00|to=node00|deliver_tick=31|type=core.Vote
TICK000000003149|NET|SEND|from=node00|to=node01|deliver_tick=31|type=core.Vote
TICK000000003150|NET|SEND|from=node00|to=node02|deliver_tick=29|type=core.Vote
TICK000000003151|NET|SEND|from=node00|to=node03|deliver_tick=29|type=core.Vote
TICK000000003152|NODE|node00|SENT|PREVOTE|H=5
TICK000000003153|NODE|node00|RECV|VOTE|from=node00|H=5|phase=PREVOTE
TICK000000003154|NODE|node03|RECV|BLOCK|from=node00|H=5|txs=1
TICK000000003155|NODE|node01|RECV|VOTE|from=node02|H=5|phase=PREVOTE
TICK000000003156|NODE|node02|RECV|BLOCK|bad_parent|H=4
TICK000000003157|NODE|node02|RECV|HEADER|from=node00|H=5
TICK000000003158|NET|SEND|from=node00|to=node02|deliver_tick=31|type=core.BlockHeader
TICK000000003159|NET|DUP|from=node00|to=node02|tick=31
TICK000000003160|NET|SEND|from=node00|to=node03|deliver_tick=31|type=core.BlockHeader
TICK000000003161|NET|SEND|from=node00|to=node00|deliver_tick=29|type=core.BlockHeader
TICK000000003162|NET|SEND|from=node00|to=node01|deliver_tick=29|type=core.BlockHeader
TICK000000003163|NODE|node00|PROPOSE|H=5
TICK000000003164|NODE|node00|RECV|VOTE|from=node01|H=5|phase=PREVOTE
TICK000000003165|NET|SEND|from=node02|to=node01|deliver_tick=30|type=core.Vote
TICK000000003166|NET|SEND|from=node02|to=node02|deliver_tick=30|type=core.Vote
TICK000000003167|NET|SEND|from=node02|to=node03|deliver_tick=30|type=core.Vote
TICK000000003168|NODE|node01|RECV|VOTE|from=node03|H=5|phase=PREVOTE
TICK000000003169|NET|SEND|from=node02|to=node00|deliver_tick=29|type=core.Vote
TICK000000003170|NODE|node02|SENT|PREVOTE|H=5
TICK000000003171|NODE|node02|RECV|BLOCK|from=node00|H=5|txs=1
TICK000000003172|NET|SEND|from=node03|to=node00|deliver_tick=29|type=core.Vote
TICK000000003173|NET|SEND|from=node03|to=node01|deliver_tick=29|type=core.Vote
TICK000000003174|NET|SEND|from=node03|to=node02|deliver_tick=30|type=core.Vote
TICK000000003175|NET|SEND|from=node03|to=node03|deliver_tick=29|type=core.Vote
TICK000000003176|NODE|node03|SENT|PREVOTE|H=5
TICK000000003177|NODE|node03|RECV|VOTE|from=node03|H=5|phase=PREVOTE
TICK000000003178|NODE|node00|RECV|VOTE|from=node03|H=5|phase=PREVOTE
TICK000000003179|NODE|node01|RECV|HEADER|from=node00|H=5
TICK000000003180|NET|SEND|from=node02|to=node00|deliver_tick=31|type=core.Vote
TICK000000003181|NET|SEND|from=node02|to=node01|deliver_tick=31|type=core.Vote
TICK000000003182|NET|SEND|from=node02|to=node02|deliver_tick=31|type=core.Vote
TICK000000003183|NET|SEND|from=node02|to=node03|deliver_tick=31|type=core.Vote
TICK000000003184|NODE|node02|SENT|PREVOTE|H=5
TICK000000003185|NET|SEND|from=node00|to=node02|deliver_tick=31|type=core.Vote
TICK000000003186|NET|SEND|from=node00|to=node03|deliver_tick=31|type=core.Vote
TICK000000003187|NET|SEND|from=node00|to=node00|deliver_tick=30|type=core.Vote
TICK000000003188|NET|SEND|from=node00|to=node01|deliver_tick=30|type=core.Vote
TICK000000003189|NODE|node00|SENT|PRECOMMIT|H=5
TICK000000003190|NODE|node02|RECV|BLOCK|from=node00|H=5|txs=1
TICK000000003191|NET|SEND|from=node01|to=node00|deliver_tick=29|type=core.Vote
TICK000000003192|NET|SEND|from=node01|to=node01|deliver_tick=29|type=core.Vote
TICK000000003193|NET|SEND|from=node01|to=node02|deliver_tick=31|type=core.Vote
TICK000000003194|NET|DROP|from=node01|to=node03|lat=2
TICK000000003195|NODE|node01|SENT|PREVOTE|H=5
TICK000000003196|NODE|node00|RECV|VOTE|from=node03|H=5|phase=PREVOTE
TICK000000003197|NODE|node00|RECV|HEADER|from=node00|H=5
TICK000000003198|NET|DROP|from=node00|to=node00|lat=1
TICK000000003199|NET|SEND|from=node00|to=node01|deliver_tick=31|type=core.Vote
TICK000000003200|NET|SEND|from=node00|to=node02|deliver_tick=29|type=core.Vote
TICK000000003201|NET|SEND|from=node00|to=node03|deliver_tick=29|type=core.Vote
TICK000000003202|NODE|node00|SENT|PREVOTE|H=5
TICK000000003203|NODE|node00|RECV|VOTE|from=node00|H=5|phase=PREVOTE
TICK000000003204|NET|SEND|from=node02|to=node00|deliver_tick=30|type=core.Vote
TICK000000003205|NET|SEND|from=node02|to=node01|deliver_tick=30|type=core.Vote
TICK000000003206|NET|SEND|from=node02|to=node02|deliver_tick=30|type=core.Vote
TICK000000003207|NET|SEND|from=node02|to=node03|deliver_tick=29|type=core.Vote
TICK000000003208|NODE|node02|SENT|PREVOTE|H=5
TICK000000003209|NET|SEND|from=node00|to=node00|deliver_tick=29|type=*core.Block
TICK000000003210|NET|SEND|from=node00|to=node01|deliver_tick=30|type=*core.Block
TICK000000003211|NET|SEND|from=node00|to=node02|deliver_tick=30|type=*core.Block
TICK000000003212|NET|SEND|from=node00|to=node03|deliver_tick=29|type=*core.Block
TICK000000003213|NET|DELIVER|from=node01|to=node03|tick=29|type=core.Vote
TICK000000003214|NET|DELIVER|from=node01|to=node01|tick=29|type=core.Vote
TICK000000003215|NET|DELIVER|from=node02|to=node03|tick=29|type=core.Vote
TICK000000003216|NET|DELIVER|from=node02|to=node00|tick=29|type=core.Vote
TICK000000003217|NODE|node03|RECV|VOTE|from=node01|H=5|phase=PREVOTE
TICK000000003218|NODE|node01|RECV|VOTE|from=node01|H=5|phase=PREVOTE
TICK000000003219|NET|DELIVER|from=node00|to=node03|tick=29|type=core.Vote
TICK000000003220|NODE|node03|RECV|VOTE|from=node02|H=5|phase=PREVOTE
TICK000000003221|NODE|node00|RECV|VOTE|from=node02|H=5|phase=PREVOTE
TICK000000003222|NET|DELIVER|from=node00|to=node02|tick=29|type=core.Vote
TICK000000003223|NODE|node02|RECV|VOTE|from=node00|H=5|phase=PREVOTE
TICK000000003224|NET|SEND|from=node03|to=node01|deliver_tick=30|type=core.Vote
TICK000000003225|NET|DUP|from=node03|to=node01|tick=30
TICK000000003226|NET|SEND|from=node03|to=node02|deliver_tick=30|type=core.Vote
TICK000000003227|NET|SEND|from=node03|to=node03|deliver_tick=31|type=core.Vote
TICK000000003228|NET|SEND|from=node03|to=node00|deliver_tick=32|type=core.Vote
TICK000000003229|NODE|node03|SENT|PRECOMMIT|H=5
TICK000000003230|NODE|node03|RECV|VOTE|from=node00|H=5|phase=PREVOTE
TICK000000003231|NET|DELIVER|from=node01|to=node03|tick=29|type=core.Vote
TICK000000003232|NET|SEND|from=node01|to=node02|deliver_tick=30|type=core.Vote
TICK000000003233|NET|SEND|from=node01|to=node03|deliver_tick=31|type=core.Vote
TICK000000003234|NET|SEND|from=node01|to=node00|deliver_tick=30|type=core.Vote
TICK000000003235|NET|SEND|from=node01|to=node01|deliver_tick=31|type=core.Vote
TICK000000003236|NODE|node01|SENT|PRECOMMIT|H=5
TICK000000003237|NODE|node03|RECV|VOTE|from=node01|H=5|phase=PREVOTE
TICK000000003238|NET|DELIVER|from=node00|to=node03|tick=29|type=core.BlockHeader
TICK000000003239|NET|DELIVER|from=node00|to=node03|tick=29|type=core.Vote
TICK000000003240|NET|DELIVER|from=node00|to=node03|tick=29|type=*core.Block
TICK000000003241|NET|DELIVER|from=node00|to=node02|tick=29|type=core.Vote
TICK000000003242|NET|DELIVER|from=node00|to=node03|tick=29|type=core.Vote
TICK000000003243|NET|DELIVER|from=node00|to=node00|tick=29|type=core.BlockHeader
TICK000000003244|NET|DELIVER|from=node00|to=node01|tick=29|type=core.BlockHeader
TICK000000003245|NODE|node02|RECV|VOTE|from=node00|H=5|phase=PREVOTE
TICK000000003246|NODE|node03|RECV|HEADER|from=node00|H=5
TICK000000003247|NODE|node00|RECV|HEADER|from=node00|H=5
TICK000000003248|NET|DELIVER|from=node02|to=node00|tick=29|type=core.Vote
TICK000000003249|NET|DELIVER|from=node03|to=node00|tick=29|type=core.Vote
TICK000000003250|NET|DELIVER|from=node03|to=node01|tick=29|type=core.Vote
TICK000000003251|NET|DELIVER|from=node03|to=node03|tick=29|type=core.Vote
TICK000000003252|NET|DELIVER|from=node01|to=node00|tick=29|type=core.Vote
TICK000000003253|NET|DELIVER|from=node01|to=node01|tick=29|type=core.Vote
TICK000000003254|NET|SEND|from=node00|to=node00|deliver_tick=31|type=core.Vote
TICK000000003255|NET|DUP|from=node00|to=node00|tick=31
TICK000000003256|NET|SEND|from=node00|to=node01|deliver_tick=30|type=core.Vote
TICK000000003257|NODE|node01|RECV|HEADER|from=node00|H=5
TICK000000003258|NET|DROP|from=node00|to=node02|lat=2
TICK000000003259|NET|SEND|from=node00|to=node03|deliver_tick=32|type=core.Vote
TICK000000003260|NODE|node00|SENT|PREVOTE|H=5
TICK000000003261|NET|SEND|from=node03|to=node03|deliver_tick=32|type=core.Vote
TICK000000003262|NET|SEND|from=node03|to=node00|deliver_tick=32|type=core.Vote
TICK000000003263|NET|DELIVER|from=node00|to=node02|tick=29|type=core.Vote
TICK000000003264|NODE|node02|RECV|VOTE|from=node00|H=5|phase=PREVOTE
TICK000000003265|NODE|node00|RECV|VOTE|from=node02|H=5|phase=PREVOTE
TICK000000003266|NET|SEND|from=node03|to=node01|deliver_tick=31|type=core.Vote
TICK000000003267|NET|SEND|from=node03|to=node02|deliver_tick=31|type=core.Vote
TICK000000003268|NODE|node03|SENT|PREVOTE|H=5
TICK000000003269|NET|SEND|from=node01|to=node00|deliver_tick=31|type=core.Vote
TICK000000003270|NET|SEND|from=node01|to=node01|deliver_tick=31|type=core.Vote
TICK000000003271|NET|DROP|from=node01|to=node02|lat=3
TICK000000003272|NET|SEND|from=node01|to=node03|deliver_tick=32|type=core.Vote
TICK000000003273|NODE|node01|SENT|PREVOTE|H=5
TICK000000003274|NODE|node03|RECV|VOTE|from=node00|H=5|phase=PREVOTE
TICK000000003275|NODE|node00|RECV|VOTE|from=node03|H=5|phase=PREVOTE
TICK000000003276|NODE|node01|RECV|VOTE|from=node03|H=5|phase=PREVOTE
TICK000000003277|NODE|node03|RECV|BLOCK|from=node00|H=5|txs=1
TICK000000003278|NET|DELIVER|from=node00|to=node03|tick=29|type=core.Vote
TICK000000003279|NET|DELIVER|from=node02|to=node03|tick=29|type=core.Vote
TICK000000003280|NET|DELIVER|from=node00|to=node00|tick=29|type=*core.Block
TICK000000003281|NET|DELIVER|from=node00|to=node03|tick=29|type=*core.Block
TICK000000003282|NODE|node01|RECV|VOTE|from=node01|H=5|phase=PREVOTE
TICK000000003283|NODE|node00|RECV|VOTE|from=node01|H=5|phase=PREVOTE
TICK000000003284|NET|SEND|from=node00|to=node03|deliver_tick=31|type=core.BlockHeader
TICK000000003285|NET|DUP|from=node00|to=node03|tick=31
TICK000000003286|NET|SEND|from=node00|to=node00|deliver_tick=31|type=core.BlockHeader
TICK000000003287|NET|SEND|from=node00|to=node01|deliver_tick=32|type=core.BlockHeader
TICK000000003288|NET|DROP|from=node00|to=node02|lat=2
TICK000000003289|NET|SEND|from=node03|to=node00|deliver_tick=30|type=core.Vote
TICK000000003290|NET|DROP|from=node03|to=node01|lat=1
TICK000000003291|NET|SEND|from=node03|to=node02|deliver_tick=30|type=core.Vote
TICK000000003292|NET|SEND|from=node03|to=node03|deliver_tick=32|type=core.Vote
TICK000000003293|NODE|node03|SENT|PREVOTE|H=5
TICK000000003294|NODE|node00|PROPOSE|H=5
TICK000000003295|NODE|node00|RECV|BLOCK|from=node00|H=5|txs=1
TICK000000003296|NODE|node03|RECV|VOTE|from=node00|H=5|phase=PREVOTE
TICK000000003297|NODE|node03|RECV|VOTE|from=node03|H=5|phase=PREVOTE
TICK000000003298|NODE|node03|RECV|VOTE|from=node00|H=5|phase=PREVOTE
TICK000000003299|NET|SEND|from=node00|to=node00|deliver_tick=32|type=core.Vote
TICK000000003300|NODE|node03|RECV|VOTE|from=node02|H=5|phase=PREVOTE
TICK000000003301|NET|SEND|from=node00|to=node01|deliver_tick=30|type=core.Vote
TICK000000003302|NET|SEND|from=node00|to=node02|deliver_tick=30|type=core.Vote
TICK000000003303|NODE|node03|RECV|BLOCK|from=node00|H=5|txs=1
TICK000000003304|NET|SEND|from=node00|to=node03|deliver_tick=31|type=core.Vote
TICK000000003305|NODE|node00|SENT|PREVOTE|H=5
TICK000000003306|NET|SEND|from=node03|to=node01|deliver_tick=30|type=core.Vote
TICK000000003307|NET|SEND|from=node03|to=node02|deliver_tick=30|type=core.Vote
TICK000000003308|NET|SEND|from=node03|to=node03|deliver_tick=31|type=core.Vote
TICK000000003309|NET|SEND|from=node03|to=node00|deliver_tick=30|type=core.Vote
TICK000000003310|NODE|node03|SENT|PREVOTE|H=5
TICK000000003311|NET|SEND|from=node00|to=node00|deliver_tick=32|type=*core.Block
TICK000000003312|NET|SEND|from=node00|to=node01|deliver_tick=30|type=*core.Block
TICK000000003313|NET|SEND|from=node00|to=node02|deliver_tick=30|type=*core.Block
TICK000000003314|NET|SEND|from=node00|to=node03|deliver_tick=31|type=*core.Block
TICK000000003315|NET|DUP|from=node00|to=node03|tick=31
TICK000000003316|NET|DELIVER|from=node02|to=node02|tick=30|type=core.Vote
TICK000000003317|NET|DELIVER|from=node00|to=node01|tick=30|type=core.Vote
TICK000000003318|NET|DELIVER|from=node01|to=node01|tick=30|type=core.Vote
TICK000000003319|NET|DELIVER|from=node01|to=node02|tick=30|type=core.Vote
TICK000000003320|NET|DELIVER|from=node03|to=node01|tick=30|type=core.Vote
TICK000000003321|NET|DELIVER|from=node03|to=node03|tick=30|type=core.Vote
TICK000000003322|NET|DELIVER|from=node03|to=node00|tick=30|type=core.Vote
TICK000000003323|NET|DELIVER|from=node03|to=node02|tick=30|type=core.Vote
TICK000000003324|NET|DELIVER|from=node00|to=node02|tick=30|type=core.BlockHeader
TICK000000003325|NODE|node01|RECV|VOTE|from=node00|H=5|phase=PREVOTE
TICK000000003326|NODE|node02|RECV|VOTE|from=node02|H=5|phase=PREVOTE
TICK000000003327|NET|DELIVER|from=node00|to=node01|tick=30|type=core.Vote
TICK000000003328|NODE|node01|RECV|VOTE|from=node01|H=5|phase=PREVOTE
TICK000000003329|NET|DELIVER|from=node00|to=node02|tick=30|type=core.Vote
TICK000000003330|NODE|node00|RECV|VOTE|from=node03|H=5|phase=PREVOTE
TICK000000003331|NODE|node03|RECV|VOTE|from=node03|H=5|phase=PREVOTE
TICK000000003332|NET|SEND|from=node02|to=node00|deliver_tick=32|type=core.Vote
TICK000000003333|NET|SEND|from=node02|to=node01|deliver_tick=32|type=core.Vote
TICK000000003334|NET|SEND|from=node02|to=node02|deliver_tick=32|type=core.Vote
TICK000000003335|NET|SEND|from=node02|to=node03|deliver_tick=32|type=core.Vote
TICK000000003336|NODE|node01|RECV|VOTE|from=node03|H=5|phase=PREVOTE
TICK000000003337|NODE|node02|SENT|PRECOMMIT|H=5
TICK000000003338|NODE|node02|RECV|VOTE|from=node01|H=5|phase=PREVOTE
TICK000000003339|NET|DELIVER|from=node00|to=node00|tick=30|type=*core.Block
TICK000000003340|NET|DELIVER|from=node00|to=node01|tick=30|type=*core.Block
TICK000000003341|NET|DELIVER|from=node00|to=node01|tick=30|type=*core.Block
TICK000000003342|NET|DELIVER|from=node01|to=node02|tick=30|type=core.Vote
TICK000000003343|NET|DELIVER|from=node01|to=node03|tick=30|type=core.Vote
TICK000000003344|NET|DELIVER|from=node02|to=node01|tick=30|type=core.Vote
TICK000000003345|NET|DELIVER|from=node02|to=node02|tick=30|type=core.Vote
TICK000000003346|NET|DELIVER|from=node02|to=node03|tick=30|type=core.Vote
TICK000000003347|NET|DELIVER|from=node03|to=node02|tick=30|type=core.Vote
TICK000000003348|NET|DELIVER|from=node00|to=node00|tick=30|type=core.Vote
TICK000000003349|NET|DELIVER|from=node00|to=node01|tick=30|type=core.Vote
TICK000000003350|NET|DELIVER|from=node02|to=node00|tick=30|type=core.Vote
TICK000000003351|NET|DELIVER|from=node02|to=node01|tick=30|type=core.Vote
TICK000000003352|NET|DELIVER|from=node02|to=node02|tick=30|type=core.Vote
TICK000000003353|NET|DELIVER|from=node00|to=node01|tick=30|type=*core.Block
TICK000000003354|NET|DELIVER|from=node00|to=node02|tick=30|type=*core.Block
TICK000000003355|NET|DELIVER|from=node03|to=node01|tick=30|type=core.Vote
TICK000000003356|NET|DELIVER|from=node03|to=node01|tick=30|type=core.Vote
TICK000000003357|NET|DELIVER|from=node03|to=node02|tick=30|type=core.Vote
TICK000000003358|NET|DELIVER|from=node01|to=node02|tick=30|type=core.Vote
TICK000000003359|NET|DELIVER|from=node01|to=node00|tick=30|type=core.Vote
TICK000000003360|NET|DELIVER|from=node00|to=node01|tick=30|type=core.Vote
TICK000000003361|NET|DELIVER|from=node03|to=node00|tick=30|type=core.Vote
TICK000000003362|NET|DELIVER|from=node03|to=node02|tick=30|type=core.Vote
TICK000000003363|NET|DELIVER|from=node00|to=node01|tick=30|type=core.Vote
TICK000000003364|NET|DELIVER|from=node00|to=node02|tick=30|type=core.Vote
TICK000000003365|NET|DELIVER|from=node03|to=node01|tick=30|type=core.Vote
TICK000000003366|NET|DELIVER|from=node03|to=node02|tick=30|type=core.Vote
TICK000000003367|NET|DELIVER|from=node03|to=node00|tick=30|type=core.Vote
TICK000000003368|NET|DELIVER|from=node00|to=node01|tick=30|type=*core.Block
TICK000000003369|NET|DELIVER|from=node00|to=node02|tick=30|type=*core.Block
TICK000000003370|NODE|node00|RECV|BLOCK|from=node00|H=5|txs=1
TICK000000003371|NET|SEND|from=node00|to=node00|deliver_tick=31|type=core.BlockHeader
TICK000000003372|NODE|node03|RECV|VOTE|from=node01|H=5|phase=PREVOTE
TICK000000003373|NODE|node01|RECV|VOTE|from=node00|H=5|phase=PREVOTE
TICK000000003374|NODE|node02|RECV|VOTE|from=node03|H=5|phase=PREVOTE
TICK000000003375|NET|SEND|from=node00|to=node01|deliver_tick=32|type=core.BlockHeader
TICK000000003376|NET|SEND|from=node00|to=node02|deliver_tick=32|type=core.BlockHeader
TICK000000003377|NET|SEND|from=node00|to=node03|deliver_tick=32|type=core.BlockHeader
TICK000000003378|NODE|node01|RECV|BLOCK|from=node00|H=5|txs=1
TICK000000003379|NODE|node00|PROPOSE|H=5
TICK000000003380|NODE|node03|RECV|VOTE|from=node02|H=5|phase=PREVOTE
TICK000000003381|NET|SEND|from=node01|to=node00|deliver_tick=32|type=core.Vote
TICK000000003382|NODE|node02|RECV|HEADER|from=node00|H=5
TICK000000003383|NET|SEND|from=node01|to=node01|deliver_tick=33|type=core.Vote
TICK000000003384|NET|SEND|from=node01|to=node02|deliver_tick=32|type=core.Vote
TICK000000003385|NET|SEND|from=node01|to=node03|deliver_tick=32|type=core.Vote
TICK000000003386|NODE|node01|SENT|PREVOTE|H=5
TICK000000003387|NET|DROP|from=node00|to=node00|lat=1
TICK000000003388|NET|SEND|from=node00|to=node01|deliver_tick=31|type=core.Vote
TICK000000003389|NET|DUP|from=node00|to=node01|tick=31
TICK000000003390|NODE|node01|RECV|BLOCK|from=node00|H=5|txs=1
TICK000000003391|NET|SEND|from=node00|to=node02|deliver_tick=32|type=core.Vote
TICK000000003392|NET|SEND|from=node00|to=node03|deliver_tick=31|type=core.Vote
TICK000000003393|NODE|node00|SENT|PREVOTE|H=5
TICK000000003394|NODE|node00|RECV|VOTE|from=node00|H=5|phase=PRECOMMIT
TICK000000003395|NET|SEND|from=node02|to=node00|deliver_tick=32|type=core.Vote
TICK000000003396|NET|SEND|from=node02|to=node01|deliver_tick=32|type=core.Vote
TICK000000003397|NET|SEND|from=node02|to=node02|deliver_tick=31|type=core.Vote
TICK000000003398|NET|SEND|from=node02|to=node03|deliver_tick=31|type=core.Vote
TICK000000003399|NET|DUP|from=node02|to=node03|tick=31
TICK000000003400|NODE|node02|SENT|PREVOTE|H=5
TICK000000003401|NODE|node02|RECV|VOTE|from=node00|H=5|phase=PREVOTE
TICK000000003402|NODE|node00|RECV|VOTE|from=node02|H=5|phase=PREVOTE
TICK000000003403|NET|SEND|from=node01|to=node01|deliver_tick=31|type=core.Vote
TICK000000003404|NET|SEND|from=node01|to=node02|deliver_tick=32|type=core.Vote
TICK000000003405|NET|SEND|from=node01|to=node03|deliver_tick=32|type=core.Vote
TICK000000003406|NET|SEND|from=node01|to=node00|deliver_tick=33|type=core.Vote
TICK000000003407|NODE|node01|SENT|PREVOTE|H=5
TICK000000003408|NODE|node00|RECV|VOTE|from=node01|H=5|phase=PRECOMMIT
TICK000000003409|NODE|node02|RECV|VOTE|from=node01|H=5|phase=PREVOTE
TICK000000003410|NODE|node01|RECV|VOTE|from=node02|H=5|phase=PREVOTE
TICK000000003411|NODE|node00|RECV|VOTE|from=node03|H=5|phase=PREVOTE
TICK000000003412|NODE|node02|RECV|VOTE|from=node02|H=5|phase=PREVOTE
TICK000000003413|NODE|node01|RECV|VOTE|from=node00|H=5|phase=PRECOMMIT
TICK000000003414|NODE|node00|RECV|VOTE|from=node03|H=5|phase=PREVOTE
TICK000000003415|NODE|node02|RECV|VOTE|from=node03|H=5|phase=PREVOTE
TICK000000003416|NODE|node01|RECV|VOTE|from=node02|H=5|phase=PREVOTE
TICK000000003417|NODE|node02|RECV|VOTE|from=node02|H=5|phase=PREVOTE
TICK000000003418|NODE|node01|RECV|BLOCK|from=node00|H=5|txs=1
TICK000000003419|NODE|node02|RECV|BLOCK|from=node00|H=5|txs=1
TICK000000003420|NET|SEND|from=node01|to=node00|deliver_tick=33|type=core.Vote
TICK000000003421|NET|SEND|from=node01|to=node01|deliver_tick=32|type=core.Vote
TICK000000003422|NET|SEND|from=node01|to=node02|deliver_tick=31|type=core.Vote
TICK000000003423|NET|DUP|from=node01|to=node02|tick=31
TICK000000003424|NET|SEND|from=node01|to=node03|deliver_tick=31|type=core.Vote
TICK000000003425|NODE|node01|SENT|PREVOTE|H=5
TICK000000003426|NET|SEND|from=node02|to=node00|deliver_tick=31|type=core.Vote
TICK000000003427|NET|SEND|from=node02|to=node01|deliver_tick=33|type=core.Vote
TICK000000003428|NODE|node01|RECV|VOTE|from=node03|H=5|phase=PRECOMMIT
TICK000000003429|NET|SEND|from=node02|to=node02|deliver_tick=32|type=core.Vote
TICK000000003430|NET|SEND|from=node02|to=node03|deliver_tick=33|type=core.Vote
TICK000000003431|NODE|node02|SENT|PREVOTE|H=5
TICK000000003432|NODE|node02|RECV|VOTE|from=node03|H=5|phase=PRECOMMIT
TICK000000003433|NODE|node01|RECV|VOTE|from=node03|H=5|phase=PRECOMMIT
TICK000000003434|NODE|node02|RECV|VOTE|from=node01|H=5|phase=PRECOMMIT
TICK000000003435|NODE|node01|RECV|VOTE|from=node00|H=5|phase=PREVOTE
TICK000000003436|NODE|node02|RECV|VOTE|from=node03|H=5|phase=PREVOTE
TICK000000003437|NODE|node02|RECV|VOTE|from=node00|H=5|phase=PREVOTE
TICK000000003438|NODE|node01|RECV|VOTE|from=node00|H=5|phase=PREVOTE
TICK000000003439|NODE|node02|RECV|VOTE|from=node03|H=5|phase=PREVOTE
TICK000000003440|NODE|node02|RECV|BLOCK|from=node00|H=5|txs=1
TICK000000003441|NODE|node01|RECV|VOTE|from=node03|H=5|phase=PREVOTE
TICK000000003442|NET|SEND|from=node02|to=node03|deliver_tick=31|type=core.Vote
TICK000000003443|NET|SEND|from=node02|to=node00|deliver_tick=33|type=core.Vote
TICK000000003444|NET|SEND|from=node02|to=node01|deliver_tick=32|type=core.Vote
TICK000000003445|NET|SEND|from=node02|to=node02|deliver_tick=32|type=core.Vote
TICK000000003446|NODE|node02|SENT|PREVOTE|H=5
TICK000000003447|NODE|node01|RECV|BLOCK|from=node00|H=5|txs=1
TICK000000003448|NET|SEND|from=node01|to=node03|deliver_tick=33|type=core.Vote
TICK000000003449|NET|SEND|from=node01|to=node00|deliver_tick=33|type=core.Vote
TICK000000003450|NET|SEND|from=node01|to=node01|deliver_tick=32|type=core.Vote
TICK000000003451|NET|SEND|from=node01|to=node02|deliver_tick=33|type=core.Vote
TICK000000003452|NODE|node01|SENT|PREVOTE|H=5
TICK000000003453|NET|SEND|from=node00|to=node02|deliver_tick=33|type=*core.Block
TICK000000003454|NET|SEND|from=node00|to=node03|deliver_tick=33|type=*core.Block
TICK000000003455|NET|DROP|from=node00|to=node00|lat=2
TICK000000003456|NET|SEND|from=node00|to=node01|deliver_tick=32|type=*core.Block
TICK000000003457|NET|DELIVER|from=node01|to=node01|tick=31|type=core.Vote
TICK000000003458|NET|DELIVER|from=node01|to=node01|tick=31|type=core.Vote
TICK000000003459|NODE|node01|RECV|VOTE|from=node01|H=5|phase=PREVOTE
TICK000000003460|NET|DELIVER|from=node01|to=node00|tick=31|type=core.Vote
TICK000000003461|NET|DELIVER|from=node00|to=node00|tick=31|type=core.Vote
TICK000000003462|NET|DELIVER|from=node00|to=node01|tick=31|type=core.Vote
TICK000000003463|NET|DELIVER|from=node00|to=node02|tick=31|type=core.BlockHeader
TICK000000003464|NET|DELIVER|from=node00|to=node02|tick=31|type=core.BlockHeader
TICK000000003465|NET|DELIVER|from=node00|to=node03|tick=31|type=core.BlockHeader
TICK000000003466|NODE|node01|RECV|VOTE|from=node01|H=5|phase=PREVOTE
TICK000000003467|NODE|node02|RECV|HEADER|from=node00|H=5
TICK000000003468|NODE|node01|RECV|VOTE|from=node00|H=5|phase=PREVOTE
TICK000000003469|NET|DELIVER|from=node02|to=node00|tick=31|type=core.Vote
TICK000000003470|NODE|node00|RECV|VOTE|from=node01|H=5|phase=PREVOTE
TICK000000003471|NODE|node03|RECV|HEADER|from=node00|H=5
TICK000000003472|NODE|node00|RECV|VOTE|from=node00|H=5|phase=PREVOTE
TICK000000003473|NET|SEND|from=node02|to=node01|deliver_tick=34|type=core.Vote
TICK000000003474|NET|SEND|from=node02|to=node02|deliver_tick=33|type=core.Vote
TICK000000003475|NET|SEND|from=node02|to=node03|deliver_tick=33|type=core.Vote
TICK000000003476|NET|SEND|from=node02|to=node00|deliver_tick=34|type=core.Vote
TICK000000003477|NODE|node02|SENT|PREVOTE|H=5
TICK000000003478|NET|SEND|from=node03|to=node02|deliver_tick=33|type=core.Vote
TICK000000003479|NET|SEND|from=node03|to=node03|deliver_tick=32|type=core.Vote
TICK000000003480|NET|SEND|from=node03|to=node00|deliver_tick=32|type=core.Vote
TICK000000003481|NET|SEND|from=node03|to=node01|deliver_tick=34|type=core.Vote
TICK000000003482|NODE|node03|SENT|PREVOTE|H=5
TICK000000003483|NODE|node02|RECV|HEADER|from=node00|H=5
TICK000000003484|NODE|node00|RECV|VOTE|from=node02|H=5|phase=PREVOTE
TICK000000003485|NODE|node01|RECV|VOTE|from=node02|H=5|phase=PREVOTE
TICK000000003486|NET|SEND|from=node02|to=node00|deliver_tick=33|type=core.Vote
TICK000000003487|NET|SEND|from=node02|to=node01|deliver_tick=34|type=core.Vote
TICK000000003488|NET|DELIVER|from=node02|to=node01|tick=31|type=core.Vote
TICK000000003489|NET|SEND|from=node02|to=node02|deliver_tick=33|type=core.Vote
TICK000000003490|NET|SEND|from=node02|to=node03|deliver_tick=34|type=core.Vote
TICK000000003491|NODE|node02|SENT|PREVOTE|H=5
TICK000000003492|NET|DELIVER|from=node02|to=node02|tick=31|type=core.Vote
TICK000000003493|NET|DELIVER|from=node02|to=node03|tick=31|type=core.Vote
TICK000000003494|NET|DELIVER|from=node00|to=node02|tick=31|type=core.Vote
TICK000000003495|NET|DELIVER|from=node00|to=node03|tick=31|type=core.Vote
TICK000000003496|NET|DELIVER|from=node01|to=node02|tick=31|type=core.Vote
TICK000000003497|NET|DELIVER|from=node00|to=node01|tick=31|type=core.Vote
TICK000000003498|NET|DELIVER|from=node03|to=node03|tick=31|type=core.Vote
TICK000000003499|NET|DELIVER|from=node01|to=node03|tick=31|type=core.Vote
TICK000000003500|NET|DELIVER|from=node01|to=node01|tick=31|type=core.Vote
TICK000000003501|NET|DELIVER|from=node00|to=node00|tick=31|type=core.Vote
TICK000000003502|NET|DELIVER|from=node00|to=node00|tick=31|type=core.Vote
TICK000000003503|NET|DELIVER|from=node03|to=node01|tick=31|type=core.Vote
TICK000000003504|NET|DELIVER|from=node03|to=node02|tick=31|type=core.Vote
TICK000000003505|NET|DELIVER|from=node01|to=node00|tick=31|type=core.Vote
TICK000000003506|NODE|node02|RECV|VOTE|from=node02|H=5|phase=PREVOTE
TICK000000003507|NODE|node03|RECV|VOTE|from=node02|H=5|phase=PREVOTE
TICK000000003508|NODE|node01|RECV|VOTE|from=node00|H=5|phase=PREVOTE
TICK000000003509|NODE|node00|RECV|VOTE|from=node00|H=5|phase=PREVOTE
TICK000000003510|NODE|node02|RECV|VOTE|from=node00|H=5|phase=PRECOMMIT
TICK000000003511|NET|DELIVER|from=node01|to=node01|tick=31|type=core.Vote
TICK000000003512|NET|DELIVER|from=node00|to=node03|tick=31|type=core.BlockHeader
TICK000000003513|NET|DELIVER|from=node00|to=node03|tick=31|type=core.BlockHeader
TICK000000003514|NET|DELIVER|from=node00|to=node00|tick=31|type=core.BlockHeader
TICK000000003515|NODE|node00|RECV|VOTE|from=node00|H=5|phase=PREVOTE
TICK000000003516|NODE|node03|RECV|VOTE|from=node00|H=5|phase=PRECOMMIT
TICK000000003517|NODE|node02|FINALIZED|H=5
TICK000000003518|NET|DELIVER|from=node00|to=node03|tick=31|type=core.Vote
TICK000000003519|NET|DELIVER|from=node03|to=node03|tick=31|type=core.Vote
TICK000000003520|NODE|node03|RECV|VOTE|from=node03|H=5|phase=PRECOMMIT
TICK000000003521|NODE|node01|RECV|VOTE|from=node01|H=5|phase=PRECOMMIT
TICK000000003522|NET|DELIVER|from=node00|to=node03|tick=31|type=*core.Block
TICK000000003523|NODE|node00|RECV|VOTE|from=node01|H=5|phase=PREVOTE
TICK000000003524|NODE|node01|FINALIZED|H=5
TICK000000003525|NODE|node01|RECV|VOTE|from=node03|H=5|phase=PREVOTE
TICK000000003526|NET|DELIVER|from=node00|to=node03|tick=31|type=*core.Block
TICK000000003527|NET|DELIVER|from=node00|to=node00|tick=31|type=core.BlockHeader
TICK000000003528|NODE|node00|RECV|HEADER|from=node00|H=5
TICK000000003529|NET|DELIVER|from=node00|to=node01|tick=31|type=core.Vote
TICK000000003530|NET|DELIVER|from=node00|to=node01|tick=31|type=core.Vote
TICK000000003531|NET|DELIVER|from=node00|to=node03|tick=31|type=core.Vote
TICK000000003532|NODE|node03|RECV|VOTE|from=node01|H=5|phase=PRECOMMIT
TICK000000003533|NODE|node02|RECV|VOTE|from=node01|H=5|phase=PREVOTE
TICK000000003534|NET|SEND|from=node00|to=node00|deliver_tick=34|type=core.Vote
TICK000000003535|NET|DROP|from=node00|to=node01|lat=3
TICK000000003536|NET|SEND|from=node00|to=node02|deliver_tick=32|type=core.Vote
TICK000000003537|NET|SEND|from=node00|to=node03|deliver_tick=32|type=core.Vote
TICK000000003538|NODE|node00|SENT|PREVOTE|H=5
TICK000000003539|NODE|node00|RECV|HEADER|from=node00|H=5
TICK000000003540|NODE|node01|RECV|VOTE|from=node01|H=5|phase=PREVOTE
TICK000000003541|NODE|node02|RECV|VOTE|from=node03|H=5|phase=PREVOTE
TICK000000003542|NET|DELIVER|from=node02|to=node02|tick=31|type=core.Vote
TICK000000003543|NET|DELIVER|from=node02|to=node03|tick=31|type=core.Vote
TICK000000003544|NET|DELIVER|from=node02|to=node03|tick=31|type=core.Vote
TICK000000003545|NET|DELIVER|from=node01|to=node01|tick=31|type=core.Vote
TICK000000003546|NODE|node03|FINALIZED|H=5
TICK000000003547|NODE|node02|RECV|VOTE|from=node02|H=5|phase=PREVOTE
TICK000000003548|NET|SEND|from=node00|to=node03|deliver_tick=32|type=core.Vote
TICK000000003549|NET|SEND|from=node00|to=node00|deliver_tick=33|type=core.Vote
TICK000000003550|NET|SEND|from=node00|to=node01|deliver_tick=33|type=core.Vote
TICK000000003551|NET|SEND|from=node00|to=node02|deliver_tick=32|type=core.Vote
TICK000000003552|NODE|node00|SENT|PREVOTE|H=5
TICK000000003553|NODE|node02|RECV|VOTE|from=node01|H=5|phase=PREVOTE
TICK000000003554|NODE|node03|RECV|HEADER|from=node00|H=5
TICK000000003555|NODE|node01|RECV|VOTE|from=node00|H=5|phase=PREVOTE
TICK000000003556|NET|DELIVER|from=node01|to=node02|tick=31|type=core.Vote
TICK000000003557|NET|DELIVER|from=node01|to=node02|tick=31|type=core.Vote
TICK000000003558|NODE|node02|RECV|VOTE|from=node01|H=5|phase=PREVOTE
TICK000000003559|NODE|node03|RECV|HEADER|bad_parent|H=5
TICK000000003560|NODE|node03|RECV|HEADER|from=node00|H=5
TICK000000003561|NET|DELIVER|from=node01|to=node03|tick=31|type=core.Vote
TICK000000003562|NET|DELIVER|from=node02|to=node00|tick=31|type=core.Vote
TICK000000003563|NET|DELIVER|from=node02|to=node03|tick=31|type=core.Vote
TICK000000003564|NODE|node01|RECV|VOTE|from=node00|H=5|phase=PREVOTE
TICK000000003565|NODE|node00|RECV|VOTE|from=node02|H=5|phase=PREVOTE
TICK000000003566|NODE|node03|RECV|HEADER|bad_parent|H=5
TICK000000003567|NODE|node03|RECV|VOTE|from=node00|H=5|phase=PREVOTE
TICK000000003568|NET|SEND|from=node00|to=node00|deliver_tick=32|type=core.BlockHeader
TICK000000003569|NET|SEND|from=node00|to=node01|deliver_tick=33|type=core.BlockHeader
TICK000000003570|NET|SEND|from=node00|to=node02|deliver_tick=33|type=core.BlockHeader
TICK000000003571|NODE|node01|RECV|VOTE|from=node01|H=5|phase=PREVOTE
TICK000000003572|NODE|node03|RECV|VOTE|from=node03|H=5|phase=PREVOTE
TICK000000003573|NET|SEND|from=node00|to=node03|deliver_tick=32|type=core.BlockHeader
TICK000000003574|NODE|node00|PROPOSE|H=5
TICK000000003575|NODE|node03|RECV|BLOCK|from=node00|H=5|txs=1
TICK000000003576|NET|SEND|from=node01|to=node00|deliver_tick=32|type=core.BlockHeader
TICK000000003577|NET|DUP|from=node01|to=node00|tick=32
TICK000000003578|NET|SEND|from=node01|to=node01|deliver_tick=33|type=core.BlockHeader
TICK000000003579|NET|SEND|from=node01|to=node02|deliver_tick=34|type=core.BlockHeader
TICK000000003580|NET|SEND|from=node01|to=node03|deliver_tick=33|type=core.BlockHeader
TICK000000003581|NODE|node01|PROPOSE|H=6
TICK000000003582|SIM|TICK=31|DONE|finalized_by_majority=3
TICK000000003583|SIM|TICKS=31|END
TICK000000003584|NODE|node03|RECV|BLOCK|bad_parent|H=5
TICK000000003585|NODE|node03|RECV|BLOCK|from=node00|H=5|txs=1
TICK000000003586|STATE|node=node00|{
  "node00/k": "v1",
  "node01/k": "v2",
  "node02/k": "v3",
  "node03/k": "v4"
}
