2025-11-16T15:50:58.628Z|NODE|node00|PROPOSE|H=1
2025-11-16T15:50:58.633Z|NODE|node00|RECV|HEADER|from=node00|H=1
2025-11-16T15:50:58.633Z|NODE|node02|RECV|HEADER|from=node00|H=1
2025-11-16T15:50:58.633Z|NODE|node00|PROPOSE|H=1
2025-11-16T15:50:58.634Z|NODE|node00|SENT|PREVOTE|H=1
2025-11-16T15:50:58.639Z|NODE|node07|RECV|HEADER|from=node00|H=1
2025-11-16T15:50:58.639Z|NODE|node03|RECV|HEADER|from=node00|H=1
2025-11-16T15:50:58.639Z|NODE|node02|RECV|VOTE|from=node00|H=1|phase=PREVOTE
2025-11-16T15:50:58.639Z|NODE|node05|RECV|HEADER|from=node00|H=1
2025-11-16T15:50:58.639Z|NODE|node00|PROPOSE|H=1
2025-11-16T15:50:58.639Z|NODE|node03|RECV|HEADER|from=node00|H=1
2025-11-16T15:50:58.639Z|NODE|node05|RECV|VOTE|from=node00|H=1|phase=PREVOTE
2025-11-16T15:50:58.645Z|NODE|node01|RECV|HEADER|from=node00|H=1
2025-11-16T15:50:58.645Z|NODE|node05|RECV|HEADER|from=node00|H=1
2025-11-16T15:50:58.645Z|NODE|node04|RECV|HEADER|from=node00|H=1
2025-11-16T15:50:58.645Z|NODE|node06|RECV|HEADER|from=node00|H=1
2025-11-16T15:50:58.645Z|NODE|node00|PROPOSE|H=1
2025-11-16T15:50:58.646Z|NODE|node07|RECV|HEADER|from=node00|H=1
2025-11-16T15:50:58.646Z|NODE|node00|RECV|HEADER|from=node00|H=1
2025-11-16T15:50:58.646Z|NODE|node01|RECV|HEADER|from=node00|H=1
2025-11-16T15:50:58.646Z|NODE|node04|RECV|VOTE|from=node00|H=1|phase=PREVOTE
2025-11-16T15:50:58.646Z|NODE|node06|RECV|HEADER|from=node00|H=1
2025-11-16T15:50:58.646Z|NODE|node00|SENT|PREVOTE|H=1
2025-11-16T15:50:58.646Z|NODE|node01|RECV|HEADER|from=node00|H=1
2025-11-16T15:50:58.646Z|NODE|node06|RECV|VOTE|from=node00|H=1|phase=PREVOTE
2025-11-16T15:50:58.647Z|NODE|node06|RECV|HEADER|from=node00|H=1
2025-11-16T15:50:58.651Z|NODE|node02|RECV|HEADER|from=node00|H=1
2025-11-16T15:50:58.651Z|NODE|node07|RECV|HEADER|from=node00|H=1
2025-11-16T15:50:58.651Z|NODE|node00|RECV|VOTE|from=node00|H=1|phase=PREVOTE
2025-11-16T15:50:58.652Z|NODE|node03|RECV|VOTE|from=node00|H=1|phase=PREVOTE
2025-11-16T15:50:58.652Z|NODE|node01|RECV|VOTE|from=node00|H=1|phase=PREVOTE
2025-11-16T15:50:58.652Z|NODE|node04|RECV|HEADER|from=node00|H=1
2025-11-16T15:50:58.652Z|NODE|node05|RECV|HEADER|from=node00|H=1
2025-11-16T15:50:58.652Z|NODE|node04|RECV|HEADER|from=node00|H=1
2025-11-16T15:50:58.652Z|NODE|node06|RECV|HEADER|from=node00|H=1
2025-11-16T15:50:58.652Z|NODE|node00|PROPOSE|H=1
2025-11-16T15:50:58.652Z|NODE|node02|RECV|VOTE|from=node00|H=1|phase=PREVOTE
2025-11-16T15:50:58.652Z|NODE|node07|RECV|VOTE|from=node00|H=1|phase=PREVOTE
2025-11-16T15:50:58.653Z|NODE|node03|RECV|HEADER|from=node00|H=1
2025-11-16T15:50:58.653Z|NODE|node01|RECV|VOTE|from=node00|H=1|phase=PREVOTE
2025-11-16T15:50:58.653Z|NODE|node05|RECV|HEADER|from=node00|H=1
2025-11-16T15:50:58.653Z|NODE|node06|RECV|VOTE|from=node00|H=1|phase=PREVOTE
2025-11-16T15:50:58.653Z|NODE|node00|RECV|HEADER|from=node00|H=1
2025-11-16T15:50:58.653Z|NODE|node05|RECV|VOTE|from=node00|H=1|phase=PREVOTE
2025-11-16T15:50:58.653Z|NODE|node00|SENT|PREVOTE|H=1
2025-11-16T15:50:58.653Z|NODE|node00|RECV|HEADER|from=node00|H=1
2025-11-16T15:50:58.653Z|NODE|node00|SENT|PREVOTE|H=1
2025-11-16T15:50:58.654Z|NODE|node00|RECV|VOTE|from=node00|H=1|phase=PREVOTE
2025-11-16T15:50:58.658Z|NODE|node05|RECV|HEADER|from=node00|H=1
2025-11-16T15:50:58.658Z|NODE|node03|RECV|HEADER|from=node00|H=1
2025-11-16T15:50:58.658Z|NODE|node07|RECV|VOTE|from=node00|H=1|phase=PREVOTE
2025-11-16T15:50:58.658Z|NODE|node04|RECV|HEADER|from=node00|H=1
2025-11-16T15:50:58.659Z|NODE|node02|RECV|HEADER|from=node00|H=1
2025-11-16T15:50:58.659Z|NODE|node00|RECV|VOTE|from=node00|H=1|phase=PREVOTE
2025-11-16T15:50:58.659Z|NODE|node00|PROPOSE|H=1
2025-11-16T15:50:58.659Z|NODE|node05|RECV|VOTE|from=node00|H=1|phase=PREVOTE
2025-11-16T15:50:58.659Z|NODE|node03|RECV|HEADER|from=node00|H=1
2025-11-16T15:50:58.659Z|NODE|node04|RECV|VOTE|from=node00|H=1|phase=PREVOTE
2025-11-16T15:50:58.659Z|NODE|node02|RECV|HEADER|from=node00|H=1
2025-11-16T15:50:58.660Z|NODE|node02|RECV|HEADER|from=node00|H=1
2025-11-16T15:50:58.664Z|NODE|node04|RECV|VOTE|from=node00|H=1|phase=PREVOTE
2025-11-16T15:50:58.664Z|NODE|node04|RECV|VOTE|from=node00|H=1|phase=PREVOTE
2025-11-16T15:50:58.665Z|NODE|node00|RECV|HEADER|from=node00|H=1
2025-11-16T15:50:58.665Z|NODE|node05|RECV|VOTE|from=node00|H=1|phase=PREVOTE
2025-11-16T15:50:58.665Z|NODE|node01|RECV|HEADER|from=node00|H=1
2025-11-16T15:50:58.665Z|NODE|node07|RECV|HEADER|from=node00|H=1
2025-11-16T15:50:58.665Z|NODE|node02|RECV|VOTE|from=node00|H=1|phase=PREVOTE
2025-11-16T15:50:58.665Z|NODE|node03|RECV|VOTE|from=node00|H=1|phase=PREVOTE
2025-11-16T15:50:58.666Z|NODE|node03|RECV|VOTE|from=node00|H=1|phase=PREVOTE
2025-11-16T15:50:58.666Z|NODE|node00|PROPOSE|H=1
2025-11-16T15:50:58.666Z|NODE|node00|SENT|PREVOTE|H=1
2025-11-16T15:50:58.666Z|NODE|node01|RECV|VOTE|from=node00|H=1|phase=PREVOTE
2025-11-16T15:50:58.666Z|NODE|node07|RECV|HEADER|from=node00|H=1
2025-11-16T15:50:58.666Z|NODE|node01|RECV|HEADER|from=node00|H=1
2025-11-16T15:50:58.666Z|NODE|node07|RECV|VOTE|from=node00|H=1|phase=PREVOTE
2025-11-16T15:50:58.666Z|NODE|node07|RECV|HEADER|from=node00|H=1
2025-11-16T15:50:58.671Z|NODE|node03|RECV|VOTE|from=node00|H=1|phase=PREVOTE
2025-11-16T15:50:58.671Z|NODE|node04|RECV|HEADER|from=node00|H=1
2025-11-16T15:50:58.672Z|NODE|node01|RECV|HEADER|from=node00|H=1
2025-11-16T15:50:58.673Z|NODE|node00|RECV|VOTE|from=node00|H=1|phase=PREVOTE
2025-11-16T15:50:58.673Z|NODE|node06|RECV|HEADER|from=node00|H=1
2025-11-16T15:50:58.673Z|NODE|node00|PROPOSE|H=1
2025-11-16T15:50:58.673Z|NODE|node02|RECV|VOTE|from=node00|H=1|phase=PREVOTE
2025-11-16T15:50:58.673Z|NODE|node02|RECV|VOTE|from=node00|H=1|phase=PREVOTE
2025-11-16T15:50:58.673Z|NODE|node07|RECV|VOTE|from=node00|H=1|phase=PREVOTE
2025-11-16T15:50:58.674Z|NODE|node04|RECV|HEADER|from=node00|H=1
2025-11-16T15:50:58.674Z|NODE|node01|RECV|VOTE|from=node00|H=1|phase=PREVOTE
2025-11-16T15:50:58.674Z|NODE|node01|RECV|HEADER|from=node00|H=1
2025-11-16T15:50:58.674Z|NODE|node06|RECV|VOTE|from=node00|H=1|phase=PREVOTE
2025-11-16T15:50:58.674Z|NODE|node06|RECV|VOTE|from=node00|H=1|phase=PREVOTE
2025-11-16T15:50:58.674Z|NODE|node06|RECV|HEADER|from=node00|H=1
2025-11-16T15:50:58.674Z|NODE|node07|RECV|HEADER|from=node00|H=1
2025-11-16T15:50:58.674Z|NODE|node04|RECV|HEADER|from=node00|H=1
2025-11-16T15:50:58.674Z|NODE|node06|RECV|HEADER|from=node00|H=1
2025-11-16T15:50:58.678Z|NODE|node03|RECV|HEADER|from=node00|H=1
2025-11-16T15:50:58.678Z|NODE|node02|RECV|HEADER|from=node00|H=1
2025-11-16T15:50:58.679Z|NODE|node01|RECV|HEADER|from=node00|H=1
2025-11-16T15:50:58.679Z|NODE|node00|RECV|HEADER|from=node00|H=1
2025-11-16T15:50:58.679Z|NODE|node05|RECV|HEADER|from=node00|H=1
2025-11-16T15:50:58.679Z|NODE|node06|RECV|HEADER|from=node00|H=1
2025-11-16T15:50:58.679Z|NODE|node04|RECV|HEADER|from=node00|H=1
2025-11-16T15:50:58.679Z|NODE|node00|PROPOSE|H=1
2025-11-16T15:50:58.680Z|NODE|node03|RECV|VOTE|from=node00|H=1|phase=PREVOTE
2025-11-16T15:50:58.680Z|NODE|node02|RECV|HEADER|from=node00|H=1
2025-11-16T15:50:58.680Z|NODE|node00|SENT|PREVOTE|H=1
2025-11-16T15:50:58.680Z|NODE|node00|RECV|VOTE|from=node00|H=1|phase=PREVOTE
2025-11-16T15:50:58.681Z|NODE|node05|RECV|HEADER|from=node00|H=1
2025-11-16T15:50:58.681Z|NODE|node05|RECV|VOTE|from=node00|H=1|phase=PREVOTE
2025-11-16T15:50:58.685Z|NODE|node07|RECV|VOTE|from=node00|H=1|phase=PREVOTE
2025-11-16T15:50:58.686Z|NODE|node07|RECV|HEADER|from=node00|H=1
2025-11-16T15:50:58.686Z|NODE|node02|RECV|HEADER|from=node00|H=1
2025-11-16T15:50:58.686Z|NODE|node00|RECV|HEADER|from=node00|H=1
2025-11-16T15:50:58.686Z|NODE|node03|RECV|HEADER|from=node00|H=1
2025-11-16T15:50:58.686Z|NODE|node04|RECV|VOTE|from=node00|H=1|phase=PREVOTE
2025-11-16T15:50:58.686Z|NODE|node04|RECV|HEADER|from=node00|H=1
2025-11-16T15:50:58.687Z|NODE|node01|RECV|VOTE|from=node00|H=1|phase=PREVOTE
2025-11-16T15:50:58.687Z|NODE|node06|RECV|VOTE|from=node00|H=1|phase=PREVOTE
2025-11-16T15:50:58.687Z|NODE|node00|PROPOSE|H=1
2025-11-16T15:50:58.687Z|NODE|node05|RECV|HEADER|from=node00|H=1
2025-11-16T15:50:58.687Z|NODE|node07|RECV|HEADER|from=node00|H=1
2025-11-16T15:50:58.687Z|NODE|node02|RECV|HEADER|from=node00|H=1
2025-11-16T15:50:58.687Z|NODE|node00|SENT|PREVOTE|H=1
2025-11-16T15:50:58.687Z|NODE|node03|RECV|HEADER|from=node00|H=1
2025-11-16T15:50:58.687Z|NODE|node01|RECV|HEADER|from=node00|H=1
2025-11-16T15:50:58.688Z|NODE|node05|RECV|HEADER|from=node00|H=1
2025-11-16T15:50:58.688Z|NODE|node00|RECV|VOTE|from=node00|H=1|phase=PREVOTE
2025-11-16T15:50:58.688Z|NODE|node03|RECV|VOTE|from=node00|H=1|phase=PREVOTE
2025-11-16T15:50:58.692Z|NODE|node00|RECV|HEADER|from=node00|H=1
2025-11-16T15:50:58.692Z|NODE|node06|RECV|HEADER|from=node00|H=1
2025-11-16T15:50:58.692Z|NODE|node01|RECV|HEADER|from=node00|H=1
2025-11-16T15:50:58.693Z|NODE|node06|RECV|VOTE|from=node00|H=1|phase=PREVOTE
2025-11-16T15:50:58.693Z|NODE|node05|RECV|VOTE|from=node00|H=1|phase=PREVOTE
2025-11-16T15:50:58.693Z|NODE|node05|RECV|HEADER|from=node00|H=1
2025-11-16T15:50:58.693Z|NODE|node03|RECV|HEADER|from=node00|H=1
2025-11-16T15:50:58.693Z|NODE|node02|RECV|VOTE|from=node00|H=1|phase=PREVOTE
2025-11-16T15:50:58.693Z|NODE|node04|RECV|HEADER|from=node00|H=1
2025-11-16T15:50:58.693Z|NODE|node07|RECV|VOTE|from=node00|H=1|phase=PREVOTE
2025-11-16T15:50:58.694Z|NODE|node00|PROPOSE|H=1
2025-11-16T15:50:58.694Z|NODE|node00|SENT|PREVOTE|H=1
2025-11-16T15:50:58.694Z|NODE|node06|RECV|VOTE|from=node00|H=1|phase=PREVOTE
2025-11-16T15:50:58.699Z|NODE|node04|RECV|VOTE|from=node00|H=1|phase=PREVOTE
2025-11-16T15:50:58.699Z|NODE|node04|RECV|VOTE|from=node00|H=1|phase=PREVOTE
2025-11-16T15:50:58.699Z|NODE|node04|RECV|VOTE|from=node00|H=1|phase=PREVOTE
2025-11-16T15:50:58.700Z|NODE|node07|RECV|VOTE|from=node00|H=1|phase=PREVOTE
2025-11-16T15:50:58.700Z|NODE|node07|RECV|HEADER|from=node00|H=1
2025-11-16T15:50:58.700Z|NODE|node02|RECV|VOTE|from=node00|H=1|phase=PREVOTE
2025-11-16T15:50:58.700Z|NODE|node05|RECV|VOTE|from=node00|H=1|phase=PREVOTE
2025-11-16T15:50:58.700Z|NODE|node01|RECV|VOTE|from=node00|H=1|phase=PREVOTE
2025-11-16T15:50:58.700Z|NODE|node01|RECV|HEADER|from=node00|H=1
2025-11-16T15:50:58.701Z|NODE|node00|RECV|HEADER|from=node00|H=1
2025-11-16T15:50:58.701Z|NODE|node03|RECV|VOTE|from=node00|H=1|phase=PREVOTE
2025-11-16T15:50:58.701Z|NODE|node00|PROPOSE|H=1
2025-11-16T15:50:58.701Z|NODE|node07|RECV|HEADER|from=node00|H=1
2025-11-16T15:50:58.701Z|NODE|node02|RECV|HEADER|from=node00|H=1
2025-11-16T15:50:58.701Z|NODE|node00|SENT|PREVOTE|H=1
2025-11-16T15:50:58.706Z|NODE|node00|RECV|VOTE|from=node00|H=1|phase=PREVOTE
2025-11-16T15:50:58.714Z|NODE|node00|PROPOSE|H=1
2025-11-16T15:50:58.717Z|NODE|node00|RECV|HEADER|from=node00|H=1
2025-11-16T15:50:58.725Z|NODE|node06|RECV|HEADER|from=node00|H=1
2025-11-16T15:50:58.729Z|NODE|node02|RECV|HEADER|from=node00|H=1
2025-11-16T15:50:58.730Z|NODE|node03|RECV|HEADER|from=node00|H=1
2025-11-16T15:50:58.731Z|NODE|node01|RECV|VOTE|from=node00|H=1|phase=PREVOTE
2025-11-16T15:50:58.732Z|NODE|node05|RECV|HEADER|from=node00|H=1
2025-11-16T15:50:58.733Z|NODE|node04|RECV|VOTE|from=node00|H=1|phase=PREVOTE
2025-11-16T15:50:58.733Z|NODE|node07|RECV|VOTE|from=node00|H=1|phase=PREVOTE
2025-11-16T15:50:58.733Z|NODE|node00|PROPOSE|H=1
2025-11-16T15:50:58.733Z|NODE|node00|SENT|PREVOTE|H=1
2025-11-16T15:50:58.734Z|NODE|node06|RECV|HEADER|from=node00|H=1
2025-11-16T15:50:58.734Z|NODE|node02|RECV|HEADER|from=node00|H=1
2025-11-16T15:50:58.734Z|NODE|node03|RECV|VOTE|from=node00|H=1|phase=PREVOTE
2025-11-16T15:50:58.734Z|NODE|node01|RECV|VOTE|from=node00|H=1|phase=PREVOTE
2025-11-16T15:50:58.734Z|NODE|node05|RECV|VOTE|from=node00|H=1|phase=PREVOTE
2025-11-16T15:50:58.734Z|NODE|node04|RECV|HEADER|from=node00|H=1
2025-11-16T15:50:58.735Z|NODE|node07|RECV|HEADER|from=node00|H=1
2025-11-16T15:50:58.735Z|NODE|node00|RECV|VOTE|from=node00|H=1|phase=PREVOTE
2025-11-16T15:50:58.735Z|NODE|node06|RECV|HEADER|from=node00|H=1
2025-11-16T15:50:58.735Z|NODE|node02|RECV|VOTE|from=node00|H=1|phase=PREVOTE
2025-11-16T15:50:58.735Z|NODE|node02|RECV|VOTE|from=node00|H=1|phase=PREVOTE
2025-11-16T15:50:58.735Z|NODE|node03|RECV|HEADER|from=node00|H=1
2025-11-16T15:50:58.735Z|NODE|node05|RECV|VOTE|from=node00|H=1|phase=PREVOTE
2025-11-16T15:50:58.735Z|NODE|node04|RECV|HEADER|from=node00|H=1
2025-11-16T15:50:58.735Z|NODE|node00|RECV|HEADER|from=node00|H=1
2025-11-16T15:50:58.736Z|NODE|node06|RECV|VOTE|from=node00|H=1|phase=PREVOTE
2025-11-16T15:50:58.736Z|NODE|node06|RECV|VOTE|from=node00|H=1|phase=PREVOTE
2025-11-16T15:50:58.736Z|NODE|node02|RECV|HEADER|from=node00|H=1
2025-11-16T15:50:58.736Z|NODE|node03|RECV|HEADER|from=node00|H=1
2025-11-16T15:50:58.736Z|NODE|node05|RECV|HEADER|from=node00|H=1
2025-11-16T15:50:58.736Z|NODE|node04|RECV|HEADER|from=node00|H=1
2025-11-16T15:50:58.736Z|NODE|node00|SENT|PREVOTE|H=1
2025-11-16T15:50:58.736Z|NODE|node00|RECV|HEADER|from=node00|H=1
2025-11-16T15:50:58.736Z|NODE|node03|RECV|VOTE|from=node00|H=1|phase=PREVOTE
2025-11-16T15:50:58.736Z|NODE|node00|SENT|PREVOTE|H=1
2025-11-16T15:50:58.736Z|NODE|node00|RECV|VOTE|from=node00|H=1|phase=PREVOTE
2025-11-16T15:50:58.739Z|NODE|node00|RECV|VOTE|from=node00|H=1|phase=PREVOTE
2025-11-16T15:50:58.739Z|NODE|node05|RECV|HEADER|from=node00|H=1
2025-11-16T15:50:58.739Z|NODE|node01|RECV|HEADER|from=node00|H=1
2025-11-16T15:50:58.739Z|NODE|node07|RECV|HEADER|from=node00|H=1
2025-11-16T15:50:58.740Z|NODE|node04|RECV|VOTE|from=node00|H=1|phase=PREVOTE
2025-11-16T15:50:58.740Z|NODE|node04|RECV|VOTE|from=node00|H=1|phase=PREVOTE
2025-11-16T15:50:58.740Z|NODE|node03|RECV|HEADER|from=node00|H=1
2025-11-16T15:50:58.740Z|NODE|node02|RECV|VOTE|from=node00|H=1|phase=PREVOTE
2025-11-16T15:50:58.740Z|NODE|node06|RECV|HEADER|from=node00|H=1
2025-11-16T15:50:58.740Z|NODE|node00|PROPOSE|H=1
2025-11-16T15:50:58.740Z|NODE|node05|RECV|HEADER|from=node00|H=1
2025-11-16T15:50:58.740Z|NODE|node01|RECV|VOTE|from=node00|H=1|phase=PREVOTE
2025-11-16T15:50:58.741Z|NODE|node07|RECV|VOTE|from=node00|H=1|phase=PREVOTE
2025-11-16T15:50:58.741Z|NODE|node07|RECV|VOTE|from=node00|H=1|phase=PREVOTE
2025-11-16T15:50:58.741Z|NODE|node03|RECV|HEADER|from=node00|H=1
2025-11-16T15:50:58.741Z|NODE|node06|RECV|VOTE|from=node00|H=1|phase=PREVOTE
2025-11-16T15:50:58.741Z|NODE|node05|RECV|VOTE|from=node00|H=1|phase=PREVOTE
2025-11-16T15:50:58.741Z|NODE|node03|RECV|VOTE|from=node00|H=1|phase=PREVOTE
2025-11-16T15:50:58.746Z|NODE|node03|RECV|VOTE|from=node00|H=1|phase=PREVOTE
2025-11-16T15:50:58.746Z|NODE|node05|RECV|VOTE|from=node00|H=1|phase=PREVOTE
2025-11-16T15:50:58.746Z|NODE|node04|RECV|HEADER|from=node00|H=1
2025-11-16T15:50:58.746Z|NODE|node02|RECV|HEADER|from=node00|H=1
2025-11-16T15:50:58.746Z|NODE|node01|RECV|HEADER|from=node00|H=1
2025-11-16T15:50:58.746Z|NODE|node02|RECV|VOTE|from=node00|H=1|phase=PREVOTE
2025-11-16T15:50:58.746Z|NODE|node02|RECV|VOTE|from=node00|H=1|phase=PREVOTE
2025-11-16T15:50:58.746Z|NODE|node02|RECV|HEADER|from=node00|H=1
2025-11-16T15:50:58.747Z|NODE|node00|RECV|HEADER|from=node00|H=1
2025-11-16T15:50:58.747Z|NODE|node06|RECV|VOTE|from=node00|H=1|phase=PREVOTE
2025-11-16T15:50:58.747Z|NODE|node07|RECV|VOTE|from=node00|H=1|phase=PREVOTE
2025-11-16T15:50:58.747Z|NODE|node07|RECV|VOTE|from=node00|H=1|phase=PREVOTE
2025-11-16T15:50:58.747Z|NODE|node00|PROPOSE|H=1
2025-11-16T15:50:58.747Z|NODE|node04|RECV|VOTE|from=node00|H=1|phase=PREVOTE
2025-11-16T15:50:58.747Z|NODE|node01|RECV|VOTE|from=node00|H=1|phase=PREVOTE
2025-11-16T15:50:58.747Z|NODE|node01|RECV|VOTE|from=node00|H=1|phase=PREVOTE
2025-11-16T15:50:58.747Z|NODE|node01|RECV|VOTE|from=node00|H=1|phase=PREVOTE
2025-11-16T15:50:58.748Z|NODE|node00|SENT|PREVOTE|H=1
2025-11-16T15:50:58.748Z|NODE|node07|RECV|HEADER|from=node00|H=1
2025-11-16T15:50:58.748Z|NODE|node00|RECV|HEADER|from=node00|H=1
2025-11-16T15:50:58.748Z|NODE|node00|SENT|PREVOTE|H=1
2025-11-16T15:50:58.748Z|NODE|node00|RECV|HEADER|from=node00|H=1
2025-11-16T15:50:58.749Z|NODE|node00|SENT|PREVOTE|H=1
2025-11-16T15:50:58.753Z|NODE|node00|RECV|VOTE|from=node00|H=1|phase=PREVOTE
2025-11-16T15:50:58.753Z|NODE|node05|RECV|VOTE|from=node00|H=1|phase=PREVOTE
2025-11-16T15:50:58.753Z|NODE|node05|RECV|VOTE|from=node00|H=1|phase=PREVOTE
2025-11-16T15:50:58.753Z|NODE|node03|RECV|VOTE|from=node00|H=1|phase=PREVOTE
2025-11-16T15:50:58.753Z|NODE|node03|RECV|HEADER|from=node00|H=1
2025-11-16T15:50:58.753Z|NODE|node07|RECV|HEADER|from=node00|H=1
2025-11-16T15:50:58.754Z|NODE|node04|RECV|VOTE|from=node00|H=1|phase=PREVOTE
2025-11-16T15:50:58.754Z|NODE|node06|RECV|HEADER|from=node00|H=1
2025-11-16T15:50:58.754Z|NODE|node01|RECV|HEADER|from=node00|H=1
2025-11-16T15:50:58.754Z|NODE|node02|RECV|VOTE|from=node00|H=1|phase=PREVOTE
2025-11-16T15:50:58.754Z|NODE|node02|RECV|VOTE|from=node00|H=1|phase=PREVOTE
2025-11-16T15:50:58.754Z|NODE|node00|PROPOSE|H=1
2025-11-16T15:50:58.754Z|NODE|node03|RECV|HEADER|from=node00|H=1
2025-11-16T15:50:58.754Z|NODE|node07|RECV|VOTE|from=node00|H=1|phase=PREVOTE
2025-11-16T15:50:58.755Z|NODE|node06|RECV|VOTE|from=node00|H=1|phase=PREVOTE
2025-11-16T15:50:58.755Z|NODE|node06|RECV|HEADER|from=node00|H=1
2025-11-16T15:50:58.755Z|NODE|node00|RECV|VOTE|from=node00|H=1|phase=PREVOTE
2025-11-16T15:50:58.755Z|NODE|node00|RECV|HEADER|from=node00|H=1
2025-11-16T15:50:58.755Z|NODE|node03|RECV|VOTE|from=node00|H=1|phase=PREVOTE
2025-11-16T15:50:58.755Z|NODE|node00|SENT|PREVOTE|H=1
2025-11-16T15:50:58.756Z|NODE|node00|RECV|VOTE|from=node00|H=1|phase=PREVOTE
2025-11-16T15:50:58.760Z|NODE|node05|RECV|HEADER|from=node00|H=1
2025-11-16T15:50:58.760Z|NODE|node01|RECV|HEADER|from=node00|H=1
2025-11-16T15:50:58.760Z|NODE|node06|RECV|HEADER|from=node00|H=1
2025-11-16T15:50:58.760Z|NODE|node00|RECV|VOTE|from=node00|H=1|phase=PREVOTE
2025-11-16T15:50:58.760Z|NODE|node04|RECV|HEADER|from=node00|H=1
2025-11-16T15:50:58.760Z|NODE|node07|RECV|HEADER|from=node00|H=1
2025-11-16T15:50:58.760Z|NODE|node02|RECV|HEADER|from=node00|H=1
2025-11-16T15:50:58.760Z|NODE|node03|RECV|VOTE|from=node00|H=1|phase=PREVOTE
2025-11-16T15:50:58.761Z|NODE|node03|RECV|VOTE|from=node00|H=1|phase=PREVOTE
2025-11-16T15:50:58.761Z|NODE|node00|PROPOSE|H=1
2025-11-16T15:50:58.761Z|NODE|node05|RECV|HEADER|from=node00|H=1
2025-11-16T15:50:58.761Z|NODE|node01|RECV|VOTE|from=node00|H=1|phase=PREVOTE
2025-11-16T15:50:58.761Z|NODE|node06|RECV|VOTE|from=node00|H=1|phase=PREVOTE
2025-11-16T15:50:58.761Z|NODE|node04|RECV|HEADER|from=node00|H=1
2025-11-16T15:50:58.761Z|NODE|node07|RECV|VOTE|from=node00|H=1|phase=PREVOTE
2025-11-16T15:50:58.761Z|NODE|node02|RECV|VOTE|from=node00|H=1|phase=PREVOTE
2025-11-16T15:50:58.761Z|NODE|node02|RECV|HEADER|from=node00|H=1
2025-11-16T15:50:58.761Z|NODE|node00|RECV|VOTE|from=node00|H=1|phase=PREVOTE
2025-11-16T15:50:58.762Z|NODE|node05|RECV|VOTE|from=node00|H=1|phase=PREVOTE
2025-11-16T15:50:58.762Z|NODE|node05|RECV|HEADER|from=node00|H=1
2025-11-16T15:50:58.762Z|NODE|node06|RECV|VOTE|from=node00|H=1|phase=PREVOTE
2025-11-16T15:50:58.762Z|NODE|node04|RECV|VOTE|from=node00|H=1|phase=PREVOTE
2025-11-16T15:50:58.762Z|NODE|node04|RECV|VOTE|from=node00|H=1|phase=PREVOTE
2025-11-16T15:50:58.762Z|NODE|node00|RECV|HEADER|from=node00|H=1
2025-11-16T15:50:58.762Z|NODE|node00|SENT|PREVOTE|H=1
2025-11-16T15:50:58.766Z|NODE|node06|RECV|VOTE|from=node00|H=1|phase=PREVOTE
2025-11-16T15:50:58.766Z|NODE|node06|RECV|HEADER|from=node00|H=1
2025-11-16T15:50:58.766Z|NODE|node00|RECV|HEADER|from=node00|H=1
2025-11-16T15:50:58.766Z|NODE|node02|RECV|VOTE|from=node00|H=1|phase=PREVOTE
2025-11-16T15:50:58.766Z|NODE|node02|RECV|HEADER|from=node00|H=1
2025-11-16T15:50:58.767Z|NODE|node00|SENT|PREVOTE|H=1
2025-11-16T15:50:58.767Z|NODE|node03|RECV|VOTE|from=node00|H=1|phase=PREVOTE
2025-11-16T15:50:58.767Z|NODE|node01|RECV|HEADER|from=node00|H=1
2025-11-16T15:50:58.767Z|NODE|node05|RECV|VOTE|from=node00|H=1|phase=PREVOTE
2025-11-16T15:50:58.767Z|NODE|node05|RECV|VOTE|from=node00|H=1|phase=PREVOTE
2025-11-16T15:50:58.767Z|NODE|node05|RECV|VOTE|from=node00|H=1|phase=PREVOTE
2025-11-16T15:50:58.767Z|NODE|node04|RECV|VOTE|from=node00|H=1|phase=PREVOTE
2025-11-16T15:50:58.767Z|NODE|node00|PROPOSE|H=1
2025-11-16T15:50:58.767Z|NODE|node06|RECV|VOTE|from=node00|H=1|phase=PREVOTE
2025-11-16T15:50:58.768Z|NODE|node07|RECV|VOTE|from=node00|H=1|phase=PREVOTE
2025-11-16T15:50:58.768Z|NODE|node01|RECV|VOTE|from=node00|H=1|phase=PREVOTE
2025-11-16T15:50:58.768Z|NODE|node04|RECV|VOTE|from=node00|H=1|phase=PREVOTE
2025-11-16T15:50:58.768Z|NODE|node06|RECV|VOTE|from=node00|H=1|phase=PREVOTE
2025-11-16T15:50:58.769Z|NODE|node07|RECV|HEADER|from=node00|H=1
2025-11-16T15:50:58.769Z|NODE|node01|RECV|VOTE|from=node00|H=1|phase=PREVOTE
2025-11-16T15:50:58.769Z|NODE|node07|RECV|VOTE|from=node00|H=1|phase=PREVOTE
2025-11-16T15:50:58.773Z|NODE|node00|RECV|VOTE|from=node00|H=1|phase=PREVOTE
2025-11-16T15:50:58.773Z|NODE|node05|RECV|HEADER|from=node00|H=1
2025-11-16T15:50:58.773Z|NODE|node06|RECV|HEADER|from=node00|H=1
2025-11-16T15:50:58.773Z|NODE|node04|RECV|HEADER|from=node00|H=1
2025-11-16T15:50:58.773Z|NODE|node01|RECV|HEADER|from=node00|H=1
2025-11-16T15:50:58.773Z|NODE|node07|RECV|HEADER|from=node00|H=1
2025-11-16T15:50:58.773Z|NODE|node00|PROPOSE|H=1
2025-11-16T15:50:58.773Z|NODE|node03|RECV|HEADER|from=node00|H=1
2025-11-16T15:50:58.773Z|NODE|node05|RECV|VOTE|from=node00|H=1|phase=PREVOTE
2025-11-16T15:50:58.773Z|NODE|node04|RECV|HEADER|from=node00|H=1
2025-11-16T15:50:58.773Z|NODE|node01|RECV|VOTE|from=node00|H=1|phase=PREVOTE
2025-11-16T15:50:58.773Z|NODE|node07|RECV|VOTE|from=node00|H=1|phase=PREVOTE
2025-11-16T15:50:58.774Z|NODE|node00|RECV|HEADER|from=node00|H=1
2025-11-16T15:50:58.774Z|NODE|node03|RECV|VOTE|from=node00|H=1|phase=PREVOTE
2025-11-16T15:50:58.774Z|NODE|node00|SENT|PREVOTE|H=1
2025-11-16T15:50:58.774Z|NODE|node01|RECV|HEADER|from=node00|H=1
2025-11-16T15:50:58.779Z|NODE|node03|RECV|HEADER|from=node00|H=1
2025-11-16T15:50:58.779Z|NODE|node00|RECV|VOTE|from=node00|H=1|phase=PREVOTE
2025-11-16T15:50:58.779Z|NODE|node01|RECV|HEADER|from=node00|H=1
2025-11-16T15:50:58.779Z|NODE|node04|RECV|HEADER|from=node00|H=1
2025-11-16T15:50:58.779Z|NODE|node02|RECV|VOTE|from=node00|H=1|phase=PREVOTE
2025-11-16T15:50:58.779Z|NODE|node02|RECV|HEADER|from=node00|H=1
2025-11-16T15:50:58.779Z|NODE|node07|RECV|HEADER|from=node00|H=1
2025-11-16T15:50:58.779Z|NODE|node05|RECV|HEADER|from=node00|H=1
2025-11-16T15:50:58.780Z|NODE|node06|RECV|HEADER|from=node00|H=1
2025-11-16T15:50:58.780Z|NODE|node00|PROPOSE|H=1
2025-11-16T15:50:58.780Z|NODE|node00|RECV|HEADER|from=node00|H=1
2025-11-16T15:50:58.780Z|NODE|node03|RECV|VOTE|from=node00|H=1|phase=PREVOTE
2025-11-16T15:50:58.780Z|NODE|node01|RECV|VOTE|from=node00|H=1|phase=PREVOTE
2025-11-16T15:50:58.780Z|NODE|node01|RECV|HEADER|from=node00|H=1
2025-11-16T15:50:58.780Z|NODE|node04|RECV|VOTE|from=node00|H=1|phase=PREVOTE
2025-11-16T15:50:58.780Z|NODE|node02|RECV|VOTE|from=node00|H=1|phase=PREVOTE
2025-11-16T15:50:58.780Z|NODE|node07|RECV|VOTE|from=node00|H=1|phase=PREVOTE
2025-11-16T15:50:58.780Z|NODE|node07|RECV|VOTE|from=node00|H=1|phase=PREVOTE
2025-11-16T15:50:58.780Z|NODE|node06|RECV|VOTE|from=node00|H=1|phase=PREVOTE
2025-11-16T15:50:58.780Z|NODE|node03|RECV|HEADER|from=node00|H=1
2025-11-16T15:50:58.780Z|NODE|node00|SENT|PREVOTE|H=1
2025-11-16T15:50:58.781Z|NODE|node03|RECV|VOTE|from=node00|H=1|phase=PREVOTE
2025-11-16T15:50:58.785Z|NODE|node04|RECV|VOTE|from=node00|H=1|phase=PREVOTE
2025-11-16T15:50:58.785Z|NODE|node04|RECV|HEADER|from=node00|H=1
2025-11-16T15:50:58.785Z|NODE|node00|RECV|VOTE|from=node00|H=1|phase=PREVOTE
2025-11-16T15:50:58.785Z|NODE|node03|RECV|HEADER|from=node00|H=1
2025-11-16T15:50:58.785Z|NODE|node07|RECV|HEADER|from=node00|H=1
2025-11-16T15:50:58.786Z|NODE|node02|RECV|VOTE|from=node00|H=1|phase=PREVOTE
2025-11-16T15:50:58.786Z|NODE|node02|RECV|HEADER|from=node00|H=1
2025-11-16T15:50:58.786Z|NODE|node06|RECV|HEADER|from=node00|H=1
2025-11-16T15:50:58.786Z|NODE|node05|RECV|VOTE|from=node00|H=1|phase=PREVOTE
2025-11-16T15:50:58.786Z|NODE|node05|RECV|HEADER|from=node00|H=1
2025-11-16T15:50:58.786Z|NODE|node01|RECV|VOTE|from=node00|H=1|phase=PREVOTE
2025-11-16T15:50:58.786Z|NODE|node00|PROPOSE|H=1
2025-11-16T15:50:58.786Z|NODE|node03|RECV|HEADER|from=node00|H=1
2025-11-16T15:50:58.786Z|NODE|node07|RECV|VOTE|from=node00|H=1|phase=PREVOTE
2025-11-16T15:50:58.786Z|NODE|node06|RECV|HEADER|from=node00|H=1
2025-11-16T15:50:58.787Z|NODE|node01|RECV|VOTE|from=node00|H=1|phase=PREVOTE
2025-11-16T15:50:58.787Z|NODE|node01|RECV|VOTE|from=node00|H=1|phase=PREVOTE
2025-11-16T15:50:58.787Z|NODE|node06|RECV|VOTE|from=node00|H=1|phase=PREVOTE
2025-11-16T15:50:58.792Z|NODE|node05|RECV|HEADER|from=node00|H=1
2025-11-16T15:50:58.792Z|NODE|node00|RECV|VOTE|from=node00|H=1|phase=PREVOTE
2025-11-16T15:50:58.792Z|NODE|node06|RECV|VOTE|from=node00|H=1|phase=PREVOTE
2025-11-16T15:50:58.792Z|NODE|node06|RECV|HEADER|from=node00|H=1
2025-11-16T15:50:58.792Z|NODE|node07|RECV|HEADER|from=node00|H=1
2025-11-16T15:50:58.792Z|NODE|node03|RECV|VOTE|from=node00|H=1|phase=PREVOTE
2025-11-16T15:50:58.792Z|NODE|node02|RECV|HEADER|from=node00|H=1
2025-11-16T15:50:58.792Z|NODE|node00|PROPOSE|H=1
2025-11-16T15:50:58.792Z|NODE|node02|RECV|VOTE|from=node00|H=1|phase=PREVOTE
2025-11-16T15:50:58.792Z|NODE|node02|RECV|HEADER|from=node00|H=1
2025-11-16T15:50:58.798Z|NODE|node00|RECV|HEADER|from=node00|H=1
2025-11-16T15:50:58.798Z|NODE|node05|RECV|VOTE|from=node00|H=1|phase=PREVOTE
2025-11-16T15:50:58.798Z|NODE|node05|RECV|HEADER|from=node00|H=1
2025-11-16T15:50:58.799Z|NODE|node01|RECV|HEADER|from=node00|H=1
2025-11-16T15:50:58.799Z|NODE|node04|RECV|HEADER|from=node00|H=1
2025-11-16T15:50:58.799Z|NODE|node03|RECV|HEADER|from=node00|H=1
2025-11-16T15:50:58.799Z|NODE|node00|PROPOSE|H=1
2025-11-16T15:50:58.799Z|NODE|node00|SENT|PREVOTE|H=1
2025-11-16T15:50:58.799Z|NODE|node00|RECV|VOTE|from=node00|H=1|phase=PREVOTE
2025-11-16T15:50:58.799Z|NODE|node00|RECV|HEADER|from=node00|H=1
2025-11-16T15:50:58.799Z|NODE|node04|RECV|VOTE|from=node00|H=1|phase=PREVOTE
2025-11-16T15:50:58.800Z|NODE|node00|SENT|PREVOTE|H=1
2025-11-16T15:50:58.800Z|NODE|node00|RECV|HEADER|from=node00|H=1
2025-11-16T15:50:58.800Z|NODE|node00|SENT|PREVOTE|H=1
2025-11-16T15:50:58.804Z|NODE|node04|RECV|HEADER|from=node00|H=1
2025-11-16T15:50:58.804Z|NODE|node07|RECV|HEADER|from=node00|H=1
2025-11-16T15:50:58.804Z|NODE|node05|RECV|HEADER|from=node00|H=1
2025-11-16T15:50:58.804Z|NODE|node03|RECV|HEADER|from=node00|H=1
2025-11-16T15:50:58.805Z|NODE|node01|RECV|HEADER|from=node00|H=1
2025-11-16T15:50:58.805Z|NODE|node06|RECV|HEADER|from=node00|H=1
2025-11-16T15:50:58.805Z|NODE|node02|RECV|HEADER|from=node00|H=1
2025-11-16T15:50:58.805Z|NODE|node00|RECV|VOTE|from=node00|H=1|phase=PREVOTE
2025-11-16T15:50:58.806Z|NODE|node00|PROPOSE|H=1
2025-11-16T15:50:58.806Z|NODE|node07|RECV|HEADER|from=node00|H=1
2025-11-16T15:50:58.806Z|NODE|node05|RECV|VOTE|from=node00|H=1|phase=PREVOTE
2025-11-16T15:50:58.806Z|NODE|node03|RECV|HEADER|from=node00|H=1
2025-11-16T15:50:58.806Z|NODE|node01|RECV|VOTE|from=node00|H=1|phase=PREVOTE
2025-11-16T15:50:58.806Z|NODE|node01|RECV|VOTE|from=node00|H=1|phase=PREVOTE
2025-11-16T15:50:58.806Z|NODE|node02|RECV|HEADER|from=node00|H=1
2025-11-16T15:50:58.806Z|NODE|node00|RECV|VOTE|from=node00|H=1|phase=PREVOTE
2025-11-16T15:50:58.807Z|NODE|node07|RECV|VOTE|from=node00|H=1|phase=PREVOTE
2025-11-16T15:50:58.807Z|NODE|node07|RECV|VOTE|from=node00|H=1|phase=PREVOTE
2025-11-16T15:50:58.807Z|NODE|node03|RECV|VOTE|from=node00|H=1|phase=PREVOTE
2025-11-16T15:50:58.807Z|NODE|node03|RECV|VOTE|from=node00|H=1|phase=PREVOTE
2025-11-16T15:50:58.807Z|NODE|node02|RECV|VOTE|from=node00|H=1|phase=PREVOTE
2025-11-16T15:50:58.807Z|NODE|node02|RECV|VOTE|from=node00|H=1|phase=PREVOTE
2025-11-16T15:50:58.811Z|NODE|node00|RECV|HEADER|from=node00|H=1
2025-11-16T15:50:58.811Z|NODE|node04|RECV|HEADER|from=node00|H=1
2025-11-16T15:50:58.811Z|NODE|node00|SENT|PREVOTE|H=1
2025-11-16T15:50:58.811Z|NODE|node00|RECV|VOTE|from=node00|H=1|phase=PREVOTE
2025-11-16T15:50:58.812Z|NODE|node01|RECV|HEADER|from=node00|H=1
2025-11-16T15:50:58.812Z|NODE|node05|RECV|VOTE|from=node00|H=1|phase=PREVOTE
2025-11-16T15:50:58.812Z|NODE|node05|RECV|VOTE|from=node00|H=1|phase=PREVOTE
2025-11-16T15:50:58.812Z|NODE|node07|RECV|HEADER|from=node00|H=1
2025-11-16T15:50:58.812Z|NODE|node06|RECV|VOTE|from=node00|H=1|phase=PREVOTE
2025-11-16T15:50:58.812Z|NODE|node02|RECV|VOTE|from=node00|H=1|phase=PREVOTE
2025-11-16T15:50:58.813Z|NODE|node00|PROPOSE|H=1
2025-11-16T15:50:58.813Z|NODE|node04|RECV|VOTE|from=node00|H=1|phase=PREVOTE
2025-11-16T15:50:58.813Z|NODE|node05|RECV|HEADER|from=node00|H=1
2025-11-16T15:50:58.813Z|NODE|node07|RECV|VOTE|from=node00|H=1|phase=PREVOTE
2025-11-16T15:50:58.814Z|NODE|node06|RECV|VOTE|from=node00|H=1|phase=PREVOTE
2025-11-16T15:50:58.814Z|NODE|node06|RECV|VOTE|from=node00|H=1|phase=PREVOTE
2025-11-16T15:50:58.814Z|NODE|node04|RECV|VOTE|from=node00|H=1|phase=PREVOTE
2025-11-16T15:50:58.814Z|NODE|node04|RECV|HEADER|from=node00|H=1
2025-11-16T15:50:58.819Z|NODE|node05|RECV|HEADER|from=node00|H=1
2025-11-16T15:50:58.819Z|NODE|node00|PROPOSE|H=1
2025-11-16T15:50:58.819Z|NODE|node00|RECV|HEADER|from=node00|H=1
2025-11-16T15:50:58.819Z|NODE|node03|RECV|VOTE|from=node00|H=1|phase=PREVOTE
2025-11-16T15:50:58.819Z|NODE|node03|RECV|HEADER|from=node00|H=1
2025-11-16T15:50:58.819Z|NODE|node06|RECV|HEADER|from=node00|H=1
2025-11-16T15:50:58.819Z|NODE|node01|RECV|HEADER|from=node00|H=1
2025-11-16T15:50:58.820Z|NODE|node04|RECV|HEADER|from=node00|H=1
2025-11-16T15:50:58.820Z|NODE|node05|RECV|VOTE|from=node00|H=1|phase=PREVOTE
2025-11-16T15:50:58.820Z|NODE|node00|SENT|PREVOTE|H=1
2025-11-16T15:50:58.820Z|NODE|node01|RECV|VOTE|from=node00|H=1|phase=PREVOTE
2025-11-16T15:50:58.820Z|NODE|node04|RECV|VOTE|from=node00|H=1|phase=PREVOTE
2025-11-16T15:50:58.820Z|NODE|node04|RECV|VOTE|from=node00|H=1|phase=PREVOTE
2025-11-16T15:50:58.824Z|NODE|node06|RECV|HEADER|from=node00|H=1
2025-11-16T15:50:58.824Z|NODE|node07|RECV|HEADER|from=node00|H=1
2025-11-16T15:50:58.824Z|NODE|node02|RECV|HEADER|from=node00|H=1
2025-11-16T15:50:58.825Z|NODE|node03|RECV|HEADER|from=node00|H=1
2025-11-16T15:50:58.825Z|NODE|node04|RECV|HEADER|from=node00|H=1
2025-11-16T15:50:58.826Z|NODE|node01|RECV|HEADER|from=node00|H=1
2025-11-16T15:50:58.826Z|NODE|node05|RECV|HEADER|from=node00|H=1
2025-11-16T15:50:58.826Z|NODE|node00|RECV|VOTE|from=node00|H=1|phase=PREVOTE
2025-11-16T15:50:58.826Z|NODE|node00|PROPOSE|H=1
2025-11-16T15:50:58.826Z|NODE|node06|RECV|HEADER|from=node00|H=1
2025-11-16T15:50:58.826Z|NODE|node07|RECV|VOTE|from=node00|H=1|phase=PREVOTE
2025-11-16T15:50:58.826Z|NODE|node02|RECV|VOTE|from=node00|H=1|phase=PREVOTE
2025-11-16T15:50:58.826Z|NODE|node03|RECV|VOTE|from=node00|H=1|phase=PREVOTE
2025-11-16T15:50:58.826Z|NODE|node04|RECV|HEADER|from=node00|H=1
2025-11-16T15:50:58.826Z|NODE|node05|RECV|HEADER|from=node00|H=1
2025-11-16T15:50:58.826Z|NODE|node00|RECV|VOTE|from=node00|H=1|phase=PREVOTE
2025-11-16T15:50:58.826Z|NODE|node06|RECV|VOTE|from=node00|H=1|phase=PREVOTE
2025-11-16T15:50:58.827Z|NODE|node04|RECV|VOTE|from=node00|H=1|phase=PREVOTE
2025-11-16T15:50:58.827Z|NODE|node05|RECV|VOTE|from=node00|H=1|phase=PREVOTE
2025-11-16T15:50:58.831Z|NODE|node01|RECV|HEADER|from=node00|H=1
2025-11-16T15:50:58.831Z|NODE|node07|RECV|HEADER|from=node00|H=1
2025-11-16T15:50:58.832Z|NODE|node01|RECV|VOTE|from=node00|H=1|phase=PREVOTE
2025-11-16T15:50:58.832Z|NODE|node02|RECV|HEADER|from=node00|H=1
2025-11-16T15:50:58.832Z|NODE|node03|RECV|HEADER|from=node00|H=1
2025-11-16T15:50:58.832Z|NODE|node06|RECV|VOTE|from=node00|H=1|phase=PREVOTE
2025-11-16T15:50:58.832Z|NODE|node05|RECV|HEADER|from=node00|H=1
2025-11-16T15:50:58.833Z|NODE|node00|RECV|HEADER|from=node00|H=1
2025-11-16T15:50:58.833Z|NODE|node00|PROPOSE|H=1
2025-11-16T15:50:58.833Z|NODE|node07|RECV|VOTE|from=node00|H=1|phase=PREVOTE
2025-11-16T15:50:58.833Z|NODE|node01|RECV|VOTE|from=node00|H=1|phase=PREVOTE
2025-11-16T15:50:58.833Z|NODE|node02|RECV|VOTE|from=node00|H=1|phase=PREVOTE
2025-11-16T15:50:58.833Z|NODE|node02|RECV|HEADER|from=node00|H=1
2025-11-16T15:50:58.833Z|NODE|node06|RECV|HEADER|from=node00|H=1
2025-11-16T15:50:58.833Z|NODE|node00|SENT|PREVOTE|H=1
2025-11-16T15:50:58.833Z|NODE|node01|RECV|HEADER|from=node00|H=1
2025-11-16T15:50:58.833Z|NODE|node02|RECV|HEADER|from=node00|H=1
2025-11-16T15:50:58.838Z|NODE|node00|RECV|HEADER|from=node00|H=1
2025-11-16T15:50:58.839Z|NODE|node01|RECV|HEADER|from=node00|H=1
2025-11-16T15:50:58.839Z|NODE|node03|RECV|HEADER|from=node00|H=1
2025-11-16T15:50:58.839Z|NODE|node06|RECV|HEADER|from=node00|H=1
2025-11-16T15:50:58.839Z|NODE|node07|RECV|HEADER|from=node00|H=1
2025-11-16T15:50:58.839Z|NODE|node00|PROPOSE|H=1
2025-11-16T15:50:58.840Z|NODE|node00|SENT|PREVOTE|H=1
2025-11-16T15:50:58.840Z|NODE|node00|RECV|HEADER|from=node00|H=1
2025-11-16T15:50:58.840Z|NODE|node03|RECV|VOTE|from=node00|H=1|phase=PREVOTE
2025-11-16T15:50:58.840Z|NODE|node03|RECV|VOTE|from=node00|H=1|phase=PREVOTE
2025-11-16T15:50:58.840Z|NODE|node07|RECV|HEADER|from=node00|H=1
2025-11-16T15:50:58.840Z|NODE|node00|SENT|PREVOTE|H=1
2025-11-16T15:50:58.840Z|NODE|node00|RECV|VOTE|from=node00|H=1|phase=PREVOTE
2025-11-16T15:50:58.840Z|NODE|node07|RECV|VOTE|from=node00|H=1|phase=PREVOTE
2025-11-16T15:50:58.845Z|NODE|node01|RECV|HEADER|from=node00|H=1
2025-11-16T15:50:58.845Z|NODE|node06|RECV|HEADER|from=node00|H=1
2025-11-16T15:50:58.845Z|NODE|node04|RECV|HEADER|from=node00|H=1
2025-11-16T15:50:58.846Z|NODE|node06|RECV|VOTE|from=node00|H=1|phase=PREVOTE
2025-11-16T15:50:58.846Z|NODE|node00|RECV|HEADER|from=node00|H=1
2025-11-16T15:50:58.846Z|NODE|node02|RECV|HEADER|from=node00|H=1
2025-11-16T15:50:58.847Z|NODE|node05|RECV|HEADER|from=node00|H=1
2025-11-16T15:50:58.847Z|NODE|node07|RECV|VOTE|from=node00|H=1|phase=PREVOTE
2025-11-16T15:50:58.847Z|NODE|node03|RECV|HEADER|from=node00|H=1
2025-11-16T15:50:58.847Z|NODE|node00|PROPOSE|H=1
2025-11-16T15:50:58.847Z|NODE|node01|RECV|VOTE|from=node00|H=1|phase=PREVOTE
2025-11-16T15:50:58.847Z|NODE|node04|RECV|HEADER|from=node00|H=1
2025-11-16T15:50:58.847Z|NODE|node00|SENT|PREVOTE|H=1
2025-11-16T15:50:58.847Z|NODE|node03|RECV|HEADER|from=node00|H=1
2025-11-16T15:50:58.848Z|NODE|node04|RECV|VOTE|from=node00|H=1|phase=PREVOTE
2025-11-16T15:50:58.848Z|NODE|node03|RECV|VOTE|from=node00|H=1|phase=PREVOTE
2025-11-16T15:50:58.853Z|NODE|node02|RECV|VOTE|from=node00|H=1|phase=PREVOTE
2025-11-16T15:50:58.853Z|NODE|node04|RECV|HEADER|from=node00|H=1
2025-11-16T15:50:58.853Z|NODE|node01|RECV|VOTE|from=node00|H=1|phase=PREVOTE
2025-11-16T15:50:58.853Z|NODE|node06|RECV|HEADER|from=node00|H=1
2025-11-16T15:50:58.853Z|NODE|node05|RECV|HEADER|from=node00|H=1
2025-11-16T15:50:58.853Z|NODE|node03|RECV|VOTE|from=node00|H=1|phase=PREVOTE
2025-11-16T15:50:58.854Z|NODE|node07|RECV|HEADER|from=node00|H=1
2025-11-16T15:50:58.854Z|NODE|node00|RECV|VOTE|from=node00|H=1|phase=PREVOTE
2025-11-16T15:50:58.854Z|NODE|node00|PROPOSE|H=1
2025-11-16T15:50:58.854Z|NODE|node02|RECV|HEADER|from=node00|H=1
2025-11-16T15:50:58.854Z|NODE|node04|RECV|VOTE|from=node00|H=1|phase=PREVOTE
2025-11-16T15:50:58.854Z|NODE|node06|RECV|VOTE|from=node00|H=1|phase=PREVOTE
2025-11-16T15:50:58.854Z|NODE|node05|RECV|VOTE|from=node00|H=1|phase=PREVOTE
2025-11-16T15:50:58.854Z|NODE|node05|RECV|HEADER|from=node00|H=1
2025-11-16T15:50:58.855Z|NODE|node07|RECV|HEADER|from=node00|H=1
2025-11-16T15:50:58.855Z|NODE|node00|RECV|VOTE|from=node00|H=1|phase=PREVOTE
2025-11-16T15:50:58.855Z|NODE|node02|RECV|VOTE|from=node00|H=1|phase=PREVOTE
2025-11-16T15:50:58.855Z|NODE|node06|RECV|VOTE|from=node00|H=1|phase=PREVOTE
2025-11-16T15:50:58.855Z|NODE|node02|RECV|VOTE|from=node00|H=1|phase=PREVOTE
2025-11-16T15:50:58.855Z|NODE|node02|RECV|HEADER|from=node00|H=1
2025-11-16T15:50:58.855Z|NODE|node02|RECV|VOTE|from=node00|H=1|phase=PREVOTE
2025-11-16T15:50:58.859Z|NODE|node04|RECV|VOTE|from=node00|H=1|phase=PREVOTE
2025-11-16T15:50:58.859Z|NODE|node04|RECV|VOTE|from=node00|H=1|phase=PREVOTE
2025-11-16T15:50:58.860Z|NODE|node06|RECV|HEADER|from=node00|H=1
2025-11-16T15:50:58.860Z|NODE|node05|RECV|VOTE|from=node00|H=1|phase=PREVOTE
2025-11-16T15:50:58.860Z|NODE|node05|RECV|VOTE|from=node00|H=1|phase=PREVOTE
2025-11-16T15:50:58.860Z|NODE|node01|RECV|HEADER|from=node00|H=1
2025-11-16T15:50:58.860Z|NODE|node07|RECV|HEADER|from=node00|H=1
2025-11-16T15:50:58.860Z|NODE|node03|RECV|HEADER|from=node00|H=1
2025-11-16T15:50:58.861Z|NODE|node00|RECV|HEADER|from=node00|H=1
2025-11-16T15:50:58.861Z|NODE|node02|RECV|HEADER|from=node00|H=1
2025-11-16T15:50:58.861Z|NODE|node00|PROPOSE|H=1
2025-11-16T15:50:58.861Z|NODE|node04|RECV|HEADER|from=node00|H=1
2025-11-16T15:50:58.861Z|NODE|node01|RECV|VOTE|from=node00|H=1|phase=PREVOTE
2025-11-16T15:50:58.861Z|NODE|node07|RECV|VOTE|from=node00|H=1|phase=PREVOTE
2025-11-16T15:50:58.861Z|NODE|node00|SENT|PREVOTE|H=1
2025-11-16T15:50:58.861Z|NODE|node00|RECV|VOTE|from=node00|H=1|phase=PREVOTE
2025-11-16T15:50:58.861Z|NODE|node00|RECV|HEADER|from=node00|H=1
2025-11-16T15:50:58.862Z|NODE|node01|RECV|HEADER|from=node00|H=1
2025-11-16T15:50:58.862Z|NODE|node00|SENT|PREVOTE|H=1
2025-11-16T15:50:58.862Z|NODE|node00|RECV|HEADER|from=node00|H=1
2025-11-16T15:50:58.862Z|NODE|node01|RECV|HEADER|from=node00|H=1
2025-11-16T15:50:58.862Z|NODE|node00|SENT|PREVOTE|H=1
2025-11-16T15:50:58.866Z|NODE|node05|RECV|VOTE|from=node00|H=1|phase=PREVOTE
2025-11-16T15:50:58.867Z|NODE|node05|RECV|HEADER|from=node00|H=1
2025-11-16T15:50:58.867Z|NODE|node03|RECV|VOTE|from=node00|H=1|phase=PREVOTE
2025-11-16T15:50:58.867Z|NODE|node06|RECV|VOTE|from=node00|H=1|phase=PREVOTE
2025-11-16T15:50:58.867Z|NODE|node06|RECV|HEADER|from=node00|H=1
2025-11-16T15:50:58.867Z|NODE|node04|RECV|HEADER|from=node00|H=1
2025-11-16T15:50:58.867Z|NODE|node06|RECV|VOTE|from=node00|H=1|phase=PREVOTE
2025-11-16T15:50:58.867Z|NODE|node04|RECV|VOTE|from=node00|H=1|phase=PREVOTE
2025-11-16T15:50:58.867Z|NODE|node01|RECV|VOTE|from=node00|H=1|phase=PREVOTE
2025-11-16T15:50:58.867Z|NODE|node01|RECV|VOTE|from=node00|H=1|phase=PREVOTE
2025-11-16T15:50:58.867Z|NODE|node02|RECV|VOTE|from=node00|H=1|phase=PREVOTE
2025-11-16T15:50:58.868Z|NODE|node02|RECV|VOTE|from=node00|H=1|phase=PREVOTE
2025-11-16T15:50:58.868Z|NODE|node00|PROPOSE|H=1
2025-11-16T15:50:58.868Z|NODE|node07|RECV|VOTE|from=node00|H=1|phase=PREVOTE
2025-11-16T15:50:58.868Z|NODE|node03|RECV|HEADER|from=node00|H=1
2025-11-16T15:50:58.868Z|NODE|node00|RECV|VOTE|from=node00|H=1|phase=PREVOTE
2025-11-16T15:50:58.868Z|NODE|node02|RECV|VOTE|from=node00|H=1|phase=PREVOTE
2025-11-16T15:50:58.868Z|NODE|node07|RECV|HEADER|from=node00|H=1
2025-11-16T15:50:58.868Z|NODE|node00|RECV|VOTE|from=node00|H=1|phase=PREVOTE
2025-11-16T15:50:58.868Z|NODE|node03|RECV|VOTE|from=node00|H=1|phase=PREVOTE
2025-11-16T15:50:58.868Z|NODE|node07|RECV|VOTE|from=node00|H=1|phase=PREVOTE
2025-11-16T15:50:58.868Z|NODE|node07|RECV|VOTE|from=node00|H=1|phase=PREVOTE
2025-11-16T15:50:58.873Z|NODE|node01|RECV|HEADER|from=node00|H=1
2025-11-16T15:50:58.873Z|NODE|node05|RECV|HEADER|from=node00|H=1
2025-11-16T15:50:58.873Z|NODE|node07|RECV|HEADER|from=node00|H=1
2025-11-16T15:50:58.873Z|NODE|node02|RECV|HEADER|from=node00|H=1
2025-11-16T15:50:58.873Z|NODE|node04|RECV|HEADER|from=node00|H=1
2025-11-16T15:50:58.874Z|NODE|node06|RECV|HEADER|from=node00|H=1
2025-11-16T15:50:58.874Z|NODE|node03|RECV|VOTE|from=node00|H=1|phase=PREVOTE
2025-11-16T15:50:58.874Z|NODE|node00|PROPOSE|H=1
2025-11-16T15:50:58.874Z|NODE|node01|RECV|VOTE|from=node00|H=1|phase=PREVOTE
2025-11-16T15:50:58.874Z|NODE|node01|RECV|VOTE|from=node00|H=1|phase=PREVOTE
2025-11-16T15:50:58.874Z|NODE|node01|RECV|HEADER|from=node00|H=1
2025-11-16T15:50:58.874Z|NODE|node05|RECV|VOTE|from=node00|H=1|phase=PREVOTE
2025-11-16T15:50:58.874Z|NODE|node05|RECV|VOTE|from=node00|H=1|phase=PREVOTE
2025-11-16T15:50:58.874Z|NODE|node05|RECV|HEADER|from=node00|H=1
2025-11-16T15:50:58.879Z|NODE|node03|RECV|HEADER|from=node00|H=1
2025-11-16T15:50:58.879Z|NODE|node00|PROPOSE|H=1
2025-11-16T15:50:58.880Z|NODE|node06|RECV|VOTE|from=node00|H=1|phase=PREVOTE
2025-11-16T15:50:58.880Z|NODE|node06|RECV|VOTE|from=node00|H=1|phase=PREVOTE
2025-11-16T15:50:58.880Z|NODE|node00|RECV|HEADER|from=node00|H=1
2025-11-16T15:50:58.880Z|NODE|node04|RECV|HEADER|from=node00|H=1
2025-11-16T15:50:58.880Z|NODE|node05|RECV|VOTE|from=node00|H=1|phase=PREVOTE
2025-11-16T15:50:58.880Z|NODE|node07|RECV|VOTE|from=node00|H=1|phase=PREVOTE
2025-11-16T15:50:58.880Z|NODE|node02|RECV|HEADER|from=node00|H=1
2025-11-16T15:50:58.881Z|NODE|node03|RECV|VOTE|from=node00|H=1|phase=PREVOTE
2025-11-16T15:50:58.881Z|NODE|node06|RECV|HEADER|from=node00|H=1
2025-11-16T15:50:58.881Z|NODE|node04|RECV|VOTE|from=node00|H=1|phase=PREVOTE
2025-11-16T15:50:58.881Z|NODE|node00|SENT|PREVOTE|H=1
2025-11-16T15:50:58.881Z|NODE|node00|RECV|VOTE|from=node00|H=1|phase=PREVOTE
2025-11-16T15:50:58.881Z|NODE|node05|RECV|HEADER|from=node00|H=1
2025-11-16T15:50:58.881Z|NODE|node03|RECV|HEADER|from=node00|H=1
2025-11-16T15:50:58.881Z|NODE|node06|RECV|HEADER|from=node00|H=1
2025-11-16T15:50:58.882Z|NODE|node04|RECV|VOTE|from=node00|H=1|phase=PREVOTE
2025-11-16T15:50:58.882Z|NODE|node04|RECV|HEADER|from=node00|H=1
2025-11-16T15:50:58.882Z|NODE|node00|RECV|HEADER|from=node00|H=1
2025-11-16T15:50:58.882Z|NODE|node00|SENT|PREVOTE|H=1
2025-11-16T15:50:58.885Z|NODE|node06|RECV|HEADER|from=node00|H=1
2025-11-16T15:50:58.885Z|NODE|node07|RECV|HEADER|from=node00|H=1
2025-11-16T15:50:58.885Z|NODE|node03|RECV|HEADER|from=node00|H=1
2025-11-16T15:50:58.886Z|NODE|node07|RECV|VOTE|from=node00|H=1|phase=PREVOTE
2025-11-16T15:50:58.886Z|NODE|node00|RECV|HEADER|from=node00|H=1
2025-11-16T15:50:58.886Z|NODE|node05|RECV|VOTE|from=node00|H=1|phase=PREVOTE
2025-11-16T15:50:58.887Z|NODE|node01|RECV|HEADER|from=node00|H=1
2025-11-16T15:50:58.887Z|NODE|node04|RECV|VOTE|from=node00|H=1|phase=PREVOTE
2025-11-16T15:50:58.887Z|NODE|node02|RECV|VOTE|from=node00|H=1|phase=PREVOTE
2025-11-16T15:50:58.887Z|NODE|node00|PROPOSE|H=1
2025-11-16T15:50:58.887Z|NODE|node06|RECV|VOTE|from=node00|H=1|phase=PREVOTE
2025-11-16T15:50:58.887Z|NODE|node03|RECV|HEADER|from=node00|H=1
2025-11-16T15:50:58.888Z|NODE|node00|SENT|PREVOTE|H=1
2025-11-16T15:50:58.888Z|NODE|node01|RECV|VOTE|from=node00|H=1|phase=PREVOTE
2025-11-16T15:50:58.893Z|NODE|node04|RECV|HEADER|from=node00|H=1
2025-11-16T15:50:58.893Z|NODE|node00|RECV|HEADER|from=node00|H=1
2025-11-16T15:50:58.893Z|NODE|node03|RECV|VOTE|from=node00|H=1|phase=PREVOTE
2025-11-16T15:50:58.893Z|NODE|node03|RECV|VOTE|from=node00|H=1|phase=PREVOTE
2025-11-16T15:50:58.893Z|NODE|node01|RECV|VOTE|from=node00|H=1|phase=PREVOTE
2025-11-16T15:50:58.893Z|NODE|node01|RECV|HEADER|from=node00|H=1
2025-11-16T15:50:58.893Z|NODE|node07|RECV|HEADER|from=node00|H=1
2025-11-16T15:50:58.894Z|NODE|node02|RECV|HEADER|from=node00|H=1
2025-11-16T15:50:58.894Z|NODE|node06|RECV|HEADER|from=node00|H=1
2025-11-16T15:50:58.894Z|NODE|node00|PROPOSE|H=1
2025-11-16T15:50:58.894Z|NODE|node00|SENT|PREVOTE|H=1
2025-11-16T15:50:58.894Z|NODE|node00|RECV|VOTE|from=node00|H=1|phase=PREVOTE
2025-11-16T15:50:58.895Z|NODE|node00|RECV|VOTE|from=node00|H=1|phase=PREVOTE
2025-11-16T15:50:58.895Z|NODE|node07|RECV|HEADER|from=node00|H=1
2025-11-16T15:50:58.895Z|NODE|node02|RECV|HEADER|from=node00|H=1
2025-11-16T15:50:58.896Z|NODE|node06|RECV|VOTE|from=node00|H=1|phase=PREVOTE
2025-11-16T15:50:58.896Z|NODE|node07|RECV|VOTE|from=node00|H=1|phase=PREVOTE
2025-11-16T15:50:58.896Z|NODE|node02|RECV|VOTE|from=node00|H=1|phase=PREVOTE
2025-11-16T15:50:58.899Z|NODE|node06|RECV|VOTE|from=node00|H=1|phase=PREVOTE
2025-11-16T15:50:58.899Z|NODE|node04|RECV|HEADER|from=node00|H=1
2025-11-16T15:50:58.899Z|NODE|node01|RECV|HEADER|from=node00|H=1
2025-11-16T15:50:58.900Z|NODE|node05|RECV|HEADER|from=node00|H=1
2025-11-16T15:50:58.900Z|NODE|node07|RECV|VOTE|from=node00|H=1|phase=PREVOTE
2025-11-16T15:50:58.901Z|NODE|node07|RECV|VOTE|from=node00|H=1|phase=PREVOTE
2025-11-16T15:50:58.901Z|NODE|node03|RECV|VOTE|from=node00|H=1|phase=PREVOTE
2025-11-16T15:50:58.901Z|NODE|node02|RECV|VOTE|from=node00|H=1|phase=PREVOTE
2025-11-16T15:50:58.901Z|NODE|node00|RECV|VOTE|from=node00|H=1|phase=PREVOTE
2025-11-16T15:50:58.901Z|NODE|node00|PROPOSE|H=1
2025-11-16T15:50:58.901Z|NODE|node04|RECV|VOTE|from=node00|H=1|phase=PREVOTE
2025-11-16T15:50:58.902Z|NODE|node01|RECV|VOTE|from=node00|H=1|phase=PREVOTE
2025-11-16T15:50:58.902Z|NODE|node05|RECV|VOTE|from=node00|H=1|phase=PREVOTE
2025-11-16T15:50:58.902Z|NODE|node03|RECV|HEADER|from=node00|H=1
2025-11-16T15:50:58.902Z|NODE|node00|RECV|HEADER|from=node00|H=1
2025-11-16T15:50:58.902Z|NODE|node05|RECV|HEADER|from=node00|H=1
2025-11-16T15:50:58.902Z|NODE|node00|SENT|PREVOTE|H=1
2025-11-16T15:50:58.902Z|NODE|node05|RECV|VOTE|from=node00|H=1|phase=PREVOTE
2025-11-16T15:50:58.906Z|NODE|node05|RECV|VOTE|from=node00|H=1|phase=PREVOTE
2025-11-16T15:50:58.906Z|NODE|node05|RECV|HEADER|from=node00|H=1
2025-11-16T15:50:58.906Z|NODE|node00|RECV|HEADER|from=node00|H=1
2025-11-16T15:50:58.907Z|NODE|node01|RECV|VOTE|from=node00|H=1|phase=PREVOTE
2025-11-16T15:50:58.907Z|NODE|node01|RECV|HEADER|from=node00|H=1
2025-11-16T15:50:58.907Z|NODE|node03|RECV|VOTE|from=node00|H=1|phase=PREVOTE
2025-11-16T15:50:58.907Z|NODE|node03|RECV|VOTE|from=node00|H=1|phase=PREVOTE
2025-11-16T15:50:58.908Z|NODE|node02|RECV|HEADER|from=node00|H=1
2025-11-16T15:50:58.908Z|NODE|node07|RECV|HEADER|from=node00|H=1
2025-11-16T15:50:58.908Z|NODE|node04|RECV|VOTE|from=node00|H=1|phase=PREVOTE
2025-11-16T15:50:58.908Z|NODE|node00|PROPOSE|H=1
2025-11-16T15:50:58.908Z|NODE|node00|SENT|PREVOTE|H=1
2025-11-16T15:50:58.908Z|NODE|node02|RECV|VOTE|from=node00|H=1|phase=PREVOTE
2025-11-16T15:50:58.909Z|NODE|node04|RECV|VOTE|from=node00|H=1|phase=PREVOTE
2025-11-16T15:50:58.909Z|NODE|node07|RECV|HEADER|from=node00|H=1
2025-11-16T15:50:58.909Z|NODE|node00|RECV|VOTE|from=node00|H=1|phase=PREVOTE
2025-11-16T15:50:58.909Z|NODE|node00|RECV|HEADER|from=node00|H=1
2025-11-16T15:50:58.909Z|NODE|node00|SENT|PREVOTE|H=1
2025-11-16T15:50:58.910Z|NODE|node00|RECV|VOTE|from=node00|H=1|phase=PREVOTE
2025-11-16T15:50:58.913Z|NODE|node06|RECV|HEADER|from=node00|H=1
2025-11-16T15:50:58.913Z|NODE|node03|RECV|HEADER|from=node00|H=1
2025-11-16T15:50:58.914Z|NODE|node02|RECV|HEADER|from=node00|H=1
2025-11-16T15:50:58.914Z|NODE|node05|RECV|VOTE|from=node00|H=1|phase=PREVOTE
2025-11-16T15:50:58.914Z|NODE|node05|RECV|HEADER|from=node00|H=1
2025-11-16T15:50:58.914Z|NODE|node01|RECV|HEADER|from=node00|H=1
2025-11-16T15:50:58.914Z|NODE|node04|RECV|HEADER|from=node00|H=1
2025-11-16T15:50:58.915Z|NODE|node00|RECV|VOTE|from=node00|H=1|phase=PREVOTE
2025-11-16T15:50:58.915Z|NODE|node00|PROPOSE|H=1
2025-11-16T15:50:58.915Z|NODE|node06|RECV|VOTE|from=node00|H=1|phase=PREVOTE
2025-11-16T15:50:58.915Z|NODE|node06|RECV|VOTE|from=node00|H=1|phase=PREVOTE
2025-11-16T15:50:58.915Z|NODE|node03|RECV|VOTE|from=node00|H=1|phase=PREVOTE
2025-11-16T15:50:58.915Z|NODE|node02|RECV|VOTE|from=node00|H=1|phase=PREVOTE
2025-11-16T15:50:58.916Z|NODE|node01|RECV|VOTE|from=node00|H=1|phase=PREVOTE
2025-11-16T15:50:58.916Z|NODE|node04|RECV|HEADER|from=node00|H=1
2025-11-16T15:50:58.916Z|NODE|node02|RECV|HEADER|from=node00|H=1
2025-11-16T15:50:58.916Z|NODE|node01|RECV|HEADER|from=node00|H=1
2025-11-16T15:50:58.916Z|NODE|node04|RECV|VOTE|from=node00|H=1|phase=PREVOTE
2025-11-16T15:50:58.916Z|NODE|node04|RECV|VOTE|from=node00|H=1|phase=PREVOTE
2025-11-16T15:50:58.916Z|NODE|node02|RECV|HEADER|from=node00|H=1
2025-11-16T15:50:58.920Z|NODE|node04|RECV|HEADER|from=node00|H=1
2025-11-16T15:50:58.920Z|NODE|node06|RECV|HEADER|from=node00|H=1
2025-11-16T15:50:58.921Z|NODE|node05|RECV|HEADER|from=node00|H=1
2025-11-16T15:50:58.921Z|NODE|node03|RECV|HEADER|from=node00|H=1
2025-11-16T15:50:58.922Z|NODE|node02|RECV|VOTE|from=node00|H=1|phase=PREVOTE
2025-11-16T15:50:58.922Z|NODE|node02|RECV|VOTE|from=node00|H=1|phase=PREVOTE
2025-11-16T15:50:58.922Z|NODE|node01|RECV|VOTE|from=node00|H=1|phase=PREVOTE
2025-11-16T15:50:58.922Z|NODE|node07|RECV|HEADER|from=node00|H=1
2025-11-16T15:50:58.922Z|NODE|node00|PROPOSE|H=1
2025-11-16T15:50:58.922Z|NODE|node04|RECV|VOTE|from=node00|H=1|phase=PREVOTE
2025-11-16T15:50:58.922Z|NODE|node06|RECV|VOTE|from=node00|H=1|phase=PREVOTE
2025-11-16T15:50:58.922Z|NODE|node03|RECV|VOTE|from=node00|H=1|phase=PREVOTE
2025-11-16T15:50:58.922Z|NODE|node03|RECV|HEADER|from=node00|H=1
2025-11-16T15:50:58.923Z|NODE|node05|RECV|VOTE|from=node00|H=1|phase=PREVOTE
2025-11-16T15:50:58.923Z|NODE|node02|RECV|HEADER|from=node00|H=1
2025-11-16T15:50:58.923Z|NODE|node01|RECV|HEADER|from=node00|H=1
2025-11-16T15:50:58.923Z|NODE|node07|RECV|VOTE|from=node00|H=1|phase=PREVOTE
2025-11-16T15:50:58.923Z|NODE|node06|RECV|HEADER|from=node00|H=1
2025-11-16T15:50:58.928Z|NODE|node05|RECV|VOTE|from=node00|H=1|phase=PREVOTE
2025-11-16T15:50:58.928Z|NODE|node05|RECV|HEADER|from=node00|H=1
2025-11-16T15:50:58.928Z|NODE|node00|RECV|HEADER|from=node00|H=1
2025-11-16T15:50:58.928Z|NODE|node07|RECV|HEADER|from=node00|H=1
2025-11-16T15:50:58.928Z|NODE|node00|SENT|PREVOTE|H=1
2025-11-16T15:50:58.929Z|NODE|node00|RECV|VOTE|from=node00|H=1|phase=PREVOTE
2025-11-16T15:50:58.929Z|NODE|node03|RECV|HEADER|from=node00|H=1
2025-11-16T15:50:58.929Z|NODE|node06|RECV|VOTE|from=node00|H=1|phase=PREVOTE
2025-11-16T15:50:58.929Z|NODE|node06|RECV|HEADER|from=node00|H=1
2025-11-16T15:50:58.929Z|NODE|node01|RECV|VOTE|from=node00|H=1|phase=PREVOTE
2025-11-16T15:50:58.929Z|NODE|node04|RECV|HEADER|from=node00|H=1
2025-11-16T15:50:58.929Z|NODE|node00|PROPOSE|H=1
2025-11-16T15:50:58.930Z|NODE|node07|RECV|VOTE|from=node00|H=1|phase=PREVOTE
2025-11-16T15:50:58.930Z|NODE|node07|RECV|VOTE|from=node00|H=1|phase=PREVOTE
2025-11-16T15:50:58.930Z|NODE|node07|RECV|HEADER|from=node00|H=1
2025-11-16T15:50:58.930Z|NODE|node00|RECV|HEADER|from=node00|H=1
2025-11-16T15:50:58.930Z|NODE|node00|SENT|PREVOTE|H=1
2025-11-16T15:50:58.935Z|NODE|node06|RECV|HEADER|from=node00|H=1
2025-11-16T15:50:58.935Z|NODE|node03|RECV|HEADER|from=node00|H=1
2025-11-16T15:50:58.936Z|NODE|node06|RECV|VOTE|from=node00|H=1|phase=PREVOTE
2025-11-16T15:50:58.936Z|NODE|node03|RECV|VOTE|from=node00|H=1|phase=PREVOTE
2025-11-16T15:50:58.936Z|NODE|node07|RECV|HEADER|from=node00|H=1
2025-11-16T15:50:58.936Z|NODE|node04|RECV|HEADER|from=node00|H=1
2025-11-16T15:50:58.936Z|NODE|node00|RECV|HEADER|from=node00|H=1
2025-11-16T15:50:58.936Z|NODE|node05|RECV|HEADER|from=node00|H=1
2025-11-16T15:50:58.937Z|NODE|node02|RECV|HEADER|from=node00|H=1
2025-11-16T15:50:58.937Z|NODE|node01|RECV|VOTE|from=node00|H=1|phase=PREVOTE
2025-11-16T15:50:58.937Z|NODE|node00|PROPOSE|H=1
2025-11-16T15:50:58.937Z|NODE|node04|RECV|HEADER|from=node00|H=1
2025-11-16T15:50:58.937Z|NODE|node05|RECV|VOTE|from=node00|H=1|phase=PREVOTE
2025-11-16T15:50:58.938Z|NODE|node00|SENT|PREVOTE|H=1
2025-11-16T15:50:58.938Z|NODE|node00|RECV|VOTE|from=node00|H=1|phase=PREVOTE
2025-11-16T15:50:58.938Z|NODE|node02|RECV|HEADER|from=node00|H=1
2025-11-16T15:50:58.938Z|NODE|node01|RECV|VOTE|from=node00|H=1|phase=PREVOTE
2025-11-16T15:50:58.938Z|NODE|node04|RECV|VOTE|from=node00|H=1|phase=PREVOTE
2025-11-16T15:50:58.938Z|NODE|node02|RECV|VOTE|from=node00|H=1|phase=PREVOTE
2025-11-16T15:50:58.943Z|NODE|node00|RECV|HEADER|from=node00|H=1
2025-11-16T15:50:58.943Z|NODE|node01|RECV|HEADER|from=node00|H=1
2025-11-16T15:50:58.943Z|NODE|node00|SENT|PREVOTE|H=1
2025-11-16T15:50:58.943Z|NODE|node00|RECV|VOTE|from=node00|H=1|phase=PREVOTE
2025-11-16T15:50:58.943Z|NODE|node07|RECV|HEADER|from=node00|H=1
2025-11-16T15:50:58.943Z|NODE|node06|RECV|VOTE|from=node00|H=1|phase=PREVOTE
2025-11-16T15:50:58.943Z|NODE|node03|RECV|HEADER|from=node00|H=1
2025-11-16T15:50:58.944Z|NODE|node00|PROPOSE|H=1
2025-11-16T15:50:58.944Z|NODE|node03|RECV|VOTE|from=node00|H=1|phase=PREVOTE
2025-11-16T15:50:58.944Z|NODE|node01|RECV|HEADER|from=node00|H=1
2025-11-16T15:50:58.944Z|NODE|node06|RECV|VOTE|from=node00|H=1|phase=PREVOTE
2025-11-16T15:50:58.944Z|NODE|node00|RECV|HEADER|from=node00|H=1
2025-11-16T15:50:58.944Z|NODE|node00|SENT|PREVOTE|H=1
2025-11-16T15:50:58.944Z|NODE|node00|RECV|VOTE|from=node00|H=1|phase=PREVOTE
2025-11-16T15:50:58.949Z|NODE|node07|RECV|VOTE|from=node00|H=1|phase=PREVOTE
2025-11-16T15:50:58.949Z|NODE|node07|RECV|VOTE|from=node00|H=1|phase=PREVOTE
2025-11-16T15:50:58.949Z|NODE|node07|RECV|HEADER|from=node00|H=1
2025-11-16T15:50:58.949Z|NODE|node06|RECV|HEADER|from=node00|H=1
2025-11-16T15:50:58.949Z|NODE|node07|RECV|VOTE|from=node00|H=1|phase=PREVOTE
2025-11-16T15:50:58.950Z|NODE|node05|RECV|HEADER|from=node00|H=1
2025-11-16T15:50:58.950Z|NODE|node03|RECV|VOTE|from=node00|H=1|phase=PREVOTE
2025-11-16T15:50:58.950Z|NODE|node02|RECV|VOTE|from=node00|H=1|phase=PREVOTE
2025-11-16T15:50:58.950Z|NODE|node01|RECV|HEADER|from=node00|H=1
2025-11-16T15:50:58.950Z|NODE|node04|RECV|VOTE|from=node00|H=1|phase=PREVOTE
2025-11-16T15:50:58.950Z|NODE|node04|RECV|HEADER|from=node00|H=1
2025-11-16T15:50:58.951Z|NODE|node00|RECV|HEADER|from=node00|H=1
2025-11-16T15:50:58.951Z|NODE|node00|PROPOSE|H=1
2025-11-16T15:50:58.951Z|NODE|node06|RECV|VOTE|from=node00|H=1|phase=PREVOTE
2025-11-16T15:50:58.951Z|NODE|node05|RECV|VOTE|from=node00|H=1|phase=PREVOTE
2025-11-16T15:50:58.951Z|NODE|node05|RECV|HEADER|from=node00|H=1
2025-11-16T15:50:58.951Z|NODE|node02|RECV|HEADER|from=node00|H=1
2025-11-16T15:50:58.951Z|NODE|node04|RECV|HEADER|from=node00|H=1
2025-11-16T15:50:58.951Z|NODE|node00|SENT|PREVOTE|H=1
2025-11-16T15:50:58.956Z|NODE|node01|RECV|VOTE|from=node00|H=1|phase=PREVOTE
2025-11-16T15:50:58.956Z|NODE|node03|RECV|HEADER|from=node00|H=1
2025-11-16T15:50:58.957Z|NODE|node02|RECV|HEADER|from=node00|H=1
2025-11-16T15:50:58.957Z|NODE|node05|RECV|VOTE|from=node00|H=1|phase=PREVOTE
2025-11-16T15:50:58.957Z|NODE|node05|RECV|VOTE|from=node00|H=1|phase=PREVOTE
2025-11-16T15:50:58.957Z|NODE|node04|RECV|VOTE|from=node00|H=1|phase=PREVOTE
2025-11-16T15:50:58.958Z|NODE|node06|RECV|HEADER|from=node00|H=1
2025-11-16T15:50:58.958Z|NODE|node00|RECV|VOTE|from=node00|H=1|phase=PREVOTE
2025-11-16T15:50:58.958Z|NODE|node07|RECV|VOTE|from=node00|H=1|phase=PREVOTE
2025-11-16T15:50:58.958Z|NODE|node07|RECV|VOTE|from=node00|H=1|phase=PREVOTE
2025-11-16T15:50:58.958Z|NODE|node00|PROPOSE|H=1
2025-11-16T15:50:58.958Z|NODE|node01|RECV|HEADER|from=node00|H=1
2025-11-16T15:50:58.958Z|NODE|node02|RECV|VOTE|from=node00|H=1|phase=PREVOTE
2025-11-16T15:50:58.958Z|NODE|node04|RECV|VOTE|from=node00|H=1|phase=PREVOTE
2025-11-16T15:50:58.958Z|NODE|node06|RECV|VOTE|from=node00|H=1|phase=PREVOTE
2025-11-16T15:50:58.959Z|NODE|node06|RECV|VOTE|from=node00|H=1|phase=PREVOTE
2025-11-16T15:50:58.959Z|NODE|node07|RECV|VOTE|from=node00|H=1|phase=PREVOTE
2025-11-16T15:50:58.959Z|NODE|node01|RECV|VOTE|from=node00|H=1|phase=PREVOTE
2025-11-16T15:50:58.959Z|NODE|node02|RECV|VOTE|from=node00|H=1|phase=PREVOTE
2025-11-16T15:50:58.963Z|NODE|node07|RECV|HEADER|from=node00|H=1
2025-11-16T15:50:58.964Z|NODE|node01|RECV|VOTE|from=node00|H=1|phase=PREVOTE
2025-11-16T15:50:58.964Z|NODE|node01|RECV|HEADER|from=node00|H=1
2025-11-16T15:50:58.964Z|NODE|node05|RECV|HEADER|from=node00|H=1
2025-11-16T15:50:58.964Z|NODE|node04|RECV|VOTE|from=node00|H=1|phase=PREVOTE
2025-11-16T15:50:58.964Z|NODE|node03|RECV|HEADER|from=node00|H=1
2025-11-16T15:50:58.964Z|NODE|node00|RECV|VOTE|from=node00|H=1|phase=PREVOTE
2025-11-16T15:50:58.964Z|NODE|node02|RECV|VOTE|from=node00|H=1|phase=PREVOTE
2025-11-16T15:50:58.964Z|NODE|node02|RECV|VOTE|from=node00|H=1|phase=PREVOTE
2025-11-16T15:50:58.964Z|NODE|node06|RECV|HEADER|from=node00|H=1
2025-11-16T15:50:58.964Z|NODE|node00|PROPOSE|H=1
2025-11-16T15:50:58.964Z|NODE|node05|RECV|VOTE|from=node00|H=1|phase=PREVOTE
2025-11-16T15:50:58.964Z|NODE|node05|RECV|HEADER|from=node00|H=1
2025-11-16T15:50:58.965Z|NODE|node05|RECV|VOTE|from=node00|H=1|phase=PREVOTE
2025-11-16T15:50:58.975Z|NODE|node04|RECV|HEADER|from=node00|H=1
2025-11-16T15:50:58.977Z|NODE|node03|RECV|VOTE|from=node00|H=1|phase=PREVOTE
2025-11-16T15:50:58.981Z|NODE|node06|RECV|HEADER|from=node00|H=1
2025-11-16T15:50:58.984Z|NODE|node00|RECV|HEADER|from=node00|H=1
2025-11-16T15:50:58.984Z|NODE|node01|RECV|HEADER|from=node00|H=1
2025-11-16T15:50:58.984Z|NODE|node02|RECV|HEADER|from=node00|H=1
2025-11-16T15:50:58.987Z|NODE|node00|PROPOSE|H=1
2025-11-16T15:50:58.987Z|NODE|node07|RECV|HEADER|from=node00|H=1
2025-11-16T15:50:58.987Z|NODE|node05|RECV|HEADER|from=node00|H=1
2025-11-16T15:50:58.989Z|NODE|node04|RECV|VOTE|from=node00|H=1|phase=PREVOTE
2025-11-16T15:50:58.989Z|NODE|node03|RECV|VOTE|from=node00|H=1|phase=PREVOTE
2025-11-16T15:50:58.989Z|NODE|node06|RECV|HEADER|from=node00|H=1
2025-11-16T15:50:58.989Z|NODE|node00|SENT|PREVOTE|H=1
2025-11-16T15:50:58.989Z|NODE|node01|RECV|VOTE|from=node00|H=1|phase=PREVOTE
2025-11-16T15:50:58.989Z|NODE|node02|RECV|HEADER|from=node00|H=1
2025-11-16T15:50:58.989Z|NODE|node04|RECV|HEADER|from=node00|H=1
2025-11-16T15:50:58.989Z|NODE|node03|RECV|HEADER|from=node00|H=1
2025-11-16T15:50:58.989Z|NODE|node00|RECV|VOTE|from=node00|H=1|phase=PREVOTE
2025-11-16T15:50:58.990Z|NODE|node06|RECV|HEADER|from=node00|H=1
2025-11-16T15:50:58.990Z|NODE|node03|RECV|VOTE|from=node00|H=1|phase=PREVOTE
2025-11-16T15:50:58.990Z|NODE|node00|RECV|HEADER|from=node00|H=1
2025-11-16T15:50:58.990Z|NODE|node00|SENT|PREVOTE|H=1
2025-11-16T15:50:58.990Z|NODE|node00|RECV|HEADER|from=node00|H=1
2025-11-16T15:50:58.991Z|NODE|node00|SENT|PREVOTE|H=1
2025-11-16T15:50:58.993Z|NODE|node05|RECV|HEADER|from=node00|H=1
2025-11-16T15:50:58.993Z|NODE|node07|RECV|HEADER|from=node00|H=1
2025-11-16T15:50:58.993Z|NODE|node03|RECV|HEADER|from=node00|H=1
2025-11-16T15:50:58.993Z|NODE|node01|RECV|HEADER|from=node00|H=1
2025-11-16T15:50:58.993Z|NODE|node04|RECV|HEADER|from=node00|H=1
2025-11-16T15:50:58.993Z|NODE|node00|RECV|VOTE|from=node00|H=1|phase=PREVOTE
2025-11-16T15:50:58.993Z|NODE|node00|PROPOSE|H=1
2025-11-16T15:50:58.993Z|NODE|node07|RECV|HEADER|from=node00|H=1
2025-11-16T15:50:58.993Z|NODE|node03|RECV|HEADER|from=node00|H=1
2025-11-16T15:50:58.993Z|NODE|node01|RECV|VOTE|from=node00|H=1|phase=PREVOTE
2025-11-16T15:50:58.994Z|NODE|node01|RECV|VOTE|from=node00|H=1|phase=PREVOTE
2025-11-16T15:50:58.994Z|NODE|node07|RECV|VOTE|from=node00|H=1|phase=PREVOTE
2025-11-16T15:50:58.994Z|NODE|node03|RECV|VOTE|from=node00|H=1|phase=PREVOTE
2025-11-16T15:50:58.999Z|NODE|node07|RECV|HEADER|from=node00|H=1
2025-11-16T15:50:58.999Z|NODE|node04|RECV|HEADER|from=node00|H=1
2025-11-16T15:50:58.999Z|NODE|node00|RECV|HEADER|from=node00|H=1
2025-11-16T15:50:58.999Z|NODE|node01|RECV|HEADER|from=node00|H=1
2025-11-16T15:50:58.999Z|NODE|node02|RECV|HEADER|from=node00|H=1
2025-11-16T15:50:58.999Z|NODE|node05|RECV|VOTE|from=node00|H=1|phase=PREVOTE
2025-11-16T15:50:58.999Z|NODE|node05|RECV|VOTE|from=node00|H=1|phase=PREVOTE
2025-11-16T15:50:58.999Z|NODE|node00|PROPOSE|H=1
2025-11-16T15:50:59.000Z|NODE|node07|RECV|VOTE|from=node00|H=1|phase=PREVOTE
2025-11-16T15:50:59.000Z|NODE|node07|RECV|VOTE|from=node00|H=1|phase=PREVOTE
2025-11-16T15:50:59.000Z|NODE|node04|RECV|VOTE|from=node00|H=1|phase=PREVOTE
2025-11-16T15:50:59.000Z|NODE|node00|SENT|PREVOTE|H=1
2025-11-16T15:50:59.000Z|NODE|node00|RECV|VOTE|from=node00|H=1|phase=PREVOTE
2025-11-16T15:50:59.000Z|NODE|node02|RECV|HEADER|from=node00|H=1
2025-11-16T15:50:59.000Z|NODE|node07|RECV|HEADER|from=node00|H=1
2025-11-16T15:50:59.000Z|NODE|node04|RECV|VOTE|from=node00|H=1|phase=PREVOTE
2025-11-16T15:50:59.001Z|NODE|node04|RECV|HEADER|from=node00|H=1
2025-11-16T15:50:59.001Z|NODE|node02|RECV|VOTE|from=node00|H=1|phase=PREVOTE
2025-11-16T15:50:59.005Z|NODE|node01|RECV|VOTE|from=node00|H=1|phase=PREVOTE
2025-11-16T15:50:59.005Z|NODE|node01|RECV|HEADER|from=node00|H=1
2025-11-16T15:50:59.005Z|NODE|node06|RECV|HEADER|from=node00|H=1
2025-11-16T15:50:59.006Z|NODE|node05|RECV|HEADER|from=node00|H=1
2025-11-16T15:50:59.006Z|NODE|node07|RECV|HEADER|from=node00|H=1
2025-11-16T15:50:59.006Z|NODE|node03|RECV|HEADER|from=node00|H=1
2025-11-16T15:50:59.006Z|NODE|node02|RECV|VOTE|from=node00|H=1|phase=PREVOTE
2025-11-16T15:50:59.006Z|NODE|node04|RECV|VOTE|from=node00|H=1|phase=PREVOTE
2025-11-16T15:50:59.007Z|NODE|node04|RECV|HEADER|from=node00|H=1
2025-11-16T15:50:59.007Z|NODE|node00|RECV|VOTE|from=node00|H=1|phase=PREVOTE
2025-11-16T15:50:59.007Z|NODE|node00|PROPOSE|H=1
2025-11-16T15:50:59.007Z|NODE|node01|RECV|VOTE|from=node00|H=1|phase=PREVOTE
2025-11-16T15:50:59.007Z|NODE|node06|RECV|VOTE|from=node00|H=1|phase=PREVOTE
2025-11-16T15:50:59.007Z|NODE|node05|RECV|VOTE|from=node00|H=1|phase=PREVOTE
2025-11-16T15:50:59.007Z|NODE|node07|RECV|VOTE|from=node00|H=1|phase=PREVOTE
2025-11-16T15:50:59.008Z|NODE|node03|RECV|VOTE|from=node00|H=1|phase=PREVOTE
2025-11-16T15:50:59.008Z|NODE|node02|RECV|VOTE|from=node00|H=1|phase=PREVOTE
2025-11-16T15:50:59.008Z|NODE|node00|RECV|VOTE|from=node00|H=1|phase=PREVOTE
2025-11-16T15:50:59.008Z|NODE|node06|RECV|VOTE|from=node00|H=1|phase=PREVOTE
2025-11-16T15:50:59.008Z|NODE|node06|RECV|VOTE|from=node00|H=1|phase=PREVOTE
2025-11-16T15:50:59.008Z|NODE|node06|RECV|HEADER|from=node00|H=1
2025-11-16T15:50:59.008Z|NODE|node05|RECV|HEADER|from=node00|H=1
2025-11-16T15:50:59.008Z|NODE|node03|RECV|VOTE|from=node00|H=1|phase=PREVOTE
2025-11-16T15:50:59.008Z|NODE|node03|RECV|VOTE|from=node00|H=1|phase=PREVOTE
2025-11-16T15:50:59.008Z|NODE|node02|RECV|HEADER|from=node00|H=1
2025-11-16T15:50:59.008Z|NODE|node05|RECV|HEADER|from=node00|H=1
2025-11-16T15:50:59.009Z|NODE|node02|RECV|VOTE|from=node00|H=1|phase=PREVOTE
2025-11-16T15:50:59.009Z|NODE|node05|RECV|VOTE|from=node00|H=1|phase=PREVOTE
2025-11-16T15:50:59.013Z|NODE|node00|PROPOSE|H=1
2025-11-16T15:50:59.018Z|NODE|node02|RECV|HEADER|from=node00|H=1
2025-11-16T15:50:59.020Z|NODE|node01|RECV|HEADER|from=node00|H=1
2025-11-16T15:50:59.021Z|NODE|node03|RECV|HEADER|from=node00|H=1
2025-11-16T15:50:59.021Z|NODE|node00|RECV|HEADER|from=node00|H=1
2025-11-16T15:50:59.021Z|NODE|node05|RECV|HEADER|from=node00|H=1
2025-11-16T15:50:59.021Z|NODE|node07|RECV|HEADER|from=node00|H=1
2025-11-16T15:50:59.022Z|NODE|node03|RECV|HEADER|from=node00|H=1
2025-11-16T15:50:59.022Z|NODE|node00|SENT|PREVOTE|H=1
2025-11-16T15:50:59.022Z|NODE|node00|RECV|HEADER|from=node00|H=1
2025-11-16T15:50:59.022Z|NODE|node00|SENT|PREVOTE|H=1
2025-11-16T15:50:59.024Z|NODE|node06|RECV|HEADER|from=node00|H=1
2025-11-16T15:50:59.024Z|NODE|node06|RECV|VOTE|from=node00|H=1|phase=PREVOTE
2025-11-16T15:50:59.025Z|NODE|node06|RECV|VOTE|from=node00|H=1|phase=PREVOTE
2025-11-16T15:50:59.027Z|NODE|node04|RECV|VOTE|from=node00|H=1|phase=PREVOTE
2025-11-16T15:50:59.027Z|NODE|node00|RECV|HEADER|from=node00|H=1
2025-11-16T15:50:59.028Z|NODE|node02|RECV|HEADER|from=node00|H=1
2025-11-16T15:50:59.028Z|NODE|node03|RECV|HEADER|from=node00|H=1
2025-11-16T15:50:59.028Z|NODE|node07|RECV|VOTE|from=node00|H=1|phase=PREVOTE
2025-11-16T15:50:59.028Z|NODE|node00|PROPOSE|H=1
2025-11-16T15:50:59.028Z|NODE|node00|SENT|PREVOTE|H=1
2025-11-16T15:50:59.028Z|NODE|node00|RECV|HEADER|from=node00|H=1
2025-11-16T15:50:59.029Z|NODE|node03|RECV|VOTE|from=node00|H=1|phase=PREVOTE
2025-11-16T15:50:59.030Z|NODE|node00|SENT|PREVOTE|H=1
2025-11-16T15:50:59.034Z|NODE|node02|RECV|HEADER|from=node00|H=1
2025-11-16T15:50:59.035Z|NODE|node07|RECV|HEADER|from=node00|H=1
2025-11-16T15:50:59.036Z|NODE|node03|RECV|HEADER|from=node00|H=1
2025-11-16T15:50:59.036Z|NODE|node05|RECV|HEADER|from=node00|H=1
2025-11-16T15:50:59.036Z|NODE|node04|RECV|HEADER|from=node00|H=1
2025-11-16T15:50:59.037Z|NODE|node05|RECV|VOTE|from=node00|H=1|phase=PREVOTE
2025-11-16T15:50:59.037Z|NODE|node04|RECV|HEADER|from=node00|H=1
2025-11-16T15:50:59.037Z|NODE|node04|RECV|HEADER|from=node00|H=1
2025-11-16T15:50:59.037Z|NODE|node04|RECV|VOTE|from=node00|H=1|phase=PREVOTE
2025-11-16T15:50:59.037Z|NODE|node06|RECV|HEADER|from=node00|H=1
2025-11-16T15:50:59.037Z|NODE|node00|RECV|VOTE|from=node00|H=1|phase=PREVOTE
2025-11-16T15:50:59.038Z|NODE|node00|PROPOSE|H=1
2025-11-16T15:50:59.038Z|NODE|node00|RECV|HEADER|from=node00|H=1
2025-11-16T15:50:59.038Z|NODE|node02|RECV|VOTE|from=node00|H=1|phase=PREVOTE
2025-11-16T15:50:59.038Z|NODE|node07|RECV|VOTE|from=node00|H=1|phase=PREVOTE
2025-11-16T15:50:59.038Z|NODE|node01|RECV|HEADER|from=node00|H=1
2025-11-16T15:50:59.038Z|NODE|node06|RECV|HEADER|from=node00|H=1
2025-11-16T15:50:59.039Z|NODE|node00|SENT|PREVOTE|H=1
2025-11-16T15:50:59.041Z|NODE|node02|RECV|VOTE|from=node00|H=1|phase=PREVOTE
2025-11-16T15:50:59.041Z|NODE|node02|RECV|HEADER|from=node00|H=1
2025-11-16T15:50:59.041Z|NODE|node01|RECV|HEADER|from=node00|H=1
2025-11-16T15:50:59.041Z|NODE|node01|RECV|HEADER|from=node00|H=1
2025-11-16T15:50:59.041Z|NODE|node02|RECV|VOTE|from=node00|H=1|phase=PREVOTE
2025-11-16T15:50:59.042Z|NODE|node01|RECV|VOTE|from=node00|H=1|phase=PREVOTE
2025-11-16T15:50:59.042Z|NODE|node01|RECV|VOTE|from=node00|H=1|phase=PREVOTE
2025-11-16T15:50:59.043Z|NODE|node01|RECV|VOTE|from=node00|H=1|phase=PREVOTE
2025-11-16T15:50:59.044Z|NODE|node01|RECV|VOTE|from=node00|H=1|phase=PREVOTE
2025-11-16T15:50:59.044Z|NODE|node00|PROPOSE|H=1
2025-11-16T15:50:59.044Z|NODE|node04|RECV|VOTE|from=node00|H=1|phase=PREVOTE
2025-11-16T15:50:59.045Z|NODE|node04|RECV|VOTE|from=node00|H=1|phase=PREVOTE
2025-11-16T15:50:59.045Z|NODE|node00|RECV|VOTE|from=node00|H=1|phase=PREVOTE
2025-11-16T15:50:59.045Z|NODE|node03|RECV|VOTE|from=node00|H=1|phase=PREVOTE
2025-11-16T15:50:59.045Z|NODE|node02|RECV|VOTE|from=node00|H=1|phase=PREVOTE
2025-11-16T15:50:59.046Z|NODE|node07|RECV|HEADER|from=node00|H=1
2025-11-16T15:50:59.046Z|NODE|node06|RECV|HEADER|from=node00|H=1
2025-11-16T15:50:59.046Z|NODE|node05|RECV|VOTE|from=node00|H=1|phase=PREVOTE
2025-11-16T15:50:59.048Z|NODE|node00|RECV|VOTE|from=node00|H=1|phase=PREVOTE
2025-11-16T15:50:59.048Z|NODE|node03|RECV|HEADER|from=node00|H=1
2025-11-16T15:50:59.048Z|NODE|node02|RECV|HEADER|from=node00|H=1
2025-11-16T15:50:59.048Z|NODE|node07|RECV|VOTE|from=node00|H=1|phase=PREVOTE
2025-11-16T15:50:59.049Z|NODE|node06|RECV|VOTE|from=node00|H=1|phase=PREVOTE
2025-11-16T15:50:59.049Z|NODE|node05|RECV|VOTE|from=node00|H=1|phase=PREVOTE
2025-11-16T15:50:59.049Z|NODE|node03|RECV|VOTE|from=node00|H=1|phase=PREVOTE
2025-11-16T15:50:59.049Z|NODE|node03|RECV|VOTE|from=node00|H=1|phase=PREVOTE
2025-11-16T15:50:59.049Z|NODE|node03|RECV|VOTE|from=node00|H=1|phase=PREVOTE
2025-11-16T15:50:59.049Z|NODE|node06|RECV|VOTE|from=node00|H=1|phase=PREVOTE
2025-11-16T15:50:59.049Z|NODE|node06|RECV|VOTE|from=node00|H=1|phase=PREVOTE
2025-11-16T15:50:59.049Z|NODE|node06|RECV|VOTE|from=node00|H=1|phase=PREVOTE
2025-11-16T15:50:59.049Z|NODE|node06|RECV|HEADER|from=node00|H=1
2025-11-16T15:50:59.049Z|NODE|node00|PROPOSE|H=1
2025-11-16T15:50:59.049Z|NODE|node07|RECV|VOTE|from=node00|H=1|phase=PREVOTE
2025-11-16T15:50:59.050Z|NODE|node07|RECV|VOTE|from=node00|H=1|phase=PREVOTE
2025-11-16T15:50:59.050Z|NODE|node01|RECV|HEADER|from=node00|H=1
2025-11-16T15:50:59.050Z|NODE|node04|RECV|VOTE|from=node00|H=1|phase=PREVOTE
2025-11-16T15:50:59.050Z|NODE|node00|RECV|VOTE|from=node00|H=1|phase=PREVOTE
2025-11-16T15:50:59.050Z|NODE|node00|RECV|VOTE|from=node00|H=1|phase=PREVOTE
2025-11-16T15:50:59.050Z|NODE|node03|RECV|HEADER|from=node00|H=1
2025-11-16T15:50:59.050Z|NODE|node05|RECV|VOTE|from=node00|H=1|phase=PREVOTE
2025-11-16T15:50:59.050Z|NODE|node05|RECV|VOTE|from=node00|H=1|phase=PREVOTE
2025-11-16T15:50:59.050Z|NODE|node05|RECV|HEADER|from=node00|H=1
2025-11-16T15:50:59.051Z|NODE|node01|RECV|VOTE|from=node00|H=1|phase=PREVOTE
2025-11-16T15:50:59.051Z|NODE|node01|RECV|HEADER|from=node00|H=1
2025-11-16T15:50:59.051Z|NODE|node05|RECV|HEADER|from=node00|H=1
2025-11-16T15:50:59.055Z|NODE|node07|RECV|HEADER|from=node00|H=1
2025-11-16T15:50:59.055Z|NODE|node00|RECV|HEADER|from=node00|H=1
2025-11-16T15:50:59.055Z|NODE|node07|RECV|HEADER|from=node00|H=1
2025-11-16T15:50:59.055Z|NODE|node00|SENT|PREVOTE|H=1
2025-11-16T15:50:59.055Z|NODE|node00|RECV|HEADER|from=node00|H=1
2025-11-16T15:50:59.055Z|NODE|node06|RECV|HEADER|from=node00|H=1
2025-11-16T15:50:59.056Z|NODE|node04|RECV|HEADER|from=node00|H=1
2025-11-16T15:50:59.056Z|NODE|node02|RECV|VOTE|from=node00|H=1|phase=PREVOTE
2025-11-16T15:50:59.056Z|NODE|node05|RECV|HEADER|from=node00|H=1
2025-11-16T15:50:59.056Z|NODE|node00|PROPOSE|H=1
2025-11-16T15:50:59.058Z|NODE|node00|SENT|PREVOTE|H=1
2025-11-16T15:50:59.058Z|NODE|node00|RECV|HEADER|from=node00|H=1
2025-11-16T15:50:59.060Z|NODE|node00|SENT|PREVOTE|H=1
2025-11-16T15:50:59.060Z|NODE|node06|RECV|HEADER|from=node00|H=1
2025-11-16T15:50:59.062Z|NODE|node04|RECV|VOTE|from=node00|H=1|phase=PREVOTE
2025-11-16T15:50:59.063Z|NODE|node04|RECV|HEADER|from=node00|H=1
2025-11-16T15:50:59.063Z|NODE|node03|RECV|HEADER|from=node00|H=1
2025-11-16T15:50:59.063Z|NODE|node02|RECV|HEADER|from=node00|H=1
2025-11-16T15:50:59.063Z|NODE|node07|RECV|HEADER|from=node00|H=1
2025-11-16T15:50:59.064Z|NODE|node00|RECV|HEADER|from=node00|H=1
2025-11-16T15:50:59.064Z|NODE|node01|RECV|HEADER|from=node00|H=1
2025-11-16T15:50:59.064Z|NODE|node06|RECV|HEADER|from=node00|H=1
2025-11-16T15:50:59.064Z|NODE|node04|RECV|VOTE|from=node00|H=1|phase=PREVOTE
2025-11-16T15:50:59.064Z|NODE|node00|PROPOSE|H=1
2025-11-16T15:50:59.065Z|NODE|node03|RECV|HEADER|from=node00|H=1
2025-11-16T15:50:59.065Z|NODE|node02|RECV|VOTE|from=node00|H=1|phase=PREVOTE
2025-11-16T15:50:59.065Z|NODE|node07|RECV|VOTE|from=node00|H=1|phase=PREVOTE
2025-11-16T15:50:59.065Z|NODE|node00|SENT|PREVOTE|H=1
2025-11-16T15:50:59.065Z|NODE|node00|RECV|VOTE|from=node00|H=1|phase=PREVOTE
2025-11-16T15:50:59.065Z|NODE|node01|RECV|HEADER|from=node00|H=1
2025-11-16T15:50:59.065Z|NODE|node06|RECV|VOTE|from=node00|H=1|phase=PREVOTE
2025-11-16T15:50:59.065Z|NODE|node03|RECV|VOTE|from=node00|H=1|phase=PREVOTE
2025-11-16T15:50:59.070Z|NODE|node02|RECV|HEADER|from=node00|H=1
2025-11-16T15:50:59.070Z|NODE|node00|PROPOSE|H=1
2025-11-16T15:50:59.071Z|NODE|node02|RECV|VOTE|from=node00|H=1|phase=PREVOTE
2025-11-16T15:50:59.072Z|NODE|node04|RECV|HEADER|from=node00|H=1
2025-11-16T15:50:59.072Z|NODE|node05|RECV|HEADER|from=node00|H=1
2025-11-16T15:50:59.072Z|NODE|node00|RECV|VOTE|from=node00|H=1|phase=PREVOTE
2025-11-16T15:50:59.072Z|NODE|node05|RECV|VOTE|from=node00|H=1|phase=PREVOTE
2025-11-16T15:50:59.072Z|NODE|node07|RECV|VOTE|from=node00|H=1|phase=PREVOTE
2025-11-16T15:50:59.073Z|NODE|node06|RECV|VOTE|from=node00|H=1|phase=PREVOTE
2025-11-16T15:50:59.073Z|NODE|node01|RECV|VOTE|from=node00|H=1|phase=PREVOTE
2025-11-16T15:50:59.073Z|NODE|node03|RECV|VOTE|from=node00|H=1|phase=PREVOTE
2025-11-16T15:50:59.073Z|NODE|node04|RECV|HEADER|from=node00|H=1
2025-11-16T15:50:59.073Z|NODE|node00|RECV|VOTE|from=node00|H=1|phase=PREVOTE
2025-11-16T15:50:59.073Z|NODE|node07|RECV|VOTE|from=node00|H=1|phase=PREVOTE
2025-11-16T15:50:59.074Z|NODE|node07|RECV|HEADER|from=node00|H=1
2025-11-16T15:50:59.074Z|NODE|node01|RECV|VOTE|from=node00|H=1|phase=PREVOTE
2025-11-16T15:50:59.074Z|NODE|node04|RECV|VOTE|from=node00|H=1|phase=PREVOTE
2025-11-16T15:50:59.074Z|NODE|node00|RECV|HEADER|from=node00|H=1
2025-11-16T15:50:59.074Z|NODE|node07|RECV|VOTE|from=node00|H=1|phase=PREVOTE
2025-11-16T15:50:59.074Z|NODE|node00|SENT|PREVOTE|H=1
2025-11-16T15:50:59.076Z|NODE|node02|RECV|HEADER|from=node00|H=1
2025-11-16T15:50:59.076Z|NODE|node05|RECV|HEADER|from=node00|H=1
2025-11-16T15:50:59.076Z|NODE|node01|RECV|VOTE|from=node00|H=1|phase=PREVOTE
2025-11-16T15:50:59.076Z|NODE|node01|RECV|VOTE|from=node00|H=1|phase=PREVOTE
2025-11-16T15:50:59.076Z|NODE|node01|RECV|HEADER|from=node00|H=1
2025-11-16T15:50:59.076Z|NODE|node03|RECV|HEADER|from=node00|H=1
2025-11-16T15:50:59.076Z|NODE|node07|RECV|HEADER|from=node00|H=1
2025-11-16T15:50:59.076Z|NODE|node06|RECV|VOTE|from=node00|H=1|phase=PREVOTE
2025-11-16T15:50:59.076Z|NODE|node04|RECV|VOTE|from=node00|H=1|phase=PREVOTE
2025-11-16T15:50:59.076Z|NODE|node04|RECV|HEADER|from=node00|H=1
2025-11-16T15:50:59.076Z|NODE|node00|RECV|VOTE|from=node00|H=1|phase=PREVOTE
2025-11-16T15:50:59.077Z|NODE|node00|PROPOSE|H=1
2025-11-16T15:50:59.077Z|NODE|node02|RECV|VOTE|from=node00|H=1|phase=PREVOTE
2025-11-16T15:50:59.077Z|NODE|node02|RECV|HEADER|from=node00|H=1
2025-11-16T15:50:59.077Z|NODE|node05|RECV|VOTE|from=node00|H=1|phase=PREVOTE
2025-11-16T15:50:59.077Z|NODE|node03|RECV|VOTE|from=node00|H=1|phase=PREVOTE
2025-11-16T15:50:59.077Z|NODE|node03|RECV|VOTE|from=node00|H=1|phase=PREVOTE
2025-11-16T15:50:59.078Z|NODE|node03|RECV|HEADER|from=node00|H=1
2025-11-16T15:50:59.078Z|NODE|node06|RECV|VOTE|from=node00|H=1|phase=PREVOTE
2025-11-16T15:50:59.078Z|NODE|node00|RECV|HEADER|from=node00|H=1
2025-11-16T15:50:59.078Z|NODE|node05|RECV|VOTE|from=node00|H=1|phase=PREVOTE
2025-11-16T15:50:59.078Z|NODE|node02|RECV|VOTE|from=node00|H=1|phase=PREVOTE
2025-11-16T15:50:59.078Z|NODE|node00|SENT|PREVOTE|H=1
2025-11-16T15:50:59.078Z|NODE|node00|RECV|VOTE|from=node00|H=1|phase=PREVOTE
2025-11-16T15:50:59.078Z|NODE|node05|RECV|VOTE|from=node00|H=1|phase=PREVOTE
2025-11-16T15:50:59.082Z|NODE|node05|RECV|HEADER|from=node00|H=1
2025-11-16T15:50:59.082Z|NODE|node02|RECV|HEADER|from=node00|H=1
2025-11-16T15:50:59.082Z|NODE|node04|RECV|VOTE|from=node00|H=1|phase=PREVOTE
2025-11-16T15:50:59.083Z|NODE|node04|RECV|VOTE|from=node00|H=1|phase=PREVOTE
2025-11-16T15:50:59.083Z|NODE|node03|RECV|HEADER|from=node00|H=1
2025-11-16T15:50:59.083Z|NODE|node00|RECV|VOTE|from=node00|H=1|phase=PREVOTE
2025-11-16T15:50:59.083Z|NODE|node01|RECV|HEADER|from=node00|H=1
2025-11-16T15:50:59.083Z|NODE|node07|RECV|HEADER|from=node00|H=1
2025-11-16T15:50:59.084Z|NODE|node06|RECV|HEADER|from=node00|H=1
2025-11-16T15:50:59.084Z|NODE|node00|PROPOSE|H=1
2025-11-16T15:50:59.084Z|NODE|node02|RECV|VOTE|from=node00|H=1|phase=PREVOTE
2025-11-16T15:50:59.084Z|NODE|node02|RECV|VOTE|from=node00|H=1|phase=PREVOTE
2025-11-16T15:50:59.084Z|NODE|node01|RECV|VOTE|from=node00|H=1|phase=PREVOTE
2025-11-16T15:50:59.084Z|NODE|node06|RECV|VOTE|from=node00|H=1|phase=PREVOTE
2025-11-16T15:50:59.084Z|NODE|node06|RECV|VOTE|from=node00|H=1|phase=PREVOTE
2025-11-16T15:50:59.089Z|NODE|node00|PROPOSE|H=1
2025-11-16T15:50:59.092Z|NODE|node02|RECV|HEADER|from=node00|H=1
2025-11-16T15:50:59.092Z|NODE|node04|RECV|HEADER|from=node00|H=1
2025-11-16T15:50:59.092Z|NODE|node04|RECV|VOTE|from=node00|H=1|phase=PREVOTE
2025-11-16T15:50:59.093Z|NODE|node04|RECV|HEADER|from=node00|H=1
2025-11-16T15:50:59.093Z|NODE|node05|RECV|HEADER|from=node00|H=1
2025-11-16T15:50:59.094Z|NODE|node05|RECV|VOTE|from=node00|H=1|phase=PREVOTE
2025-11-16T15:50:59.095Z|NODE|node06|RECV|HEADER|from=node00|H=1
2025-11-16T15:50:59.095Z|NODE|node03|RECV|VOTE|from=node00|H=1|phase=PREVOTE
2025-11-16T15:50:59.096Z|NODE|node07|RECV|VOTE|from=node00|H=1|phase=PREVOTE
2025-11-16T15:50:59.096Z|NODE|node00|RECV|HEADER|from=node00|H=1
2025-11-16T15:50:59.097Z|NODE|node01|RECV|VOTE|from=node00|H=1|phase=PREVOTE
2025-11-16T15:50:59.097Z|NODE|node05|RECV|HEADER|from=node00|H=1
2025-11-16T15:50:59.097Z|NODE|node03|RECV|VOTE|from=node00|H=1|phase=PREVOTE
2025-11-16T15:50:59.097Z|NODE|node07|RECV|VOTE|from=node00|H=1|phase=PREVOTE
2025-11-16T15:50:59.098Z|NODE|node06|RECV|HEADER|from=node00|H=1
2025-11-16T15:50:59.098Z|NODE|node04|RECV|HEADER|from=node00|H=1
2025-11-16T15:50:59.098Z|NODE|node02|RECV|HEADER|from=node00|H=1
2025-11-16T15:50:59.098Z|NODE|node00|PROPOSE|H=1
2025-11-16T15:50:59.098Z|NODE|node00|SENT|PREVOTE|H=1
2025-11-16T15:50:59.098Z|NODE|node01|RECV|HEADER|from=node00|H=1
2025-11-16T15:50:59.098Z|NODE|node05|RECV|VOTE|from=node00|H=1|phase=PREVOTE
2025-11-16T15:50:59.098Z|NODE|node05|RECV|HEADER|from=node00|H=1
2025-11-16T15:50:59.098Z|NODE|node03|RECV|HEADER|from=node00|H=1
2025-11-16T15:50:59.098Z|NODE|node07|RECV|HEADER|from=node00|H=1
2025-11-16T15:50:59.098Z|NODE|node06|RECV|HEADER|from=node00|H=1
2025-11-16T15:50:59.098Z|NODE|node01|RECV|HEADER|from=node00|H=1
2025-11-16T15:50:59.098Z|NODE|node05|RECV|HEADER|from=node00|H=1
2025-11-16T15:50:59.098Z|NODE|node03|RECV|HEADER|from=node00|H=1
2025-11-16T15:50:59.099Z|NODE|node07|RECV|HEADER|from=node00|H=1
2025-11-16T15:50:59.103Z|NODE|node00|PROPOSE|H=1
2025-11-16T15:50:59.104Z|NODE|node04|RECV|HEADER|from=node00|H=1
2025-11-16T15:50:59.104Z|NODE|node00|RECV|HEADER|from=node00|H=1
2025-11-16T15:50:59.105Z|NODE|node06|RECV|HEADER|from=node00|H=1
2025-11-16T15:50:59.105Z|NODE|node00|SENT|PREVOTE|H=1
2025-11-16T15:50:59.105Z|NODE|node03|RECV|HEADER|from=node00|H=1
2025-11-16T15:50:59.105Z|NODE|node07|RECV|HEADER|from=node00|H=1
2025-11-16T15:50:59.105Z|NODE|node02|RECV|HEADER|from=node00|H=1
2025-11-16T15:50:59.105Z|NODE|node01|RECV|VOTE|from=node00|H=1|phase=PREVOTE
2025-11-16T15:50:59.105Z|NODE|node05|RECV|VOTE|from=node00|H=1|phase=PREVOTE
2025-11-16T15:50:59.105Z|NODE|node06|RECV|HEADER|from=node00|H=1
2025-11-16T15:50:59.105Z|NODE|node00|RECV|VOTE|from=node00|H=1|phase=PREVOTE
2025-11-16T15:50:59.106Z|NODE|node03|RECV|HEADER|from=node00|H=1
2025-11-16T15:50:59.106Z|NODE|node07|RECV|VOTE|from=node00|H=1|phase=PREVOTE
2025-11-16T15:50:59.106Z|NODE|node06|RECV|VOTE|from=node00|H=1|phase=PREVOTE
2025-11-16T15:50:59.109Z|NODE|node04|RECV|HEADER|from=node00|H=1
2025-11-16T15:50:59.109Z|NODE|node00|RECV|HEADER|from=node00|H=1
2025-11-16T15:50:59.110Z|NODE|node01|RECV|HEADER|from=node00|H=1
2025-11-16T15:50:59.110Z|NODE|node00|SENT|PREVOTE|H=1
2025-11-16T15:50:59.110Z|NODE|node00|RECV|HEADER|from=node00|H=1
2025-11-16T15:50:59.110Z|NODE|node05|RECV|HEADER|from=node00|H=1
2025-11-16T15:50:59.111Z|NODE|node02|RECV|VOTE|from=node00|H=1|phase=PREVOTE
2025-11-16T15:50:59.111Z|NODE|node02|RECV|VOTE|from=node00|H=1|phase=PREVOTE
2025-11-16T15:50:59.111Z|NODE|node07|RECV|VOTE|from=node00|H=1|phase=PREVOTE
2025-11-16T15:50:59.111Z|NODE|node00|PROPOSE|H=1
2025-11-16T15:50:59.111Z|NODE|node04|RECV|VOTE|from=node00|H=1|phase=PREVOTE
2025-11-16T15:50:59.111Z|NODE|node00|SENT|PREVOTE|H=1
2025-11-16T15:50:59.116Z|NODE|node03|RECV|VOTE|from=node00|H=1|phase=PREVOTE
2025-11-16T15:50:59.116Z|NODE|node03|RECV|VOTE|from=node00|H=1|phase=PREVOTE
2025-11-16T15:50:59.116Z|NODE|node03|RECV|HEADER|from=node00|H=1
2025-11-16T15:50:59.117Z|NODE|node07|RECV|HEADER|from=node00|H=1
2025-11-16T15:50:59.117Z|NODE|node02|RECV|HEADER|from=node00|H=1
2025-11-16T15:50:59.117Z|NODE|node01|RECV|HEADER|from=node00|H=1
2025-11-16T15:50:59.117Z|NODE|node05|RECV|HEADER|from=node00|H=1
2025-11-16T15:50:59.117Z|NODE|node04|RECV|HEADER|from=node00|H=1
2025-11-16T15:50:59.117Z|NODE|node05|RECV|HEADER|from=node00|H=1
2025-11-16T15:50:59.117Z|NODE|node00|RECV|HEADER|from=node00|H=1
2025-11-16T15:50:59.118Z|NODE|node06|RECV|VOTE|from=node00|H=1|phase=PREVOTE
2025-11-16T15:50:59.118Z|NODE|node06|RECV|VOTE|from=node00|H=1|phase=PREVOTE
2025-11-16T15:50:59.118Z|NODE|node00|PROPOSE|H=1
2025-11-16T15:50:59.118Z|NODE|node07|RECV|HEADER|from=node00|H=1
2025-11-16T15:50:59.118Z|NODE|node02|RECV|HEADER|from=node00|H=1
2025-11-16T15:50:59.118Z|NODE|node01|RECV|VOTE|from=node00|H=1|phase=PREVOTE
2025-11-16T15:50:59.118Z|NODE|node04|RECV|VOTE|from=node00|H=1|phase=PREVOTE
2025-11-16T15:50:59.118Z|NODE|node04|RECV|HEADER|from=node00|H=1
2025-11-16T15:50:59.118Z|NODE|node00|SENT|PREVOTE|H=1
2025-11-16T15:50:59.118Z|NODE|node00|RECV|HEADER|from=node00|H=1
2025-11-16T15:50:59.118Z|NODE|node07|RECV|HEADER|from=node00|H=1
2025-11-16T15:50:59.118Z|NODE|node04|RECV|VOTE|from=node00|H=1|phase=PREVOTE
2025-11-16T15:50:59.119Z|NODE|node00|SENT|PREVOTE|H=1
2025-11-16T15:50:59.119Z|NODE|node00|RECV|VOTE|from=node00|H=1|phase=PREVOTE
2025-11-16T15:50:59.119Z|NODE|node07|RECV|VOTE|from=node00|H=1|phase=PREVOTE
2025-11-16T15:50:59.123Z|NODE|node01|RECV|HEADER|from=node00|H=1
2025-11-16T15:50:59.123Z|NODE|node05|RECV|VOTE|from=node00|H=1|phase=PREVOTE
2025-11-16T15:50:59.123Z|NODE|node05|RECV|VOTE|from=node00|H=1|phase=PREVOTE
2025-11-16T15:50:59.124Z|NODE|node06|RECV|HEADER|from=node00|H=1
2025-11-16T15:50:59.124Z|NODE|node03|RECV|HEADER|from=node00|H=1
2025-11-16T15:50:59.124Z|NODE|node02|RECV|HEADER|from=node00|H=1
2025-11-16T15:50:59.124Z|NODE|node00|RECV|VOTE|from=node00|H=1|phase=PREVOTE
2025-11-16T15:50:59.124Z|NODE|node04|RECV|VOTE|from=node00|H=1|phase=PREVOTE
2025-11-16T15:50:59.124Z|NODE|node07|RECV|VOTE|from=node00|H=1|phase=PREVOTE
2025-11-16T15:50:59.124Z|NODE|node00|PROPOSE|H=1
2025-11-16T15:50:59.124Z|NODE|node01|RECV|VOTE|from=node00|H=1|phase=PREVOTE
2025-11-16T15:50:59.125Z|NODE|node01|RECV|VOTE|from=node00|H=1|phase=PREVOTE
2025-11-16T15:50:59.125Z|NODE|node06|RECV|HEADER|from=node00|H=1
2025-11-16T15:50:59.125Z|NODE|node03|RECV|VOTE|from=node00|H=1|phase=PREVOTE
2025-11-16T15:50:59.125Z|NODE|node02|RECV|VOTE|from=node00|H=1|phase=PREVOTE
2025-11-16T15:50:59.125Z|NODE|node02|RECV|VOTE|from=node00|H=1|phase=PREVOTE
2025-11-16T15:50:59.125Z|NODE|node00|RECV|VOTE|from=node00|H=1|phase=PREVOTE
2025-11-16T15:50:59.125Z|NODE|node01|RECV|HEADER|from=node00|H=1
2025-11-16T15:50:59.125Z|NODE|node06|RECV|VOTE|from=node00|H=1|phase=PREVOTE
2025-11-16T15:50:59.125Z|NODE|node03|RECV|VOTE|from=node00|H=1|phase=PREVOTE
2025-11-16T15:50:59.130Z|NODE|node05|RECV|VOTE|from=node00|H=1|phase=PREVOTE
2025-11-16T15:50:59.130Z|NODE|node05|RECV|HEADER|from=node00|H=1
2025-11-16T15:50:59.130Z|NODE|node02|RECV|VOTE|from=node00|H=1|phase=PREVOTE
2025-11-16T15:50:59.130Z|NODE|node02|RECV|HEADER|from=node00|H=1
2025-11-16T15:50:59.130Z|NODE|node01|RECV|HEADER|from=node00|H=1
2025-11-16T15:50:59.131Z|NODE|node00|RECV|VOTE|from=node00|H=1|phase=PREVOTE
2025-11-16T15:50:59.131Z|NODE|node06|RECV|VOTE|from=node00|H=1|phase=PREVOTE
2025-11-16T15:50:59.131Z|NODE|node06|RECV|HEADER|from=node00|H=1
2025-11-16T15:50:59.131Z|NODE|node03|RECV|VOTE|from=node00|H=1|phase=PREVOTE
2025-11-16T15:50:59.131Z|NODE|node07|RECV|HEADER|from=node00|H=1
2025-11-16T15:50:59.131Z|NODE|node04|RECV|HEADER|from=node00|H=1
2025-11-16T15:50:59.131Z|NODE|node00|PROPOSE|H=1
2025-11-16T15:50:59.131Z|NODE|node02|RECV|HEADER|from=node00|H=1
2025-11-16T15:50:59.131Z|NODE|node01|RECV|VOTE|from=node00|H=1|phase=PREVOTE
2025-11-16T15:50:59.132Z|NODE|node07|RECV|VOTE|from=node00|H=1|phase=PREVOTE
2025-11-16T15:50:59.132Z|NODE|node07|RECV|HEADER|from=node00|H=1
2025-11-16T15:50:59.132Z|NODE|node04|RECV|VOTE|from=node00|H=1|phase=PREVOTE
2025-11-16T15:50:59.132Z|NODE|node04|RECV|HEADER|from=node00|H=1
2025-11-16T15:50:59.137Z|NODE|node05|RECV|HEADER|from=node00|H=1
2025-11-16T15:50:59.137Z|NODE|node00|PROPOSE|H=1
2025-11-16T15:50:59.137Z|NODE|node00|RECV|HEADER|from=node00|H=1
2025-11-16T15:50:59.137Z|NODE|node07|RECV|VOTE|from=node00|H=1|phase=PREVOTE
2025-11-16T15:50:59.137Z|NODE|node03|RECV|HEADER|from=node00|H=1
2025-11-16T15:50:59.138Z|NODE|node02|RECV|VOTE|from=node00|H=1|phase=PREVOTE
2025-11-16T15:50:59.138Z|NODE|node01|RECV|VOTE|from=node00|H=1|phase=PREVOTE
2025-11-16T15:50:59.138Z|NODE|node04|RECV|VOTE|from=node00|H=1|phase=PREVOTE
2025-11-16T15:50:59.138Z|NODE|node06|RECV|VOTE|from=node00|H=1|phase=PREVOTE
2025-11-16T15:50:59.138Z|NODE|node06|RECV|HEADER|from=node00|H=1
2025-11-16T15:50:59.138Z|NODE|node05|RECV|VOTE|from=node00|H=1|phase=PREVOTE
2025-11-16T15:50:59.138Z|NODE|node07|RECV|HEADER|from=node00|H=1
2025-11-16T15:50:59.138Z|NODE|node00|SENT|PREVOTE|H=1
2025-11-16T15:50:59.139Z|NODE|node00|RECV|VOTE|from=node00|H=1|phase=PREVOTE
2025-11-16T15:50:59.139Z|NODE|node03|RECV|VOTE|from=node00|H=1|phase=PREVOTE
2025-11-16T15:50:59.139Z|NODE|node05|RECV|VOTE|from=node00|H=1|phase=PREVOTE
2025-11-16T15:50:59.139Z|NODE|node05|RECV|HEADER|from=node00|H=1
2025-11-16T15:50:59.139Z|NODE|node00|RECV|HEADER|from=node00|H=1
2025-11-16T15:50:59.139Z|NODE|node03|RECV|HEADER|from=node00|H=1
2025-11-16T15:50:59.139Z|NODE|node00|SENT|PREVOTE|H=1
2025-11-16T15:50:59.139Z|NODE|node03|RECV|HEADER|from=node00|H=1
2025-11-16T15:50:59.142Z|NODE|node01|RECV|HEADER|from=node00|H=1
2025-11-16T15:50:59.142Z|NODE|node06|RECV|HEADER|from=node00|H=1
2025-11-16T15:50:59.142Z|NODE|node00|RECV|HEADER|from=node00|H=1
2025-11-16T15:50:59.143Z|NODE|node03|RECV|HEADER|from=node00|H=1
2025-11-16T15:50:59.143Z|NODE|node02|RECV|HEADER|from=node00|H=1
2025-11-16T15:50:59.143Z|NODE|node04|RECV|VOTE|from=node00|H=1|phase=PREVOTE
2025-11-16T15:50:59.143Z|NODE|node05|RECV|HEADER|from=node00|H=1
2025-11-16T15:50:59.143Z|NODE|node00|PROPOSE|H=1
2025-11-16T15:50:59.143Z|NODE|node01|RECV|HEADER|from=node00|H=1
2025-11-16T15:50:59.144Z|NODE|node06|RECV|HEADER|from=node00|H=1
2025-11-16T15:50:59.144Z|NODE|node00|SENT|PREVOTE|H=1
2025-11-16T15:50:59.145Z|NODE|node01|RECV|HEADER|from=node00|H=1
2025-11-16T15:50:59.145Z|NODE|node06|RECV|VOTE|from=node00|H=1|phase=PREVOTE
2025-11-16T15:50:59.149Z|NODE|node04|RECV|HEADER|from=node00|H=1
2025-11-16T15:50:59.149Z|NODE|node03|RECV|VOTE|from=node00|H=1|phase=PREVOTE
2025-11-16T15:50:59.149Z|NODE|node05|RECV|VOTE|from=node00|H=1|phase=PREVOTE
2025-11-16T15:50:59.149Z|NODE|node05|RECV|VOTE|from=node00|H=1|phase=PREVOTE
2025-11-16T15:50:59.149Z|NODE|node07|RECV|HEADER|from=node00|H=1
2025-11-16T15:50:59.149Z|NODE|node01|RECV|HEADER|from=node00|H=1
2025-11-16T15:50:59.149Z|NODE|node06|RECV|HEADER|from=node00|H=1
2025-11-16T15:50:59.149Z|NODE|node00|PROPOSE|H=1
2025-11-16T15:50:59.150Z|NODE|node04|RECV|HEADER|from=node00|H=1
2025-11-16T15:50:59.150Z|NODE|node01|RECV|VOTE|from=node00|H=1|phase=PREVOTE
2025-11-16T15:50:59.150Z|NODE|node04|RECV|VOTE|from=node00|H=1|phase=PREVOTE
2025-11-16T15:50:59.155Z|NODE|node03|RECV|VOTE|from=node00|H=1|phase=PREVOTE
2025-11-16T15:50:59.155Z|NODE|node03|RECV|HEADER|from=node00|H=1
2025-11-16T15:50:59.155Z|NODE|node05|RECV|VOTE|from=node00|H=1|phase=PREVOTE
2025-11-16T15:50:59.156Z|NODE|node05|RECV|HEADER|from=node00|H=1
2025-11-16T15:50:59.156Z|NODE|node01|RECV|VOTE|from=node00|H=1|phase=PREVOTE
2025-11-16T15:50:59.156Z|NODE|node06|RECV|VOTE|from=node00|H=1|phase=PREVOTE
2025-11-16T15:50:59.156Z|NODE|node06|RECV|VOTE|from=node00|H=1|phase=PREVOTE
2025-11-16T15:50:59.156Z|NODE|node00|RECV|HEADER|from=node00|H=1
2025-11-16T15:50:59.156Z|NODE|node07|RECV|HEADER|from=node00|H=1
2025-11-16T15:50:59.157Z|NODE|node02|RECV|HEADER|from=node00|H=1
2025-11-16T15:50:59.157Z|NODE|node04|RECV|VOTE|from=node00|H=1|phase=PREVOTE
2025-11-16T15:50:59.157Z|NODE|node00|PROPOSE|H=1
2025-11-16T15:50:59.157Z|NODE|node03|RECV|VOTE|from=node00|H=1|phase=PREVOTE
2025-11-16T15:50:59.157Z|NODE|node01|RECV|VOTE|from=node00|H=1|phase=PREVOTE
2025-11-16T15:50:59.157Z|NODE|node00|SENT|PREVOTE|H=1
2025-11-16T15:50:59.157Z|NODE|node00|RECV|VOTE|from=node00|H=1|phase=PREVOTE
2025-11-16T15:50:59.157Z|NODE|node00|RECV|VOTE|from=node00|H=1|phase=PREVOTE
2025-11-16T15:50:59.157Z|NODE|node07|RECV|VOTE|from=node00|H=1|phase=PREVOTE
2025-11-16T15:50:59.158Z|NODE|node07|RECV|VOTE|from=node00|H=1|phase=PREVOTE
2025-11-16T15:50:59.158Z|NODE|node02|RECV|VOTE|from=node00|H=1|phase=PREVOTE
2025-11-16T15:50:59.158Z|NODE|node00|RECV|HEADER|from=node00|H=1
2025-11-16T15:50:59.159Z|NODE|node02|RECV|VOTE|from=node00|H=1|phase=PREVOTE
2025-11-16T15:50:59.159Z|NODE|node02|RECV|HEADER|from=node00|H=1
2025-11-16T15:50:59.159Z|NODE|node00|SENT|PREVOTE|H=1
2025-11-16T15:50:59.159Z|NODE|node02|RECV|VOTE|from=node00|H=1|phase=PREVOTE
2025-11-16T15:50:59.159Z|NODE|node02|RECV|HEADER|from=node00|H=1
2025-11-16T15:50:59.163Z|NODE|node05|RECV|HEADER|from=node00|H=1
2025-11-16T15:50:59.163Z|NODE|node04|RECV|HEADER|from=node00|H=1
2025-11-16T15:50:59.163Z|NODE|node02|RECV|VOTE|from=node00|H=1|phase=PREVOTE
2025-11-16T15:50:59.163Z|NODE|node02|RECV|VOTE|from=node00|H=1|phase=PREVOTE
2025-11-16T15:50:59.163Z|NODE|node00|RECV|VOTE|from=node00|H=1|phase=PREVOTE
2025-11-16T15:50:59.163Z|NODE|node07|RECV|VOTE|from=node00|H=1|phase=PREVOTE
2025-11-16T15:50:59.163Z|NODE|node07|RECV|HEADER|from=node00|H=1
2025-11-16T15:50:59.163Z|NODE|node01|RECV|HEADER|from=node00|H=1
2025-11-16T15:50:59.164Z|NODE|node03|RECV|HEADER|from=node00|H=1
2025-11-16T15:50:59.164Z|NODE|node06|RECV|VOTE|from=node00|H=1|phase=PREVOTE
2025-11-16T15:50:59.164Z|NODE|node00|PROPOSE|H=1
2025-11-16T15:50:59.164Z|NODE|node05|RECV|VOTE|from=node00|H=1|phase=PREVOTE
2025-11-16T15:50:59.164Z|NODE|node01|RECV|HEADER|from=node00|H=1
2025-11-16T15:50:59.164Z|NODE|node07|RECV|VOTE|from=node00|H=1|phase=PREVOTE
2025-11-16T15:50:59.165Z|NODE|node00|RECV|HEADER|from=node00|H=1
2025-11-16T15:50:59.165Z|NODE|node01|RECV|VOTE|from=node00|H=1|phase=PREVOTE
2025-11-16T15:50:59.165Z|NODE|node00|SENT|PREVOTE|H=1
2025-11-16T15:50:59.165Z|NODE|node00|RECV|VOTE|from=node00|H=1|phase=PREVOTE
2025-11-16T15:50:59.165Z|NODE|node00|RECV|VOTE|from=node00|H=1|phase=PREVOTE
2025-11-16T15:50:59.170Z|NODE|node03|RECV|HEADER|from=node00|H=1
2025-11-16T15:50:59.170Z|NODE|node06|RECV|HEADER|from=node00|H=1
2025-11-16T15:50:59.170Z|NODE|node04|RECV|HEADER|from=node00|H=1
2025-11-16T15:50:59.170Z|NODE|node05|RECV|VOTE|from=node00|H=1|phase=PREVOTE
2025-11-16T15:50:59.170Z|NODE|node00|RECV|HEADER|from=node00|H=1
2025-11-16T15:50:59.170Z|NODE|node01|RECV|VOTE|from=node00|H=1|phase=PREVOTE
2025-11-16T15:50:59.170Z|NODE|node07|RECV|HEADER|from=node00|H=1
2025-11-16T15:50:59.170Z|NODE|node00|PROPOSE|H=1
2025-11-16T15:50:59.170Z|NODE|node03|RECV|VOTE|from=node00|H=1|phase=PREVOTE
2025-11-16T15:50:59.171Z|NODE|node03|RECV|VOTE|from=node00|H=1|phase=PREVOTE
2025-11-16T15:50:59.171Z|NODE|node06|RECV|HEADER|from=node00|H=1
2025-11-16T15:50:59.171Z|NODE|node04|RECV|HEADER|from=node00|H=1
2025-11-16T15:50:59.172Z|NODE|node00|SENT|PREVOTE|H=1
2025-11-16T15:50:59.172Z|NODE|node01|RECV|HEADER|from=node00|H=1
2025-11-16T15:50:59.172Z|NODE|node06|RECV|VOTE|from=node00|H=1|phase=PREVOTE
2025-11-16T15:50:59.172Z|NODE|node04|RECV|HEADER|from=node00|H=1
2025-11-16T15:50:59.176Z|NODE|node03|RECV|VOTE|from=node00|H=1|phase=PREVOTE
2025-11-16T15:50:59.176Z|NODE|node03|RECV|HEADER|from=node00|H=1
2025-11-16T15:50:59.176Z|NODE|node02|RECV|HEADER|from=node00|H=1
2025-11-16T15:50:59.176Z|NODE|node05|RECV|HEADER|from=node00|H=1
2025-11-16T15:50:59.176Z|NODE|node06|RECV|HEADER|from=node00|H=1
2025-11-16T15:50:59.176Z|NODE|node07|RECV|VOTE|from=node00|H=1|phase=PREVOTE
2025-11-16T15:50:59.177Z|NODE|node07|RECV|HEADER|from=node00|H=1
2025-11-16T15:50:59.177Z|NODE|node04|RECV|VOTE|from=node00|H=1|phase=PREVOTE
2025-11-16T15:50:59.177Z|NODE|node00|RECV|HEADER|from=node00|H=1
2025-11-16T15:50:59.177Z|NODE|node00|PROPOSE|H=1
2025-11-16T15:50:59.178Z|NODE|node02|RECV|VOTE|from=node00|H=1|phase=PREVOTE
2025-11-16T15:50:59.178Z|NODE|node05|RECV|VOTE|from=node00|H=1|phase=PREVOTE
2025-11-16T15:50:59.178Z|NODE|node06|RECV|VOTE|from=node00|H=1|phase=PREVOTE
2025-11-16T15:50:59.178Z|NODE|node04|RECV|VOTE|from=node00|H=1|phase=PREVOTE
2025-11-16T15:50:59.178Z|NODE|node04|RECV|HEADER|from=node00|H=1
2025-11-16T15:50:59.178Z|NODE|node07|RECV|HEADER|from=node00|H=1
2025-11-16T15:50:59.178Z|NODE|node00|SENT|PREVOTE|H=1
2025-11-16T15:50:59.178Z|NODE|node05|RECV|VOTE|from=node00|H=1|phase=PREVOTE
2025-11-16T15:50:59.178Z|NODE|node07|RECV|VOTE|from=node00|H=1|phase=PREVOTE
2025-11-16T15:50:59.184Z|NODE|node00|RECV|VOTE|from=node00|H=1|phase=PREVOTE
2025-11-16T15:50:59.184Z|NODE|node04|RECV|VOTE|from=node00|H=1|phase=PREVOTE
2025-11-16T15:50:59.184Z|NODE|node04|RECV|VOTE|from=node00|H=1|phase=PREVOTE
2025-11-16T15:50:59.184Z|NODE|node01|RECV|VOTE|from=node00|H=1|phase=PREVOTE
2025-11-16T15:50:59.184Z|NODE|node01|RECV|HEADER|from=node00|H=1
2025-11-16T15:50:59.184Z|NODE|node06|RECV|HEADER|from=node00|H=1
2025-11-16T15:50:59.184Z|NODE|node01|RECV|VOTE|from=node00|H=1|phase=PREVOTE
2025-11-16T15:50:59.184Z|NODE|node02|RECV|HEADER|from=node00|H=1
2025-11-16T15:50:59.184Z|NODE|node05|RECV|HEADER|from=node00|H=1
2025-11-16T15:50:59.185Z|NODE|node07|RECV|VOTE|from=node00|H=1|phase=PREVOTE
2025-11-16T15:50:59.185Z|NODE|node07|RECV|HEADER|from=node00|H=1
2025-11-16T15:50:59.185Z|NODE|node03|RECV|VOTE|from=node00|H=1|phase=PREVOTE
2025-11-16T15:50:59.185Z|NODE|node00|PROPOSE|H=1
2025-11-16T15:50:59.185Z|NODE|node06|RECV|VOTE|from=node00|H=1|phase=PREVOTE
2025-11-16T15:50:59.185Z|NODE|node02|RECV|VOTE|from=node00|H=1|phase=PREVOTE
2025-11-16T15:50:59.185Z|NODE|node02|RECV|HEADER|from=node00|H=1
2025-11-16T15:50:59.185Z|NODE|node00|RECV|HEADER|from=node00|H=1
2025-11-16T15:50:59.185Z|NODE|node02|RECV|VOTE|from=node00|H=1|phase=PREVOTE
2025-11-16T15:50:59.186Z|NODE|node00|SENT|PREVOTE|H=1
2025-11-16T15:50:59.190Z|NODE|node03|RECV|HEADER|from=node00|H=1
2025-11-16T15:50:59.190Z|NODE|node01|RECV|HEADER|from=node00|H=1
2025-11-16T15:50:59.190Z|NODE|node06|RECV|VOTE|from=node00|H=1|phase=PREVOTE
2025-11-16T15:50:59.190Z|NODE|node06|RECV|HEADER|from=node00|H=1
2025-11-16T15:50:59.190Z|NODE|node04|RECV|HEADER|from=node00|H=1
2025-11-16T15:50:59.190Z|NODE|node05|RECV|HEADER|from=node00|H=1
2025-11-16T15:50:59.191Z|NODE|node00|RECV|HEADER|from=node00|H=1
2025-11-16T15:50:59.191Z|NODE|node02|RECV|HEADER|from=node00|H=1
2025-11-16T15:50:59.191Z|NODE|node07|RECV|VOTE|from=node00|H=1|phase=PREVOTE
2025-11-16T15:50:59.192Z|NODE|node07|RECV|VOTE|from=node00|H=1|phase=PREVOTE
2025-11-16T15:50:59.192Z|NODE|node00|PROPOSE|H=1
2025-11-16T15:50:59.192Z|NODE|node03|RECV|HEADER|from=node00|H=1
2025-11-16T15:50:59.192Z|NODE|node01|RECV|HEADER|from=node00|H=1
2025-11-16T15:50:59.192Z|NODE|node04|RECV|VOTE|from=node00|H=1|phase=PREVOTE
2025-11-16T15:50:59.192Z|NODE|node05|RECV|HEADER|from=node00|H=1
2025-11-16T15:50:59.192Z|NODE|node00|SENT|PREVOTE|H=1
2025-11-16T15:50:59.193Z|NODE|node04|RECV|HEADER|from=node00|H=1
2025-11-16T15:50:59.193Z|NODE|node05|RECV|HEADER|from=node00|H=1
2025-11-16T15:50:59.193Z|NODE|node04|RECV|VOTE|from=node00|H=1|phase=PREVOTE
2025-11-16T15:50:59.193Z|NODE|node00|RECV|VOTE|from=node00|H=1|phase=PREVOTE
2025-11-16T15:50:59.193Z|NODE|node00|RECV|VOTE|from=node00|H=1|phase=PREVOTE
2025-11-16T15:50:59.193Z|NODE|node00|RECV|HEADER|from=node00|H=1
2025-11-16T15:50:59.193Z|NODE|node00|SENT|PREVOTE|H=1
2025-11-16T15:50:59.193Z|NODE|node00|RECV|VOTE|from=node00|H=1|phase=PREVOTE
2025-11-16T15:50:59.197Z|NODE|node00|RECV|HEADER|from=node00|H=1
2025-11-16T15:50:59.197Z|NODE|node01|RECV|VOTE|from=node00|H=1|phase=PREVOTE
2025-11-16T15:50:59.197Z|NODE|node00|SENT|PREVOTE|H=1
2025-11-16T15:50:59.197Z|NODE|node00|RECV|VOTE|from=node00|H=1|phase=PREVOTE
2025-11-16T15:50:59.197Z|NODE|node01|RECV|HEADER|from=node00|H=1
2025-11-16T15:50:59.198Z|NODE|node07|RECV|HEADER|from=node00|H=1
2025-11-16T15:50:59.198Z|NODE|node04|RECV|VOTE|from=node00|H=1|phase=PREVOTE
2025-11-16T15:50:59.198Z|NODE|node04|RECV|VOTE|from=node00|H=1|phase=PREVOTE
2025-11-16T15:50:59.198Z|NODE|node05|RECV|VOTE|from=node00|H=1|phase=PREVOTE
2025-11-16T15:50:59.198Z|NODE|node06|RECV|HEADER|from=node00|H=1
2025-11-16T15:50:59.198Z|NODE|node00|PROPOSE|H=1
2025-11-16T15:50:59.198Z|NODE|node03|RECV|HEADER|from=node00|H=1
2025-11-16T15:50:59.198Z|NODE|node07|RECV|VOTE|from=node00|H=1|phase=PREVOTE
2025-11-16T15:50:59.199Z|NODE|node05|RECV|VOTE|from=node00|H=1|phase=PREVOTE
2025-11-16T15:50:59.199Z|NODE|node03|RECV|VOTE|from=node00|H=1|phase=PREVOTE
2025-11-16T15:50:59.199Z|NODE|node03|RECV|VOTE|from=node00|H=1|phase=PREVOTE
2025-11-16T15:50:59.199Z|NODE|node06|RECV|VOTE|from=node00|H=1|phase=PREVOTE
2025-11-16T15:50:59.199Z|NODE|node03|RECV|VOTE|from=node00|H=1|phase=PREVOTE
2025-11-16T15:50:59.204Z|NODE|node05|RECV|HEADER|from=node00|H=1
2025-11-16T15:50:59.204Z|NODE|node00|RECV|VOTE|from=node00|H=1|phase=PREVOTE
2025-11-16T15:50:59.204Z|NODE|node02|RECV|HEADER|from=node00|H=1
2025-11-16T15:50:59.204Z|NODE|node03|RECV|HEADER|from=node00|H=1
2025-11-16T15:50:59.204Z|NODE|node02|RECV|VOTE|from=node00|H=1|phase=PREVOTE
2025-11-16T15:50:59.204Z|NODE|node02|RECV|VOTE|from=node00|H=1|phase=PREVOTE
2025-11-16T15:50:59.205Z|NODE|node06|RECV|HEADER|from=node00|H=1
2025-11-16T15:50:59.205Z|NODE|node04|RECV|HEADER|from=node00|H=1
2025-11-16T15:50:59.205Z|NODE|node01|RECV|VOTE|from=node00|H=1|phase=PREVOTE
2025-11-16T15:50:59.205Z|NODE|node01|RECV|VOTE|from=node00|H=1|phase=PREVOTE
2025-11-16T15:50:59.206Z|NODE|node00|PROPOSE|H=1
2025-11-16T15:50:59.206Z|NODE|node03|RECV|VOTE|from=node00|H=1|phase=PREVOTE
2025-11-16T15:50:59.206Z|NODE|node06|RECV|VOTE|from=node00|H=1|phase=PREVOTE
2025-11-16T15:50:59.206Z|NODE|node06|RECV|HEADER|from=node00|H=1
2025-11-16T15:50:59.206Z|NODE|node00|RECV|VOTE|from=node00|H=1|phase=PREVOTE
2025-11-16T15:50:59.206Z|NODE|node06|RECV|VOTE|from=node00|H=1|phase=PREVOTE
2025-11-16T15:50:59.211Z|NODE|node05|RECV|VOTE|from=node00|H=1|phase=PREVOTE
2025-11-16T15:50:59.211Z|NODE|node02|RECV|HEADER|from=node00|H=1
2025-11-16T15:50:59.211Z|NODE|node07|RECV|HEADER|from=node00|H=1
2025-11-16T15:50:59.212Z|NODE|node04|RECV|HEADER|from=node00|H=1
2025-11-16T15:50:59.212Z|NODE|node06|RECV|VOTE|from=node00|H=1|phase=PREVOTE
2025-11-16T15:50:59.212Z|NODE|node01|RECV|VOTE|from=node00|H=1|phase=PREVOTE
2025-11-16T15:50:59.212Z|NODE|node00|PROPOSE|H=1
2025-11-16T15:50:59.212Z|NODE|node05|RECV|VOTE|from=node00|H=1|phase=PREVOTE
2025-11-16T15:50:59.212Z|NODE|node05|RECV|HEADER|from=node00|H=1
2025-11-16T15:50:59.212Z|NODE|node02|RECV|VOTE|from=node00|H=1|phase=PREVOTE
2025-11-16T15:50:59.212Z|NODE|node07|RECV|VOTE|from=node00|H=1|phase=PREVOTE
2025-11-16T15:50:59.213Z|NODE|node07|RECV|HEADER|from=node00|H=1
2025-11-16T15:50:59.213Z|NODE|node04|RECV|VOTE|from=node00|H=1|phase=PREVOTE
2025-11-16T15:50:59.213Z|NODE|node06|RECV|HEADER|from=node00|H=1
2025-11-16T15:50:59.213Z|NODE|node02|RECV|VOTE|from=node00|H=1|phase=PREVOTE
2025-11-16T15:50:59.218Z|NODE|node03|RECV|HEADER|from=node00|H=1
2025-11-16T15:50:59.218Z|NODE|node01|RECV|HEADER|from=node00|H=1
2025-11-16T15:50:59.218Z|NODE|node02|RECV|HEADER|from=node00|H=1
2025-11-16T15:50:59.218Z|NODE|node07|RECV|VOTE|from=node00|H=1|phase=PREVOTE
2025-11-16T15:50:59.219Z|NODE|node00|RECV|HEADER|from=node00|H=1
2025-11-16T15:50:59.219Z|NODE|node04|RECV|HEADER|from=node00|H=1
2025-11-16T15:50:59.219Z|NODE|node00|SENT|PREVOTE|H=1
2025-11-16T15:50:59.219Z|NODE|node00|RECV|HEADER|from=node00|H=1
2025-11-16T15:50:59.219Z|NODE|node05|RECV|VOTE|from=node00|H=1|phase=PREVOTE
2025-11-16T15:50:59.219Z|NODE|node00|PROPOSE|H=1
2025-11-16T15:50:59.219Z|NODE|node03|RECV|VOTE|from=node00|H=1|phase=PREVOTE
2025-11-16T15:50:59.219Z|NODE|node00|SENT|PREVOTE|H=1
2025-11-16T15:50:59.225Z|NODE|node02|RECV|HEADER|from=node00|H=1
2025-11-16T15:50:59.225Z|NODE|node01|RECV|HEADER|from=node00|H=1
2025-11-16T15:50:59.225Z|NODE|node07|RECV|HEADER|from=node00|H=1
2025-11-16T15:50:59.225Z|NODE|node05|RECV|HEADER|from=node00|H=1
2025-11-16T15:50:59.225Z|NODE|node03|RECV|HEADER|from=node00|H=1
2025-11-16T15:50:59.225Z|NODE|node06|RECV|HEADER|from=node00|H=1
2025-11-16T15:50:59.225Z|NODE|node00|RECV|HEADER|from=node00|H=1
2025-11-16T15:50:59.225Z|NODE|node00|PROPOSE|H=1
2025-11-16T15:50:59.225Z|NODE|node00|SENT|PREVOTE|H=1
2025-11-16T15:50:59.226Z|NODE|node00|RECV|VOTE|from=node00|H=1|phase=PREVOTE
2025-11-16T15:50:59.226Z|NODE|node02|RECV|VOTE|from=node00|H=1|phase=PREVOTE
2025-11-16T15:50:59.226Z|NODE|node01|RECV|HEADER|from=node00|H=1
2025-11-16T15:50:59.226Z|NODE|node07|RECV|HEADER|from=node00|H=1
2025-11-16T15:50:59.226Z|NODE|node05|RECV|HEADER|from=node00|H=1
2025-11-16T15:50:59.226Z|NODE|node03|RECV|HEADER|from=node00|H=1
2025-11-16T15:50:59.227Z|NODE|node01|RECV|HEADER|from=node00|H=1
2025-11-16T15:50:59.227Z|NODE|node07|RECV|HEADER|from=node00|H=1
2025-11-16T15:50:59.227Z|NODE|node07|RECV|VOTE|from=node00|H=1|phase=PREVOTE
2025-11-16T15:50:59.232Z|NODE|node00|PROPOSE|H=1
2025-11-16T15:50:59.237Z|NODE|node05|RECV|HEADER|from=node00|H=1
2025-11-16T15:50:59.239Z|NODE|node05|RECV|VOTE|from=node00|H=1|phase=PREVOTE
2025-11-16T15:50:59.239Z|NODE|node04|RECV|HEADER|from=node00|H=1
2025-11-16T15:50:59.239Z|NODE|node06|RECV|HEADER|from=node00|H=1
2025-11-16T15:50:59.239Z|NODE|node00|RECV|VOTE|from=node00|H=1|phase=PREVOTE
2025-11-16T15:50:59.241Z|NODE|node01|RECV|VOTE|from=node00|H=1|phase=PREVOTE
2025-11-16T15:50:59.242Z|NODE|node02|RECV|HEADER|from=node00|H=1
2025-11-16T15:50:59.242Z|NODE|node06|RECV|VOTE|from=node00|H=1|phase=PREVOTE
2025-11-16T15:50:59.242Z|NODE|node04|RECV|HEADER|from=node00|H=1
2025-11-16T15:50:59.242Z|NODE|node01|RECV|VOTE|from=node00|H=1|phase=PREVOTE
2025-11-16T15:50:59.242Z|NODE|node04|RECV|VOTE|from=node00|H=1|phase=PREVOTE
2025-11-16T15:50:59.243Z|NODE|node04|RECV|VOTE|from=node00|H=1|phase=PREVOTE
2025-11-16T15:50:59.244Z|NODE|node04|RECV|VOTE|from=node00|H=1|phase=PREVOTE
2025-11-16T15:50:59.244Z|NODE|node02|RECV|VOTE|from=node00|H=1|phase=PREVOTE
2025-11-16T15:50:59.244Z|NODE|node02|RECV|HEADER|from=node00|H=1
2025-11-16T15:50:59.245Z|NODE|node00|PROPOSE|H=1
2025-11-16T15:50:59.252Z|NODE|node03|RECV|HEADER|from=node00|H=1
2025-11-16T15:50:59.252Z|NODE|node00|RECV|HEADER|from=node00|H=1
2025-11-16T15:50:59.254Z|NODE|node03|RECV|VOTE|from=node00|H=1|phase=PREVOTE
2025-11-16T15:50:59.254Z|NODE|node03|RECV|VOTE|from=node00|H=1|phase=PREVOTE
2025-11-16T15:50:59.255Z|NODE|node06|RECV|VOTE|from=node00|H=1|phase=PREVOTE
2025-11-16T15:50:59.256Z|NODE|node07|RECV|VOTE|from=node00|H=1|phase=PREVOTE
2025-11-16T15:50:59.256Z|NODE|node01|RECV|HEADER|from=node00|H=1
2025-11-16T15:50:59.256Z|NODE|node02|RECV|VOTE|from=node00|H=1|phase=PREVOTE
2025-11-16T15:50:59.256Z|NODE|node05|RECV|VOTE|from=node00|H=1|phase=PREVOTE
2025-11-16T15:50:59.256Z|NODE|node00|SENT|PREVOTE|H=1
2025-11-16T15:50:59.256Z|NODE|node03|RECV|VOTE|from=node00|H=1|phase=PREVOTE
2025-11-16T15:50:59.256Z|NODE|node06|RECV|VOTE|from=node00|H=1|phase=PREVOTE
2025-11-16T15:50:59.257Z|NODE|node07|RECV|VOTE|from=node00|H=1|phase=PREVOTE
2025-11-16T15:50:59.257Z|NODE|node07|RECV|HEADER|from=node00|H=1
2025-11-16T15:50:59.257Z|NODE|node01|RECV|VOTE|from=node00|H=1|phase=PREVOTE
2025-11-16T15:50:59.257Z|NODE|node02|RECV|HEADER|from=node00|H=1
2025-11-16T15:50:59.257Z|NODE|node05|RECV|HEADER|from=node00|H=1
2025-11-16T15:50:59.257Z|NODE|node00|RECV|HEADER|from=node00|H=1
2025-11-16T15:50:59.257Z|NODE|node07|RECV|HEADER|from=node00|H=1
2025-11-16T15:50:59.257Z|NODE|node00|SENT|PREVOTE|H=1
2025-11-16T15:50:59.257Z|NODE|node00|RECV|VOTE|from=node00|H=1|phase=PREVOTE
2025-11-16T15:50:59.258Z|NODE|node03|RECV|HEADER|from=node00|H=1
2025-11-16T15:50:59.258Z|NODE|node04|RECV|HEADER|from=node00|H=1
2025-11-16T15:50:59.258Z|NODE|node06|RECV|HEADER|from=node00|H=1
2025-11-16T15:50:59.258Z|NODE|node01|RECV|HEADER|from=node00|H=1
2025-11-16T15:50:59.258Z|NODE|node06|RECV|HEADER|from=node00|H=1
2025-11-16T15:50:59.258Z|NODE|node02|RECV|HEADER|from=node00|H=1
2025-11-16T15:50:59.258Z|NODE|node00|PROPOSE|H=1
2025-11-16T15:50:59.258Z|NODE|node05|RECV|VOTE|from=node00|H=1|phase=PREVOTE
2025-11-16T15:50:59.258Z|NODE|node03|RECV|HEADER|from=node00|H=1
2025-11-16T15:50:59.259Z|NODE|node04|RECV|HEADER|from=node00|H=1
2025-11-16T15:50:59.259Z|NODE|node06|RECV|HEADER|from=node00|H=1
2025-11-16T15:50:59.259Z|NODE|node00|RECV|HEADER|from=node00|H=1
2025-11-16T15:50:59.259Z|NODE|node05|RECV|HEADER|from=node00|H=1
2025-11-16T15:50:59.259Z|NODE|node03|RECV|VOTE|from=node00|H=1|phase=PREVOTE
2025-11-16T15:50:59.259Z|NODE|node04|RECV|VOTE|from=node00|H=1|phase=PREVOTE
2025-11-16T15:50:59.259Z|NODE|node00|SENT|PREVOTE|H=1
2025-11-16T15:50:59.264Z|NODE|node04|RECV|HEADER|from=node00|H=1
2025-11-16T15:50:59.264Z|NODE|node06|RECV|VOTE|from=node00|H=1|phase=PREVOTE
2025-11-16T15:50:59.264Z|NODE|node05|RECV|VOTE|from=node00|H=1|phase=PREVOTE
2025-11-16T15:50:59.264Z|NODE|node05|RECV|VOTE|from=node00|H=1|phase=PREVOTE
2025-11-16T15:50:59.264Z|NODE|node00|RECV|HEADER|from=node00|H=1
2025-11-16T15:50:59.264Z|NODE|node02|RECV|VOTE|from=node00|H=1|phase=PREVOTE
2025-11-16T15:50:59.264Z|NODE|node03|RECV|HEADER|from=node00|H=1
2025-11-16T15:50:59.264Z|NODE|node07|RECV|HEADER|from=node00|H=1
2025-11-16T15:50:59.265Z|NODE|node01|RECV|VOTE|from=node00|H=1|phase=PREVOTE
2025-11-16T15:50:59.265Z|NODE|node01|RECV|VOTE|from=node00|H=1|phase=PREVOTE
2025-11-16T15:50:59.265Z|NODE|node00|PROPOSE|H=1
2025-11-16T15:50:59.265Z|NODE|node04|RECV|HEADER|from=node00|H=1
2025-11-16T15:50:59.265Z|NODE|node06|RECV|HEADER|from=node00|H=1
2025-11-16T15:50:59.265Z|NODE|node00|SENT|PREVOTE|H=1
2025-11-16T15:50:59.265Z|NODE|node03|RECV|HEADER|from=node00|H=1
2025-11-16T15:50:59.265Z|NODE|node07|RECV|VOTE|from=node00|H=1|phase=PREVOTE
2025-11-16T15:50:59.265Z|NODE|node04|RECV|VOTE|from=node00|H=1|phase=PREVOTE
2025-11-16T15:50:59.266Z|NODE|node06|RECV|VOTE|from=node00|H=1|phase=PREVOTE
2025-11-16T15:50:59.266Z|NODE|node00|RECV|HEADER|from=node00|H=1
2025-11-16T15:50:59.266Z|NODE|node03|RECV|VOTE|from=node00|H=1|phase=PREVOTE
2025-11-16T15:50:59.266Z|NODE|node00|SENT|PREVOTE|H=1
2025-11-16T15:50:59.270Z|NODE|node05|RECV|HEADER|from=node00|H=1
2025-11-16T15:50:59.270Z|NODE|node01|RECV|HEADER|from=node00|H=1
2025-11-16T15:50:59.270Z|NODE|node07|RECV|VOTE|from=node00|H=1|phase=PREVOTE
2025-11-16T15:50:59.270Z|NODE|node07|RECV|HEADER|from=node00|H=1
2025-11-16T15:50:59.271Z|NODE|node02|RECV|HEADER|from=node00|H=1
2025-11-16T15:50:59.271Z|NODE|node00|RECV|VOTE|from=node00|H=1|phase=PREVOTE
2025-11-16T15:50:59.271Z|NODE|node06|RECV|VOTE|from=node00|H=1|phase=PREVOTE
2025-11-16T15:50:59.271Z|NODE|node06|RECV|VOTE|from=node00|H=1|phase=PREVOTE
2025-11-16T15:50:59.272Z|NODE|node04|RECV|VOTE|from=node00|H=1|phase=PREVOTE
2025-11-16T15:50:59.272Z|NODE|node00|PROPOSE|H=1
2025-11-16T15:50:59.272Z|NODE|node05|RECV|HEADER|from=node00|H=1
2025-11-16T15:50:59.272Z|NODE|node01|RECV|VOTE|from=node00|H=1|phase=PREVOTE
2025-11-16T15:50:59.272Z|NODE|node07|RECV|VOTE|from=node00|H=1|phase=PREVOTE
2025-11-16T15:50:59.272Z|NODE|node02|RECV|VOTE|from=node00|H=1|phase=PREVOTE
2025-11-16T15:50:59.272Z|NODE|node02|RECV|HEADER|from=node00|H=1
2025-11-16T15:50:59.272Z|NODE|node00|RECV|HEADER|from=node00|H=1
2025-11-16T15:50:59.272Z|NODE|node01|RECV|HEADER|from=node00|H=1
2025-11-16T15:50:59.272Z|NODE|node00|SENT|PREVOTE|H=1
2025-11-16T15:50:59.272Z|NODE|node00|RECV|VOTE|from=node00|H=1|phase=PREVOTE
2025-11-16T15:50:59.272Z|NODE|node05|RECV|VOTE|from=node00|H=1|phase=PREVOTE
2025-11-16T15:50:59.273Z|NODE|node05|RECV|VOTE|from=node00|H=1|phase=PREVOTE
2025-11-16T15:50:59.273Z|NODE|node05|RECV|VOTE|from=node00|H=1|phase=PREVOTE
2025-11-16T15:50:59.273Z|NODE|node02|RECV|VOTE|from=node00|H=1|phase=PREVOTE
2025-11-16T15:50:59.273Z|NODE|node02|RECV|HEADER|from=node00|H=1
2025-11-16T15:50:59.273Z|NODE|node02|RECV|VOTE|from=node00|H=1|phase=PREVOTE
2025-11-16T15:50:59.277Z|NODE|node00|RECV|VOTE|from=node00|H=1|phase=PREVOTE
2025-11-16T15:50:59.277Z|NODE|node04|RECV|VOTE|from=node00|H=1|phase=PREVOTE
2025-11-16T15:50:59.277Z|NODE|node04|RECV|VOTE|from=node00|H=1|phase=PREVOTE
2025-11-16T15:50:59.277Z|NODE|node04|RECV|VOTE|from=node00|H=1|phase=PREVOTE
2025-11-16T15:50:59.277Z|NODE|node07|RECV|VOTE|from=node00|H=1|phase=PREVOTE
2025-11-16T15:50:59.278Z|NODE|node07|RECV|HEADER|from=node00|H=1
2025-11-16T15:50:59.278Z|NODE|node01|RECV|HEADER|from=node00|H=1
2025-11-16T15:50:59.278Z|NODE|node06|RECV|HEADER|from=node00|H=1
2025-11-16T15:50:59.278Z|NODE|node03|RECV|VOTE|from=node00|H=1|phase=PREVOTE
2025-11-16T15:50:59.278Z|NODE|node03|RECV|VOTE|from=node00|H=1|phase=PREVOTE
2025-11-16T15:50:59.278Z|NODE|node05|RECV|HEADER|from=node00|H=1
2025-11-16T15:50:59.278Z|NODE|node00|PROPOSE|H=1
2025-11-16T15:50:59.278Z|NODE|node07|RECV|VOTE|from=node00|H=1|phase=PREVOTE
2025-11-16T15:50:59.278Z|NODE|node01|RECV|VOTE|from=node00|H=1|phase=PREVOTE
2025-11-16T15:50:59.278Z|NODE|node01|RECV|VOTE|from=node00|H=1|phase=PREVOTE
2025-11-16T15:50:59.278Z|NODE|node01|RECV|VOTE|from=node00|H=1|phase=PREVOTE
2025-11-16T15:50:59.278Z|NODE|node06|RECV|VOTE|from=node00|H=1|phase=PREVOTE
2025-11-16T15:50:59.279Z|NODE|node06|RECV|HEADER|from=node00|H=1
2025-11-16T15:50:59.279Z|NODE|node00|RECV|VOTE|from=node00|H=1|phase=PREVOTE
2025-11-16T15:50:59.279Z|NODE|node00|RECV|VOTE|from=node00|H=1|phase=PREVOTE
2025-11-16T15:50:59.279Z|NODE|node00|RECV|HEADER|from=node00|H=1
2025-11-16T15:50:59.279Z|NODE|node00|SENT|PREVOTE|H=1
2025-11-16T15:50:59.283Z|NODE|node02|RECV|VOTE|from=node00|H=1|phase=PREVOTE
2025-11-16T15:50:59.283Z|NODE|node02|RECV|VOTE|from=node00|H=1|phase=PREVOTE
2025-11-16T15:50:59.284Z|NODE|node03|RECV|HEADER|from=node00|H=1
2025-11-16T15:50:59.284Z|NODE|node05|RECV|HEADER|from=node00|H=1
2025-11-16T15:50:59.284Z|NODE|node06|RECV|VOTE|from=node00|H=1|phase=PREVOTE
2025-11-16T15:50:59.284Z|NODE|node07|RECV|VOTE|from=node00|H=1|phase=PREVOTE
2025-11-16T15:50:59.284Z|NODE|node07|RECV|HEADER|from=node00|H=1
2025-11-16T15:50:59.285Z|NODE|node04|RECV|HEADER|from=node00|H=1
2025-11-16T15:50:59.285Z|NODE|node07|RECV|VOTE|from=node00|H=1|phase=PREVOTE
2025-11-16T15:50:59.285Z|NODE|node01|RECV|HEADER|from=node00|H=1
2025-11-16T15:50:59.285Z|NODE|node00|RECV|HEADER|from=node00|H=1
2025-11-16T15:50:59.285Z|NODE|node00|PROPOSE|H=1
2025-11-16T15:50:59.285Z|NODE|node02|RECV|HEADER|from=node00|H=1
2025-11-16T15:50:59.285Z|NODE|node03|RECV|VOTE|from=node00|H=1|phase=PREVOTE
2025-11-16T15:50:59.285Z|NODE|node00|SENT|PREVOTE|H=1
2025-11-16T15:50:59.285Z|NODE|node00|RECV|VOTE|from=node00|H=1|phase=PREVOTE
2025-11-16T15:50:59.285Z|NODE|node02|RECV|VOTE|from=node00|H=1|phase=PREVOTE
2025-11-16T15:50:59.286Z|NODE|node03|RECV|VOTE|from=node00|H=1|phase=PREVOTE
2025-11-16T15:50:59.291Z|NODE|node07|RECV|HEADER|from=node00|H=1
2025-11-16T15:50:59.291Z|NODE|node02|RECV|HEADER|from=node00|H=1
2025-11-16T15:50:59.291Z|NODE|node03|RECV|HEADER|from=node00|H=1
2025-11-16T15:50:59.291Z|NODE|node00|RECV|VOTE|from=node00|H=1|phase=PREVOTE
2025-11-16T15:50:59.291Z|NODE|node04|RECV|HEADER|from=node00|H=1
2025-11-16T15:50:59.292Z|NODE|node05|RECV|VOTE|from=node00|H=1|phase=PREVOTE
2025-11-16T15:50:59.292Z|NODE|node06|RECV|HEADER|from=node00|H=1
2025-11-16T15:50:59.292Z|NODE|node00|PROPOSE|H=1
2025-11-16T15:50:59.292Z|NODE|node07|RECV|HEADER|from=node00|H=1
2025-11-16T15:50:59.292Z|NODE|node02|RECV|VOTE|from=node00|H=1|phase=PREVOTE
2025-11-16T15:50:59.293Z|NODE|node03|RECV|VOTE|from=node00|H=1|phase=PREVOTE
2025-11-16T15:50:59.293Z|NODE|node04|RECV|VOTE|from=node00|H=1|phase=PREVOTE
2025-11-16T15:50:59.293Z|NODE|node05|RECV|HEADER|from=node00|H=1
2025-11-16T15:50:59.293Z|NODE|node06|RECV|VOTE|from=node00|H=1|phase=PREVOTE
2025-11-16T15:50:59.293Z|NODE|node00|RECV|VOTE|from=node00|H=1|phase=PREVOTE
2025-11-16T15:50:59.293Z|NODE|node05|RECV|VOTE|from=node00|H=1|phase=PREVOTE
2025-11-16T15:50:59.298Z|NODE|node04|RECV|HEADER|from=node00|H=1
2025-11-16T15:50:59.298Z|NODE|node04|RECV|VOTE|from=node00|H=1|phase=PREVOTE
2025-11-16T15:50:59.298Z|NODE|node04|RECV|HEADER|from=node00|H=1
2025-11-16T15:50:59.298Z|NODE|node00|RECV|HEADER|from=node00|H=1
2025-11-16T15:50:59.298Z|NODE|node07|RECV|HEADER|from=node00|H=1
2025-11-16T15:50:59.298Z|NODE|node02|RECV|HEADER|from=node00|H=1
2025-11-16T15:50:59.298Z|NODE|node03|RECV|HEADER|from=node00|H=1
2025-11-16T15:50:59.298Z|NODE|node01|RECV|HEADER|from=node00|H=1
2025-11-16T15:50:59.299Z|NODE|node00|PROPOSE|H=1
2025-11-16T15:50:59.299Z|NODE|node00|SENT|PREVOTE|H=1
2025-11-16T15:50:59.299Z|NODE|node03|RECV|VOTE|from=node00|H=1|phase=PREVOTE
2025-11-16T15:50:59.299Z|NODE|node01|RECV|VOTE|from=node00|H=1|phase=PREVOTE
2025-11-16T15:50:59.299Z|NODE|node01|RECV|HEADER|from=node00|H=1
2025-11-16T15:50:59.304Z|NODE|node06|RECV|HEADER|from=node00|H=1
2025-11-16T15:50:59.304Z|NODE|node03|RECV|HEADER|from=node00|H=1
2025-11-16T15:50:59.304Z|NODE|node02|RECV|HEADER|from=node00|H=1
2025-11-16T15:50:59.304Z|NODE|node01|RECV|VOTE|from=node00|H=1|phase=PREVOTE
2025-11-16T15:50:59.304Z|NODE|node01|RECV|HEADER|from=node00|H=1
2025-11-16T15:50:59.305Z|NODE|node07|RECV|VOTE|from=node00|H=1|phase=PREVOTE
2025-11-16T15:50:59.305Z|NODE|node07|RECV|HEADER|from=node00|H=1
2025-11-16T15:50:59.305Z|NODE|node05|RECV|HEADER|from=node00|H=1
2025-11-16T15:50:59.305Z|NODE|node00|RECV|HEADER|from=node00|H=1
2025-11-16T15:50:59.305Z|NODE|node04|RECV|HEADER|from=node00|H=1
2025-11-16T15:50:59.306Z|NODE|node00|PROPOSE|H=1
2025-11-16T15:50:59.306Z|NODE|node06|RECV|VOTE|from=node00|H=1|phase=PREVOTE
2025-11-16T15:50:59.306Z|NODE|node06|RECV|HEADER|from=node00|H=1
2025-11-16T15:50:59.306Z|NODE|node03|RECV|HEADER|from=node00|H=1
2025-11-16T15:50:59.306Z|NODE|node01|RECV|HEADER|from=node00|H=1
2025-11-16T15:50:59.306Z|NODE|node05|RECV|VOTE|from=node00|H=1|phase=PREVOTE
2025-11-16T15:50:59.306Z|NODE|node00|SENT|PREVOTE|H=1
2025-11-16T15:50:59.306Z|NODE|node06|RECV|VOTE|from=node00|H=1|phase=PREVOTE
2025-11-16T15:50:59.306Z|NODE|node00|RECV|HEADER|from=node00|H=1
2025-11-16T15:50:59.306Z|NODE|node00|SENT|PREVOTE|H=1
2025-11-16T15:50:59.311Z|NODE|node05|RECV|HEADER|from=node00|H=1
2025-11-16T15:50:59.311Z|NODE|node06|RECV|HEADER|from=node00|H=1
2025-11-16T15:50:59.311Z|NODE|node00|PROPOSE|H=1
2025-11-16T15:50:59.312Z|NODE|node04|RECV|VOTE|from=node00|H=1|phase=PREVOTE
2025-11-16T15:50:59.312Z|NODE|node02|RECV|VOTE|from=node00|H=1|phase=PREVOTE
2025-11-16T15:50:59.312Z|NODE|node07|RECV|VOTE|from=node00|H=1|phase=PREVOTE
2025-11-16T15:50:59.312Z|NODE|node03|RECV|HEADER|from=node00|H=1
2025-11-16T15:50:59.312Z|NODE|node00|RECV|VOTE|from=node00|H=1|phase=PREVOTE
2025-11-16T15:50:59.312Z|NODE|node05|RECV|HEADER|from=node00|H=1
2025-11-16T15:50:59.313Z|NODE|node02|RECV|VOTE|from=node00|H=1|phase=PREVOTE
2025-11-16T15:50:59.313Z|NODE|node02|RECV|VOTE|from=node00|H=1|phase=PREVOTE
2025-11-16T15:50:59.313Z|NODE|node03|RECV|VOTE|from=node00|H=1|phase=PREVOTE
2025-11-16T15:50:59.313Z|NODE|node03|RECV|HEADER|from=node00|H=1
2025-11-16T15:50:59.313Z|NODE|node05|RECV|VOTE|from=node00|H=1|phase=PREVOTE
2025-11-16T15:50:59.313Z|NODE|node03|RECV|VOTE|from=node00|H=1|phase=PREVOTE
2025-11-16T15:50:59.317Z|NODE|node01|RECV|VOTE|from=node00|H=1|phase=PREVOTE
2025-11-16T15:50:59.317Z|NODE|node01|RECV|HEADER|from=node00|H=1
2025-11-16T15:50:59.317Z|NODE|node05|RECV|VOTE|from=node00|H=1|phase=PREVOTE
2025-11-16T15:50:59.317Z|NODE|node05|RECV|VOTE|from=node00|H=1|phase=PREVOTE
2025-11-16T15:50:59.318Z|NODE|node00|RECV|VOTE|from=node00|H=1|phase=PREVOTE
2025-11-16T15:50:59.318Z|NODE|node02|RECV|HEADER|from=node00|H=1
2025-11-16T15:50:59.318Z|NODE|node04|RECV|HEADER|from=node00|H=1
2025-11-16T15:50:59.318Z|NODE|node06|RECV|VOTE|from=node00|H=1|phase=PREVOTE
2025-11-16T15:50:59.318Z|NODE|node06|RECV|HEADER|from=node00|H=1
2025-11-16T15:50:59.318Z|NODE|node00|PROPOSE|H=1
2025-11-16T15:50:59.324Z|NODE|node04|RECV|HEADER|from=node00|H=1
2025-11-16T15:50:59.324Z|NODE|node06|RECV|HEADER|from=node00|H=1
2025-11-16T15:50:59.324Z|NODE|node05|RECV|HEADER|from=node00|H=1
2025-11-16T15:50:59.324Z|NODE|node06|RECV|VOTE|from=node00|H=1|phase=PREVOTE
2025-11-16T15:50:59.325Z|NODE|node05|RECV|HEADER|from=node00|H=1
2025-11-16T15:50:59.325Z|NODE|node00|RECV|HEADER|from=node00|H=1
2025-11-16T15:50:59.325Z|NODE|node07|RECV|HEADER|from=node00|H=1
2025-11-16T15:50:59.326Z|NODE|node01|RECV|HEADER|from=node00|H=1
2025-11-16T15:50:59.326Z|NODE|node02|RECV|HEADER|from=node00|H=1
2025-11-16T15:50:59.326Z|NODE|node03|RECV|VOTE|from=node00|H=1|phase=PREVOTE
2025-11-16T15:50:59.326Z|NODE|node00|PROPOSE|H=1
2025-11-16T15:50:59.326Z|NODE|node04|RECV|VOTE|from=node00|H=1|phase=PREVOTE
2025-11-16T15:50:59.326Z|NODE|node04|RECV|VOTE|from=node00|H=1|phase=PREVOTE
2025-11-16T15:50:59.326Z|NODE|node04|RECV|HEADER|from=node00|H=1
2025-11-16T15:50:59.326Z|NODE|node00|SENT|PREVOTE|H=1
2025-11-16T15:50:59.327Z|NODE|node00|RECV|VOTE|from=node00|H=1|phase=PREVOTE
2025-11-16T15:50:59.327Z|NODE|node07|RECV|VOTE|from=node00|H=1|phase=PREVOTE
2025-11-16T15:50:59.327Z|NODE|node01|RECV|VOTE|from=node00|H=1|phase=PREVOTE
2025-11-16T15:50:59.327Z|NODE|node02|RECV|HEADER|from=node00|H=1
2025-11-16T15:50:59.327Z|NODE|node04|RECV|HEADER|from=node00|H=1
2025-11-16T15:50:59.327Z|NODE|node00|RECV|HEADER|from=node00|H=1
2025-11-16T15:50:59.327Z|NODE|node07|RECV|VOTE|from=node00|H=1|phase=PREVOTE
2025-11-16T15:50:59.327Z|NODE|node01|RECV|VOTE|from=node00|H=1|phase=PREVOTE
2025-11-16T15:50:59.327Z|NODE|node01|RECV|HEADER|from=node00|H=1
2025-11-16T15:50:59.327Z|NODE|node00|SENT|PREVOTE|H=1
2025-11-16T15:50:59.332Z|NODE|node06|RECV|HEADER|from=node00|H=1
2025-11-16T15:50:59.332Z|NODE|node00|PROPOSE|H=1
2025-11-16T15:50:59.332Z|NODE|node07|RECV|HEADER|from=node00|H=1
2025-11-16T15:50:59.332Z|NODE|node03|RECV|HEADER|from=node00|H=1
2025-11-16T15:50:59.332Z|NODE|node05|RECV|HEADER|from=node00|H=1
2025-11-16T15:50:59.332Z|NODE|node02|RECV|HEADER|from=node00|H=1
2025-11-16T15:50:59.333Z|NODE|node04|RECV|HEADER|from=node00|H=1
2025-11-16T15:50:59.333Z|NODE|node00|RECV|VOTE|from=node00|H=1|phase=PREVOTE
2025-11-16T15:50:59.333Z|NODE|node07|RECV|VOTE|from=node00|H=1|phase=PREVOTE
2025-11-16T15:50:59.333Z|NODE|node03|RECV|HEADER|from=node00|H=1
2025-11-16T15:50:59.333Z|NODE|node02|RECV|VOTE|from=node00|H=1|phase=PREVOTE
2025-11-16T15:50:59.333Z|NODE|node04|RECV|VOTE|from=node00|H=1|phase=PREVOTE
2025-11-16T15:50:59.333Z|NODE|node04|RECV|VOTE|from=node00|H=1|phase=PREVOTE
2025-11-16T15:50:59.333Z|NODE|node07|RECV|VOTE|from=node00|H=1|phase=PREVOTE
2025-11-16T15:50:59.333Z|NODE|node03|RECV|HEADER|from=node00|H=1
2025-11-16T15:50:59.337Z|NODE|node01|RECV|HEADER|from=node00|H=1
2025-11-16T15:50:59.337Z|NODE|node07|RECV|HEADER|from=node00|H=1
2025-11-16T15:50:59.337Z|NODE|node01|RECV|VOTE|from=node00|H=1|phase=PREVOTE
2025-11-16T15:50:59.337Z|NODE|node01|RECV|VOTE|from=node00|H=1|phase=PREVOTE
2025-11-16T15:50:59.338Z|NODE|node06|RECV|HEADER|from=node00|H=1
2025-11-16T15:50:59.338Z|NODE|node05|RECV|HEADER|from=node00|H=1
2025-11-16T15:50:59.338Z|NODE|node00|PROPOSE|H=1
2025-11-16T15:50:59.338Z|NODE|node00|RECV|HEADER|from=node00|H=1
2025-11-16T15:50:59.338Z|NODE|node02|RECV|VOTE|from=node00|H=1|phase=PREVOTE
2025-11-16T15:50:59.338Z|NODE|node02|RECV|HEADER|from=node00|H=1
2025-11-16T15:50:59.338Z|NODE|node03|RECV|VOTE|from=node00|H=1|phase=PREVOTE
2025-11-16T15:50:59.338Z|NODE|node07|RECV|HEADER|from=node00|H=1
2025-11-16T15:50:59.338Z|NODE|node06|RECV|VOTE|from=node00|H=1|phase=PREVOTE
2025-11-16T15:50:59.338Z|NODE|node06|RECV|VOTE|from=node00|H=1|phase=PREVOTE
2025-11-16T15:50:59.338Z|NODE|node06|RECV|HEADER|from=node00|H=1
2025-11-16T15:50:59.339Z|NODE|node00|SENT|PREVOTE|H=1
2025-11-16T15:50:59.339Z|NODE|node00|RECV|VOTE|from=node00|H=1|phase=PREVOTE
2025-11-16T15:50:59.339Z|NODE|node07|RECV|HEADER|from=node00|H=1
2025-11-16T15:50:59.343Z|NODE|node00|RECV|HEADER|from=node00|H=1
2025-11-16T15:50:59.343Z|NODE|node00|PROPOSE|H=1
2025-11-16T15:50:59.343Z|NODE|node00|SENT|PREVOTE|H=1
2025-11-16T15:50:59.343Z|NODE|node00|RECV|HEADER|from=node00|H=1
2025-11-16T15:50:59.343Z|NODE|node05|RECV|VOTE|from=node00|H=1|phase=PREVOTE
2025-11-16T15:50:59.344Z|NODE|node00|SENT|PREVOTE|H=1
2025-11-16T15:50:59.344Z|NODE|node00|RECV|HEADER|from=node00|H=1
2025-11-16T15:50:59.344Z|NODE|node03|RECV|VOTE|from=node00|H=1|phase=PREVOTE
2025-11-16T15:50:59.344Z|NODE|node03|RECV|HEADER|from=node00|H=1
2025-11-16T15:50:59.344Z|NODE|node02|RECV|HEADER|from=node00|H=1
2025-11-16T15:50:59.344Z|NODE|node01|RECV|HEADER|from=node00|H=1
2025-11-16T15:50:59.344Z|NODE|node04|RECV|HEADER|from=node00|H=1
2025-11-16T15:50:59.344Z|NODE|node01|RECV|HEADER|from=node00|H=1
2025-11-16T15:50:59.345Z|NODE|node07|RECV|VOTE|from=node00|H=1|phase=PREVOTE
2025-11-16T15:50:59.345Z|NODE|node05|RECV|VOTE|from=node00|H=1|phase=PREVOTE
2025-11-16T15:50:59.345Z|NODE|node05|RECV|HEADER|from=node00|H=1
2025-11-16T15:50:59.345Z|NODE|node00|SENT|PREVOTE|H=1
2025-11-16T15:50:59.346Z|NODE|node05|RECV|HEADER|from=node00|H=1
2025-11-16T15:50:59.346Z|NODE|node05|RECV|VOTE|from=node00|H=1|phase=PREVOTE
2025-11-16T15:50:59.349Z|NODE|node04|RECV|HEADER|from=node00|H=1
2025-11-16T15:50:59.349Z|NODE|node02|RECV|HEADER|from=node00|H=1
2025-11-16T15:50:59.349Z|NODE|node03|RECV|HEADER|from=node00|H=1
2025-11-16T15:50:59.349Z|NODE|node00|RECV|VOTE|from=node00|H=1|phase=PREVOTE
2025-11-16T15:50:59.349Z|NODE|node00|PROPOSE|H=1
2025-11-16T15:50:59.349Z|NODE|node01|RECV|VOTE|from=node00|H=1|phase=PREVOTE
2025-11-16T15:50:59.349Z|NODE|node01|RECV|HEADER|from=node00|H=1
2025-11-16T15:50:59.350Z|NODE|node05|RECV|VOTE|from=node00|H=1|phase=PREVOTE
2025-11-16T15:50:59.350Z|NODE|node06|RECV|VOTE|from=node00|H=1|phase=PREVOTE
2025-11-16T15:50:59.350Z|NODE|node06|RECV|HEADER|from=node00|H=1
2025-11-16T15:50:59.350Z|NODE|node04|RECV|VOTE|from=node00|H=1|phase=PREVOTE
2025-11-16T15:50:59.350Z|NODE|node02|RECV|VOTE|from=node00|H=1|phase=PREVOTE
2025-11-16T15:50:59.350Z|NODE|node02|RECV|VOTE|from=node00|H=1|phase=PREVOTE
2025-11-16T15:50:59.350Z|NODE|node00|RECV|VOTE|from=node00|H=1|phase=PREVOTE
2025-11-16T15:50:59.350Z|NODE|node01|RECV|VOTE|from=node00|H=1|phase=PREVOTE
2025-11-16T15:50:59.350Z|NODE|node04|RECV|VOTE|from=node00|H=1|phase=PREVOTE
2025-11-16T15:50:59.350Z|NODE|node06|RECV|VOTE|from=node00|H=1|phase=PREVOTE
2025-11-16T15:50:59.350Z|NODE|node06|RECV|VOTE|from=node00|H=1|phase=PREVOTE
2025-11-16T15:50:59.354Z|NODE|node07|RECV|HEADER|from=node00|H=1
2025-11-16T15:50:59.354Z|NODE|node03|RECV|VOTE|from=node00|H=1|phase=PREVOTE
2025-11-16T15:50:59.354Z|NODE|node03|RECV|VOTE|from=node00|H=1|phase=PREVOTE
2025-11-16T15:50:59.354Z|NODE|node03|RECV|VOTE|from=node00|H=1|phase=PREVOTE
2025-11-16T15:50:59.355Z|NODE|node03|RECV|VOTE|from=node00|H=1|phase=PREVOTE
2025-11-16T15:50:59.355Z|NODE|node02|RECV|VOTE|from=node00|H=1|phase=PREVOTE
2025-11-16T15:50:59.355Z|NODE|node02|RECV|HEADER|from=node00|H=1
2025-11-16T15:50:59.355Z|NODE|node00|RECV|HEADER|from=node00|H=1
2025-11-16T15:50:59.355Z|NODE|node04|RECV|HEADER|from=node00|H=1
2025-11-16T15:50:59.355Z|NODE|node06|RECV|HEADER|from=node00|H=1
2025-11-16T15:50:59.355Z|NODE|node01|RECV|VOTE|from=node00|H=1|phase=PREVOTE
2025-11-16T15:50:59.355Z|NODE|node06|RECV|VOTE|from=node00|H=1|phase=PREVOTE
2025-11-16T15:50:59.356Z|NODE|node00|PROPOSE|H=1
2025-11-16T15:50:59.356Z|NODE|node07|RECV|VOTE|from=node00|H=1|phase=PREVOTE
2025-11-16T15:50:59.356Z|NODE|node00|SENT|PREVOTE|H=1
2025-11-16T15:50:59.356Z|NODE|node00|RECV|VOTE|from=node00|H=1|phase=PREVOTE
2025-11-16T15:50:59.356Z|NODE|node04|RECV|VOTE|from=node00|H=1|phase=PREVOTE
2025-11-16T15:50:59.356Z|NODE|node04|RECV|VOTE|from=node00|H=1|phase=PREVOTE
2025-11-16T15:50:59.356Z|NODE|node07|RECV|VOTE|from=node00|H=1|phase=PREVOTE
2025-11-16T15:50:59.356Z|NODE|node07|RECV|VOTE|from=node00|H=1|phase=PREVOTE
2025-11-16T15:50:59.361Z|NODE|node05|RECV|HEADER|from=node00|H=1
2025-11-16T15:50:59.361Z|NODE|node02|RECV|VOTE|from=node00|H=1|phase=PREVOTE
2025-11-16T15:50:59.361Z|NODE|node02|RECV|HEADER|from=node00|H=1
2025-11-16T15:50:59.362Z|NODE|node03|RECV|HEADER|from=node00|H=1
2025-11-16T15:50:59.362Z|NODE|node01|RECV|VOTE|from=node00|H=1|phase=PREVOTE
2025-11-16T15:50:59.362Z|NODE|node00|RECV|VOTE|from=node00|H=1|phase=PREVOTE
2025-11-16T15:50:59.362Z|NODE|node07|RECV|HEADER|from=node00|H=1
2025-11-16T15:50:59.362Z|NODE|node06|RECV|HEADER|from=node00|H=1
2025-11-16T15:50:59.362Z|NODE|node04|RECV|HEADER|from=node00|H=1
2025-11-16T15:50:59.363Z|NODE|node00|PROPOSE|H=1
2025-11-16T15:50:59.363Z|NODE|node05|RECV|VOTE|from=node00|H=1|phase=PREVOTE
2025-11-16T15:50:59.363Z|NODE|node05|RECV|VOTE|from=node00|H=1|phase=PREVOTE
2025-11-16T15:50:59.363Z|NODE|node03|RECV|HEADER|from=node00|H=1
2025-11-16T15:50:59.363Z|NODE|node01|RECV|HEADER|from=node00|H=1
2025-11-16T15:50:59.363Z|NODE|node07|RECV|HEADER|from=node00|H=1
2025-11-16T15:50:59.363Z|NODE|node06|RECV|HEADER|from=node00|H=1
2025-11-16T15:50:59.364Z|NODE|node00|RECV|HEADER|from=node00|H=1
2025-11-16T15:50:59.364Z|NODE|node05|RECV|HEADER|from=node00|H=1
2025-11-16T15:50:59.364Z|NODE|node03|RECV|HEADER|from=node00|H=1
2025-11-16T15:50:59.364Z|NODE|node07|RECV|VOTE|from=node00|H=1|phase=PREVOTE
2025-11-16T15:50:59.365Z|NODE|node00|SENT|PREVOTE|H=1
2025-11-16T15:50:59.365Z|NODE|node00|RECV|VOTE|from=node00|H=1|phase=PREVOTE
2025-11-16T15:50:59.365Z|NODE|node05|RECV|HEADER|from=node00|H=1
2025-11-16T15:50:59.369Z|NODE|node06|RECV|VOTE|from=node00|H=1|phase=PREVOTE
2025-11-16T15:50:59.369Z|NODE|node06|RECV|HEADER|from=node00|H=1
2025-11-16T15:50:59.369Z|NODE|node04|RECV|HEADER|from=node00|H=1
2025-11-16T15:50:59.370Z|NODE|node01|RECV|HEADER|from=node00|H=1
2025-11-16T15:50:59.370Z|NODE|node05|RECV|VOTE|from=node00|H=1|phase=PREVOTE
2025-11-16T15:50:59.370Z|NODE|node05|RECV|HEADER|from=node00|H=1
2025-11-16T15:50:59.370Z|NODE|node02|RECV|HEADER|from=node00|H=1
2025-11-16T15:50:59.370Z|NODE|node03|RECV|HEADER|from=node00|H=1
2025-11-16T15:50:59.370Z|NODE|node00|PROPOSE|H=1
2025-11-16T15:50:59.371Z|NODE|node04|RECV|VOTE|from=node00|H=1|phase=PREVOTE
2025-11-16T15:50:59.371Z|NODE|node02|RECV|VOTE|from=node00|H=1|phase=PREVOTE
2025-11-16T15:50:59.376Z|NODE|node01|RECV|VOTE|from=node00|H=1|phase=PREVOTE
2025-11-16T15:50:59.376Z|NODE|node01|RECV|HEADER|from=node00|H=1
2025-11-16T15:50:59.376Z|NODE|node02|RECV|HEADER|from=node00|H=1
2025-11-16T15:50:59.376Z|NODE|node00|RECV|HEADER|from=node00|H=1
2025-11-16T15:50:59.376Z|NODE|node07|RECV|HEADER|from=node00|H=1
2025-11-16T15:50:59.376Z|NODE|node03|RECV|VOTE|from=node00|H=1|phase=PREVOTE
2025-11-16T15:50:59.377Z|NODE|node03|RECV|VOTE|from=node00|H=1|phase=PREVOTE
2025-11-16T15:50:59.377Z|NODE|node04|RECV|HEADER|from=node00|H=1
2025-11-16T15:50:59.377Z|NODE|node00|PROPOSE|H=1
2025-11-16T15:50:59.377Z|NODE|node01|RECV|VOTE|from=node00|H=1|phase=PREVOTE
2025-11-16T15:50:59.377Z|NODE|node02|RECV|VOTE|from=node00|H=1|phase=PREVOTE
2025-11-16T15:50:59.377Z|NODE|node00|SENT|PREVOTE|H=1
2025-11-16T15:50:59.377Z|NODE|node00|RECV|HEADER|from=node00|H=1
2025-11-16T15:50:59.378Z|NODE|node07|RECV|HEADER|from=node00|H=1
2025-11-16T15:50:59.378Z|NODE|node00|SENT|PREVOTE|H=1
2025-11-16T15:50:59.378Z|NODE|node04|RECV|VOTE|from=node00|H=1|phase=PREVOTE
2025-11-16T15:50:59.378Z|NODE|node07|RECV|VOTE|from=node00|H=1|phase=PREVOTE
2025-11-16T15:50:59.378Z|NODE|node07|RECV|HEADER|from=node00|H=1
2025-11-16T15:50:59.382Z|NODE|node05|RECV|VOTE|from=node00|H=1|phase=PREVOTE
2025-11-16T15:50:59.382Z|NODE|node05|RECV|HEADER|from=node00|H=1
2025-11-16T15:50:59.382Z|NODE|node00|RECV|VOTE|from=node00|H=1|phase=PREVOTE
2025-11-16T15:50:59.383Z|NODE|node01|RECV|HEADER|from=node00|H=1
2025-11-16T15:50:59.383Z|NODE|node06|RECV|VOTE|from=node00|H=1|phase=PREVOTE
2025-11-16T15:50:59.383Z|NODE|node06|RECV|VOTE|from=node00|H=1|phase=PREVOTE
2025-11-16T15:50:59.383Z|NODE|node07|RECV|VOTE|from=node00|H=1|phase=PREVOTE
2025-11-16T15:50:59.383Z|NODE|node03|RECV|VOTE|from=node00|H=1|phase=PREVOTE
2025-11-16T15:50:59.383Z|NODE|node00|PROPOSE|H=1
2025-11-16T15:50:59.383Z|NODE|node05|RECV|HEADER|from=node00|H=1
2025-11-16T15:50:59.383Z|NODE|node06|RECV|VOTE|from=node00|H=1|phase=PREVOTE
2025-11-16T15:50:59.389Z|NODE|node06|RECV|HEADER|from=node00|H=1
2025-11-16T15:50:59.389Z|NODE|node03|RECV|HEADER|from=node00|H=1
2025-11-16T15:50:59.389Z|NODE|node02|RECV|HEADER|from=node00|H=1
2025-11-16T15:50:59.389Z|NODE|node01|RECV|HEADER|from=node00|H=1
2025-11-16T15:50:59.389Z|NODE|node04|RECV|HEADER|from=node00|H=1
2025-11-16T15:50:59.390Z|NODE|node01|RECV|VOTE|from=node00|H=1|phase=PREVOTE
2025-11-16T15:50:59.390Z|NODE|node00|RECV|HEADER|from=node00|H=1
2025-11-16T15:50:59.390Z|NODE|node05|RECV|VOTE|from=node00|H=1|phase=PREVOTE
2025-11-16T15:50:59.390Z|NODE|node05|RECV|HEADER|from=node00|H=1
2025-11-16T15:50:59.390Z|NODE|node07|RECV|VOTE|from=node00|H=1|phase=PREVOTE
2025-11-16T15:50:59.390Z|NODE|node07|RECV|HEADER|from=node00|H=1
2025-11-16T15:50:59.390Z|NODE|node00|PROPOSE|H=1
2025-11-16T15:50:59.390Z|NODE|node03|RECV|HEADER|from=node00|H=1
2025-11-16T15:50:59.390Z|NODE|node02|RECV|HEADER|from=node00|H=1
2025-11-16T15:50:59.390Z|NODE|node00|SENT|PREVOTE|H=1
2025-11-16T15:50:59.390Z|NODE|node00|RECV|VOTE|from=node00|H=1|phase=PREVOTE
2025-11-16T15:50:59.390Z|NODE|node02|RECV|VOTE|from=node00|H=1|phase=PREVOTE
2025-11-16T15:50:59.396Z|NODE|node03|RECV|HEADER|from=node00|H=1
2025-11-16T15:50:59.396Z|NODE|node04|RECV|HEADER|from=node00|H=1
2025-11-16T15:50:59.396Z|NODE|node00|RECV|HEADER|from=node00|H=1
2025-11-16T15:50:59.396Z|NODE|node02|RECV|VOTE|from=node00|H=1|phase=PREVOTE
2025-11-16T15:50:59.396Z|NODE|node07|RECV|HEADER|from=node00|H=1
2025-11-16T15:50:59.396Z|NODE|node06|RECV|HEADER|from=node00|H=1
2025-11-16T15:50:59.396Z|NODE|node05|RECV|VOTE|from=node00|H=1|phase=PREVOTE
2025-11-16T15:50:59.396Z|NODE|node05|RECV|HEADER|from=node00|H=1
2025-11-16T15:50:59.396Z|NODE|node01|RECV|VOTE|from=node00|H=1|phase=PREVOTE
2025-11-16T15:50:59.396Z|NODE|node00|PROPOSE|H=1
2025-11-16T15:50:59.396Z|NODE|node03|RECV|VOTE|from=node00|H=1|phase=PREVOTE
2025-11-16T15:50:59.396Z|NODE|node04|RECV|VOTE|from=node00|H=1|phase=PREVOTE
2025-11-16T15:50:59.397Z|NODE|node00|SENT|PREVOTE|H=1
2025-11-16T15:50:59.397Z|NODE|node00|RECV|VOTE|from=node00|H=1|phase=PREVOTE
2025-11-16T15:50:59.397Z|NODE|node00|RECV|HEADER|from=node00|H=1
2025-11-16T15:50:59.397Z|NODE|node02|RECV|HEADER|from=node00|H=1
2025-11-16T15:50:59.397Z|NODE|node07|RECV|HEADER|from=node00|H=1
2025-11-16T15:50:59.397Z|NODE|node06|RECV|VOTE|from=node00|H=1|phase=PREVOTE
2025-11-16T15:50:59.397Z|NODE|node07|RECV|VOTE|from=node00|H=1|phase=PREVOTE
2025-11-16T15:50:59.397Z|NODE|node04|RECV|VOTE|from=node00|H=1|phase=PREVOTE
2025-11-16T15:50:59.397Z|NODE|node04|RECV|HEADER|from=node00|H=1
2025-11-16T15:50:59.397Z|NODE|node00|SENT|PREVOTE|H=1
2025-11-16T15:50:59.397Z|NODE|node00|RECV|VOTE|from=node00|H=1|phase=PREVOTE
2025-11-16T15:50:59.402Z|NODE|node06|RECV|HEADER|from=node00|H=1
2025-11-16T15:50:59.402Z|NODE|node01|RECV|HEADER|from=node00|H=1
2025-11-16T15:50:59.402Z|NODE|node04|RECV|VOTE|from=node00|H=1|phase=PREVOTE
2025-11-16T15:50:59.402Z|NODE|node02|RECV|HEADER|from=node00|H=1
2025-11-16T15:50:59.403Z|NODE|node03|RECV|HEADER|from=node00|H=1
2025-11-16T15:50:59.403Z|NODE|node02|RECV|VOTE|from=node00|H=1|phase=PREVOTE
2025-11-16T15:50:59.403Z|NODE|node02|RECV|VOTE|from=node00|H=1|phase=PREVOTE
2025-11-16T15:50:59.403Z|NODE|node05|RECV|VOTE|from=node00|H=1|phase=PREVOTE
2025-11-16T15:50:59.403Z|NODE|node00|RECV|HEADER|from=node00|H=1
2025-11-16T15:50:59.403Z|NODE|node00|PROPOSE|H=1
2025-11-16T15:50:59.403Z|NODE|node01|RECV|HEADER|from=node00|H=1
2025-11-16T15:50:59.403Z|NODE|node03|RECV|VOTE|from=node00|H=1|phase=PREVOTE
2025-11-16T15:50:59.403Z|NODE|node00|SENT|PREVOTE|H=1
2025-11-16T15:50:59.403Z|NODE|node00|RECV|VOTE|from=node00|H=1|phase=PREVOTE
2025-11-16T15:50:59.403Z|NODE|node01|RECV|VOTE|from=node00|H=1|phase=PREVOTE
2025-11-16T15:50:59.404Z|NODE|node01|RECV|VOTE|from=node00|H=1|phase=PREVOTE
2025-11-16T15:50:59.408Z|NODE|node05|RECV|VOTE|from=node00|H=1|phase=PREVOTE
2025-11-16T15:50:59.408Z|NODE|node05|RECV|VOTE|from=node00|H=1|phase=PREVOTE
2025-11-16T15:50:59.408Z|NODE|node05|RECV|HEADER|from=node00|H=1
2025-11-16T15:50:59.409Z|NODE|node04|RECV|HEADER|from=node00|H=1
2025-11-16T15:50:59.409Z|NODE|node00|RECV|HEADER|from=node00|H=1
2025-11-16T15:50:59.409Z|NODE|node06|RECV|HEADER|from=node00|H=1
2025-11-16T15:50:59.409Z|NODE|node00|PROPOSE|H=1
2025-11-16T15:50:59.409Z|NODE|node01|RECV|HEADER|from=node00|H=1
2025-11-16T15:50:59.409Z|NODE|node07|RECV|VOTE|from=node00|H=1|phase=PREVOTE
2025-11-16T15:50:59.409Z|NODE|node03|RECV|HEADER|from=node00|H=1
2025-11-16T15:50:59.409Z|NODE|node02|RECV|HEADER|from=node00|H=1
2025-11-16T15:50:59.410Z|NODE|node04|RECV|HEADER|from=node00|H=1
2025-11-16T15:50:59.410Z|NODE|node02|RECV|VOTE|from=node00|H=1|phase=PREVOTE
2025-11-16T15:50:59.410Z|NODE|node06|RECV|HEADER|from=node00|H=1
2025-11-16T15:50:59.410Z|NODE|node00|SENT|PREVOTE|H=1
2025-11-16T15:50:59.410Z|NODE|node03|RECV|VOTE|from=node00|H=1|phase=PREVOTE
2025-11-16T15:50:59.411Z|NODE|node03|RECV|HEADER|from=node00|H=1
2025-11-16T15:50:59.411Z|NODE|node04|RECV|VOTE|from=node00|H=1|phase=PREVOTE
2025-11-16T15:50:59.411Z|NODE|node06|RECV|VOTE|from=node00|H=1|phase=PREVOTE
2025-11-16T15:50:59.411Z|NODE|node06|RECV|VOTE|from=node00|H=1|phase=PREVOTE
2025-11-16T15:50:59.411Z|NODE|node00|RECV|HEADER|from=node00|H=1
2025-11-16T15:50:59.411Z|NODE|node03|RECV|VOTE|from=node00|H=1|phase=PREVOTE
2025-11-16T15:50:59.411Z|NODE|node00|SENT|PREVOTE|H=1
2025-11-16T15:50:59.411Z|NODE|node00|RECV|VOTE|from=node00|H=1|phase=PREVOTE
2025-11-16T15:50:59.414Z|NODE|node04|RECV|VOTE|from=node00|H=1|phase=PREVOTE
2025-11-16T15:50:59.414Z|NODE|node03|RECV|VOTE|from=node00|H=1|phase=PREVOTE
2025-11-16T15:50:59.414Z|NODE|node03|RECV|HEADER|from=node00|H=1
2025-11-16T15:50:59.414Z|NODE|node06|RECV|VOTE|from=node00|H=1|phase=PREVOTE
2025-11-16T15:50:59.415Z|NODE|node06|RECV|VOTE|from=node00|H=1|phase=PREVOTE
2025-11-16T15:50:59.415Z|NODE|node00|RECV|VOTE|from=node00|H=1|phase=PREVOTE
2025-11-16T15:50:59.415Z|NODE|node01|RECV|VOTE|from=node00|H=1|phase=PREVOTE
2025-11-16T15:50:59.415Z|NODE|node01|RECV|HEADER|from=node00|H=1
2025-11-16T15:50:59.415Z|NODE|node07|RECV|HEADER|from=node00|H=1
2025-11-16T15:50:59.415Z|NODE|node02|RECV|VOTE|from=node00|H=1|phase=PREVOTE
2025-11-16T15:50:59.415Z|NODE|node02|RECV|HEADER|from=node00|H=1
2025-11-16T15:50:59.415Z|NODE|node00|PROPOSE|H=1
2025-11-16T15:50:59.415Z|NODE|node05|RECV|HEADER|from=node00|H=1
2025-11-16T15:50:59.416Z|NODE|node04|RECV|VOTE|from=node00|H=1|phase=PREVOTE
2025-11-16T15:50:59.416Z|NODE|node07|RECV|VOTE|from=node00|H=1|phase=PREVOTE
2025-11-16T15:50:59.416Z|NODE|node07|RECV|VOTE|from=node00|H=1|phase=PREVOTE
2025-11-16T15:50:59.416Z|NODE|node02|RECV|VOTE|from=node00|H=1|phase=PREVOTE
2025-11-16T15:50:59.416Z|NODE|node02|RECV|VOTE|from=node00|H=1|phase=PREVOTE
2025-11-16T15:50:59.416Z|NODE|node05|RECV|VOTE|from=node00|H=1|phase=PREVOTE
2025-11-16T15:50:59.416Z|NODE|node05|RECV|VOTE|from=node00|H=1|phase=PREVOTE
2025-11-16T15:50:59.416Z|NODE|node04|RECV|HEADER|from=node00|H=1
2025-11-16T15:50:59.416Z|NODE|node04|RECV|VOTE|from=node00|H=1|phase=PREVOTE
2025-11-16T15:50:59.421Z|NODE|node07|RECV|HEADER|from=node00|H=1
2025-11-16T15:50:59.421Z|NODE|node06|RECV|HEADER|from=node00|H=1
2025-11-16T15:50:59.422Z|NODE|node04|RECV|HEADER|from=node00|H=1
2025-11-16T15:50:59.422Z|NODE|node01|RECV|VOTE|from=node00|H=1|phase=PREVOTE
2025-11-16T15:50:59.422Z|NODE|node01|RECV|HEADER|from=node00|H=1
2025-11-16T15:50:59.422Z|NODE|node05|RECV|VOTE|from=node00|H=1|phase=PREVOTE
2025-11-16T15:50:59.422Z|NODE|node05|RECV|HEADER|from=node00|H=1
2025-11-16T15:50:59.422Z|NODE|node02|RECV|HEADER|from=node00|H=1
2025-11-16T15:50:59.422Z|NODE|node00|RECV|HEADER|from=node00|H=1
2025-11-16T15:50:59.422Z|NODE|node03|RECV|VOTE|from=node00|H=1|phase=PREVOTE
2025-11-16T15:50:59.422Z|NODE|node00|PROPOSE|H=1
2025-11-16T15:50:59.423Z|NODE|node07|RECV|HEADER|from=node00|H=1
2025-11-16T15:50:59.423Z|NODE|node06|RECV|VOTE|from=node00|H=1|phase=PREVOTE
2025-11-16T15:50:59.423Z|NODE|node04|RECV|HEADER|from=node00|H=1
2025-11-16T15:50:59.423Z|NODE|node01|RECV|VOTE|from=node00|H=1|phase=PREVOTE
2025-11-16T15:50:59.423Z|NODE|node00|SENT|PREVOTE|H=1
2025-11-16T15:50:59.423Z|NODE|node00|RECV|VOTE|from=node00|H=1|phase=PREVOTE
2025-11-16T15:50:59.423Z|NODE|node01|RECV|HEADER|from=node00|H=1
2025-11-16T15:50:59.428Z|NODE|node03|RECV|VOTE|from=node00|H=1|phase=PREVOTE
2025-11-16T15:50:59.428Z|NODE|node03|RECV|HEADER|from=node00|H=1
2025-11-16T15:50:59.429Z|NODE|node01|RECV|VOTE|from=node00|H=1|phase=PREVOTE
2025-11-16T15:50:59.429Z|NODE|node00|RECV|VOTE|from=node00|H=1|phase=PREVOTE
2025-11-16T15:50:59.429Z|NODE|node04|RECV|VOTE|from=node00|H=1|phase=PREVOTE
2025-11-16T15:50:59.429Z|NODE|node06|RECV|HEADER|from=node00|H=1
2025-11-16T15:50:59.429Z|NODE|node05|RECV|HEADER|from=node00|H=1
2025-11-16T15:50:59.430Z|NODE|node07|RECV|HEADER|from=node00|H=1
2025-11-16T15:50:59.430Z|NODE|node02|RECV|HEADER|from=node00|H=1
2025-11-16T15:50:59.430Z|NODE|node00|PROPOSE|H=1
2025-11-16T15:50:59.430Z|NODE|node03|RECV|VOTE|from=node00|H=1|phase=PREVOTE
2025-11-16T15:50:59.430Z|NODE|node01|RECV|VOTE|from=node00|H=1|phase=PREVOTE
2025-11-16T15:50:59.430Z|NODE|node06|RECV|HEADER|from=node00|H=1
2025-11-16T15:50:59.431Z|NODE|node07|RECV|VOTE|from=node00|H=1|phase=PREVOTE
2025-11-16T15:50:59.431Z|NODE|node07|RECV|VOTE|from=node00|H=1|phase=PREVOTE
2025-11-16T15:50:59.431Z|NODE|node02|RECV|VOTE|from=node00|H=1|phase=PREVOTE
2025-11-16T15:50:59.435Z|NODE|node04|RECV|VOTE|from=node00|H=1|phase=PREVOTE
2025-11-16T15:50:59.435Z|NODE|node03|RECV|HEADER|from=node00|H=1
2025-11-16T15:50:59.435Z|NODE|node06|RECV|HEADER|from=node00|H=1
2025-11-16T15:50:59.436Z|NODE|node02|RECV|HEADER|from=node00|H=1
2025-11-16T15:50:59.436Z|NODE|node06|RECV|HEADER|from=node00|H=1
2025-11-16T15:50:59.436Z|NODE|node00|RECV|HEADER|from=node00|H=1
2025-11-16T15:50:59.436Z|NODE|node01|RECV|HEADER|from=node00|H=1
2025-11-16T15:50:59.437Z|NODE|node07|RECV|HEADER|from=node00|H=1
2025-11-16T15:50:59.437Z|NODE|node05|RECV|HEADER|from=node00|H=1
2025-11-16T15:50:59.437Z|NODE|node00|PROPOSE|H=1
2025-11-16T15:50:59.437Z|NODE|node00|SENT|PREVOTE|H=1
2025-11-16T15:50:59.437Z|NODE|node00|RECV|VOTE|from=node00|H=1|phase=PREVOTE
2025-11-16T15:50:59.437Z|NODE|node07|RECV|VOTE|from=node00|H=1|phase=PREVOTE
2025-11-16T15:50:59.437Z|NODE|node07|RECV|HEADER|from=node00|H=1
2025-11-16T15:50:59.442Z|NODE|node05|RECV|HEADER|from=node00|H=1
2025-11-16T15:50:59.442Z|NODE|node01|RECV|HEADER|from=node00|H=1
2025-11-16T15:50:59.442Z|NODE|node00|RECV|HEADER|from=node00|H=1
2025-11-16T15:50:59.442Z|NODE|node02|RECV|HEADER|from=node00|H=1
2025-11-16T15:50:59.442Z|NODE|node04|RECV|HEADER|from=node00|H=1
2025-11-16T15:50:59.443Z|NODE|node06|RECV|VOTE|from=node00|H=1|phase=PREVOTE
2025-11-16T15:50:59.443Z|NODE|node03|RECV|VOTE|from=node00|H=1|phase=PREVOTE
2025-11-16T15:50:59.444Z|NODE|node07|RECV|VOTE|from=node00|H=1|phase=PREVOTE
2025-11-16T15:50:59.444Z|NODE|node00|PROPOSE|H=1
2025-11-16T15:50:59.444Z|NODE|node05|RECV|VOTE|from=node00|H=1|phase=PREVOTE
2025-11-16T15:50:59.444Z|NODE|node01|RECV|VOTE|from=node00|H=1|phase=PREVOTE
2025-11-16T15:50:59.444Z|NODE|node00|SENT|PREVOTE|H=1
2025-11-16T15:50:59.444Z|NODE|node00|RECV|HEADER|from=node00|H=1
2025-11-16T15:50:59.444Z|NODE|node02|RECV|HEADER|from=node00|H=1
2025-11-16T15:50:59.444Z|NODE|node04|RECV|VOTE|from=node00|H=1|phase=PREVOTE
2025-11-16T15:50:59.444Z|NODE|node06|RECV|VOTE|from=node00|H=1|phase=PREVOTE
2025-11-16T15:50:59.444Z|NODE|node00|SENT|PREVOTE|H=1
2025-11-16T15:50:59.444Z|NODE|node00|RECV|VOTE|from=node00|H=1|phase=PREVOTE
2025-11-16T15:50:59.445Z|NODE|node02|RECV|VOTE|from=node00|H=1|phase=PREVOTE
2025-11-16T15:50:59.449Z|NODE|node07|RECV|HEADER|from=node00|H=1
2025-11-16T15:50:59.449Z|NODE|node06|RECV|HEADER|from=node00|H=1
2025-11-16T15:50:59.449Z|NODE|node05|RECV|VOTE|from=node00|H=1|phase=PREVOTE
2025-11-16T15:50:59.449Z|NODE|node05|RECV|HEADER|from=node00|H=1
2025-11-16T15:50:59.449Z|NODE|node03|RECV|HEADER|from=node00|H=1
2025-11-16T15:50:59.449Z|NODE|node04|RECV|HEADER|from=node00|H=1
2025-11-16T15:50:59.449Z|NODE|node00|RECV|HEADER|from=node00|H=1
2025-11-16T15:50:59.450Z|NODE|node04|RECV|HEADER|from=node00|H=1
2025-11-16T15:50:59.450Z|NODE|node01|RECV|HEADER|from=node00|H=1
2025-11-16T15:50:59.450Z|NODE|node00|PROPOSE|H=1
2025-11-16T15:50:59.450Z|NODE|node07|RECV|HEADER|from=node00|H=1
2025-11-16T15:50:59.450Z|NODE|node00|SENT|PREVOTE|H=1
2025-11-16T15:50:59.451Z|NODE|node00|RECV|HEADER|from=node00|H=1
2025-11-16T15:50:59.451Z|NODE|node04|RECV|HEADER|from=node00|H=1
2025-11-16T15:50:59.451Z|NODE|node01|RECV|HEADER|from=node00|H=1
2025-11-16T15:50:59.451Z|NODE|node00|SENT|PREVOTE|H=1
2025-11-16T15:50:59.451Z|NODE|node04|RECV|VOTE|from=node00|H=1|phase=PREVOTE
2025-11-16T15:50:59.451Z|NODE|node01|RECV|VOTE|from=node00|H=1|phase=PREVOTE
2025-11-16T15:50:59.452Z|NODE|node01|RECV|VOTE|from=node00|H=1|phase=PREVOTE
2025-11-16T15:50:59.456Z|NODE|node05|RECV|HEADER|from=node00|H=1
2025-11-16T15:50:59.456Z|NODE|node00|RECV|VOTE|from=node00|H=1|phase=PREVOTE
2025-11-16T15:50:59.456Z|NODE|node04|RECV|VOTE|from=node00|H=1|phase=PREVOTE
2025-11-16T15:50:59.456Z|NODE|node04|RECV|VOTE|from=node00|H=1|phase=PREVOTE
2025-11-16T15:50:59.456Z|NODE|node03|RECV|HEADER|from=node00|H=1
2025-11-16T15:50:59.456Z|NODE|node06|RECV|HEADER|from=node00|H=1
2025-11-16T15:50:59.457Z|NODE|node02|RECV|VOTE|from=node00|H=1|phase=PREVOTE
2025-11-16T15:50:59.457Z|NODE|node02|RECV|VOTE|from=node00|H=1|phase=PREVOTE
2025-11-16T15:50:59.457Z|NODE|node07|RECV|VOTE|from=node00|H=1|phase=PREVOTE
2025-11-16T15:50:59.457Z|NODE|node00|PROPOSE|H=1
2025-11-16T15:50:59.457Z|NODE|node05|RECV|VOTE|from=node00|H=1|phase=PREVOTE
2025-11-16T15:50:59.457Z|NODE|node03|RECV|HEADER|from=node00|H=1
2025-11-16T15:50:59.457Z|NODE|node06|RECV|VOTE|from=node00|H=1|phase=PREVOTE
2025-11-16T15:50:59.457Z|NODE|node07|RECV|VOTE|from=node00|H=1|phase=PREVOTE
2025-11-16T15:50:59.458Z|NODE|node07|RECV|VOTE|from=node00|H=1|phase=PREVOTE
2025-11-16T15:50:59.458Z|NODE|node00|RECV|VOTE|from=node00|H=1|phase=PREVOTE
2025-11-16T15:50:59.458Z|NODE|node00|RECV|VOTE|from=node00|H=1|phase=PREVOTE
2025-11-16T15:50:59.458Z|NODE|node03|RECV|VOTE|from=node00|H=1|phase=PREVOTE
2025-11-16T15:50:59.459Z|NODE|node03|RECV|VOTE|from=node00|H=1|phase=PREVOTE
2025-11-16T15:50:59.462Z|NODE|node02|RECV|HEADER|from=node00|H=1
2025-11-16T15:50:59.462Z|NODE|node01|RECV|HEADER|from=node00|H=1
2025-11-16T15:50:59.462Z|NODE|node05|RECV|VOTE|from=node00|H=1|phase=PREVOTE
2025-11-16T15:50:59.463Z|NODE|node05|RECV|HEADER|from=node00|H=1
2025-11-16T15:50:59.463Z|NODE|node06|RECV|VOTE|from=node00|H=1|phase=PREVOTE
2025-11-16T15:50:59.463Z|NODE|node06|RECV|HEADER|from=node00|H=1
2025-11-16T15:50:59.463Z|NODE|node04|RECV|HEADER|from=node00|H=1
2025-11-16T15:50:59.463Z|NODE|node00|RECV|VOTE|from=node00|H=1|phase=PREVOTE
2025-11-16T15:50:59.463Z|NODE|node03|RECV|VOTE|from=node00|H=1|phase=PREVOTE
2025-11-16T15:50:59.463Z|NODE|node03|RECV|HEADER|from=node00|H=1
2025-11-16T15:50:59.464Z|NODE|node00|PROPOSE|H=1
2025-11-16T15:50:59.464Z|NODE|node02|RECV|VOTE|from=node00|H=1|phase=PREVOTE
2025-11-16T15:50:59.464Z|NODE|node05|RECV|HEADER|from=node00|H=1
2025-11-16T15:50:59.464Z|NODE|node06|RECV|VOTE|from=node00|H=1|phase=PREVOTE
2025-11-16T15:50:59.464Z|NODE|node06|RECV|VOTE|from=node00|H=1|phase=PREVOTE
2025-11-16T15:50:59.465Z|NODE|node04|RECV|VOTE|from=node00|H=1|phase=PREVOTE
2025-11-16T15:50:59.465Z|NODE|node00|RECV|HEADER|from=node00|H=1
2025-11-16T15:50:59.465Z|NODE|node02|RECV|HEADER|from=node00|H=1
2025-11-16T15:50:59.466Z|NODE|node04|RECV|HEADER|from=node00|H=1
2025-11-16T15:50:59.466Z|NODE|node00|SENT|PREVOTE|H=1
2025-11-16T15:50:59.469Z|NODE|node00|RECV|HEADER|from=node00|H=1
2025-11-16T15:50:59.469Z|NODE|node03|RECV|HEADER|from=node00|H=1
2025-11-16T15:50:59.469Z|NODE|node07|RECV|HEADER|from=node00|H=1
2025-11-16T15:50:59.470Z|NODE|node03|RECV|VOTE|from=node00|H=1|phase=PREVOTE
2025-11-16T15:50:59.470Z|NODE|node02|RECV|VOTE|from=node00|H=1|phase=PREVOTE
2025-11-16T15:50:59.470Z|NODE|node02|RECV|HEADER|from=node00|H=1
2025-11-16T15:50:59.471Z|NODE|node01|RECV|VOTE|from=node00|H=1|phase=PREVOTE
2025-11-16T15:50:59.471Z|NODE|node05|RECV|VOTE|from=node00|H=1|phase=PREVOTE
2025-11-16T15:50:59.471Z|NODE|node06|RECV|HEADER|from=node00|H=1
2025-11-16T15:50:59.471Z|NODE|node00|PROPOSE|H=1
2025-11-16T15:50:59.472Z|NODE|node00|SENT|PREVOTE|H=1
2025-11-16T15:50:59.472Z|NODE|node07|RECV|VOTE|from=node00|H=1|phase=PREVOTE
2025-11-16T15:50:59.472Z|NODE|node01|RECV|VOTE|from=node00|H=1|phase=PREVOTE
2025-11-16T15:50:59.472Z|NODE|node01|RECV|HEADER|from=node00|H=1
2025-11-16T15:50:59.472Z|NODE|node05|RECV|VOTE|from=node00|H=1|phase=PREVOTE
2025-11-16T15:50:59.472Z|NODE|node06|RECV|HEADER|from=node00|H=1
2025-11-16T15:50:59.472Z|NODE|node00|RECV|HEADER|from=node00|H=1
2025-11-16T15:50:59.473Z|NODE|node00|SENT|PREVOTE|H=1
2025-11-16T15:50:59.473Z|NODE|node00|RECV|VOTE|from=node00|H=1|phase=PREVOTE
2025-11-16T15:50:59.477Z|NODE|node02|RECV|HEADER|from=node00|H=1
2025-11-16T15:50:59.477Z|NODE|node01|RECV|HEADER|from=node00|H=1
2025-11-16T15:50:59.477Z|NODE|node07|RECV|HEADER|from=node00|H=1
2025-11-16T15:50:59.477Z|NODE|node03|RECV|HEADER|from=node00|H=1
2025-11-16T15:50:59.478Z|NODE|node06|RECV|VOTE|from=node00|H=1|phase=PREVOTE
2025-11-16T15:50:59.478Z|NODE|node06|RECV|HEADER|from=node00|H=1
2025-11-16T15:50:59.479Z|NODE|node05|RECV|VOTE|from=node00|H=1|phase=PREVOTE
2025-11-16T15:50:59.479Z|NODE|node05|RECV|VOTE|from=node00|H=1|phase=PREVOTE
2025-11-16T15:50:59.479Z|NODE|node04|RECV|VOTE|from=node00|H=1|phase=PREVOTE
2025-11-16T15:50:59.479Z|NODE|node00|PROPOSE|H=1
2025-11-16T15:50:59.479Z|NODE|node02|RECV|VOTE|from=node00|H=1|phase=PREVOTE
2025-11-16T15:50:59.479Z|NODE|node01|RECV|VOTE|from=node00|H=1|phase=PREVOTE
2025-11-16T15:50:59.479Z|NODE|node03|RECV|VOTE|from=node00|H=1|phase=PREVOTE
2025-11-16T15:50:59.479Z|NODE|node06|RECV|VOTE|from=node00|H=1|phase=PREVOTE
2025-11-16T15:50:59.484Z|NODE|node04|RECV|HEADER|from=node00|H=1
2025-11-16T15:50:59.484Z|NODE|node03|RECV|HEADER|from=node00|H=1
2025-11-16T15:50:59.484Z|NODE|node01|RECV|VOTE|from=node00|H=1|phase=PREVOTE
2025-11-16T15:50:59.484Z|NODE|node01|RECV|VOTE|from=node00|H=1|phase=PREVOTE
2025-11-16T15:50:59.484Z|NODE|node05|RECV|HEADER|from=node00|H=1
2025-11-16T15:50:59.484Z|NODE|node07|RECV|HEADER|from=node00|H=1
2025-11-16T15:50:59.484Z|NODE|node06|RECV|VOTE|from=node00|H=1|phase=PREVOTE
2025-11-16T15:50:59.485Z|NODE|node00|RECV|VOTE|from=node00|H=1|phase=PREVOTE
2025-11-16T15:50:59.485Z|NODE|node02|RECV|VOTE|from=node00|H=1|phase=PREVOTE
2025-11-16T15:50:59.485Z|NODE|node02|RECV|VOTE|from=node00|H=1|phase=PREVOTE
2025-11-16T15:50:59.485Z|NODE|node00|PROPOSE|H=1
2025-11-16T15:50:59.485Z|NODE|node04|RECV|VOTE|from=node00|H=1|phase=PREVOTE
2025-11-16T15:50:59.486Z|NODE|node03|RECV|VOTE|from=node00|H=1|phase=PREVOTE
2025-11-16T15:50:59.492Z|NODE|node05|RECV|VOTE|from=node00|H=1|phase=PREVOTE
2025-11-16T15:50:59.498Z|NODE|node07|RECV|VOTE|from=node00|H=1|phase=PREVOTE
2025-11-16T15:50:59.500Z|NODE|node04|RECV|VOTE|from=node00|H=1|phase=PREVOTE
2025-11-16T15:50:59.504Z|NODE|node03|RECV|VOTE|from=node00|H=1|phase=PREVOTE
2025-11-16T15:50:59.507Z|NODE|node02|RECV|HEADER|from=node00|H=1
2025-11-16T15:50:59.507Z|NODE|node01|RECV|HEADER|from=node00|H=1
2025-11-16T15:50:59.507Z|NODE|node00|RECV|HEADER|from=node00|H=1
2025-11-16T15:50:59.508Z|NODE|node06|RECV|HEADER|from=node00|H=1
2025-11-16T15:50:59.508Z|NODE|node00|PROPOSE|H=1
2025-11-16T15:50:59.508Z|NODE|node05|RECV|HEADER|from=node00|H=1
2025-11-16T15:50:59.508Z|NODE|node07|RECV|VOTE|from=node00|H=1|phase=PREVOTE
2025-11-16T15:50:59.508Z|NODE|node04|RECV|HEADER|from=node00|H=1
2025-11-16T15:50:59.508Z|NODE|node02|RECV|HEADER|from=node00|H=1
2025-11-16T15:50:59.508Z|NODE|node01|RECV|HEADER|from=node00|H=1
2025-11-16T15:50:59.509Z|NODE|node00|SENT|PREVOTE|H=1
2025-11-16T15:50:59.509Z|NODE|node00|RECV|VOTE|from=node00|H=1|phase=PREVOTE
2025-11-16T15:50:59.509Z|NODE|node06|RECV|HEADER|from=node00|H=1
2025-11-16T15:50:59.509Z|NODE|node07|RECV|HEADER|from=node00|H=1
2025-11-16T15:50:59.509Z|NODE|node04|RECV|HEADER|from=node00|H=1
2025-11-16T15:50:59.509Z|NODE|node07|RECV|VOTE|from=node00|H=1|phase=PREVOTE
2025-11-16T15:50:59.509Z|NODE|node07|RECV|HEADER|from=node00|H=1
2025-11-16T15:50:59.513Z|NODE|node00|RECV|HEADER|from=node00|H=1
2025-11-16T15:50:59.513Z|NODE|node05|RECV|HEADER|from=node00|H=1
2025-11-16T15:50:59.513Z|NODE|node01|RECV|HEADER|from=node00|H=1
2025-11-16T15:50:59.514Z|NODE|node04|RECV|HEADER|from=node00|H=1
2025-11-16T15:50:59.514Z|NODE|node03|RECV|HEADER|from=node00|H=1
2025-11-16T15:50:59.514Z|NODE|node02|RECV|HEADER|from=node00|H=1
2025-11-16T15:50:59.514Z|NODE|node07|RECV|HEADER|from=node00|H=1
2025-11-16T15:50:59.515Z|NODE|node00|PROPOSE|H=1
2025-11-16T15:50:59.515Z|NODE|node07|RECV|VOTE|from=node00|H=1|phase=PREVOTE
2025-11-16T15:50:59.515Z|NODE|node00|SENT|PREVOTE|H=1
2025-11-16T15:50:59.515Z|NODE|node05|RECV|VOTE|from=node00|H=1|phase=PREVOTE
2025-11-16T15:50:59.515Z|NODE|node01|RECV|VOTE|from=node00|H=1|phase=PREVOTE
2025-11-16T15:50:59.515Z|NODE|node03|RECV|HEADER|from=node00|H=1
2025-11-16T15:50:59.515Z|NODE|node03|RECV|VOTE|from=node00|H=1|phase=PREVOTE
2025-11-16T15:50:59.520Z|NODE|node02|RECV|HEADER|from=node00|H=1
2025-11-16T15:50:59.520Z|NODE|node00|RECV|HEADER|from=node00|H=1
2025-11-16T15:50:59.520Z|NODE|node01|RECV|HEADER|from=node00|H=1
2025-11-16T15:50:59.520Z|NODE|node06|RECV|HEADER|from=node00|H=1
2025-11-16T15:50:59.520Z|NODE|node05|RECV|HEADER|from=node00|H=1
2025-11-16T15:50:59.520Z|NODE|node00|PROPOSE|H=1
2025-11-16T15:50:59.520Z|NODE|node00|SENT|PREVOTE|H=1
2025-11-16T15:50:59.521Z|NODE|node00|RECV|VOTE|from=node00|H=1|phase=PREVOTE
2025-11-16T15:50:59.521Z|NODE|node00|RECV|VOTE|from=node00|H=1|phase=PREVOTE
2025-11-16T15:50:59.521Z|NODE|node01|RECV|VOTE|from=node00|H=1|phase=PREVOTE
2025-11-16T15:50:59.521Z|NODE|node05|RECV|HEADER|from=node00|H=1
2025-11-16T15:50:59.521Z|NODE|node05|RECV|VOTE|from=node00|H=1|phase=PREVOTE
2025-11-16T15:50:59.525Z|NODE|node00|RECV|HEADER|from=node00|H=1
2025-11-16T15:50:59.525Z|NODE|node04|RECV|HEADER|from=node00|H=1
2025-11-16T15:50:59.525Z|NODE|node00|SENT|PREVOTE|H=1
2025-11-16T15:50:59.525Z|NODE|node00|RECV|VOTE|from=node00|H=1|phase=PREVOTE
2025-11-16T15:50:59.526Z|NODE|node05|RECV|HEADER|from=node00|H=1
2025-11-16T15:50:59.526Z|NODE|node07|RECV|HEADER|from=node00|H=1
2025-11-16T15:50:59.526Z|NODE|node06|RECV|HEADER|from=node00|H=1
2025-11-16T15:50:59.526Z|NODE|node01|RECV|HEADER|from=node00|H=1
2025-11-16T15:50:59.527Z|NODE|node02|RECV|VOTE|from=node00|H=1|phase=PREVOTE
2025-11-16T15:50:59.527Z|NODE|node02|RECV|HEADER|from=node00|H=1
2025-11-16T15:50:59.527Z|NODE|node03|RECV|HEADER|from=node00|H=1
2025-11-16T15:50:59.527Z|NODE|node00|PROPOSE|H=1
2025-11-16T15:50:59.527Z|NODE|node04|RECV|VOTE|from=node00|H=1|phase=PREVOTE
2025-11-16T15:50:59.527Z|NODE|node07|RECV|VOTE|from=node00|H=1|phase=PREVOTE
2025-11-16T15:50:59.527Z|NODE|node06|RECV|VOTE|from=node00|H=1|phase=PREVOTE
2025-11-16T15:50:59.527Z|NODE|node02|RECV|VOTE|from=node00|H=1|phase=PREVOTE
2025-11-16T15:50:59.527Z|NODE|node03|RECV|HEADER|from=node00|H=1
2025-11-16T15:50:59.528Z|NODE|node04|RECV|HEADER|from=node00|H=1
2025-11-16T15:50:59.528Z|NODE|node06|RECV|VOTE|from=node00|H=1|phase=PREVOTE
2025-11-16T15:50:59.528Z|NODE|node04|RECV|VOTE|from=node00|H=1|phase=PREVOTE
2025-11-16T15:50:59.528Z|NODE|node06|RECV|VOTE|from=node00|H=1|phase=PREVOTE
2025-11-16T15:50:59.533Z|NODE|node00|RECV|HEADER|from=node00|H=1
2025-11-16T15:50:59.533Z|NODE|node07|RECV|HEADER|from=node00|H=1
2025-11-16T15:50:59.533Z|NODE|node00|SENT|PREVOTE|H=1
2025-11-16T15:50:59.533Z|NODE|node04|RECV|VOTE|from=node00|H=1|phase=PREVOTE
2025-11-16T15:50:59.533Z|NODE|node04|RECV|HEADER|from=node00|H=1
2025-11-16T15:50:59.533Z|NODE|node02|RECV|VOTE|from=node00|H=1|phase=PREVOTE
2025-11-16T15:50:59.534Z|NODE|node03|RECV|VOTE|from=node00|H=1|phase=PREVOTE
2025-11-16T15:50:59.534Z|NODE|node03|RECV|HEADER|from=node00|H=1
2025-11-16T15:50:59.534Z|NODE|node01|RECV|HEADER|from=node00|H=1
2025-11-16T15:50:59.534Z|NODE|node05|RECV|HEADER|from=node00|H=1
2025-11-16T15:50:59.534Z|NODE|node06|RECV|HEADER|from=node00|H=1
2025-11-16T15:50:59.534Z|NODE|node00|PROPOSE|H=1
2025-11-16T15:50:59.535Z|NODE|node07|RECV|VOTE|from=node00|H=1|phase=PREVOTE
2025-11-16T15:50:59.535Z|NODE|node00|RECV|HEADER|from=node00|H=1
2025-11-16T15:50:59.535Z|NODE|node04|RECV|HEADER|from=node00|H=1
2025-11-16T15:50:59.535Z|NODE|node03|RECV|HEADER|from=node00|H=1
2025-11-16T15:50:59.535Z|NODE|node01|RECV|HEADER|from=node00|H=1
2025-11-16T15:50:59.535Z|NODE|node05|RECV|VOTE|from=node00|H=1|phase=PREVOTE
2025-11-16T15:50:59.535Z|NODE|node07|RECV|HEADER|from=node00|H=1
2025-11-16T15:50:59.536Z|NODE|node00|SENT|PREVOTE|H=1
2025-11-16T15:50:59.536Z|NODE|node04|RECV|VOTE|from=node00|H=1|phase=PREVOTE
2025-11-16T15:50:59.536Z|NODE|node03|RECV|VOTE|from=node00|H=1|phase=PREVOTE
2025-11-16T15:50:59.536Z|NODE|node01|RECV|VOTE|from=node00|H=1|phase=PREVOTE
2025-11-16T15:50:59.537Z|NODE|node00|RECV|VOTE|from=node00|H=1|phase=PREVOTE
2025-11-16T15:50:59.540Z|NODE|node01|RECV|VOTE|from=node00|H=1|phase=PREVOTE
2025-11-16T15:50:59.540Z|NODE|node06|RECV|HEADER|from=node00|H=1
2025-11-16T15:50:59.541Z|NODE|node05|RECV|HEADER|from=node00|H=1
2025-11-16T15:50:59.541Z|NODE|node07|RECV|HEADER|from=node00|H=1
2025-11-16T15:50:59.541Z|NODE|node00|RECV|HEADER|from=node00|H=1
2025-11-16T15:50:59.541Z|NODE|node03|RECV|VOTE|from=node00|H=1|phase=PREVOTE
2025-11-16T15:50:59.541Z|NODE|node02|RECV|HEADER|from=node00|H=1
2025-11-16T15:50:59.541Z|NODE|node00|PROPOSE|H=1
2025-11-16T15:50:59.542Z|NODE|node06|RECV|HEADER|from=node00|H=1
2025-11-16T15:50:59.542Z|NODE|node05|RECV|VOTE|from=node00|H=1|phase=PREVOTE
2025-11-16T15:50:59.542Z|NODE|node00|SENT|PREVOTE|H=1
2025-11-16T15:50:59.542Z|NODE|node00|RECV|VOTE|from=node00|H=1|phase=PREVOTE
2025-11-16T15:50:59.543Z|NODE|node02|RECV|HEADER|from=node00|H=1
2025-11-16T15:50:59.543Z|NODE|node06|RECV|VOTE|from=node00|H=1|phase=PREVOTE
2025-11-16T15:50:59.543Z|NODE|node02|RECV|VOTE|from=node00|H=1|phase=PREVOTE
2025-11-16T15:50:59.543Z|NODE|node02|RECV|VOTE|from=node00|H=1|phase=PREVOTE
2025-11-16T15:50:59.547Z|NODE|node06|RECV|VOTE|from=node00|H=1|phase=PREVOTE
2025-11-16T15:50:59.547Z|NODE|node06|RECV|VOTE|from=node00|H=1|phase=PREVOTE
2025-11-16T15:50:59.547Z|NODE|node07|RECV|VOTE|from=node00|H=1|phase=PREVOTE
2025-11-16T15:50:59.547Z|NODE|node07|RECV|HEADER|from=node00|H=1
2025-11-16T15:50:59.547Z|NODE|node01|RECV|HEADER|from=node00|H=1
2025-11-16T15:50:59.548Z|NODE|node02|RECV|VOTE|from=node00|H=1|phase=PREVOTE
2025-11-16T15:50:59.548Z|NODE|node04|RECV|HEADER|from=node00|H=1
2025-11-16T15:50:59.548Z|NODE|node03|RECV|HEADER|from=node00|H=1
2025-11-16T15:50:59.548Z|NODE|node04|RECV|HEADER|from=node00|H=1
2025-11-16T15:50:59.548Z|NODE|node05|RECV|VOTE|from=node00|H=1|phase=PREVOTE
2025-11-16T15:50:59.548Z|NODE|node00|RECV|HEADER|from=node00|H=1
2025-11-16T15:50:59.548Z|NODE|node00|PROPOSE|H=1
2025-11-16T15:50:59.549Z|NODE|node01|RECV|VOTE|from=node00|H=1|phase=PREVOTE
2025-11-16T15:50:59.549Z|NODE|node03|RECV|VOTE|from=node00|H=1|phase=PREVOTE
2025-11-16T15:50:59.549Z|NODE|node04|RECV|VOTE|from=node00|H=1|phase=PREVOTE
2025-11-16T15:50:59.549Z|NODE|node05|RECV|HEADER|from=node00|H=1
2025-11-16T15:50:59.549Z|NODE|node00|SENT|PREVOTE|H=1
2025-11-16T15:50:59.549Z|NODE|node00|RECV|VOTE|from=node00|H=1|phase=PREVOTE
2025-11-16T15:50:59.549Z|NODE|node05|RECV|VOTE|from=node00|H=1|phase=PREVOTE
2025-11-16T15:50:59.549Z|NODE|node05|RECV|HEADER|from=node00|H=1
2025-11-16T15:50:59.549Z|NODE|node05|RECV|VOTE|from=node00|H=1|phase=PREVOTE
2025-11-16T15:50:59.554Z|NODE|node02|RECV|HEADER|from=node00|H=1
2025-11-16T15:50:59.555Z|NODE|node01|RECV|VOTE|from=node00|H=1|phase=PREVOTE
2025-11-16T15:50:59.555Z|NODE|node01|RECV|HEADER|from=node00|H=1
2025-11-16T15:50:59.555Z|NODE|node03|RECV|VOTE|from=node00|H=1|phase=PREVOTE
2025-11-16T15:50:59.555Z|NODE|node03|RECV|VOTE|from=node00|H=1|phase=PREVOTE
2025-11-16T15:50:59.555Z|NODE|node07|RECV|VOTE|from=node00|H=1|phase=PREVOTE
2025-11-16T15:50:59.555Z|NODE|node04|RECV|VOTE|from=node00|H=1|phase=PREVOTE
2025-11-16T15:50:59.555Z|NODE|node06|RECV|HEADER|from=node00|H=1
2025-11-16T15:50:59.556Z|NODE|node00|RECV|HEADER|from=node00|H=1
2025-11-16T15:50:59.556Z|NODE|node05|RECV|HEADER|from=node00|H=1
2025-11-16T15:50:59.556Z|NODE|node00|PROPOSE|H=1
2025-11-16T15:50:59.556Z|NODE|node02|RECV|VOTE|from=node00|H=1|phase=PREVOTE
2025-11-16T15:50:59.556Z|NODE|node01|RECV|VOTE|from=node00|H=1|phase=PREVOTE
2025-11-16T15:50:59.556Z|NODE|node07|RECV|VOTE|from=node00|H=1|phase=PREVOTE
2025-11-16T15:50:59.556Z|NODE|node04|RECV|VOTE|from=node00|H=1|phase=PREVOTE
2025-11-16T15:50:59.556Z|NODE|node04|RECV|HEADER|from=node00|H=1
2025-11-16T15:50:59.557Z|NODE|node06|RECV|VOTE|from=node00|H=1|phase=PREVOTE
2025-11-16T15:50:59.557Z|NODE|node06|RECV|HEADER|from=node00|H=1
2025-11-16T15:50:59.557Z|NODE|node00|SENT|PREVOTE|H=1
2025-11-16T15:50:59.557Z|NODE|node02|RECV|HEADER|from=node00|H=1
2025-11-16T15:50:59.557Z|NODE|node01|RECV|HEADER|from=node00|H=1
2025-11-16T15:50:59.557Z|NODE|node07|RECV|VOTE|from=node00|H=1|phase=PREVOTE
2025-11-16T15:50:59.557Z|NODE|node07|RECV|HEADER|from=node00|H=1
2025-11-16T15:50:59.557Z|NODE|node04|RECV|VOTE|from=node00|H=1|phase=PREVOTE
2025-11-16T15:50:59.557Z|NODE|node00|RECV|VOTE|from=node00|H=1|phase=PREVOTE
2025-11-16T15:50:59.557Z|NODE|node00|RECV|VOTE|from=node00|H=1|phase=PREVOTE
2025-11-16T15:50:59.561Z|NODE|node02|RECV|HEADER|from=node00|H=1
2025-11-16T15:50:59.562Z|NODE|node00|PROPOSE|H=1
2025-11-16T15:50:59.562Z|NODE|node00|RECV|HEADER|from=node00|H=1
2025-11-16T15:50:59.562Z|NODE|node06|RECV|VOTE|from=node00|H=1|phase=PREVOTE
2025-11-16T15:50:59.562Z|NODE|node04|RECV|HEADER|from=node00|H=1
2025-11-16T15:50:59.562Z|NODE|node03|RECV|HEADER|from=node00|H=1
2025-11-16T15:50:59.562Z|NODE|node07|RECV|HEADER|from=node00|H=1
2025-11-16T15:50:59.563Z|NODE|node05|RECV|VOTE|from=node00|H=1|phase=PREVOTE
2025-11-16T15:50:59.563Z|NODE|node07|RECV|VOTE|from=node00|H=1|phase=PREVOTE
2025-11-16T15:50:59.563Z|NODE|node01|RECV|HEADER|from=node00|H=1
2025-11-16T15:50:59.563Z|NODE|node02|RECV|VOTE|from=node00|H=1|phase=PREVOTE
2025-11-16T15:50:59.563Z|NODE|node02|RECV|HEADER|from=node00|H=1
2025-11-16T15:50:59.563Z|NODE|node06|RECV|HEADER|from=node00|H=1
2025-11-16T15:50:59.563Z|NODE|node00|SENT|PREVOTE|H=1
2025-11-16T15:50:59.563Z|NODE|node03|RECV|VOTE|from=node00|H=1|phase=PREVOTE
2025-11-16T15:50:59.563Z|NODE|node03|RECV|VOTE|from=node00|H=1|phase=PREVOTE
2025-11-16T15:50:59.563Z|NODE|node05|RECV|HEADER|from=node00|H=1
2025-11-16T15:50:59.563Z|NODE|node01|RECV|VOTE|from=node00|H=1|phase=PREVOTE
2025-11-16T15:50:59.564Z|NODE|node06|RECV|VOTE|from=node00|H=1|phase=PREVOTE
2025-11-16T15:50:59.564Z|NODE|node05|RECV|VOTE|from=node00|H=1|phase=PREVOTE
2025-11-16T15:50:59.567Z|NODE|node03|RECV|HEADER|from=node00|H=1
2025-11-16T15:50:59.567Z|NODE|node07|RECV|VOTE|from=node00|H=1|phase=PREVOTE
2025-11-16T15:50:59.567Z|NODE|node00|RECV|HEADER|from=node00|H=1
2025-11-16T15:50:59.567Z|NODE|node01|RECV|VOTE|from=node00|H=1|phase=PREVOTE
2025-11-16T15:50:59.568Z|NODE|node00|SENT|PREVOTE|H=1
2025-11-16T15:50:59.568Z|NODE|node00|RECV|VOTE|from=node00|H=1|phase=PREVOTE
2025-11-16T15:50:59.568Z|NODE|node01|RECV|HEADER|from=node00|H=1
2025-11-16T15:50:59.568Z|NODE|node04|RECV|VOTE|from=node00|H=1|phase=PREVOTE
2025-11-16T15:50:59.568Z|NODE|node00|PROPOSE|H=1
2025-11-16T15:50:59.568Z|NODE|node00|RECV|HEADER|from=node00|H=1
2025-11-16T15:50:59.568Z|NODE|node03|RECV|HEADER|from=node00|H=1
2025-11-16T15:50:59.568Z|NODE|node05|RECV|VOTE|from=node00|H=1|phase=PREVOTE
2025-11-16T15:50:59.568Z|NODE|node00|SENT|PREVOTE|H=1
2025-11-16T15:50:59.568Z|NODE|node00|RECV|VOTE|from=node00|H=1|phase=PREVOTE
2025-11-16T15:50:59.569Z|NODE|node03|RECV|VOTE|from=node00|H=1|phase=PREVOTE
2025-11-16T15:50:59.574Z|NODE|node02|RECV|VOTE|from=node00|H=1|phase=PREVOTE
2025-11-16T15:50:59.574Z|NODE|node02|RECV|HEADER|from=node00|H=1
2025-11-16T15:50:59.574Z|NODE|node06|RECV|HEADER|from=node00|H=1
2025-11-16T15:50:59.574Z|NODE|node01|RECV|HEADER|from=node00|H=1
2025-11-16T15:50:59.574Z|NODE|node04|RECV|VOTE|from=node00|H=1|phase=PREVOTE
2025-11-16T15:50:59.574Z|NODE|node04|RECV|VOTE|from=node00|H=1|phase=PREVOTE
2025-11-16T15:50:59.574Z|NODE|node07|RECV|HEADER|from=node00|H=1
2025-11-16T15:50:59.574Z|NODE|node00|RECV|HEADER|from=node00|H=1
2025-11-16T15:50:59.575Z|NODE|node03|RECV|HEADER|from=node00|H=1
2025-11-16T15:50:59.575Z|NODE|node05|RECV|HEADER|from=node00|H=1
2025-11-16T15:50:59.575Z|NODE|node00|PROPOSE|H=1
2025-11-16T15:50:59.575Z|NODE|node06|RECV|VOTE|from=node00|H=1|phase=PREVOTE
2025-11-16T15:50:59.575Z|NODE|node01|RECV|VOTE|from=node00|H=1|phase=PREVOTE
2025-11-16T15:50:59.575Z|NODE|node07|RECV|HEADER|from=node00|H=1
2025-11-16T15:50:59.575Z|NODE|node00|SENT|PREVOTE|H=1
2025-11-16T15:50:59.575Z|NODE|node00|RECV|VOTE|from=node00|H=1|phase=PREVOTE
2025-11-16T15:50:59.575Z|NODE|node03|RECV|VOTE|from=node00|H=1|phase=PREVOTE
2025-11-16T15:50:59.576Z|NODE|node03|RECV|VOTE|from=node00|H=1|phase=PREVOTE
2025-11-16T15:50:59.576Z|NODE|node05|RECV|VOTE|from=node00|H=1|phase=PREVOTE
2025-11-16T15:50:59.576Z|NODE|node07|RECV|VOTE|from=node00|H=1|phase=PREVOTE
2025-11-16T15:50:59.576Z|NODE|node07|RECV|VOTE|from=node00|H=1|phase=PREVOTE
2025-11-16T15:50:59.580Z|NODE|node02|RECV|VOTE|from=node00|H=1|phase=PREVOTE
2025-11-16T15:50:59.580Z|NODE|node02|RECV|HEADER|from=node00|H=1
2025-11-16T15:50:59.580Z|NODE|node06|RECV|HEADER|from=node00|H=1
2025-11-16T15:50:59.580Z|NODE|node01|RECV|VOTE|from=node00|H=1|phase=PREVOTE
2025-11-16T15:50:59.581Z|NODE|node03|RECV|HEADER|from=node00|H=1
2025-11-16T15:50:59.581Z|NODE|node04|RECV|HEADER|from=node00|H=1
2025-11-16T15:50:59.581Z|NODE|node07|RECV|HEADER|from=node00|H=1
2025-11-16T15:50:59.581Z|NODE|node04|RECV|HEADER|from=node00|H=1
2025-11-16T15:50:59.581Z|NODE|node05|RECV|HEADER|from=node00|H=1
2025-11-16T15:50:59.581Z|NODE|node00|PROPOSE|H=1
2025-11-16T15:50:59.581Z|NODE|node02|RECV|VOTE|from=node00|H=1|phase=PREVOTE
2025-11-16T15:50:59.581Z|NODE|node06|RECV|VOTE|from=node00|H=1|phase=PREVOTE
2025-11-16T15:50:59.582Z|NODE|node03|RECV|VOTE|from=node00|H=1|phase=PREVOTE
2025-11-16T15:50:59.582Z|NODE|node07|RECV|VOTE|from=node00|H=1|phase=PREVOTE
2025-11-16T15:50:59.582Z|NODE|node05|RECV|VOTE|from=node00|H=1|phase=PREVOTE
2025-11-16T15:50:59.582Z|NODE|node07|RECV|VOTE|from=node00|H=1|phase=PREVOTE
2025-11-16T15:50:59.586Z|NODE|node04|RECV|VOTE|from=node00|H=1|phase=PREVOTE
2025-11-16T15:50:59.586Z|NODE|node05|RECV|VOTE|from=node00|H=1|phase=PREVOTE
2025-11-16T15:50:59.586Z|NODE|node05|RECV|HEADER|from=node00|H=1
2025-11-16T15:50:59.586Z|NODE|node02|RECV|VOTE|from=node00|H=1|phase=PREVOTE
2025-11-16T15:50:59.587Z|NODE|node01|RECV|VOTE|from=node00|H=1|phase=PREVOTE
2025-11-16T15:50:59.587Z|NODE|node01|RECV|VOTE|from=node00|H=1|phase=PREVOTE
2025-11-16T15:50:59.587Z|NODE|node00|RECV|VOTE|from=node00|H=1|phase=PREVOTE
2025-11-16T15:50:59.587Z|NODE|node06|RECV|VOTE|from=node00|H=1|phase=PREVOTE
2025-11-16T15:50:59.588Z|NODE|node00|PROPOSE|H=1
2025-11-16T15:50:59.588Z|NODE|node05|RECV|HEADER|from=node00|H=1
2025-11-16T15:50:59.588Z|NODE|node01|RECV|HEADER|from=node00|H=1
2025-11-16T15:50:59.588Z|NODE|node00|RECV|HEADER|from=node00|H=1
2025-11-16T15:50:59.588Z|NODE|node00|SENT|PREVOTE|H=1
2025-11-16T15:50:59.593Z|NODE|node04|RECV|HEADER|from=node00|H=1
2025-11-16T15:50:59.593Z|NODE|node03|RECV|HEADER|from=node00|H=1
2025-11-16T15:50:59.593Z|NODE|node06|RECV|HEADER|from=node00|H=1
2025-11-16T15:50:59.593Z|NODE|node02|RECV|HEADER|from=node00|H=1
2025-11-16T15:50:59.593Z|NODE|node01|RECV|HEADER|from=node00|H=1
2025-11-16T15:50:59.593Z|NODE|node02|RECV|VOTE|from=node00|H=1|phase=PREVOTE
2025-11-16T15:50:59.593Z|NODE|node07|RECV|HEADER|from=node00|H=1
2025-11-16T15:50:59.593Z|NODE|node00|RECV|VOTE|from=node00|H=1|phase=PREVOTE
2025-11-16T15:50:59.593Z|NODE|node00|PROPOSE|H=1
2025-11-16T15:50:59.594Z|NODE|node04|RECV|VOTE|from=node00|H=1|phase=PREVOTE
2025-11-16T15:50:59.594Z|NODE|node06|RECV|VOTE|from=node00|H=1|phase=PREVOTE
2025-11-16T15:50:59.594Z|NODE|node06|RECV|HEADER|from=node00|H=1
2025-11-16T15:50:59.594Z|NODE|node01|RECV|HEADER|from=node00|H=1
2025-11-16T15:50:59.594Z|NODE|node07|RECV|HEADER|from=node00|H=1
2025-11-16T15:50:59.594Z|NODE|node00|RECV|HEADER|from=node00|H=1
2025-11-16T15:50:59.594Z|NODE|node04|RECV|HEADER|from=node00|H=1
2025-11-16T15:50:59.594Z|NODE|node00|SENT|PREVOTE|H=1
2025-11-16T15:50:59.599Z|NODE|node04|RECV|HEADER|from=node00|H=1
2025-11-16T15:50:59.599Z|NODE|node01|RECV|VOTE|from=node00|H=1|phase=PREVOTE
2025-11-16T15:50:59.599Z|NODE|node03|RECV|HEADER|from=node00|H=1
2025-11-16T15:50:59.599Z|NODE|node02|RECV|HEADER|from=node00|H=1
2025-11-16T15:50:59.600Z|NODE|node07|RECV|VOTE|from=node00|H=1|phase=PREVOTE
2025-11-16T15:50:59.600Z|NODE|node02|RECV|HEADER|from=node00|H=1
2025-11-16T15:50:59.600Z|NODE|node06|RECV|HEADER|from=node00|H=1
2025-11-16T15:50:59.600Z|NODE|node00|PROPOSE|H=1
2025-11-16T15:50:59.601Z|NODE|node06|RECV|VOTE|from=node00|H=1|phase=PREVOTE
2025-11-16T15:50:59.601Z|NODE|node04|RECV|VOTE|from=node00|H=1|phase=PREVOTE
2025-11-16T15:50:59.601Z|NODE|node03|RECV|HEADER|from=node00|H=1
2025-11-16T15:50:59.601Z|NODE|node02|RECV|VOTE|from=node00|H=1|phase=PREVOTE
2025-11-16T15:50:59.601Z|NODE|node06|RECV|HEADER|from=node00|H=1
2025-11-16T15:50:59.606Z|NODE|node02|RECV|VOTE|from=node00|H=1|phase=PREVOTE
2025-11-16T15:50:59.606Z|NODE|node02|RECV|HEADER|from=node00|H=1
2025-11-16T15:50:59.606Z|NODE|node04|RECV|VOTE|from=node00|H=1|phase=PREVOTE
2025-11-16T15:50:59.607Z|NODE|node04|RECV|HEADER|from=node00|H=1
2025-11-16T15:50:59.607Z|NODE|node03|RECV|VOTE|from=node00|H=1|phase=PREVOTE
2025-11-16T15:50:59.607Z|NODE|node05|RECV|HEADER|from=node00|H=1
2025-11-16T15:50:59.607Z|NODE|node00|RECV|HEADER|from=node00|H=1
2025-11-16T15:50:59.607Z|NODE|node07|RECV|HEADER|from=node00|H=1
2025-11-16T15:50:59.607Z|NODE|node00|SENT|PREVOTE|H=1
2025-11-16T15:50:59.607Z|NODE|node01|RECV|HEADER|from=node00|H=1
2025-11-16T15:50:59.607Z|NODE|node06|RECV|VOTE|from=node00|H=1|phase=PREVOTE
2025-11-16T15:50:59.607Z|NODE|node00|PROPOSE|H=1
2025-11-16T15:50:59.607Z|NODE|node05|RECV|VOTE|from=node00|H=1|phase=PREVOTE
2025-11-16T15:50:59.607Z|NODE|node05|RECV|VOTE|from=node00|H=1|phase=PREVOTE
2025-11-16T15:50:59.607Z|NODE|node07|RECV|VOTE|from=node00|H=1|phase=PREVOTE
2025-11-16T15:50:59.608Z|NODE|node07|RECV|HEADER|from=node00|H=1
2025-11-16T15:50:59.608Z|NODE|node00|RECV|VOTE|from=node00|H=1|phase=PREVOTE
2025-11-16T15:50:59.608Z|NODE|node00|RECV|HEADER|from=node00|H=1
2025-11-16T15:50:59.608Z|NODE|node07|RECV|HEADER|from=node00|H=1
2025-11-16T15:50:59.608Z|NODE|node00|SENT|PREVOTE|H=1
2025-11-16T15:50:59.612Z|NODE|node03|RECV|HEADER|from=node00|H=1
2025-11-16T15:50:59.612Z|NODE|node02|RECV|HEADER|from=node00|H=1
2025-11-16T15:50:59.612Z|NODE|node00|RECV|VOTE|from=node00|H=1|phase=PREVOTE
2025-11-16T15:50:59.612Z|NODE|node05|RECV|HEADER|from=node00|H=1
2025-11-16T15:50:59.612Z|NODE|node04|RECV|HEADER|from=node00|H=1
2025-11-16T15:50:59.613Z|NODE|node07|RECV|HEADER|from=node00|H=1
2025-11-16T15:50:59.613Z|NODE|node01|RECV|VOTE|from=node00|H=1|phase=PREVOTE
2025-11-16T15:50:59.613Z|NODE|node01|RECV|HEADER|from=node00|H=1
2025-11-16T15:50:59.613Z|NODE|node00|PROPOSE|H=1
2025-11-16T15:50:59.613Z|NODE|node03|RECV|VOTE|from=node00|H=1|phase=PREVOTE
2025-11-16T15:50:59.613Z|NODE|node03|RECV|VOTE|from=node00|H=1|phase=PREVOTE
2025-11-16T15:50:59.613Z|NODE|node02|RECV|HEADER|from=node00|H=1
2025-11-16T15:50:59.613Z|NODE|node05|RECV|HEADER|from=node00|H=1
2025-11-16T15:50:59.613Z|NODE|node04|RECV|HEADER|from=node00|H=1
2025-11-16T15:50:59.614Z|NODE|node07|RECV|VOTE|from=node00|H=1|phase=PREVOTE
2025-11-16T15:50:59.614Z|NODE|node01|RECV|HEADER|from=node00|H=1
2025-11-16T15:50:59.614Z|NODE|node00|RECV|HEADER|from=node00|H=1
2025-11-16T15:50:59.614Z|NODE|node05|RECV|HEADER|from=node00|H=1
2025-11-16T15:50:59.614Z|NODE|node07|RECV|VOTE|from=node00|H=1|phase=PREVOTE
2025-11-16T15:50:59.614Z|NODE|node00|SENT|PREVOTE|H=1
2025-11-16T15:50:59.614Z|NODE|node00|RECV|HEADER|from=node00|H=1
2025-11-16T15:50:59.615Z|NODE|node00|SENT|PREVOTE|H=1
2025-11-16T15:50:59.619Z|NODE|node05|RECV|VOTE|from=node00|H=1|phase=PREVOTE
2025-11-16T15:50:59.619Z|NODE|node05|RECV|VOTE|from=node00|H=1|phase=PREVOTE
2025-11-16T15:50:59.619Z|NODE|node05|RECV|VOTE|from=node00|H=1|phase=PREVOTE
2025-11-16T15:50:59.619Z|NODE|node03|RECV|HEADER|from=node00|H=1
2025-11-16T15:50:59.619Z|NODE|node06|RECV|HEADER|from=node00|H=1
2025-11-16T15:50:59.620Z|NODE|node01|RECV|VOTE|from=node00|H=1|phase=PREVOTE
2025-11-16T15:50:59.620Z|NODE|node07|RECV|VOTE|from=node00|H=1|phase=PREVOTE
2025-11-16T15:50:59.620Z|NODE|node04|RECV|VOTE|from=node00|H=1|phase=PREVOTE
2025-11-16T15:50:59.620Z|NODE|node04|RECV|VOTE|from=node00|H=1|phase=PREVOTE
2025-11-16T15:50:59.620Z|NODE|node00|RECV|VOTE|from=node00|H=1|phase=PREVOTE
2025-11-16T15:50:59.620Z|NODE|node02|RECV|VOTE|from=node00|H=1|phase=PREVOTE
2025-11-16T15:50:59.620Z|NODE|node00|PROPOSE|H=1
2025-11-16T15:50:59.620Z|NODE|node00|RECV|HEADER|from=node00|H=1
2025-11-16T15:50:59.620Z|NODE|node03|RECV|HEADER|from=node00|H=1
2025-11-16T15:50:59.620Z|NODE|node06|RECV|VOTE|from=node00|H=1|phase=PREVOTE
2025-11-16T15:50:59.620Z|NODE|node02|RECV|HEADER|from=node00|H=1
2025-11-16T15:50:59.620Z|NODE|node00|SENT|PREVOTE|H=1
2025-11-16T15:50:59.621Z|NODE|node00|RECV|VOTE|from=node00|H=1|phase=PREVOTE
2025-11-16T15:50:59.621Z|NODE|node00|RECV|VOTE|from=node00|H=1|phase=PREVOTE
2025-11-16T15:50:59.626Z|NODE|node00|RECV|VOTE|from=node00|H=1|phase=PREVOTE
2025-11-16T15:50:59.626Z|NODE|node06|RECV|HEADER|from=node00|H=1
2025-11-16T15:50:59.626Z|NODE|node03|RECV|HEADER|from=node00|H=1
2025-11-16T15:50:59.626Z|NODE|node02|RECV|VOTE|from=node00|H=1|phase=PREVOTE
2025-11-16T15:50:59.626Z|NODE|node02|RECV|VOTE|from=node00|H=1|phase=PREVOTE
2025-11-16T15:50:59.626Z|NODE|node02|RECV|VOTE|from=node00|H=1|phase=PREVOTE
2025-11-16T15:50:59.626Z|NODE|node05|RECV|VOTE|from=node00|H=1|phase=PREVOTE
2025-11-16T15:50:59.626Z|NODE|node05|RECV|HEADER|from=node00|H=1
2025-11-16T15:50:59.626Z|NODE|node07|RECV|HEADER|from=node00|H=1
2025-11-16T15:50:59.626Z|NODE|node01|RECV|VOTE|from=node00|H=1|phase=PREVOTE
2025-11-16T15:50:59.627Z|NODE|node01|RECV|HEADER|from=node00|H=1
2025-11-16T15:50:59.627Z|NODE|node04|RECV|HEADER|from=node00|H=1
2025-11-16T15:50:59.627Z|NODE|node00|PROPOSE|H=1
2025-11-16T15:50:59.627Z|NODE|node06|RECV|VOTE|from=node00|H=1|phase=PREVOTE
2025-11-16T15:50:59.627Z|NODE|node03|RECV|VOTE|from=node00|H=1|phase=PREVOTE
2025-11-16T15:50:59.627Z|NODE|node07|RECV|HEADER|from=node00|H=1
2025-11-16T15:50:59.627Z|NODE|node01|RECV|VOTE|from=node00|H=1|phase=PREVOTE
2025-11-16T15:50:59.627Z|NODE|node06|RECV|VOTE|from=node00|H=1|phase=PREVOTE
2025-11-16T15:50:59.627Z|NODE|node06|RECV|HEADER|from=node00|H=1
2025-11-16T15:50:59.627Z|NODE|node03|RECV|VOTE|from=node00|H=1|phase=PREVOTE
2025-11-16T15:50:59.627Z|NODE|node03|RECV|VOTE|from=node00|H=1|phase=PREVOTE
2025-11-16T15:50:59.627Z|NODE|node06|RECV|VOTE|from=node00|H=1|phase=PREVOTE
2025-11-16T15:50:59.632Z|NODE|node03|RECV|VOTE|from=node00|H=1|phase=PREVOTE
2025-11-16T15:50:59.632Z|NODE|node03|RECV|HEADER|from=node00|H=1
2025-11-16T15:50:59.632Z|NODE|node01|RECV|VOTE|from=node00|H=1|phase=PREVOTE
2025-11-16T15:50:59.632Z|NODE|node01|RECV|VOTE|from=node00|H=1|phase=PREVOTE
2025-11-16T15:50:59.632Z|NODE|node07|RECV|VOTE|from=node00|H=1|phase=PREVOTE
2025-11-16T15:50:59.632Z|NODE|node07|RECV|VOTE|from=node00|H=1|phase=PREVOTE
2025-11-16T15:50:59.633Z|NODE|node07|RECV|HEADER|from=node00|H=1
2025-11-16T15:50:59.633Z|NODE|node04|RECV|HEADER|from=node00|H=1
2025-11-16T15:50:59.633Z|NODE|node05|RECV|HEADER|from=node00|H=1
2025-11-16T15:50:59.633Z|NODE|node06|RECV|HEADER|from=node00|H=1
2025-11-16T15:50:59.633Z|NODE|node02|RECV|HEADER|from=node00|H=1
2025-11-16T15:50:59.633Z|NODE|node00|RECV|HEADER|from=node00|H=1
2025-11-16T15:50:59.633Z|NODE|node00|PROPOSE|H=1
2025-11-16T15:50:59.633Z|NODE|node03|RECV|HEADER|from=node00|H=1
2025-11-16T15:50:59.633Z|NODE|node04|RECV|VOTE|from=node00|H=1|phase=PREVOTE
2025-11-16T15:50:59.633Z|NODE|node04|RECV|VOTE|from=node00|H=1|phase=PREVOTE
2025-11-16T15:50:59.634Z|NODE|node06|RECV|VOTE|from=node00|H=1|phase=PREVOTE
2025-11-16T15:50:59.634Z|NODE|node02|RECV|HEADER|from=node00|H=1
2025-11-16T15:50:59.634Z|NODE|node00|SENT|PREVOTE|H=1
2025-11-16T15:50:59.634Z|NODE|node00|RECV|HEADER|from=node00|H=1
2025-11-16T15:50:59.634Z|NODE|node00|SENT|PREVOTE|H=1
2025-11-16T15:50:59.639Z|NODE|node00|RECV|VOTE|from=node00|H=1|phase=PREVOTE
2025-11-16T15:50:59.639Z|NODE|node03|RECV|VOTE|from=node00|H=1|phase=PREVOTE
2025-11-16T15:50:59.639Z|NODE|node07|RECV|HEADER|from=node00|H=1
2025-11-16T15:50:59.639Z|NODE|node05|RECV|HEADER|from=node00|H=1
2025-11-16T15:50:59.639Z|NODE|node01|RECV|HEADER|from=node00|H=1
2025-11-16T15:50:59.639Z|NODE|node04|RECV|VOTE|from=node00|H=1|phase=PREVOTE
2025-11-16T15:50:59.639Z|NODE|node02|RECV|VOTE|from=node00|H=1|phase=PREVOTE
2025-11-16T15:50:59.639Z|NODE|node00|PROPOSE|H=1
2025-11-16T15:50:59.639Z|NODE|node07|RECV|VOTE|from=node00|H=1|phase=PREVOTE
2025-11-16T15:50:59.639Z|NODE|node05|RECV|VOTE|from=node00|H=1|phase=PREVOTE
2025-11-16T15:50:59.639Z|NODE|node01|RECV|HEADER|from=node00|H=1
2025-11-16T15:50:59.639Z|NODE|node00|RECV|HEADER|from=node00|H=1
2025-11-16T15:50:59.640Z|NODE|node01|RECV|HEADER|from=node00|H=1
2025-11-16T15:50:59.640Z|NODE|node00|SENT|PREVOTE|H=1
2025-11-16T15:50:59.640Z|NODE|node01|RECV|VOTE|from=node00|H=1|phase=PREVOTE
2025-11-16T15:50:59.644Z|NODE|node04|RECV|HEADER|from=node00|H=1
2025-11-16T15:50:59.644Z|NODE|node05|RECV|HEADER|from=node00|H=1
2025-11-16T15:50:59.644Z|NODE|node00|RECV|VOTE|from=node00|H=1|phase=PREVOTE
2025-11-16T15:50:59.645Z|NODE|node01|RECV|VOTE|from=node00|H=1|phase=PREVOTE
2025-11-16T15:50:59.645Z|NODE|node01|RECV|VOTE|from=node00|H=1|phase=PREVOTE
2025-11-16T15:50:59.645Z|NODE|node06|RECV|HEADER|from=node00|H=1
2025-11-16T15:50:59.645Z|NODE|node02|RECV|VOTE|from=node00|H=1|phase=PREVOTE
2025-11-16T15:50:59.645Z|NODE|node00|PROPOSE|H=1
2025-11-16T15:50:59.646Z|NODE|node04|RECV|VOTE|from=node00|H=1|phase=PREVOTE
2025-11-16T15:50:59.646Z|NODE|node05|RECV|VOTE|from=node00|H=1|phase=PREVOTE
2025-11-16T15:50:59.646Z|NODE|node05|RECV|VOTE|from=node00|H=1|phase=PREVOTE
2025-11-16T15:50:59.646Z|NODE|node06|RECV|VOTE|from=node00|H=1|phase=PREVOTE
2025-11-16T15:50:59.646Z|NODE|node06|RECV|HEADER|from=node00|H=1
2025-11-16T15:50:59.651Z|NODE|node04|RECV|HEADER|from=node00|H=1
2025-11-16T15:50:59.651Z|NODE|node03|RECV|HEADER|from=node00|H=1
2025-11-16T15:50:59.651Z|NODE|node06|RECV|HEADER|from=node00|H=1
2025-11-16T15:50:59.652Z|NODE|node02|RECV|HEADER|from=node00|H=1
2025-11-16T15:50:59.652Z|NODE|node05|RECV|VOTE|from=node00|H=1|phase=PREVOTE
2025-11-16T15:50:59.652Z|NODE|node05|RECV|HEADER|from=node00|H=1
2025-11-16T15:50:59.652Z|NODE|node00|RECV|VOTE|from=node00|H=1|phase=PREVOTE
2025-11-16T15:50:59.653Z|NODE|node07|RECV|VOTE|from=node00|H=1|phase=PREVOTE
2025-11-16T15:50:59.653Z|NODE|node00|PROPOSE|H=1
2025-11-16T15:50:59.653Z|NODE|node04|RECV|VOTE|from=node00|H=1|phase=PREVOTE
2025-11-16T15:50:59.653Z|NODE|node03|RECV|VOTE|from=node00|H=1|phase=PREVOTE
2025-11-16T15:50:59.653Z|NODE|node06|RECV|VOTE|from=node00|H=1|phase=PREVOTE
2025-11-16T15:50:59.653Z|NODE|node02|RECV|VOTE|from=node00|H=1|phase=PREVOTE
2025-11-16T15:50:59.653Z|NODE|node07|RECV|VOTE|from=node00|H=1|phase=PREVOTE
2025-11-16T15:50:59.653Z|NODE|node00|RECV|HEADER|from=node00|H=1
2025-11-16T15:50:59.653Z|NODE|node03|RECV|HEADER|from=node00|H=1
2025-11-16T15:50:59.653Z|NODE|node06|RECV|VOTE|from=node00|H=1|phase=PREVOTE
2025-11-16T15:50:59.653Z|NODE|node06|RECV|HEADER|from=node00|H=1
2025-11-16T15:50:59.654Z|NODE|node00|SENT|PREVOTE|H=1
2025-11-16T15:50:59.654Z|NODE|node00|RECV|HEADER|from=node00|H=1
2025-11-16T15:50:59.654Z|NODE|node00|SENT|PREVOTE|H=1
2025-11-16T15:50:59.658Z|NODE|node02|RECV|HEADER|from=node00|H=1
2025-11-16T15:50:59.658Z|NODE|node04|RECV|HEADER|from=node00|H=1
2025-11-16T15:50:59.658Z|NODE|node01|RECV|HEADER|from=node00|H=1
2025-11-16T15:50:59.658Z|NODE|node07|RECV|HEADER|from=node00|H=1
2025-11-16T15:50:59.659Z|NODE|node03|RECV|HEADER|from=node00|H=1
2025-11-16T15:50:59.659Z|NODE|node07|RECV|HEADER|from=node00|H=1
2025-11-16T15:50:59.659Z|NODE|node00|RECV|VOTE|from=node00|H=1|phase=PREVOTE
2025-11-16T15:50:59.659Z|NODE|node05|RECV|HEADER|from=node00|H=1
2025-11-16T15:50:59.659Z|NODE|node06|RECV|VOTE|from=node00|H=1|phase=PREVOTE
2025-11-16T15:50:59.660Z|NODE|node00|PROPOSE|H=1
2025-11-16T15:50:59.660Z|NODE|node02|RECV|VOTE|from=node00|H=1|phase=PREVOTE
2025-11-16T15:50:59.660Z|NODE|node04|RECV|VOTE|from=node00|H=1|phase=PREVOTE
2025-11-16T15:50:59.660Z|NODE|node01|RECV|HEADER|from=node00|H=1
2025-11-16T15:50:59.660Z|NODE|node03|RECV|VOTE|from=node00|H=1|phase=PREVOTE
2025-11-16T15:50:59.660Z|NODE|node03|RECV|VOTE|from=node00|H=1|phase=PREVOTE
2025-11-16T15:50:59.660Z|NODE|node07|RECV|HEADER|from=node00|H=1
2025-11-16T15:50:59.660Z|NODE|node05|RECV|HEADER|from=node00|H=1
2025-11-16T15:50:59.660Z|NODE|node07|RECV|VOTE|from=node00|H=1|phase=PREVOTE
2025-11-16T15:50:59.661Z|NODE|node00|RECV|HEADER|from=node00|H=1
2025-11-16T15:50:59.661Z|NODE|node02|RECV|HEADER|from=node00|H=1
2025-11-16T15:50:59.661Z|NODE|node04|RECV|HEADER|from=node00|H=1
2025-11-16T15:50:59.661Z|NODE|node01|RECV|HEADER|from=node00|H=1
2025-11-16T15:50:59.661Z|NODE|node05|RECV|VOTE|from=node00|H=1|phase=PREVOTE
2025-11-16T15:50:59.661Z|NODE|node07|RECV|VOTE|from=node00|H=1|phase=PREVOTE
2025-11-16T15:50:59.661Z|NODE|node00|SENT|PREVOTE|H=1
2025-11-16T15:50:59.661Z|NODE|node02|RECV|VOTE|from=node00|H=1|phase=PREVOTE
2025-11-16T15:50:59.662Z|NODE|node04|RECV|VOTE|from=node00|H=1|phase=PREVOTE
2025-11-16T15:50:59.662Z|NODE|node04|RECV|VOTE|from=node00|H=1|phase=PREVOTE
2025-11-16T15:50:59.665Z|NODE|node03|RECV|HEADER|from=node00|H=1
2025-11-16T15:50:59.665Z|NODE|node06|RECV|HEADER|from=node00|H=1
2025-11-16T15:50:59.665Z|NODE|node04|RECV|HEADER|from=node00|H=1
2025-11-16T15:50:59.665Z|NODE|node01|RECV|VOTE|from=node00|H=1|phase=PREVOTE
2025-11-16T15:50:59.666Z|NODE|node01|RECV|HEADER|from=node00|H=1
2025-11-16T15:50:59.666Z|NODE|node07|RECV|VOTE|from=node00|H=1|phase=PREVOTE
2025-11-16T15:50:59.666Z|NODE|node02|RECV|HEADER|from=node00|H=1
2025-11-16T15:50:59.666Z|NODE|node05|RECV|VOTE|from=node00|H=1|phase=PREVOTE
2025-11-16T15:50:59.667Z|NODE|node00|RECV|HEADER|from=node00|H=1
2025-11-16T15:50:59.667Z|NODE|node00|PROPOSE|H=1
2025-11-16T15:50:59.667Z|NODE|node03|RECV|VOTE|from=node00|H=1|phase=PREVOTE
2025-11-16T15:50:59.667Z|NODE|node03|RECV|HEADER|from=node00|H=1
2025-11-16T15:50:59.667Z|NODE|node06|RECV|VOTE|from=node00|H=1|phase=PREVOTE
2025-11-16T15:50:59.667Z|NODE|node04|RECV|VOTE|from=node00|H=1|phase=PREVOTE
2025-11-16T15:50:59.667Z|NODE|node01|RECV|VOTE|from=node00|H=1|phase=PREVOTE
2025-11-16T15:50:59.667Z|NODE|node02|RECV|VOTE|from=node00|H=1|phase=PREVOTE
2025-11-16T15:50:59.667Z|NODE|node02|RECV|HEADER|from=node00|H=1
2025-11-16T15:50:59.667Z|NODE|node00|SENT|PREVOTE|H=1
2025-11-16T15:50:59.672Z|NODE|node00|RECV|VOTE|from=node00|H=1|phase=PREVOTE
2025-11-16T15:50:59.672Z|NODE|node04|RECV|HEADER|from=node00|H=1
2025-11-16T15:50:59.672Z|NODE|node01|RECV|VOTE|from=node00|H=1|phase=PREVOTE
2025-11-16T15:50:59.672Z|NODE|node01|RECV|VOTE|from=node00|H=1|phase=PREVOTE
2025-11-16T15:50:59.672Z|NODE|node05|RECV|HEADER|from=node00|H=1
2025-11-16T15:50:59.672Z|NODE|node07|RECV|HEADER|from=node00|H=1
2025-11-16T15:50:59.673Z|NODE|node06|RECV|HEADER|from=node00|H=1
2025-11-16T15:50:59.673Z|NODE|node03|RECV|VOTE|from=node00|H=1|phase=PREVOTE
2025-11-16T15:50:59.673Z|NODE|node03|RECV|HEADER|from=node00|H=1
2025-11-16T15:50:59.673Z|NODE|node00|PROPOSE|H=1
2025-11-16T15:50:59.673Z|NODE|node07|RECV|VOTE|from=node00|H=1|phase=PREVOTE
2025-11-16T15:50:59.673Z|NODE|node05|RECV|VOTE|from=node00|H=1|phase=PREVOTE
2025-11-16T15:50:59.673Z|NODE|node00|RECV|VOTE|from=node00|H=1|phase=PREVOTE
2025-11-16T15:50:59.673Z|NODE|node00|RECV|VOTE|from=node00|H=1|phase=PREVOTE
2025-11-16T15:50:59.678Z|NODE|node02|RECV|VOTE|from=node00|H=1|phase=PREVOTE
2025-11-16T15:50:59.678Z|NODE|node02|RECV|HEADER|from=node00|H=1
2025-11-16T15:50:59.678Z|NODE|node06|RECV|HEADER|from=node00|H=1
2025-11-16T15:50:59.678Z|NODE|node04|RECV|VOTE|from=node00|H=1|phase=PREVOTE
2025-11-16T15:50:59.678Z|NODE|node01|RECV|HEADER|from=node00|H=1
2025-11-16T15:50:59.679Z|NODE|node00|RECV|VOTE|from=node00|H=1|phase=PREVOTE
2025-11-16T15:50:59.679Z|NODE|node07|RECV|HEADER|from=node00|H=1
2025-11-16T15:50:59.679Z|NODE|node03|RECV|VOTE|from=node00|H=1|phase=PREVOTE
2025-11-16T15:50:59.679Z|NODE|node00|PROPOSE|H=1
2025-11-16T15:50:59.679Z|NODE|node06|RECV|VOTE|from=node00|H=1|phase=PREVOTE
2025-11-16T15:50:59.679Z|NODE|node06|RECV|VOTE|from=node00|H=1|phase=PREVOTE
2025-11-16T15:50:59.679Z|NODE|node06|RECV|HEADER|from=node00|H=1
2025-11-16T15:50:59.684Z|NODE|node05|RECV|HEADER|from=node00|H=1
2025-11-16T15:50:59.685Z|NODE|node02|RECV|VOTE|from=node00|H=1|phase=PREVOTE
2025-11-16T15:50:59.685Z|NODE|node01|RECV|HEADER|from=node00|H=1
2025-11-16T15:50:59.685Z|NODE|node04|RECV|HEADER|from=node00|H=1
2025-11-16T15:50:59.685Z|NODE|node00|RECV|HEADER|from=node00|H=1
2025-11-16T15:50:59.685Z|NODE|node07|RECV|HEADER|from=node00|H=1
2025-11-16T15:50:59.685Z|NODE|node00|PROPOSE|H=1
2025-11-16T15:50:59.686Z|NODE|node05|RECV|VOTE|from=node00|H=1|phase=PREVOTE
2025-11-16T15:50:59.686Z|NODE|node05|RECV|HEADER|from=node00|H=1
2025-11-16T15:50:59.686Z|NODE|node02|RECV|HEADER|from=node00|H=1
2025-11-16T15:50:59.686Z|NODE|node00|SENT|PREVOTE|H=1
2025-11-16T15:50:59.687Z|NODE|node05|RECV|HEADER|from=node00|H=1
2025-11-16T15:50:59.687Z|NODE|node00|RECV|HEADER|from=node00|H=1
2025-11-16T15:50:59.687Z|NODE|node00|SENT|PREVOTE|H=1
2025-11-16T15:50:59.692Z|NODE|node07|RECV|HEADER|from=node00|H=1
2025-11-16T15:50:59.692Z|NODE|node04|RECV|HEADER|from=node00|H=1
2025-11-16T15:50:59.692Z|NODE|node05|RECV|HEADER|from=node00|H=1
2025-11-16T15:50:59.692Z|NODE|node04|RECV|HEADER|from=node00|H=1
2025-11-16T15:50:59.692Z|NODE|node03|RECV|HEADER|from=node00|H=1
2025-11-16T15:50:59.692Z|NODE|node06|RECV|HEADER|from=node00|H=1
2025-11-16T15:50:59.693Z|NODE|node02|RECV|HEADER|from=node00|H=1
2025-11-16T15:50:59.693Z|NODE|node00|RECV|HEADER|from=node00|H=1
2025-11-16T15:50:59.693Z|NODE|node01|RECV|HEADER|from=node00|H=1
2025-11-16T15:50:59.693Z|NODE|node00|PROPOSE|H=1
2025-11-16T15:50:59.693Z|NODE|node07|RECV|HEADER|from=node00|H=1
2025-11-16T15:50:59.693Z|NODE|node03|RECV|HEADER|from=node00|H=1
2025-11-16T15:50:59.694Z|NODE|node04|RECV|HEADER|from=node00|H=1
2025-11-16T15:50:59.694Z|NODE|node06|RECV|HEADER|from=node00|H=1
2025-11-16T15:50:59.694Z|NODE|node02|RECV|HEADER|from=node00|H=1
2025-11-16T15:50:59.694Z|NODE|node00|SENT|PREVOTE|H=1
2025-11-16T15:50:59.694Z|NODE|node03|RECV|HEADER|from=node00|H=1
2025-11-16T15:50:59.695Z|NODE|node03|RECV|VOTE|from=node00|H=1|phase=PREVOTE
2025-11-16T15:50:59.699Z|NODE|node04|RECV|VOTE|from=node00|H=1|phase=PREVOTE
2025-11-16T15:50:59.699Z|NODE|node00|RECV|HEADER|from=node00|H=1
2025-11-16T15:50:59.699Z|NODE|node01|RECV|HEADER|from=node00|H=1
2025-11-16T15:50:59.700Z|NODE|node02|RECV|VOTE|from=node00|H=1|phase=PREVOTE
2025-11-16T15:50:59.700Z|NODE|node02|RECV|VOTE|from=node00|H=1|phase=PREVOTE
2025-11-16T15:50:59.700Z|NODE|node01|RECV|VOTE|from=node00|H=1|phase=PREVOTE
2025-11-16T15:50:59.700Z|NODE|node01|RECV|VOTE|from=node00|H=1|phase=PREVOTE
2025-11-16T15:50:59.700Z|NODE|node06|RECV|VOTE|from=node00|H=1|phase=PREVOTE
2025-11-16T15:50:59.700Z|NODE|node03|RECV|VOTE|from=node00|H=1|phase=PREVOTE
2025-11-16T15:50:59.700Z|NODE|node00|PROPOSE|H=1
2025-11-16T15:50:59.700Z|NODE|node00|SENT|PREVOTE|H=1
2025-11-16T15:50:59.700Z|NODE|node07|RECV|VOTE|from=node00|H=1|phase=PREVOTE
2025-11-16T15:50:59.700Z|NODE|node01|RECV|HEADER|from=node00|H=1
2025-11-16T15:50:59.700Z|NODE|node00|RECV|VOTE|from=node00|H=1|phase=PREVOTE
2025-11-16T15:50:59.700Z|NODE|node00|RECV|HEADER|from=node00|H=1
2025-11-16T15:50:59.701Z|NODE|node07|RECV|VOTE|from=node00|H=1|phase=PREVOTE
2025-11-16T15:50:59.701Z|NODE|node00|SENT|PREVOTE|H=1
2025-11-16T15:50:59.701Z|NODE|node00|RECV|VOTE|from=node00|H=1|phase=PREVOTE
2025-11-16T15:50:59.701Z|NODE|node01|RECV|VOTE|from=node00|H=1|phase=PREVOTE
2025-11-16T15:50:59.701Z|NODE|node07|RECV|HEADER|from=node00|H=1
2025-11-16T15:50:59.706Z|NODE|node04|RECV|VOTE|from=node00|H=1|phase=PREVOTE
2025-11-16T15:50:59.706Z|NODE|node04|RECV|HEADER|from=node00|H=1
2025-11-16T15:50:59.706Z|NODE|node05|RECV|VOTE|from=node00|H=1|phase=PREVOTE
2025-11-16T15:50:59.707Z|NODE|node05|RECV|VOTE|from=node00|H=1|phase=PREVOTE
2025-11-16T15:50:59.707Z|NODE|node05|RECV|HEADER|from=node00|H=1
2025-11-16T15:50:59.707Z|NODE|node00|RECV|VOTE|from=node00|H=1|phase=PREVOTE
2025-11-16T15:50:59.707Z|NODE|node06|RECV|VOTE|from=node00|H=1|phase=PREVOTE
2025-11-16T15:50:59.707Z|NODE|node06|RECV|HEADER|from=node00|H=1
2025-11-16T15:50:59.707Z|NODE|node02|RECV|VOTE|from=node00|H=1|phase=PREVOTE
2025-11-16T15:50:59.707Z|NODE|node03|RECV|HEADER|from=node00|H=1
2025-11-16T15:50:59.707Z|NODE|node00|PROPOSE|H=1
2025-11-16T15:50:59.707Z|NODE|node04|RECV|VOTE|from=node00|H=1|phase=PREVOTE
2025-11-16T15:50:59.707Z|NODE|node04|RECV|HEADER|from=node00|H=1
2025-11-16T15:50:59.708Z|NODE|node02|RECV|HEADER|from=node00|H=1
2025-11-16T15:50:59.708Z|NODE|node00|RECV|VOTE|from=node00|H=1|phase=PREVOTE
2025-11-16T15:50:59.708Z|NODE|node04|RECV|VOTE|from=node00|H=1|phase=PREVOTE
2025-11-16T15:50:59.713Z|NODE|node03|RECV|VOTE|from=node00|H=1|phase=PREVOTE
2025-11-16T15:50:59.713Z|NODE|node03|RECV|HEADER|from=node00|H=1
2025-11-16T15:50:59.713Z|NODE|node00|RECV|HEADER|from=node00|H=1
2025-11-16T15:50:59.713Z|NODE|node07|RECV|VOTE|from=node00|H=1|phase=PREVOTE
2025-11-16T15:50:59.713Z|NODE|node07|RECV|HEADER|from=node00|H=1
2025-11-16T15:50:59.714Z|NODE|node06|RECV|HEADER|from=node00|H=1
2025-11-16T15:50:59.714Z|NODE|node02|RECV|HEADER|from=node00|H=1
2025-11-16T15:50:59.714Z|NODE|node05|RECV|VOTE|from=node00|H=1|phase=PREVOTE
2025-11-16T15:50:59.715Z|NODE|node01|RECV|HEADER|from=node00|H=1
2025-11-16T15:50:59.715Z|NODE|node00|PROPOSE|H=1
2025-11-16T15:50:59.715Z|NODE|node03|RECV|HEADER|from=node00|H=1
2025-11-16T15:50:59.715Z|NODE|node00|SENT|PREVOTE|H=1
2025-11-16T15:50:59.715Z|NODE|node06|RECV|VOTE|from=node00|H=1|phase=PREVOTE
2025-11-16T15:50:59.715Z|NODE|node06|RECV|VOTE|from=node00|H=1|phase=PREVOTE
2025-11-16T15:50:59.715Z|NODE|node05|RECV|HEADER|from=node00|H=1
2025-11-16T15:50:59.715Z|NODE|node00|RECV|HEADER|from=node00|H=1
2025-11-16T15:50:59.715Z|NODE|node05|RECV|VOTE|from=node00|H=1|phase=PREVOTE
2025-11-16T15:50:59.715Z|NODE|node05|RECV|HEADER|from=node00|H=1
2025-11-16T15:50:59.715Z|NODE|node00|SENT|PREVOTE|H=1
2025-11-16T15:50:59.720Z|NODE|node02|RECV|VOTE|from=node00|H=1|phase=PREVOTE
2025-11-16T15:50:59.720Z|NODE|node02|RECV|VOTE|from=node00|H=1|phase=PREVOTE
2025-11-16T15:50:59.720Z|NODE|node02|RECV|HEADER|from=node00|H=1
2025-11-16T15:50:59.721Z|NODE|node07|RECV|HEADER|from=node00|H=1
2025-11-16T15:50:59.721Z|NODE|node01|RECV|HEADER|from=node00|H=1
2025-11-16T15:50:59.721Z|NODE|node07|RECV|VOTE|from=node00|H=1|phase=PREVOTE
2025-11-16T15:50:59.721Z|NODE|node06|RECV|VOTE|from=node00|H=1|phase=PREVOTE
2025-11-16T15:50:59.721Z|NODE|node00|RECV|VOTE|from=node00|H=1|phase=PREVOTE
2025-11-16T15:50:59.722Z|NODE|node03|RECV|VOTE|from=node00|H=1|phase=PREVOTE
2025-11-16T15:50:59.722Z|NODE|node03|RECV|VOTE|from=node00|H=1|phase=PREVOTE
2025-11-16T15:50:59.722Z|NODE|node00|PROPOSE|H=1
2025-11-16T15:50:59.722Z|NODE|node04|RECV|VOTE|from=node00|H=1|phase=PREVOTE
2025-11-16T15:50:59.722Z|NODE|node05|RECV|VOTE|from=node00|H=1|phase=PREVOTE
2025-11-16T15:50:59.722Z|NODE|node02|RECV|VOTE|from=node00|H=1|phase=PREVOTE
2025-11-16T15:50:59.722Z|NODE|node01|RECV|VOTE|from=node00|H=1|phase=PREVOTE
2025-11-16T15:50:59.722Z|NODE|node07|RECV|VOTE|from=node00|H=1|phase=PREVOTE
2025-11-16T15:50:59.722Z|NODE|node06|RECV|HEADER|from=node00|H=1
2025-11-16T15:50:59.722Z|NODE|node03|RECV|VOTE|from=node00|H=1|phase=PREVOTE
2025-11-16T15:50:59.722Z|NODE|node01|RECV|VOTE|from=node00|H=1|phase=PREVOTE
2025-11-16T15:50:59.723Z|NODE|node07|RECV|HEADER|from=node00|H=1
2025-11-16T15:50:59.723Z|NODE|node06|RECV|VOTE|from=node00|H=1|phase=PREVOTE
2025-11-16T15:50:59.723Z|NODE|node01|RECV|HEADER|from=node00|H=1
2025-11-16T15:50:59.723Z|NODE|node07|RECV|VOTE|from=node00|H=1|phase=PREVOTE
2025-11-16T15:50:59.727Z|NODE|node03|RECV|HEADER|from=node00|H=1
2025-11-16T15:50:59.727Z|NODE|node02|RECV|HEADER|from=node00|H=1
2025-11-16T15:50:59.727Z|NODE|node04|RECV|HEADER|from=node00|H=1
2025-11-16T15:50:59.728Z|NODE|node05|RECV|VOTE|from=node00|H=1|phase=PREVOTE
2025-11-16T15:50:59.728Z|NODE|node06|RECV|HEADER|from=node00|H=1
2025-11-16T15:50:59.728Z|NODE|node00|RECV|VOTE|from=node00|H=1|phase=PREVOTE
2025-11-16T15:50:59.728Z|NODE|node01|RECV|VOTE|from=node00|H=1|phase=PREVOTE
2025-11-16T15:50:59.728Z|NODE|node00|PROPOSE|H=1
2025-11-16T15:50:59.728Z|NODE|node00|RECV|VOTE|from=node00|H=1|phase=PREVOTE
2025-11-16T15:50:59.729Z|NODE|node03|RECV|VOTE|from=node00|H=1|phase=PREVOTE
2025-11-16T15:50:59.729Z|NODE|node02|RECV|VOTE|from=node00|H=1|phase=PREVOTE
2025-11-16T15:50:59.729Z|NODE|node04|RECV|HEADER|from=node00|H=1
2025-11-16T15:50:59.729Z|NODE|node06|RECV|VOTE|from=node00|H=1|phase=PREVOTE
2025-11-16T15:50:59.729Z|NODE|node06|RECV|HEADER|from=node00|H=1
2025-11-16T15:50:59.729Z|NODE|node01|RECV|HEADER|from=node00|H=1
2025-11-16T15:50:59.730Z|NODE|node03|RECV|HEADER|from=node00|H=1
2025-11-16T15:50:59.734Z|NODE|node01|RECV|VOTE|from=node00|H=1|phase=PREVOTE
2025-11-16T15:50:59.734Z|NODE|node01|RECV|HEADER|from=node00|H=1
2025-11-16T15:50:59.734Z|NODE|node07|RECV|VOTE|from=node00|H=1|phase=PREVOTE
2025-11-16T15:50:59.734Z|NODE|node07|RECV|HEADER|from=node00|H=1
2025-11-16T15:50:59.734Z|NODE|node04|RECV|VOTE|from=node00|H=1|phase=PREVOTE
2025-11-16T15:50:59.735Z|NODE|node04|RECV|VOTE|from=node00|H=1|phase=PREVOTE
2025-11-16T15:50:59.735Z|NODE|node02|RECV|HEADER|from=node00|H=1
2025-11-16T15:50:59.735Z|NODE|node00|RECV|HEADER|from=node00|H=1
2025-11-16T15:50:59.735Z|NODE|node05|RECV|HEADER|from=node00|H=1
2025-11-16T15:50:59.735Z|NODE|node03|RECV|HEADER|from=node00|H=1
2025-11-16T15:50:59.736Z|NODE|node00|PROPOSE|H=1
2025-11-16T15:50:59.736Z|NODE|node00|SENT|PREVOTE|H=1
2025-11-16T15:50:59.736Z|NODE|node00|RECV|HEADER|from=node00|H=1
2025-11-16T15:50:59.736Z|NODE|node05|RECV|VOTE|from=node00|H=1|phase=PREVOTE
2025-11-16T15:50:59.736Z|NODE|node05|RECV|HEADER|from=node00|H=1
2025-11-16T15:50:59.736Z|NODE|node00|SENT|PREVOTE|H=1
2025-11-16T15:50:59.736Z|NODE|node00|RECV|HEADER|from=node00|H=1
2025-11-16T15:50:59.736Z|NODE|node00|SENT|PREVOTE|H=1
2025-11-16T15:50:59.743Z|NODE|node00|PROPOSE|H=1
2025-11-16T15:50:59.746Z|NODE|node01|RECV|VOTE|from=node00|H=1|phase=PREVOTE
2025-11-16T15:50:59.751Z|NODE|node06|RECV|VOTE|from=node00|H=1|phase=PREVOTE
2025-11-16T15:50:59.753Z|NODE|node06|RECV|HEADER|from=node00|H=1
2025-11-16T15:50:59.757Z|NODE|node02|RECV|HEADER|from=node00|H=1
2025-11-16T15:50:59.759Z|NODE|node03|RECV|VOTE|from=node00|H=1|phase=PREVOTE
2025-11-16T15:50:59.760Z|NODE|node05|RECV|HEADER|from=node00|H=1
2025-11-16T15:50:59.763Z|NODE|node04|RECV|HEADER|from=node00|H=1
2025-11-16T15:50:59.764Z|NODE|node07|RECV|HEADER|from=node00|H=1
2025-11-16T15:50:59.764Z|NODE|node00|PROPOSE|H=1
2025-11-16T15:50:59.764Z|NODE|node01|RECV|HEADER|from=node00|H=1
2025-11-16T15:50:59.764Z|NODE|node00|RECV|HEADER|from=node00|H=1
2025-11-16T15:50:59.764Z|NODE|node06|RECV|VOTE|from=node00|H=1|phase=PREVOTE
2025-11-16T15:50:59.764Z|NODE|node02|RECV|VOTE|from=node00|H=1|phase=PREVOTE
2025-11-16T15:50:59.764Z|NODE|node03|RECV|VOTE|from=node00|H=1|phase=PREVOTE
2025-11-16T15:50:59.764Z|NODE|node05|RECV|HEADER|from=node00|H=1
2025-11-16T15:50:59.765Z|NODE|node04|RECV|HEADER|from=node00|H=1
2025-11-16T15:50:59.765Z|NODE|node07|RECV|VOTE|from=node00|H=1|phase=PREVOTE
2025-11-16T15:50:59.765Z|NODE|node07|RECV|HEADER|from=node00|H=1
2025-11-16T15:50:59.765Z|NODE|node01|RECV|HEADER|from=node00|H=1
2025-11-16T15:50:59.765Z|NODE|node00|SENT|PREVOTE|H=1
2025-11-16T15:50:59.765Z|NODE|node00|RECV|VOTE|from=node00|H=1|phase=PREVOTE
2025-11-16T15:50:59.765Z|NODE|node06|RECV|VOTE|from=node00|H=1|phase=PREVOTE
2025-11-16T15:50:59.765Z|NODE|node02|RECV|VOTE|from=node00|H=1|phase=PREVOTE
2025-11-16T15:50:59.765Z|NODE|node03|RECV|VOTE|from=node00|H=1|phase=PREVOTE
2025-11-16T15:50:59.765Z|NODE|node05|RECV|VOTE|from=node00|H=1|phase=PREVOTE
2025-11-16T15:50:59.766Z|NODE|node05|RECV|VOTE|from=node00|H=1|phase=PREVOTE
2025-11-16T15:50:59.766Z|NODE|node04|RECV|VOTE|from=node00|H=1|phase=PREVOTE
2025-11-16T15:50:59.766Z|NODE|node00|RECV|VOTE|from=node00|H=1|phase=PREVOTE
2025-11-16T15:50:59.766Z|NODE|node02|RECV|HEADER|from=node00|H=1
2025-11-16T15:50:59.766Z|NODE|node05|RECV|VOTE|from=node00|H=1|phase=PREVOTE
2025-11-16T15:50:59.766Z|NODE|node02|RECV|VOTE|from=node00|H=1|phase=PREVOTE
2025-11-16T15:50:59.766Z|NODE|node04|RECV|HEADER|from=node00|H=1
2025-11-16T15:50:59.766Z|NODE|node05|RECV|HEADER|from=node00|H=1
2025-11-16T15:50:59.766Z|NODE|node04|RECV|VOTE|from=node00|H=1|phase=PREVOTE
2025-11-16T15:50:59.766Z|NODE|node04|RECV|VOTE|from=node00|H=1|phase=PREVOTE
2025-11-16T15:50:59.769Z|NODE|node01|RECV|VOTE|from=node00|H=1|phase=PREVOTE
2025-11-16T15:50:59.769Z|NODE|node01|RECV|VOTE|from=node00|H=1|phase=PREVOTE
2025-11-16T15:50:59.769Z|NODE|node04|RECV|HEADER|from=node00|H=1
2025-11-16T15:50:59.769Z|NODE|node03|RECV|HEADER|from=node00|H=1
2025-11-16T15:50:59.769Z|NODE|node07|RECV|VOTE|from=node00|H=1|phase=PREVOTE
2025-11-16T15:50:59.769Z|NODE|node07|RECV|VOTE|from=node00|H=1|phase=PREVOTE
2025-11-16T15:50:59.769Z|NODE|node07|RECV|HEADER|from=node00|H=1
2025-11-16T15:50:59.769Z|NODE|node03|RECV|HEADER|from=node00|H=1
2025-11-16T15:50:59.769Z|NODE|node00|RECV|VOTE|from=node00|H=1|phase=PREVOTE
2025-11-16T15:50:59.769Z|NODE|node02|RECV|VOTE|from=node00|H=1|phase=PREVOTE
2025-11-16T15:50:59.770Z|NODE|node00|PROPOSE|H=1
2025-11-16T15:50:59.770Z|NODE|node04|RECV|HEADER|from=node00|H=1
2025-11-16T15:50:59.770Z|NODE|node04|RECV|VOTE|from=node00|H=1|phase=PREVOTE
2025-11-16T15:50:59.770Z|NODE|node06|RECV|HEADER|from=node00|H=1
2025-11-16T15:50:59.770Z|NODE|node07|RECV|VOTE|from=node00|H=1|phase=PREVOTE
2025-11-16T15:50:59.770Z|NODE|node06|RECV|HEADER|from=node00|H=1
2025-11-16T15:50:59.775Z|NODE|node01|RECV|HEADER|from=node00|H=1
2025-11-16T15:50:59.775Z|NODE|node02|RECV|HEADER|from=node00|H=1
2025-11-16T15:50:59.776Z|NODE|node06|RECV|VOTE|from=node00|H=1|phase=PREVOTE
2025-11-16T15:50:59.776Z|NODE|node05|RECV|HEADER|from=node00|H=1
2025-11-16T15:50:59.776Z|NODE|node04|RECV|HEADER|from=node00|H=1
2025-11-16T15:50:59.776Z|NODE|node03|RECV|HEADER|from=node00|H=1
2025-11-16T15:50:59.776Z|NODE|node00|RECV|HEADER|from=node00|H=1
2025-11-16T15:50:59.776Z|NODE|node00|PROPOSE|H=1
2025-11-16T15:50:59.777Z|NODE|node01|RECV|VOTE|from=node00|H=1|phase=PREVOTE
2025-11-16T15:50:59.777Z|NODE|node02|RECV|HEADER|from=node00|H=1
2025-11-16T15:50:59.778Z|NODE|node00|SENT|PREVOTE|H=1
2025-11-16T15:50:59.778Z|NODE|node00|RECV|VOTE|from=node00|H=1|phase=PREVOTE
2025-11-16T15:50:59.783Z|NODE|node02|RECV|HEADER|from=node00|H=1
2025-11-16T15:50:59.783Z|NODE|node00|RECV|HEADER|from=node00|H=1
2025-11-16T15:50:59.783Z|NODE|node06|RECV|HEADER|from=node00|H=1
2025-11-16T15:50:59.783Z|NODE|node07|RECV|HEADER|from=node00|H=1
2025-11-16T15:50:59.783Z|NODE|node03|RECV|HEADER|from=node00|H=1
2025-11-16T15:50:59.783Z|NODE|node05|RECV|VOTE|from=node00|H=1|phase=PREVOTE
2025-11-16T15:50:59.783Z|NODE|node00|PROPOSE|H=1
2025-11-16T15:50:59.783Z|NODE|node02|RECV|VOTE|from=node00|H=1|phase=PREVOTE
2025-11-16T15:50:59.783Z|NODE|node00|SENT|PREVOTE|H=1
2025-11-16T15:50:59.784Z|NODE|node00|RECV|HEADER|from=node00|H=1
2025-11-16T15:50:59.784Z|NODE|node06|RECV|HEADER|from=node00|H=1
2025-11-16T15:50:59.784Z|NODE|node07|RECV|HEADER|from=node00|H=1
2025-11-16T15:50:59.784Z|NODE|node06|RECV|VOTE|from=node00|H=1|phase=PREVOTE
2025-11-16T15:50:59.784Z|NODE|node03|RECV|VOTE|from=node00|H=1|phase=PREVOTE
2025-11-16T15:50:59.784Z|NODE|node03|RECV|VOTE|from=node00|H=1|phase=PREVOTE
2025-11-16T15:50:59.784Z|NODE|node00|SENT|PREVOTE|H=1
2025-11-16T15:50:59.789Z|NODE|node02|RECV|HEADER|from=node00|H=1
2025-11-16T15:50:59.789Z|NODE|node05|RECV|HEADER|from=node00|H=1
2025-11-16T15:50:59.789Z|NODE|node01|RECV|HEADER|from=node00|H=1
2025-11-16T15:50:59.789Z|NODE|node03|RECV|VOTE|from=node00|H=1|phase=PREVOTE
2025-11-16T15:50:59.789Z|NODE|node00|RECV|HEADER|from=node00|H=1
2025-11-16T15:50:59.789Z|NODE|node04|RECV|VOTE|from=node00|H=1|phase=PREVOTE
2025-11-16T15:50:59.789Z|NODE|node07|RECV|HEADER|from=node00|H=1
2025-11-16T15:50:59.790Z|NODE|node06|RECV|VOTE|from=node00|H=1|phase=PREVOTE
2025-11-16T15:50:59.790Z|NODE|node00|PROPOSE|H=1
2025-11-16T15:50:59.790Z|NODE|node07|RECV|VOTE|from=node00|H=1|phase=PREVOTE
2025-11-16T15:50:59.790Z|NODE|node02|RECV|VOTE|from=node00|H=1|phase=PREVOTE
2025-11-16T15:50:59.790Z|NODE|node05|RECV|HEADER|from=node00|H=1
2025-11-16T15:50:59.790Z|NODE|node01|RECV|HEADER|from=node00|H=1
2025-11-16T15:50:59.790Z|NODE|node00|SENT|PREVOTE|H=1
2025-11-16T15:50:59.790Z|NODE|node00|RECV|VOTE|from=node00|H=1|phase=PREVOTE
2025-11-16T15:50:59.791Z|NODE|node05|RECV|VOTE|from=node00|H=1|phase=PREVOTE
2025-11-16T15:50:59.791Z|NODE|node01|RECV|VOTE|from=node00|H=1|phase=PREVOTE
2025-11-16T15:50:59.795Z|NODE|node04|RECV|HEADER|from=node00|H=1
2025-11-16T15:50:59.795Z|NODE|node00|RECV|HEADER|from=node00|H=1
2025-11-16T15:50:59.795Z|NODE|node02|RECV|HEADER|from=node00|H=1
2025-11-16T15:50:59.795Z|NODE|node06|RECV|HEADER|from=node00|H=1
2025-11-16T15:50:59.795Z|NODE|node02|RECV|VOTE|from=node00|H=1|phase=PREVOTE
2025-11-16T15:50:59.795Z|NODE|node02|RECV|VOTE|from=node00|H=1|phase=PREVOTE
2025-11-16T15:50:59.795Z|NODE|node01|RECV|HEADER|from=node00|H=1
2025-11-16T15:50:59.795Z|NODE|node07|RECV|VOTE|from=node00|H=1|phase=PREVOTE
2025-11-16T15:50:59.796Z|NODE|node03|RECV|HEADER|from=node00|H=1
2025-11-16T15:50:59.796Z|NODE|node05|RECV|VOTE|from=node00|H=1|phase=PREVOTE
2025-11-16T15:50:59.797Z|NODE|node03|RECV|HEADER|from=node00|H=1
2025-11-16T15:50:59.797Z|NODE|node05|RECV|HEADER|from=node00|H=1
2025-11-16T15:50:59.797Z|NODE|node04|RECV|VOTE|from=node00|H=1|phase=PREVOTE
2025-11-16T15:50:59.797Z|NODE|node00|SENT|PREVOTE|H=1
2025-11-16T15:50:59.797Z|NODE|node00|RECV|VOTE|from=node00|H=1|phase=PREVOTE
2025-11-16T15:50:59.797Z|NODE|node06|RECV|VOTE|from=node00|H=1|phase=PREVOTE
2025-11-16T15:50:59.797Z|NODE|node01|RECV|VOTE|from=node00|H=1|phase=PREVOTE
2025-11-16T15:50:59.797Z|NODE|node00|PROPOSE|H=1
2025-11-16T15:50:59.798Z|NODE|node01|RECV|HEADER|from=node00|H=1
2025-11-16T15:50:59.803Z|NODE|node06|RECV|HEADER|from=node00|H=1
2025-11-16T15:50:59.803Z|NODE|node04|RECV|HEADER|from=node00|H=1
2025-11-16T15:50:59.804Z|NODE|node07|RECV|HEADER|from=node00|H=1
2025-11-16T15:50:59.804Z|NODE|node05|RECV|HEADER|from=node00|H=1
2025-11-16T15:50:59.804Z|NODE|node00|RECV|VOTE|from=node00|H=1|phase=PREVOTE
2025-11-16T15:50:59.804Z|NODE|node03|RECV|HEADER|from=node00|H=1
2025-11-16T15:50:59.805Z|NODE|node01|RECV|VOTE|from=node00|H=1|phase=PREVOTE
2025-11-16T15:50:59.805Z|NODE|node01|RECV|VOTE|from=node00|H=1|phase=PREVOTE
2025-11-16T15:50:59.805Z|NODE|node02|RECV|VOTE|from=node00|H=1|phase=PREVOTE
2025-11-16T15:50:59.805Z|NODE|node00|PROPOSE|H=1
2025-11-16T15:50:59.805Z|NODE|node06|RECV|HEADER|from=node00|H=1
2025-11-16T15:50:59.805Z|NODE|node04|RECV|VOTE|from=node00|H=1|phase=PREVOTE
2025-11-16T15:50:59.805Z|NODE|node07|RECV|VOTE|from=node00|H=1|phase=PREVOTE
2025-11-16T15:50:59.805Z|NODE|node05|RECV|VOTE|from=node00|H=1|phase=PREVOTE
2025-11-16T15:50:59.805Z|NODE|node03|RECV|VOTE|from=node00|H=1|phase=PREVOTE
2025-11-16T15:50:59.805Z|NODE|node03|RECV|VOTE|from=node00|H=1|phase=PREVOTE
2025-11-16T15:50:59.806Z|NODE|node03|RECV|HEADER|from=node00|H=1
2025-11-16T15:50:59.806Z|NODE|node00|RECV|VOTE|from=node00|H=1|phase=PREVOTE
2025-11-16T15:50:59.806Z|NODE|node06|RECV|VOTE|from=node00|H=1|phase=PREVOTE
2025-11-16T15:50:59.806Z|NODE|node06|RECV|HEADER|from=node00|H=1
2025-11-16T15:50:59.806Z|NODE|node04|RECV|HEADER|from=node00|H=1
2025-11-16T15:50:59.806Z|NODE|node07|RECV|HEADER|from=node00|H=1
2025-11-16T15:50:59.806Z|NODE|node05|RECV|VOTE|from=node00|H=1|phase=PREVOTE
2025-11-16T15:50:59.806Z|NODE|node00|RECV|HEADER|from=node00|H=1
2025-11-16T15:50:59.806Z|NODE|node04|RECV|VOTE|from=node00|H=1|phase=PREVOTE
2025-11-16T15:50:59.806Z|NODE|node07|RECV|VOTE|from=node00|H=1|phase=PREVOTE
2025-11-16T15:50:59.806Z|NODE|node00|SENT|PREVOTE|H=1
2025-11-16T15:50:59.810Z|NODE|node06|RECV|VOTE|from=node00|H=1|phase=PREVOTE
2025-11-16T15:50:59.810Z|NODE|node06|RECV|HEADER|from=node00|H=1
2025-11-16T15:50:59.810Z|NODE|node00|RECV|HEADER|from=node00|H=1
2025-11-16T15:50:59.810Z|NODE|node02|RECV|HEADER|from=node00|H=1
2025-11-16T15:50:59.810Z|NODE|node05|RECV|VOTE|from=node00|H=1|phase=PREVOTE
2025-11-16T15:50:59.811Z|NODE|node05|RECV|VOTE|from=node00|H=1|phase=PREVOTE
2025-11-16T15:50:59.811Z|NODE|node04|RECV|VOTE|from=node00|H=1|phase=PREVOTE
2025-11-16T15:50:59.811Z|NODE|node03|RECV|HEADER|from=node00|H=1
2025-11-16T15:50:59.811Z|NODE|node00|PROPOSE|H=1
2025-11-16T15:50:59.811Z|NODE|node06|RECV|VOTE|from=node00|H=1|phase=PREVOTE
2025-11-16T15:50:59.811Z|NODE|node00|SENT|PREVOTE|H=1
2025-11-16T15:50:59.812Z|NODE|node02|RECV|HEADER|from=node00|H=1
2025-11-16T15:50:59.812Z|NODE|node04|RECV|HEADER|from=node00|H=1
2025-11-16T15:50:59.812Z|NODE|node00|RECV|VOTE|from=node00|H=1|phase=PREVOTE
2025-11-16T15:50:59.812Z|NODE|node00|RECV|VOTE|from=node00|H=1|phase=PREVOTE
2025-11-16T15:50:59.816Z|NODE|node07|RECV|HEADER|from=node00|H=1
2025-11-16T15:50:59.816Z|NODE|node04|RECV|HEADER|from=node00|H=1
2025-11-16T15:50:59.816Z|NODE|node01|RECV|HEADER|from=node00|H=1
2025-11-16T15:50:59.817Z|NODE|node06|RECV|VOTE|from=node00|H=1|phase=PREVOTE
2025-11-16T15:50:59.817Z|NODE|node00|PROPOSE|H=1
2025-11-16T15:50:59.818Z|NODE|node02|RECV|VOTE|from=node00|H=1|phase=PREVOTE
2025-11-16T15:50:59.818Z|NODE|node02|RECV|HEADER|from=node00|H=1
2025-11-16T15:50:59.818Z|NODE|node05|RECV|HEADER|from=node00|H=1
2025-11-16T15:50:59.818Z|NODE|node03|RECV|VOTE|from=node00|H=1|phase=PREVOTE
2025-11-16T15:50:59.818Z|NODE|node07|RECV|VOTE|from=node00|H=1|phase=PREVOTE
2025-11-16T15:50:59.818Z|NODE|node01|RECV|VOTE|from=node00|H=1|phase=PREVOTE
2025-11-16T15:50:59.818Z|NODE|node03|RECV|VOTE|from=node00|H=1|phase=PREVOTE
2025-11-16T15:50:59.818Z|NODE|node03|RECV|HEADER|from=node00|H=1
2025-11-16T15:50:59.818Z|NODE|node05|RECV|HEADER|from=node00|H=1
2025-11-16T15:50:59.819Z|NODE|node07|RECV|VOTE|from=node00|H=1|phase=PREVOTE
2025-11-16T15:50:59.819Z|NODE|node01|RECV|VOTE|from=node00|H=1|phase=PREVOTE
2025-11-16T15:50:59.823Z|NODE|node01|RECV|HEADER|from=node00|H=1
2025-11-16T15:50:59.823Z|NODE|node07|RECV|HEADER|from=node00|H=1
2025-11-16T15:50:59.823Z|NODE|node02|RECV|HEADER|from=node00|H=1
2025-11-16T15:50:59.824Z|NODE|node04|RECV|VOTE|from=node00|H=1|phase=PREVOTE
2025-11-16T15:50:59.824Z|NODE|node05|RECV|VOTE|from=node00|H=1|phase=PREVOTE
2025-11-16T15:50:59.824Z|NODE|node05|RECV|HEADER|from=node00|H=1
2025-11-16T15:50:59.824Z|NODE|node03|RECV|VOTE|from=node00|H=1|phase=PREVOTE
2025-11-16T15:50:59.825Z|NODE|node00|RECV|HEADER|from=node00|H=1
2025-11-16T15:50:59.825Z|NODE|node06|RECV|HEADER|from=node00|H=1
2025-11-16T15:50:59.825Z|NODE|node00|PROPOSE|H=1
2025-11-16T15:50:59.825Z|NODE|node07|RECV|HEADER|from=node00|H=1
2025-11-16T15:50:59.825Z|NODE|node02|RECV|VOTE|from=node00|H=1|phase=PREVOTE
2025-11-16T15:50:59.825Z|NODE|node00|SENT|PREVOTE|H=1
2025-11-16T15:50:59.825Z|NODE|node00|RECV|HEADER|from=node00|H=1
2025-11-16T15:50:59.825Z|NODE|node07|RECV|HEADER|from=node00|H=1
2025-11-16T15:50:59.825Z|NODE|node00|SENT|PREVOTE|H=1
2025-11-16T15:50:59.825Z|NODE|node00|RECV|VOTE|from=node00|H=1|phase=PREVOTE
2025-11-16T15:50:59.825Z|NODE|node00|RECV|HEADER|from=node00|H=1
2025-11-16T15:50:59.826Z|NODE|node00|SENT|PREVOTE|H=1
2025-11-16T15:50:59.830Z|NODE|node06|RECV|HEADER|from=node00|H=1
2025-11-16T15:50:59.830Z|NODE|node03|RECV|HEADER|from=node00|H=1
2025-11-16T15:50:59.830Z|NODE|node07|RECV|VOTE|from=node00|H=1|phase=PREVOTE
2025-11-16T15:50:59.831Z|NODE|node04|RECV|HEADER|from=node00|H=1
2025-11-16T15:50:59.831Z|NODE|node01|RECV|HEADER|from=node00|H=1
2025-11-16T15:50:59.831Z|NODE|node05|RECV|HEADER|from=node00|H=1
2025-11-16T15:50:59.831Z|NODE|node02|RECV|HEADER|from=node00|H=1
2025-11-16T15:50:59.831Z|NODE|node00|RECV|VOTE|from=node00|H=1|phase=PREVOTE
2025-11-16T15:50:59.831Z|NODE|node00|PROPOSE|H=1
2025-11-16T15:50:59.831Z|NODE|node06|RECV|VOTE|from=node00|H=1|phase=PREVOTE
2025-11-16T15:50:59.832Z|NODE|node06|RECV|VOTE|from=node00|H=1|phase=PREVOTE
2025-11-16T15:50:59.832Z|NODE|node03|RECV|VOTE|from=node00|H=1|phase=PREVOTE
2025-11-16T15:50:59.832Z|NODE|node07|RECV|HEADER|from=node00|H=1
2025-11-16T15:50:59.832Z|NODE|node04|RECV|VOTE|from=node00|H=1|phase=PREVOTE
2025-11-16T15:50:59.832Z|NODE|node01|RECV|VOTE|from=node00|H=1|phase=PREVOTE
2025-11-16T15:50:59.832Z|NODE|node05|RECV|HEADER|from=node00|H=1
2025-11-16T15:50:59.832Z|NODE|node07|RECV|VOTE|from=node00|H=1|phase=PREVOTE
2025-11-16T15:50:59.832Z|NODE|node01|RECV|VOTE|from=node00|H=1|phase=PREVOTE
2025-11-16T15:50:59.832Z|NODE|node01|RECV|VOTE|from=node00|H=1|phase=PREVOTE
2025-11-16T15:50:59.837Z|NODE|node05|RECV|VOTE|from=node00|H=1|phase=PREVOTE
2025-11-16T15:50:59.837Z|NODE|node05|RECV|VOTE|from=node00|H=1|phase=PREVOTE
2025-11-16T15:50:59.837Z|NODE|node03|RECV|HEADER|from=node00|H=1
2025-11-16T15:50:59.837Z|NODE|node00|RECV|VOTE|from=node00|H=1|phase=PREVOTE
2025-11-16T15:50:59.837Z|NODE|node01|RECV|HEADER|from=node00|H=1
2025-11-16T15:50:59.837Z|NODE|node07|RECV|VOTE|from=node00|H=1|phase=PREVOTE
2025-11-16T15:50:59.837Z|NODE|node01|RECV|VOTE|from=node00|H=1|phase=PREVOTE
2025-11-16T15:50:59.837Z|NODE|node01|RECV|HEADER|from=node00|H=1
2025-11-16T15:50:59.837Z|NODE|node07|RECV|HEADER|from=node00|H=1
2025-11-16T15:50:59.838Z|NODE|node06|RECV|VOTE|from=node00|H=1|phase=PREVOTE
2025-11-16T15:50:59.838Z|NODE|node06|RECV|HEADER|from=node00|H=1
2025-11-16T15:50:59.838Z|NODE|node04|RECV|HEADER|from=node00|H=1
2025-11-16T15:50:59.838Z|NODE|node00|PROPOSE|H=1
2025-11-16T15:50:59.839Z|NODE|node04|RECV|VOTE|from=node00|H=1|phase=PREVOTE
2025-11-16T15:50:59.839Z|NODE|node04|RECV|VOTE|from=node00|H=1|phase=PREVOTE
2025-11-16T15:50:59.839Z|NODE|node02|RECV|HEADER|from=node00|H=1
2025-11-16T15:50:59.839Z|NODE|node03|RECV|VOTE|from=node00|H=1|phase=PREVOTE
2025-11-16T15:50:59.839Z|NODE|node00|RECV|HEADER|from=node00|H=1
2025-11-16T15:50:59.839Z|NODE|node02|RECV|VOTE|from=node00|H=1|phase=PREVOTE
2025-11-16T15:50:59.839Z|NODE|node02|RECV|VOTE|from=node00|H=1|phase=PREVOTE
2025-11-16T15:50:59.839Z|NODE|node02|RECV|HEADER|from=node00|H=1
2025-11-16T15:50:59.839Z|NODE|node00|SENT|PREVOTE|H=1
2025-11-16T15:50:59.844Z|NODE|node00|RECV|HEADER|from=node00|H=1
2025-11-16T15:50:59.844Z|NODE|node06|RECV|HEADER|from=node00|H=1
2025-11-16T15:50:59.844Z|NODE|node00|SENT|PREVOTE|H=1
2025-11-16T15:50:59.844Z|NODE|node00|RECV|VOTE|from=node00|H=1|phase=PREVOTE
2025-11-16T15:50:59.844Z|NODE|node01|RECV|HEADER|from=node00|H=1
2025-11-16T15:50:59.844Z|NODE|node04|RECV|HEADER|from=node00|H=1
2025-11-16T15:50:59.844Z|NODE|node03|RECV|VOTE|from=node00|H=1|phase=PREVOTE
2025-11-16T15:50:59.845Z|NODE|node02|RECV|VOTE|from=node00|H=1|phase=PREVOTE
2025-11-16T15:50:59.845Z|NODE|node05|RECV|VOTE|from=node00|H=1|phase=PREVOTE
2025-11-16T15:50:59.845Z|NODE|node05|RECV|HEADER|from=node00|H=1
2025-11-16T15:50:59.845Z|NODE|node07|RECV|VOTE|from=node00|H=1|phase=PREVOTE
2025-11-16T15:50:59.845Z|NODE|node00|PROPOSE|H=1
2025-11-16T15:50:59.845Z|NODE|node06|RECV|VOTE|from=node00|H=1|phase=PREVOTE
2025-11-16T15:50:59.845Z|NODE|node01|RECV|VOTE|from=node00|H=1|phase=PREVOTE
2025-11-16T15:50:59.845Z|NODE|node04|RECV|VOTE|from=node00|H=1|phase=PREVOTE
2025-11-16T15:50:59.845Z|NODE|node07|RECV|VOTE|from=node00|H=1|phase=PREVOTE
2025-11-16T15:50:59.845Z|NODE|node00|RECV|VOTE|from=node00|H=1|phase=PREVOTE
2025-11-16T15:50:59.846Z|NODE|node04|RECV|HEADER|from=node00|H=1
2025-11-16T15:50:59.850Z|NODE|node05|RECV|HEADER|from=node00|H=1
2025-11-16T15:50:59.850Z|NODE|node01|RECV|HEADER|from=node00|H=1
2025-11-16T15:50:59.850Z|NODE|node03|RECV|HEADER|from=node00|H=1
2025-11-16T15:50:59.850Z|NODE|node02|RECV|HEADER|from=node00|H=1
2025-11-16T15:50:59.851Z|NODE|node00|RECV|HEADER|from=node00|H=1
2025-11-16T15:50:59.851Z|NODE|node04|RECV|VOTE|from=node00|H=1|phase=PREVOTE
2025-11-16T15:50:59.852Z|NODE|node06|RECV|HEADER|from=node00|H=1
2025-11-16T15:50:59.852Z|NODE|node07|RECV|HEADER|from=node00|H=1
2025-11-16T15:50:59.852Z|NODE|node00|PROPOSE|H=1
2025-11-16T15:50:59.852Z|NODE|node04|RECV|VOTE|from=node00|H=1|phase=PREVOTE
2025-11-16T15:50:59.852Z|NODE|node07|RECV|HEADER|from=node00|H=1
2025-11-16T15:50:59.852Z|NODE|node00|SENT|PREVOTE|H=1
2025-11-16T15:50:59.853Z|NODE|node00|RECV|VOTE|from=node00|H=1|phase=PREVOTE
2025-11-16T15:50:59.853Z|NODE|node07|RECV|VOTE|from=node00|H=1|phase=PREVOTE
2025-11-16T15:50:59.858Z|NODE|node02|RECV|VOTE|from=node00|H=1|phase=PREVOTE
2025-11-16T15:50:59.858Z|NODE|node01|RECV|HEADER|from=node00|H=1
2025-11-16T15:50:59.858Z|NODE|node05|RECV|VOTE|from=node00|H=1|phase=PREVOTE
2025-11-16T15:50:59.858Z|NODE|node05|RECV|VOTE|from=node00|H=1|phase=PREVOTE
2025-11-16T15:50:59.858Z|NODE|node05|RECV|HEADER|from=node00|H=1
2025-11-16T15:50:59.858Z|NODE|node06|RECV|HEADER|from=node00|H=1
2025-11-16T15:50:59.858Z|NODE|node04|RECV|HEADER|from=node00|H=1
2025-11-16T15:50:59.859Z|NODE|node03|RECV|HEADER|from=node00|H=1
2025-11-16T15:50:59.859Z|NODE|node07|RECV|HEADER|from=node00|H=1
2025-11-16T15:50:59.859Z|NODE|node00|PROPOSE|H=1
2025-11-16T15:50:59.859Z|NODE|node02|RECV|VOTE|from=node00|H=1|phase=PREVOTE
2025-11-16T15:50:59.859Z|NODE|node02|RECV|VOTE|from=node00|H=1|phase=PREVOTE
2025-11-16T15:50:59.859Z|NODE|node04|RECV|HEADER|from=node00|H=1
2025-11-16T15:50:59.859Z|NODE|node03|RECV|VOTE|from=node00|H=1|phase=PREVOTE
2025-11-16T15:50:59.859Z|NODE|node07|RECV|VOTE|from=node00|H=1|phase=PREVOTE
2025-11-16T15:50:59.859Z|NODE|node04|RECV|VOTE|from=node00|H=1|phase=PREVOTE
2025-11-16T15:50:59.860Z|NODE|node03|RECV|HEADER|from=node00|H=1
2025-11-16T15:50:59.864Z|NODE|node05|RECV|HEADER|from=node00|H=1
2025-11-16T15:50:59.864Z|NODE|node01|RECV|VOTE|from=node00|H=1|phase=PREVOTE
2025-11-16T15:50:59.864Z|NODE|node02|RECV|HEADER|from=node00|H=1
2025-11-16T15:50:59.864Z|NODE|node06|RECV|VOTE|from=node00|H=1|phase=PREVOTE
2025-11-16T15:50:59.865Z|NODE|node03|RECV|HEADER|from=node00|H=1
2025-11-16T15:50:59.865Z|NODE|node00|RECV|HEADER|from=node00|H=1
2025-11-16T15:50:59.865Z|NODE|node07|RECV|HEADER|from=node00|H=1
2025-11-16T15:50:59.865Z|NODE|node00|SENT|PREVOTE|H=1
2025-11-16T15:50:59.865Z|NODE|node00|RECV|HEADER|from=node00|H=1
2025-11-16T15:50:59.865Z|NODE|node00|PROPOSE|H=1
2025-11-16T15:50:59.865Z|NODE|node05|RECV|VOTE|from=node00|H=1|phase=PREVOTE
2025-11-16T15:50:59.865Z|NODE|node02|RECV|HEADER|from=node00|H=1
2025-11-16T15:50:59.866Z|NODE|node03|RECV|VOTE|from=node00|H=1|phase=PREVOTE
2025-11-16T15:50:59.866Z|NODE|node00|SENT|PREVOTE|H=1
2025-11-16T15:50:59.866Z|NODE|node00|RECV|VOTE|from=node00|H=1|phase=PREVOTE
2025-11-16T15:50:59.866Z|NODE|node00|RECV|HEADER|from=node00|H=1
2025-11-16T15:50:59.866Z|NODE|node03|RECV|VOTE|from=node00|H=1|phase=PREVOTE
2025-11-16T15:50:59.866Z|NODE|node00|SENT|PREVOTE|H=1
2025-11-16T15:50:59.871Z|NODE|node06|RECV|HEADER|from=node00|H=1
2025-11-16T15:50:59.871Z|NODE|node01|RECV|HEADER|from=node00|H=1
2025-11-16T15:50:59.871Z|NODE|node04|RECV|HEADER|from=node00|H=1
2025-11-16T15:50:59.871Z|NODE|node02|RECV|VOTE|from=node00|H=1|phase=PREVOTE
2025-11-16T15:50:59.871Z|NODE|node07|RECV|VOTE|from=node00|H=1|phase=PREVOTE
2025-11-16T15:50:59.871Z|NODE|node07|RECV|VOTE|from=node00|H=1|phase=PREVOTE
2025-11-16T15:50:59.871Z|NODE|node00|RECV|HEADER|from=node00|H=1
2025-11-16T15:50:59.871Z|NODE|node03|RECV|HEADER|from=node00|H=1
2025-11-16T15:50:59.872Z|NODE|node00|SENT|PREVOTE|H=1
2025-11-16T15:50:59.872Z|NODE|node05|RECV|VOTE|from=node00|H=1|phase=PREVOTE
2025-11-16T15:50:59.872Z|NODE|node00|PROPOSE|H=1
2025-11-16T15:50:59.872Z|NODE|node06|RECV|VOTE|from=node00|H=1|phase=PREVOTE
2025-11-16T15:50:59.872Z|NODE|node01|RECV|VOTE|from=node00|H=1|phase=PREVOTE
2025-11-16T15:50:59.872Z|NODE|node00|RECV|VOTE|from=node00|H=1|phase=PREVOTE
2025-11-16T15:50:59.872Z|NODE|node00|RECV|VOTE|from=node00|H=1|phase=PREVOTE
2025-11-16T15:50:59.872Z|NODE|node06|RECV|HEADER|from=node00|H=1
2025-11-16T15:50:59.872Z|NODE|node01|RECV|HEADER|from=node00|H=1
2025-11-16T15:50:59.873Z|NODE|node01|RECV|VOTE|from=node00|H=1|phase=PREVOTE
2025-11-16T15:50:59.877Z|NODE|node07|RECV|HEADER|from=node00|H=1
2025-11-16T15:50:59.877Z|NODE|node01|RECV|VOTE|from=node00|H=1|phase=PREVOTE
2025-11-16T15:50:59.877Z|NODE|node06|RECV|HEADER|from=node00|H=1
2025-11-16T15:50:59.877Z|NODE|node03|RECV|VOTE|from=node00|H=1|phase=PREVOTE
2025-11-16T15:50:59.878Z|NODE|node03|RECV|HEADER|from=node00|H=1
2025-11-16T15:50:59.878Z|NODE|node04|RECV|HEADER|from=node00|H=1
2025-11-16T15:50:59.878Z|NODE|node02|RECV|HEADER|from=node00|H=1
2025-11-16T15:50:59.878Z|NODE|node04|RECV|VOTE|from=node00|H=1|phase=PREVOTE
2025-11-16T15:50:59.878Z|NODE|node00|RECV|VOTE|from=node00|H=1|phase=PREVOTE
2025-11-16T15:50:59.878Z|NODE|node05|RECV|HEADER|from=node00|H=1
2025-11-16T15:50:59.879Z|NODE|node00|PROPOSE|H=1
2025-11-16T15:50:59.879Z|NODE|node07|RECV|VOTE|from=node00|H=1|phase=PREVOTE
2025-11-16T15:50:59.879Z|NODE|node06|RECV|VOTE|from=node00|H=1|phase=PREVOTE
2025-11-16T15:50:59.879Z|NODE|node03|RECV|VOTE|from=node00|H=1|phase=PREVOTE
2025-11-16T15:50:59.879Z|NODE|node04|RECV|VOTE|from=node00|H=1|phase=PREVOTE
2025-11-16T15:50:59.880Z|NODE|node05|RECV|HEADER|from=node00|H=1
2025-11-16T15:50:59.880Z|NODE|node00|RECV|VOTE|from=node00|H=1|phase=PREVOTE
2025-11-16T15:50:59.880Z|NODE|node07|RECV|HEADER|from=node00|H=1
2025-11-16T15:50:59.880Z|NODE|node06|RECV|VOTE|from=node00|H=1|phase=PREVOTE
2025-11-16T15:50:59.880Z|NODE|node04|RECV|VOTE|from=node00|H=1|phase=PREVOTE
2025-11-16T15:50:59.880Z|NODE|node05|RECV|VOTE|from=node00|H=1|phase=PREVOTE
2025-11-16T15:50:59.880Z|NODE|node05|RECV|VOTE|from=node00|H=1|phase=PREVOTE
2025-11-16T15:50:59.884Z|NODE|node03|RECV|HEADER|from=node00|H=1
2025-11-16T15:50:59.884Z|NODE|node07|RECV|HEADER|from=node00|H=1
2025-11-16T15:50:59.884Z|NODE|node06|RECV|VOTE|from=node00|H=1|phase=PREVOTE
2025-11-16T15:50:59.885Z|NODE|node06|RECV|HEADER|from=node00|H=1
2025-11-16T15:50:59.885Z|NODE|node04|RECV|HEADER|from=node00|H=1
2025-11-16T15:50:59.886Z|NODE|node01|RECV|HEADER|from=node00|H=1
2025-11-16T15:50:59.886Z|NODE|node04|RECV|VOTE|from=node00|H=1|phase=PREVOTE
2025-11-16T15:50:59.886Z|NODE|node02|RECV|HEADER|from=node00|H=1
2025-11-16T15:50:59.886Z|NODE|node00|RECV|HEADER|from=node00|H=1
2025-11-16T15:50:59.886Z|NODE|node05|RECV|HEADER|from=node00|H=1
2025-11-16T15:50:59.886Z|NODE|node00|PROPOSE|H=1
2025-11-16T15:50:59.886Z|NODE|node03|RECV|VOTE|from=node00|H=1|phase=PREVOTE
2025-11-16T15:50:59.886Z|NODE|node01|RECV|VOTE|from=node00|H=1|phase=PREVOTE
2025-11-16T15:50:59.886Z|NODE|node02|RECV|VOTE|from=node00|H=1|phase=PREVOTE
2025-11-16T15:50:59.887Z|NODE|node02|RECV|VOTE|from=node00|H=1|phase=PREVOTE
2025-11-16T15:50:59.887Z|NODE|node05|RECV|VOTE|from=node00|H=1|phase=PREVOTE
2025-11-16T15:50:59.887Z|NODE|node00|SENT|PREVOTE|H=1
2025-11-16T15:50:59.887Z|NODE|node03|RECV|VOTE|from=node00|H=1|phase=PREVOTE
2025-11-16T15:50:59.892Z|NODE|node01|RECV|HEADER|from=node00|H=1
2025-11-16T15:50:59.892Z|NODE|node06|RECV|HEADER|from=node00|H=1
2025-11-16T15:50:59.892Z|NODE|node04|RECV|HEADER|from=node00|H=1
2025-11-16T15:50:59.892Z|NODE|node02|RECV|HEADER|from=node00|H=1
2025-11-16T15:50:59.892Z|NODE|node03|RECV|HEADER|from=node00|H=1
2025-11-16T15:50:59.892Z|NODE|node05|RECV|HEADER|from=node00|H=1
2025-11-16T15:50:59.892Z|NODE|node07|RECV|VOTE|from=node00|H=1|phase=PREVOTE
2025-11-16T15:50:59.892Z|NODE|node00|PROPOSE|H=1
2025-11-16T15:50:59.892Z|NODE|node01|RECV|VOTE|from=node00|H=1|phase=PREVOTE
2025-11-16T15:50:59.892Z|NODE|node01|RECV|HEADER|from=node00|H=1
2025-11-16T15:50:59.893Z|NODE|node06|RECV|VOTE|from=node00|H=1|phase=PREVOTE
2025-11-16T15:50:59.893Z|NODE|node04|RECV|HEADER|from=node00|H=1
2025-11-16T15:50:59.893Z|NODE|node02|RECV|VOTE|from=node00|H=1|phase=PREVOTE
2025-11-16T15:50:59.893Z|NODE|node02|RECV|HEADER|from=node00|H=1
2025-11-16T15:50:59.893Z|NODE|node01|RECV|HEADER|from=node00|H=1
2025-11-16T15:50:59.893Z|NODE|node02|RECV|VOTE|from=node00|H=1|phase=PREVOTE
2025-11-16T15:50:59.897Z|NODE|node00|RECV|HEADER|from=node00|H=1
2025-11-16T15:50:59.897Z|NODE|node05|RECV|HEADER|from=node00|H=1
2025-11-16T15:50:59.897Z|NODE|node02|RECV|HEADER|from=node00|H=1
2025-11-16T15:50:59.897Z|NODE|node03|RECV|HEADER|from=node00|H=1
2025-11-16T15:50:59.898Z|NODE|node06|RECV|HEADER|from=node00|H=1
2025-11-16T15:50:59.898Z|NODE|node04|RECV|HEADER|from=node00|H=1
2025-11-16T15:50:59.898Z|NODE|node01|RECV|VOTE|from=node00|H=1|phase=PREVOTE
2025-11-16T15:50:59.898Z|NODE|node01|RECV|HEADER|from=node00|H=1
2025-11-16T15:50:59.898Z|NODE|node00|PROPOSE|H=1
2025-11-16T15:50:59.899Z|NODE|node00|SENT|PREVOTE|H=1
2025-11-16T15:50:59.899Z|NODE|node00|RECV|VOTE|from=node00|H=1|phase=PREVOTE
2025-11-16T15:50:59.899Z|NODE|node05|RECV|VOTE|from=node00|H=1|phase=PREVOTE
2025-11-16T15:50:59.899Z|NODE|node06|RECV|VOTE|from=node00|H=1|phase=PREVOTE
2025-11-16T15:50:59.904Z|NODE|node03|RECV|VOTE|from=node00|H=1|phase=PREVOTE
2025-11-16T15:50:59.904Z|NODE|node03|RECV|HEADER|from=node00|H=1
2025-11-16T15:50:59.904Z|NODE|node00|RECV|HEADER|from=node00|H=1
2025-11-16T15:50:59.904Z|NODE|node07|RECV|HEADER|from=node00|H=1
2025-11-16T15:50:59.904Z|NODE|node00|SENT|PREVOTE|H=1
2025-11-16T15:50:59.904Z|NODE|node00|RECV|HEADER|from=node00|H=1
2025-11-16T15:50:59.904Z|NODE|node04|RECV|HEADER|from=node00|H=1
2025-11-16T15:50:59.904Z|NODE|node02|RECV|HEADER|from=node00|H=1
2025-11-16T15:50:59.904Z|NODE|node05|RECV|HEADER|from=node00|H=1
2025-11-16T15:50:59.905Z|NODE|node02|RECV|VOTE|from=node00|H=1|phase=PREVOTE
2025-11-16T15:50:59.905Z|NODE|node06|RECV|HEADER|from=node00|H=1
2025-11-16T15:50:59.905Z|NODE|node00|PROPOSE|H=1
2025-11-16T15:50:59.905Z|NODE|node07|RECV|VOTE|from=node00|H=1|phase=PREVOTE
2025-11-16T15:50:59.905Z|NODE|node07|RECV|HEADER|from=node00|H=1
2025-11-16T15:50:59.905Z|NODE|node00|SENT|PREVOTE|H=1
2025-11-16T15:50:59.905Z|NODE|node04|RECV|VOTE|from=node00|H=1|phase=PREVOTE
2025-11-16T15:50:59.905Z|NODE|node05|RECV|HEADER|from=node00|H=1
2025-11-16T15:50:59.905Z|NODE|node07|RECV|HEADER|from=node00|H=1
2025-11-16T15:50:59.905Z|NODE|node05|RECV|VOTE|from=node00|H=1|phase=PREVOTE
2025-11-16T15:50:59.910Z|NODE|node03|RECV|HEADER|from=node00|H=1
2025-11-16T15:50:59.910Z|NODE|node07|RECV|VOTE|from=node00|H=1|phase=PREVOTE
2025-11-16T15:50:59.910Z|NODE|node00|RECV|HEADER|from=node00|H=1
2025-11-16T15:50:59.910Z|NODE|node06|RECV|HEADER|from=node00|H=1
2025-11-16T15:50:59.911Z|NODE|node02|RECV|HEADER|from=node00|H=1
2025-11-16T15:50:59.911Z|NODE|node06|RECV|VOTE|from=node00|H=1|phase=PREVOTE
2025-11-16T15:50:59.911Z|NODE|node06|RECV|HEADER|from=node00|H=1
2025-11-16T15:50:59.911Z|NODE|node01|RECV|VOTE|from=node00|H=1|phase=PREVOTE
2025-11-16T15:50:59.911Z|NODE|node01|RECV|VOTE|from=node00|H=1|phase=PREVOTE
2025-11-16T15:50:59.911Z|NODE|node01|RECV|VOTE|from=node00|H=1|phase=PREVOTE
2025-11-16T15:50:59.911Z|NODE|node00|PROPOSE|H=1
2025-11-16T15:50:59.911Z|NODE|node03|RECV|VOTE|from=node00|H=1|phase=PREVOTE
2025-11-16T15:50:59.911Z|NODE|node00|SENT|PREVOTE|H=1
2025-11-16T15:50:59.912Z|NODE|node02|RECV|VOTE|from=node00|H=1|phase=PREVOTE
2025-11-16T15:50:59.912Z|NODE|node06|RECV|VOTE|from=node00|H=1|phase=PREVOTE
2025-11-16T15:50:59.912Z|NODE|node03|RECV|HEADER|from=node00|H=1
2025-11-16T15:50:59.912Z|NODE|node03|RECV|VOTE|from=node00|H=1|phase=PREVOTE
2025-11-16T15:50:59.917Z|NODE|node01|RECV|HEADER|from=node00|H=1
2025-11-16T15:50:59.917Z|NODE|node00|RECV|VOTE|from=node00|H=1|phase=PREVOTE
2025-11-16T15:50:59.917Z|NODE|node04|RECV|HEADER|from=node00|H=1
2025-11-16T15:50:59.917Z|NODE|node07|RECV|VOTE|from=node00|H=1|phase=PREVOTE
2025-11-16T15:50:59.918Z|NODE|node07|RECV|HEADER|from=node00|H=1
2025-11-16T15:50:59.918Z|NODE|node05|RECV|HEADER|from=node00|H=1
2025-11-16T15:50:59.918Z|NODE|node03|RECV|HEADER|from=node00|H=1
2025-11-16T15:50:59.918Z|NODE|node02|RECV|VOTE|from=node00|H=1|phase=PREVOTE
2025-11-16T15:50:59.918Z|NODE|node00|PROPOSE|H=1
2025-11-16T15:50:59.918Z|NODE|node01|RECV|VOTE|from=node00|H=1|phase=PREVOTE
2025-11-16T15:50:59.918Z|NODE|node04|RECV|VOTE|from=node00|H=1|phase=PREVOTE
2025-11-16T15:50:59.918Z|NODE|node04|RECV|HEADER|from=node00|H=1
2025-11-16T15:50:59.918Z|NODE|node07|RECV|VOTE|from=node00|H=1|phase=PREVOTE
2025-11-16T15:50:59.919Z|NODE|node05|RECV|VOTE|from=node00|H=1|phase=PREVOTE
2025-11-16T15:50:59.919Z|NODE|node05|RECV|HEADER|from=node00|H=1
2025-11-16T15:50:59.919Z|NODE|node00|RECV|VOTE|from=node00|H=1|phase=PREVOTE
2025-11-16T15:50:59.919Z|NODE|node00|RECV|HEADER|from=node00|H=1
2025-11-16T15:50:59.919Z|NODE|node04|RECV|VOTE|from=node00|H=1|phase=PREVOTE
2025-11-16T15:50:59.919Z|NODE|node04|RECV|VOTE|from=node00|H=1|phase=PREVOTE
2025-11-16T15:50:59.919Z|NODE|node04|RECV|VOTE|from=node00|H=1|phase=PREVOTE
2025-11-16T15:50:59.919Z|NODE|node00|SENT|PREVOTE|H=1
2025-11-16T15:50:59.923Z|NODE|node00|RECV|HEADER|from=node00|H=1
2025-11-16T15:50:59.923Z|NODE|node02|RECV|HEADER|from=node00|H=1
2025-11-16T15:50:59.924Z|NODE|node05|RECV|VOTE|from=node00|H=1|phase=PREVOTE
2025-11-16T15:50:59.924Z|NODE|node01|RECV|HEADER|from=node00|H=1
2025-11-16T15:50:59.924Z|NODE|node07|RECV|HEADER|from=node00|H=1
2025-11-16T15:50:59.924Z|NODE|node03|RECV|VOTE|from=node00|H=1|phase=PREVOTE
2025-11-16T15:50:59.924Z|NODE|node06|RECV|VOTE|from=node00|H=1|phase=PREVOTE
2025-11-16T15:50:59.924Z|NODE|node00|PROPOSE|H=1
2025-11-16T15:50:59.924Z|NODE|node00|SENT|PREVOTE|H=1
2025-11-16T15:50:59.924Z|NODE|node00|RECV|VOTE|from=node00|H=1|phase=PREVOTE
2025-11-16T15:50:59.924Z|NODE|node02|RECV|VOTE|from=node00|H=1|phase=PREVOTE
2025-11-16T15:50:59.924Z|NODE|node01|RECV|HEADER|from=node00|H=1
2025-11-16T15:50:59.924Z|NODE|node07|RECV|VOTE|from=node00|H=1|phase=PREVOTE
2025-11-16T15:50:59.924Z|NODE|node07|RECV|VOTE|from=node00|H=1|phase=PREVOTE
2025-11-16T15:50:59.929Z|NODE|node03|RECV|VOTE|from=node00|H=1|phase=PREVOTE
2025-11-16T15:50:59.929Z|NODE|node03|RECV|VOTE|from=node00|H=1|phase=PREVOTE
2025-11-16T15:50:59.930Z|NODE|node05|RECV|VOTE|from=node00|H=1|phase=PREVOTE
2025-11-16T15:50:59.930Z|NODE|node05|RECV|HEADER|from=node00|H=1
2025-11-16T15:50:59.930Z|NODE|node00|RECV|VOTE|from=node00|H=1|phase=PREVOTE
2025-11-16T15:50:59.930Z|NODE|node05|RECV|VOTE|from=node00|H=1|phase=PREVOTE
2025-11-16T15:50:59.930Z|NODE|node05|RECV|VOTE|from=node00|H=1|phase=PREVOTE
2025-11-16T15:50:59.930Z|NODE|node01|RECV|VOTE|from=node00|H=1|phase=PREVOTE
2025-11-16T15:50:59.930Z|NODE|node01|RECV|HEADER|from=node00|H=1
2025-11-16T15:50:59.930Z|NODE|node06|RECV|HEADER|from=node00|H=1
2025-11-16T15:50:59.930Z|NODE|node02|RECV|HEADER|from=node00|H=1
2025-11-16T15:50:59.930Z|NODE|node04|RECV|HEADER|from=node00|H=1
2025-11-16T15:50:59.931Z|NODE|node07|RECV|VOTE|from=node00|H=1|phase=PREVOTE
2025-11-16T15:50:59.931Z|NODE|node00|PROPOSE|H=1
2025-11-16T15:50:59.931Z|NODE|node03|RECV|HEADER|from=node00|H=1
2025-11-16T15:50:59.931Z|NODE|node06|RECV|VOTE|from=node00|H=1|phase=PREVOTE
2025-11-16T15:50:59.931Z|NODE|node02|RECV|VOTE|from=node00|H=1|phase=PREVOTE
2025-11-16T15:50:59.931Z|NODE|node04|RECV|VOTE|from=node00|H=1|phase=PREVOTE
2025-11-16T15:50:59.931Z|NODE|node00|RECV|HEADER|from=node00|H=1
2025-11-16T15:50:59.931Z|NODE|node06|RECV|VOTE|from=node00|H=1|phase=PREVOTE
2025-11-16T15:50:59.931Z|NODE|node00|SENT|PREVOTE|H=1
2025-11-16T15:50:59.931Z|NODE|node00|RECV|HEADER|from=node00|H=1
2025-11-16T15:50:59.932Z|NODE|node00|SENT|PREVOTE|H=1
2025-11-16T15:50:59.932Z|NODE|node00|RECV|VOTE|from=node00|H=1|phase=PREVOTE
2025-11-16T15:50:59.936Z|NODE|node02|RECV|HEADER|from=node00|H=1
2025-11-16T15:50:59.936Z|NODE|node04|RECV|HEADER|from=node00|H=1
2025-11-16T15:50:59.936Z|NODE|node01|RECV|HEADER|from=node00|H=1
2025-11-16T15:50:59.936Z|NODE|node03|RECV|HEADER|from=node00|H=1
2025-11-16T15:50:59.937Z|NODE|node00|RECV|VOTE|from=node00|H=1|phase=PREVOTE
2025-11-16T15:50:59.937Z|NODE|node06|RECV|HEADER|from=node00|H=1
2025-11-16T15:50:59.937Z|NODE|node07|RECV|HEADER|from=node00|H=1
2025-11-16T15:50:59.937Z|NODE|node05|RECV|HEADER|from=node00|H=1
2025-11-16T15:50:59.937Z|NODE|node00|PROPOSE|H=1
2025-11-16T15:50:59.937Z|NODE|node02|RECV|VOTE|from=node00|H=1|phase=PREVOTE
2025-11-16T15:50:59.937Z|NODE|node02|RECV|HEADER|from=node00|H=1
2025-11-16T15:50:59.937Z|NODE|node04|RECV|HEADER|from=node00|H=1
2025-11-16T15:50:59.937Z|NODE|node01|RECV|HEADER|from=node00|H=1
2025-11-16T15:50:59.938Z|NODE|node03|RECV|VOTE|from=node00|H=1|phase=PREVOTE
2025-11-16T15:50:59.938Z|NODE|node06|RECV|VOTE|from=node00|H=1|phase=PREVOTE
2025-11-16T15:50:59.938Z|NODE|node05|RECV|VOTE|from=node00|H=1|phase=PREVOTE
2025-11-16T15:50:59.938Z|NODE|node05|RECV|VOTE|from=node00|H=1|phase=PREVOTE
2025-11-16T15:50:59.938Z|NODE|node00|RECV|VOTE|from=node00|H=1|phase=PREVOTE
2025-11-16T15:50:59.938Z|NODE|node02|RECV|VOTE|from=node00|H=1|phase=PREVOTE
2025-11-16T15:50:59.943Z|NODE|node01|RECV|VOTE|from=node00|H=1|phase=PREVOTE
2025-11-16T15:50:59.943Z|NODE|node05|RECV|HEADER|from=node00|H=1
2025-11-16T15:50:59.943Z|NODE|node04|RECV|VOTE|from=node00|H=1|phase=PREVOTE
2025-11-16T15:50:59.943Z|NODE|node04|RECV|VOTE|from=node00|H=1|phase=PREVOTE
2025-11-16T15:50:59.943Z|NODE|node02|RECV|HEADER|from=node00|H=1
2025-11-16T15:50:59.943Z|NODE|node06|RECV|HEADER|from=node00|H=1
2025-11-16T15:50:59.943Z|NODE|node03|RECV|HEADER|from=node00|H=1
2025-11-16T15:50:59.944Z|NODE|node07|RECV|HEADER|from=node00|H=1
2025-11-16T15:50:59.944Z|NODE|node00|RECV|HEADER|from=node00|H=1
2025-11-16T15:50:59.944Z|NODE|node00|PROPOSE|H=1
2025-11-16T15:50:59.945Z|NODE|node00|SENT|PREVOTE|H=1
2025-11-16T15:50:59.945Z|NODE|node01|RECV|VOTE|from=node00|H=1|phase=PREVOTE
2025-11-16T15:50:59.945Z|NODE|node05|RECV|HEADER|from=node00|H=1
2025-11-16T15:50:59.945Z|NODE|node02|RECV|VOTE|from=node00|H=1|phase=PREVOTE
2025-11-16T15:50:59.945Z|NODE|node03|RECV|VOTE|from=node00|H=1|phase=PREVOTE
2025-11-16T15:50:59.945Z|NODE|node00|RECV|VOTE|from=node00|H=1|phase=PREVOTE
2025-11-16T15:50:59.945Z|NODE|node00|RECV|HEADER|from=node00|H=1
2025-11-16T15:50:59.945Z|NODE|node00|SENT|PREVOTE|H=1
2025-11-16T15:50:59.950Z|NODE|node00|PROPOSE|H=1
2025-11-16T15:50:59.952Z|NODE|node04|RECV|HEADER|from=node00|H=1
2025-11-16T15:50:59.953Z|NODE|node04|RECV|VOTE|from=node00|H=1|phase=PREVOTE
2025-11-16T15:50:59.954Z|NODE|node04|RECV|HEADER|from=node00|H=1
2025-11-16T15:50:59.955Z|NODE|node03|RECV|VOTE|from=node00|H=1|phase=PREVOTE
2025-11-16T15:50:59.956Z|NODE|node03|RECV|HEADER|from=node00|H=1
2025-11-16T15:50:59.957Z|NODE|node00|PROPOSE|H=1
2025-11-16T15:50:59.957Z|NODE|node03|RECV|HEADER|from=node00|H=1
2025-11-16T15:50:59.957Z|NODE|node06|RECV|HEADER|from=node00|H=1
2025-11-16T15:50:59.957Z|NODE|node01|RECV|VOTE|from=node00|H=1|phase=PREVOTE
2025-11-16T15:50:59.958Z|NODE|node00|RECV|VOTE|from=node00|H=1|phase=PREVOTE
2025-11-16T15:50:59.958Z|NODE|node02|RECV|HEADER|from=node00|H=1
2025-11-16T15:50:59.958Z|NODE|node04|RECV|HEADER|from=node00|H=1
2025-11-16T15:50:59.958Z|NODE|node05|RECV|HEADER|from=node00|H=1
2025-11-16T15:50:59.958Z|NODE|node07|RECV|HEADER|from=node00|H=1
2025-11-16T15:50:59.958Z|NODE|node06|RECV|VOTE|from=node00|H=1|phase=PREVOTE
2025-11-16T15:50:59.958Z|NODE|node06|RECV|VOTE|from=node00|H=1|phase=PREVOTE
2025-11-16T15:50:59.958Z|NODE|node06|RECV|HEADER|from=node00|H=1
2025-11-16T15:50:59.958Z|NODE|node01|RECV|HEADER|from=node00|H=1
2025-11-16T15:50:59.958Z|NODE|node06|RECV|VOTE|from=node00|H=1|phase=PREVOTE
2025-11-16T15:50:59.959Z|NODE|node02|RECV|HEADER|from=node00|H=1
2025-11-16T15:50:59.959Z|NODE|node04|RECV|VOTE|from=node00|H=1|phase=PREVOTE
2025-11-16T15:50:59.959Z|NODE|node04|RECV|VOTE|from=node00|H=1|phase=PREVOTE
2025-11-16T15:50:59.959Z|NODE|node04|RECV|HEADER|from=node00|H=1
2025-11-16T15:50:59.959Z|NODE|node05|RECV|VOTE|from=node00|H=1|phase=PREVOTE
2025-11-16T15:50:59.959Z|NODE|node07|RECV|VOTE|from=node00|H=1|phase=PREVOTE
2025-11-16T15:50:59.959Z|NODE|node07|RECV|VOTE|from=node00|H=1|phase=PREVOTE
2025-11-16T15:50:59.959Z|NODE|node07|RECV|HEADER|from=node00|H=1
2025-11-16T15:50:59.959Z|NODE|node07|RECV|HEADER|from=node00|H=1
2025-11-16T15:50:59.960Z|NODE|node01|RECV|HEADER|from=node00|H=1
2025-11-16T15:50:59.960Z|NODE|node02|RECV|VOTE|from=node00|H=1|phase=PREVOTE
2025-11-16T15:50:59.961Z|NODE|node07|RECV|VOTE|from=node00|H=1|phase=PREVOTE
2025-11-16T15:50:59.961Z|NODE|node07|RECV|VOTE|from=node00|H=1|phase=PREVOTE
2025-11-16T15:50:59.963Z|NODE|node00|PROPOSE|H=1
2025-11-16T15:50:59.964Z|NODE|node05|RECV|VOTE|from=node00|H=1|phase=PREVOTE
2025-11-16T15:50:59.964Z|NODE|node01|RECV|HEADER|from=node00|H=1
2025-11-16T15:50:59.964Z|NODE|node01|RECV|VOTE|from=node00|H=1|phase=PREVOTE
2025-11-16T15:50:59.964Z|NODE|node01|RECV|VOTE|from=node00|H=1|phase=PREVOTE
2025-11-16T15:50:59.964Z|NODE|node06|RECV|HEADER|from=node00|H=1
2025-11-16T15:50:59.964Z|NODE|node06|RECV|VOTE|from=node00|H=1|phase=PREVOTE
2025-11-16T15:50:59.964Z|NODE|node00|RECV|HEADER|from=node00|H=1
2025-11-16T15:50:59.965Z|NODE|node03|RECV|VOTE|from=node00|H=1|phase=PREVOTE
2025-11-16T15:50:59.966Z|NODE|node02|RECV|VOTE|from=node00|H=1|phase=PREVOTE
2025-11-16T15:50:59.966Z|NODE|node07|RECV|HEADER|from=node00|H=1
2025-11-16T15:50:59.967Z|NODE|node06|RECV|HEADER|from=node00|H=1
2025-11-16T15:50:59.967Z|NODE|node00|SENT|PREVOTE|H=1
2025-11-16T15:50:59.968Z|NODE|node03|RECV|VOTE|from=node00|H=1|phase=PREVOTE
2025-11-16T15:50:59.968Z|NODE|node02|RECV|HEADER|from=node00|H=1
2025-11-16T15:50:59.968Z|NODE|node00|RECV|VOTE|from=node00|H=1|phase=PREVOTE
2025-11-16T15:50:59.968Z|NODE|node02|RECV|HEADER|from=node00|H=1
2025-11-16T15:50:59.969Z|NODE|node04|RECV|HEADER|from=node00|H=1
2025-11-16T15:50:59.969Z|NODE|node05|RECV|HEADER|from=node00|H=1
2025-11-16T15:50:59.969Z|NODE|node04|RECV|HEADER|from=node00|H=1
2025-11-16T15:50:59.969Z|NODE|node00|RECV|HEADER|from=node00|H=1
2025-11-16T15:50:59.969Z|NODE|node04|RECV|VOTE|from=node00|H=1|phase=PREVOTE
2025-11-16T15:50:59.969Z|NODE|node03|RECV|HEADER|from=node00|H=1
2025-11-16T15:50:59.969Z|NODE|node06|RECV|HEADER|from=node00|H=1
2025-11-16T15:50:59.969Z|NODE|node06|RECV|HEADER|from=node00|H=1
2025-11-16T15:50:59.970Z|NODE|node01|RECV|HEADER|from=node00|H=1
2025-11-16T15:50:59.970Z|NODE|node07|RECV|HEADER|from=node00|H=1
2025-11-16T15:50:59.970Z|NODE|node02|RECV|HEADER|from=node00|H=1
2025-11-16T15:50:59.973Z|NODE|node00|PROPOSE|H=1
2025-11-16T15:50:59.973Z|NODE|node05|RECV|HEADER|from=node00|H=1
2025-11-16T15:50:59.973Z|NODE|node00|SENT|PREVOTE|H=1
2025-11-16T15:50:59.974Z|NODE|node03|RECV|HEADER|from=node00|H=1
2025-11-16T15:50:59.974Z|NODE|node01|RECV|VOTE|from=node00|H=1|phase=PREVOTE
2025-11-16T15:50:59.974Z|NODE|node05|RECV|HEADER|from=node00|H=1
2025-11-16T15:50:59.975Z|NODE|node00|RECV|HEADER|from=node00|H=1
2025-11-16T15:50:59.975Z|NODE|node00|SENT|PREVOTE|H=1
2025-11-16T15:50:59.978Z|NODE|node00|PROPOSE|H=1
2025-11-16T15:50:59.980Z|NODE|node00|RECV|HEADER|from=node00|H=1
2025-11-16T15:50:59.981Z|NODE|node00|SENT|PREVOTE|H=1
2025-11-16T15:50:59.981Z|NODE|node00|RECV|HEADER|from=node00|H=1
2025-11-16T15:50:59.981Z|NODE|node03|RECV|HEADER|from=node00|H=1
2025-11-16T15:50:59.981Z|NODE|node02|RECV|VOTE|from=node00|H=1|phase=PREVOTE
2025-11-16T15:50:59.982Z|NODE|node01|RECV|HEADER|from=node00|H=1
2025-11-16T15:50:59.982Z|NODE|node04|RECV|VOTE|from=node00|H=1|phase=PREVOTE
2025-11-16T15:50:59.982Z|NODE|node07|RECV|VOTE|from=node00|H=1|phase=PREVOTE
2025-11-16T15:50:59.982Z|NODE|node07|RECV|VOTE|from=node00|H=1|phase=PREVOTE
2025-11-16T15:50:59.982Z|NODE|node05|RECV|VOTE|from=node00|H=1|phase=PREVOTE
2025-11-16T15:50:59.982Z|NODE|node06|RECV|VOTE|from=node00|H=1|phase=PREVOTE
2025-11-16T15:50:59.982Z|NODE|node00|SENT|PREVOTE|H=1
2025-11-16T15:50:59.982Z|NODE|node03|RECV|VOTE|from=node00|H=1|phase=PREVOTE
2025-11-16T15:50:59.982Z|NODE|node01|RECV|VOTE|from=node00|H=1|phase=PREVOTE
2025-11-16T15:50:59.983Z|NODE|node05|RECV|VOTE|from=node00|H=1|phase=PREVOTE
2025-11-16T15:50:59.983Z|NODE|node06|RECV|VOTE|from=node00|H=1|phase=PREVOTE
2025-11-16T15:50:59.986Z|NODE|node00|PROPOSE|H=1
2025-11-16T15:50:59.986Z|NODE|node02|RECV|HEADER|from=node00|H=1
2025-11-16T15:50:59.987Z|NODE|node02|RECV|HEADER|from=node00|H=1
2025-11-16T15:50:59.987Z|NODE|node02|RECV|VOTE|from=node00|H=1|phase=PREVOTE
2025-11-16T15:50:59.987Z|NODE|node03|RECV|VOTE|from=node00|H=1|phase=PREVOTE
2025-11-16T15:50:59.988Z|NODE|node07|RECV|HEADER|from=node00|H=1
2025-11-16T15:50:59.988Z|NODE|node00|RECV|VOTE|from=node00|H=1|phase=PREVOTE
2025-11-16T15:50:59.988Z|NODE|node05|RECV|VOTE|from=node00|H=1|phase=PREVOTE
2025-11-16T15:50:59.988Z|NODE|node04|RECV|VOTE|from=node00|H=1|phase=PREVOTE
2025-11-16T15:50:59.988Z|NODE|node06|RECV|VOTE|from=node00|H=1|phase=PREVOTE
2025-11-16T15:50:59.989Z|NODE|node01|RECV|VOTE|from=node00|H=1|phase=PREVOTE
2025-11-16T15:50:59.989Z|NODE|node03|RECV|VOTE|from=node00|H=1|phase=PREVOTE
2025-11-16T15:50:59.989Z|NODE|node07|RECV|HEADER|from=node00|H=1
2025-11-16T15:50:59.989Z|NODE|node00|RECV|VOTE|from=node00|H=1|phase=PREVOTE
2025-11-16T15:50:59.989Z|NODE|node00|RECV|HEADER|from=node00|H=1
2025-11-16T15:50:59.989Z|NODE|node05|RECV|HEADER|from=node00|H=1
2025-11-16T15:50:59.989Z|NODE|node04|RECV|VOTE|from=node00|H=1|phase=PREVOTE
2025-11-16T15:50:59.989Z|NODE|node03|RECV|HEADER|from=node00|H=1
2025-11-16T15:50:59.989Z|NODE|node07|RECV|HEADER|from=node00|H=1
2025-11-16T15:50:59.990Z|NODE|node00|SENT|PREVOTE|H=1
2025-11-16T15:50:59.990Z|NODE|node05|RECV|VOTE|from=node00|H=1|phase=PREVOTE
2025-11-16T15:50:59.990Z|NODE|node07|RECV|VOTE|from=node00|H=1|phase=PREVOTE
2025-11-16T15:50:59.993Z|NODE|node00|PROPOSE|H=1
2025-11-16T15:50:59.999Z|NODE|node06|RECV|HEADER|from=node00|H=1
2025-11-16T15:51:00.011Z|NODE|node00|PROPOSE|H=1
2025-11-16T15:51:00.019Z|NODE|node06|RECV|VOTE|from=node00|H=1|phase=PREVOTE
2025-11-16T15:51:00.021Z|NODE|node01|RECV|HEADER|from=node00|H=1
2025-11-16T15:51:00.032Z|NODE|node01|RECV|VOTE|from=node00|H=1|phase=PREVOTE
2025-11-16T15:51:00.032Z|NODE|node04|RECV|HEADER|from=node00|H=1
2025-11-16T15:51:00.032Z|NODE|node02|RECV|VOTE|from=node00|H=1|phase=PREVOTE
2025-11-16T15:51:00.032Z|NODE|node00|RECV|VOTE|from=node00|H=1|phase=PREVOTE
2025-11-16T15:51:00.032Z|NODE|node07|RECV|VOTE|from=node00|H=1|phase=PREVOTE
2025-11-16T15:51:00.033Z|NODE|node05|RECV|HEADER|from=node00|H=1
2025-11-16T15:51:00.034Z|NODE|node03|RECV|HEADER|from=node00|H=1
2025-11-16T15:51:00.035Z|NODE|node06|RECV|HEADER|from=node00|H=1
2025-11-16T15:51:00.035Z|NODE|node00|PROPOSE|H=1
2025-11-16T15:51:00.035Z|NODE|node01|RECV|HEADER|from=node00|H=1
2025-11-16T15:51:00.035Z|NODE|node02|RECV|VOTE|from=node00|H=1|phase=PREVOTE
2025-11-16T15:51:00.035Z|NODE|node04|RECV|HEADER|from=node00|H=1
2025-11-16T15:51:00.035Z|NODE|node07|RECV|VOTE|from=node00|H=1|phase=PREVOTE
2025-11-16T15:51:00.035Z|NODE|node05|RECV|VOTE|from=node00|H=1|phase=PREVOTE
2025-11-16T15:51:00.035Z|NODE|node03|RECV|VOTE|from=node00|H=1|phase=PREVOTE
2025-11-16T15:51:00.036Z|NODE|node03|RECV|HEADER|from=node00|H=1
2025-11-16T15:51:00.036Z|NODE|node06|RECV|HEADER|from=node00|H=1
2025-11-16T15:51:00.036Z|NODE|node00|RECV|HEADER|from=node00|H=1
2025-11-16T15:51:00.036Z|NODE|node01|RECV|VOTE|from=node00|H=1|phase=PREVOTE
2025-11-16T15:51:00.036Z|NODE|node01|RECV|VOTE|from=node00|H=1|phase=PREVOTE
2025-11-16T15:51:00.036Z|NODE|node01|RECV|HEADER|from=node00|H=1
2025-11-16T15:51:00.036Z|NODE|node02|RECV|HEADER|from=node00|H=1
2025-11-16T15:51:00.036Z|NODE|node04|RECV|VOTE|from=node00|H=1|phase=PREVOTE
2025-11-16T15:51:00.036Z|NODE|node07|RECV|VOTE|from=node00|H=1|phase=PREVOTE
2025-11-16T15:51:00.036Z|NODE|node05|RECV|HEADER|from=node00|H=1
2025-11-16T15:51:00.036Z|NODE|node03|RECV|VOTE|from=node00|H=1|phase=PREVOTE
2025-11-16T15:51:00.037Z|NODE|node03|RECV|HEADER|from=node00|H=1
2025-11-16T15:51:00.037Z|NODE|node05|RECV|VOTE|from=node00|H=1|phase=PREVOTE
2025-11-16T15:51:00.037Z|NODE|node00|SENT|PREVOTE|H=1
2025-11-16T15:51:00.037Z|NODE|node00|RECV|VOTE|from=node00|H=1|phase=PREVOTE
2025-11-16T15:51:00.038Z|NODE|node01|RECV|HEADER|from=node00|H=1
2025-11-16T15:51:00.038Z|NODE|node02|RECV|VOTE|from=node00|H=1|phase=PREVOTE
2025-11-16T15:51:00.038Z|NODE|node04|RECV|VOTE|from=node00|H=1|phase=PREVOTE
2025-11-16T15:51:00.038Z|NODE|node07|RECV|HEADER|from=node00|H=1
2025-11-16T15:51:00.038Z|NODE|node06|RECV|VOTE|from=node00|H=1|phase=PREVOTE
2025-11-16T15:51:00.038Z|NODE|node03|RECV|VOTE|from=node00|H=1|phase=PREVOTE
2025-11-16T15:51:00.038Z|NODE|node05|RECV|HEADER|from=node00|H=1
2025-11-16T15:51:00.038Z|NODE|node00|RECV|VOTE|from=node00|H=1|phase=PREVOTE
2025-11-16T15:51:00.038Z|NODE|node00|RECV|VOTE|from=node00|H=1|phase=PREVOTE
2025-11-16T15:51:00.038Z|NODE|node00|RECV|HEADER|from=node00|H=1
2025-11-16T15:51:00.038Z|NODE|node02|RECV|VOTE|from=node00|H=1|phase=PREVOTE
2025-11-16T15:51:00.039Z|NODE|node04|RECV|HEADER|from=node00|H=1
2025-11-16T15:51:00.039Z|NODE|node06|RECV|VOTE|from=node00|H=1|phase=PREVOTE
2025-11-16T15:51:00.039Z|NODE|node06|RECV|HEADER|from=node00|H=1
2025-11-16T15:51:00.039Z|NODE|node00|SENT|PREVOTE|H=1
2025-11-16T15:51:00.039Z|NODE|node04|RECV|HEADER|from=node00|H=1
2025-11-16T15:51:00.040Z|NODE|node02|RECV|HEADER|from=node00|H=1
2025-11-16T15:51:00.040Z|NODE|node01|RECV|HEADER|from=node00|H=1
2025-11-16T15:51:00.040Z|NODE|node00|RECV|HEADER|from=node00|H=1
2025-11-16T15:51:00.040Z|NODE|node01|RECV|VOTE|from=node00|H=1|phase=PREVOTE
2025-11-16T15:51:00.040Z|NODE|node07|RECV|HEADER|from=node00|H=1
2025-11-16T15:51:00.040Z|NODE|node00|SENT|PREVOTE|H=1
2025-11-16T15:51:00.040Z|NODE|node04|RECV|HEADER|from=node00|H=1
2025-11-16T15:51:00.040Z|NODE|node05|RECV|HEADER|from=node00|H=1
2025-11-16T15:51:00.041Z|NODE|node06|RECV|HEADER|from=node00|H=1
2025-11-16T15:51:00.041Z|NODE|node00|PROPOSE|H=1
2025-11-16T15:51:00.041Z|NODE|node02|RECV|HEADER|from=node00|H=1
2025-11-16T15:51:00.041Z|NODE|node07|RECV|HEADER|from=node00|H=1
2025-11-16T15:51:00.042Z|NODE|node06|RECV|HEADER|from=node00|H=1
2025-11-16T15:51:00.042Z|NODE|node06|RECV|VOTE|from=node00|H=1|phase=PREVOTE
2025-11-16T15:51:00.046Z|NODE|node04|RECV|VOTE|from=node00|H=1|phase=PREVOTE
2025-11-16T15:51:00.046Z|NODE|node02|RECV|HEADER|from=node00|H=1
2025-11-16T15:51:00.046Z|NODE|node05|RECV|HEADER|from=node00|H=1
2025-11-16T15:51:00.046Z|NODE|node03|RECV|HEADER|from=node00|H=1
2025-11-16T15:51:00.047Z|NODE|node01|RECV|HEADER|from=node00|H=1
2025-11-16T15:51:00.047Z|NODE|node07|RECV|HEADER|from=node00|H=1
2025-11-16T15:51:00.047Z|NODE|node00|RECV|HEADER|from=node00|H=1
2025-11-16T15:51:00.047Z|NODE|node00|PROPOSE|H=1
2025-11-16T15:51:00.048Z|NODE|node05|RECV|VOTE|from=node00|H=1|phase=PREVOTE
2025-11-16T15:51:00.048Z|NODE|node03|RECV|HEADER|from=node00|H=1
2025-11-16T15:51:00.048Z|NODE|node01|RECV|VOTE|from=node00|H=1|phase=PREVOTE
2025-11-16T15:51:00.048Z|NODE|node07|RECV|HEADER|from=node00|H=1
2025-11-16T15:51:00.048Z|NODE|node00|SENT|PREVOTE|H=1
2025-11-16T15:51:00.048Z|NODE|node03|RECV|HEADER|from=node00|H=1
2025-11-16T15:51:00.053Z|NODE|node00|RECV|HEADER|from=node00|H=1
2025-11-16T15:51:00.053Z|NODE|node05|RECV|VOTE|from=node00|H=1|phase=PREVOTE
2025-11-16T15:51:00.055Z|NODE|node05|RECV|VOTE|from=node00|H=1|phase=PREVOTE
2025-11-16T15:51:00.055Z|NODE|node04|RECV|HEADER|from=node00|H=1
2025-11-16T15:51:00.055Z|NODE|node01|RECV|VOTE|from=node00|H=1|phase=PREVOTE
2025-11-16T15:51:00.055Z|NODE|node03|RECV|VOTE|from=node00|H=1|phase=PREVOTE
2025-11-16T15:51:00.056Z|NODE|node02|RECV|VOTE|from=node00|H=1|phase=PREVOTE
2025-11-16T15:51:00.056Z|NODE|node07|RECV|VOTE|from=node00|H=1|phase=PREVOTE
2025-11-16T15:51:00.056Z|NODE|node06|RECV|VOTE|from=node00|H=1|phase=PREVOTE
2025-11-16T15:51:00.056Z|NODE|node00|SENT|PREVOTE|H=1
2025-11-16T15:51:00.056Z|NODE|node00|PROPOSE|H=1
2025-11-16T15:51:00.056Z|NODE|node05|RECV|VOTE|from=node00|H=1|phase=PREVOTE
2025-11-16T15:51:00.056Z|NODE|node04|RECV|VOTE|from=node00|H=1|phase=PREVOTE
2025-11-16T15:51:00.056Z|NODE|node01|RECV|HEADER|from=node00|H=1
2025-11-16T15:51:00.057Z|NODE|node03|RECV|VOTE|from=node00|H=1|phase=PREVOTE
2025-11-16T15:51:00.057Z|NODE|node02|RECV|VOTE|from=node00|H=1|phase=PREVOTE
2025-11-16T15:51:00.057Z|NODE|node07|RECV|VOTE|from=node00|H=1|phase=PREVOTE
2025-11-16T15:51:00.057Z|NODE|node06|RECV|HEADER|from=node00|H=1
2025-11-16T15:51:00.057Z|NODE|node00|RECV|VOTE|from=node00|H=1|phase=PREVOTE
2025-11-16T15:51:00.057Z|NODE|node00|RECV|VOTE|from=node00|H=1|phase=PREVOTE
2025-11-16T15:51:00.057Z|NODE|node04|RECV|VOTE|from=node00|H=1|phase=PREVOTE
2025-11-16T15:51:00.057Z|NODE|node03|RECV|HEADER|from=node00|H=1
2025-11-16T15:51:00.057Z|NODE|node06|RECV|HEADER|from=node00|H=1
2025-11-16T15:51:00.057Z|NODE|node00|RECV|VOTE|from=node00|H=1|phase=PREVOTE
2025-11-16T15:51:00.057Z|NODE|node03|RECV|VOTE|from=node00|H=1|phase=PREVOTE
2025-11-16T15:51:00.062Z|NODE|node04|RECV|HEADER|from=node00|H=1
2025-11-16T15:51:00.062Z|NODE|node03|RECV|VOTE|from=node00|H=1|phase=PREVOTE
2025-11-16T15:51:00.062Z|NODE|node03|RECV|VOTE|from=node00|H=1|phase=PREVOTE
2025-11-16T15:51:00.062Z|NODE|node06|RECV|VOTE|from=node00|H=1|phase=PREVOTE
2025-11-16T15:51:00.063Z|NODE|node02|RECV|HEADER|from=node00|H=1
2025-11-16T15:51:00.063Z|NODE|node05|RECV|HEADER|from=node00|H=1
2025-11-16T15:51:00.063Z|NODE|node07|RECV|VOTE|from=node00|H=1|phase=PREVOTE
2025-11-16T15:51:00.063Z|NODE|node07|RECV|VOTE|from=node00|H=1|phase=PREVOTE
2025-11-16T15:51:00.063Z|NODE|node07|RECV|VOTE|from=node00|H=1|phase=PREVOTE
2025-11-16T15:51:00.063Z|NODE|node01|RECV|HEADER|from=node00|H=1
2025-11-16T15:51:00.063Z|NODE|node00|RECV|HEADER|from=node00|H=1
2025-11-16T15:51:00.063Z|NODE|node00|PROPOSE|H=1
2025-11-16T15:51:00.063Z|NODE|node04|RECV|HEADER|from=node00|H=1
2025-11-16T15:51:00.064Z|NODE|node02|RECV|VOTE|from=node00|H=1|phase=PREVOTE
2025-11-16T15:51:00.064Z|NODE|node05|RECV|HEADER|from=node00|H=1
2025-11-16T15:51:00.064Z|NODE|node01|RECV|VOTE|from=node00|H=1|phase=PREVOTE
2025-11-16T15:51:00.064Z|NODE|node01|RECV|VOTE|from=node00|H=1|phase=PREVOTE
2025-11-16T15:51:00.064Z|NODE|node01|RECV|HEADER|from=node00|H=1
2025-11-16T15:51:00.064Z|NODE|node00|SENT|PREVOTE|H=1
2025-11-16T15:51:00.064Z|NODE|node00|RECV|VOTE|from=node00|H=1|phase=PREVOTE
2025-11-16T15:51:00.064Z|NODE|node00|RECV|VOTE|from=node00|H=1|phase=PREVOTE
2025-11-16T15:51:00.064Z|NODE|node04|RECV|VOTE|from=node00|H=1|phase=PREVOTE
2025-11-16T15:51:00.064Z|NODE|node02|RECV|HEADER|from=node00|H=1
2025-11-16T15:51:00.064Z|NODE|node05|RECV|VOTE|from=node00|H=1|phase=PREVOTE
2025-11-16T15:51:00.069Z|NODE|node06|RECV|VOTE|from=node00|H=1|phase=PREVOTE
2025-11-16T15:51:00.069Z|NODE|node06|RECV|HEADER|from=node00|H=1
2025-11-16T15:51:00.069Z|NODE|node07|RECV|HEADER|from=node00|H=1
2025-11-16T15:51:00.069Z|NODE|node05|RECV|HEADER|from=node00|H=1
2025-11-16T15:51:00.069Z|NODE|node02|RECV|VOTE|from=node00|H=1|phase=PREVOTE
2025-11-16T15:51:00.069Z|NODE|node02|RECV|VOTE|from=node00|H=1|phase=PREVOTE
2025-11-16T15:51:00.069Z|NODE|node04|RECV|VOTE|from=node00|H=1|phase=PREVOTE
2025-11-16T15:51:00.069Z|NODE|node04|RECV|HEADER|from=node00|H=1
2025-11-16T15:51:00.070Z|NODE|node01|RECV|HEADER|from=node00|H=1
2025-11-16T15:51:00.070Z|NODE|node00|PROPOSE|H=1
2025-11-16T15:51:00.070Z|NODE|node07|RECV|HEADER|from=node00|H=1
2025-11-16T15:51:00.070Z|NODE|node05|RECV|HEADER|from=node00|H=1
2025-11-16T15:51:00.070Z|NODE|node02|RECV|HEADER|from=node00|H=1
2025-11-16T15:51:00.070Z|NODE|node04|RECV|VOTE|from=node00|H=1|phase=PREVOTE
2025-11-16T15:51:00.070Z|NODE|node02|RECV|VOTE|from=node00|H=1|phase=PREVOTE
2025-11-16T15:51:00.075Z|NODE|node03|RECV|HEADER|from=node00|H=1
2025-11-16T15:51:00.075Z|NODE|node05|RECV|VOTE|from=node00|H=1|phase=PREVOTE
2025-11-16T15:51:00.075Z|NODE|node05|RECV|HEADER|from=node00|H=1
2025-11-16T15:51:00.075Z|NODE|node04|RECV|HEADER|from=node00|H=1
2025-11-16T15:51:00.075Z|NODE|node07|RECV|HEADER|from=node00|H=1
2025-11-16T15:51:00.076Z|NODE|node06|RECV|VOTE|from=node00|H=1|phase=PREVOTE
2025-11-16T15:51:00.076Z|NODE|node06|RECV|VOTE|from=node00|H=1|phase=PREVOTE
2025-11-16T15:51:00.076Z|NODE|node01|RECV|HEADER|from=node00|H=1
2025-11-16T15:51:00.076Z|NODE|node00|RECV|HEADER|from=node00|H=1
2025-11-16T15:51:00.076Z|NODE|node02|RECV|HEADER|from=node00|H=1
2025-11-16T15:51:00.076Z|NODE|node00|SENT|PREVOTE|H=1
2025-11-16T15:51:00.076Z|NODE|node00|PROPOSE|H=1
2025-11-16T15:51:00.076Z|NODE|node00|RECV|VOTE|from=node00|H=1|phase=PREVOTE
2025-11-16T15:51:00.076Z|NODE|node00|RECV|HEADER|from=node00|H=1
2025-11-16T15:51:00.077Z|NODE|node00|SENT|PREVOTE|H=1
2025-11-16T15:51:00.082Z|NODE|node03|RECV|HEADER|from=node00|H=1
2025-11-16T15:51:00.082Z|NODE|node06|RECV|HEADER|from=node00|H=1
2025-11-16T15:51:00.082Z|NODE|node02|RECV|HEADER|from=node00|H=1
2025-11-16T15:51:00.082Z|NODE|node07|RECV|VOTE|from=node00|H=1|phase=PREVOTE
2025-11-16T15:51:00.082Z|NODE|node07|RECV|HEADER|from=node00|H=1
2025-11-16T15:51:00.082Z|NODE|node00|RECV|HEADER|from=node00|H=1
2025-11-16T15:51:00.082Z|NODE|node01|RECV|VOTE|from=node00|H=1|phase=PREVOTE
2025-11-16T15:51:00.082Z|NODE|node01|RECV|VOTE|from=node00|H=1|phase=PREVOTE
2025-11-16T15:51:00.082Z|NODE|node05|RECV|VOTE|from=node00|H=1|phase=PREVOTE
2025-11-16T15:51:00.082Z|NODE|node00|PROPOSE|H=1
2025-11-16T15:51:00.082Z|NODE|node03|RECV|VOTE|from=node00|H=1|phase=PREVOTE
2025-11-16T15:51:00.083Z|NODE|node03|RECV|HEADER|from=node00|H=1
2025-11-16T15:51:00.083Z|NODE|node06|RECV|VOTE|from=node00|H=1|phase=PREVOTE
2025-11-16T15:51:00.083Z|NODE|node02|RECV|VOTE|from=node00|H=1|phase=PREVOTE
2025-11-16T15:51:00.083Z|NODE|node07|RECV|VOTE|from=node00|H=1|phase=PREVOTE
2025-11-16T15:51:00.083Z|NODE|node00|SENT|PREVOTE|H=1
2025-11-16T15:51:00.088Z|SIM|TICKS=200|END
2025-11-16T15:51:00.088Z|STATE|node=node00|{}
