2025-11-14T04:13:15.782Z|NODE|node00|PROPOSE|H=1
2025-11-14T04:13:15.788Z|NODE|node03|RECV|HEADER|from=node00|H=1
2025-11-14T04:13:15.788Z|NODE|node00|PROPOSE|H=1
2025-11-14T04:13:15.794Z|NODE|node02|RECV|HEADER|from=node00|H=1
2025-11-14T04:13:15.794Z|NODE|node00|PROPOSE|H=1
2025-11-14T04:13:15.800Z|NODE|node01|RECV|HEADER|from=node00|H=1
2025-11-14T04:13:15.800Z|NODE|node00|RECV|HEADER|from=node00|H=1
2025-11-14T04:13:15.800Z|NODE|node02|RECV|HEADER|from=node00|H=1
2025-11-14T04:13:15.800Z|NODE|node00|SENT|PREVOTE|H=1
2025-11-14T04:13:15.800Z|NODE|node03|RECV|HEADER|from=node00|H=1
2025-11-14T04:13:15.800Z|NODE|node00|PROPOSE|H=1
2025-11-14T04:13:15.800Z|NODE|node01|RECV|HEADER|from=node00|H=1
2025-11-14T04:13:15.800Z|NODE|node00|RECV|HEADER|from=node00|H=1
2025-11-14T04:13:15.803Z|NODE|node00|SENT|PREVOTE|H=1
2025-11-14T04:13:15.803Z|NODE|node00|RECV|HEADER|from=node00|H=1
2025-11-14T04:13:15.803Z|NODE|node00|SENT|PREVOTE|H=1
2025-11-14T04:13:15.806Z|NODE|node02|RECV|VOTE|from=node00|H=1|phase=PREVOTE
2025-11-14T04:13:15.806Z|NODE|node00|PROPOSE|H=1
2025-11-14T04:13:15.806Z|NODE|node03|RECV|HEADER|from=node00|H=1
2025-11-14T04:13:15.806Z|NODE|node01|RECV|HEADER|from=node00|H=1
2025-11-14T04:13:15.806Z|NODE|node03|RECV|HEADER|from=node00|H=1
2025-11-14T04:13:15.806Z|NODE|node01|RECV|HEADER|from=node00|H=1
2025-11-14T04:13:15.806Z|NODE|node01|RECV|VOTE|from=node00|H=1|phase=PREVOTE
2025-11-14T04:13:15.811Z|NODE|node00|RECV|HEADER|from=node00|H=1
2025-11-14T04:13:15.811Z|NODE|node02|RECV|HEADER|from=node00|H=1
2025-11-14T04:13:15.811Z|NODE|node03|RECV|VOTE|from=node00|H=1|phase=PREVOTE
2025-11-14T04:13:15.811Z|NODE|node03|RECV|VOTE|from=node00|H=1|phase=PREVOTE
2025-11-14T04:13:15.811Z|NODE|node00|PROPOSE|H=1
2025-11-14T04:13:15.811Z|NODE|node00|SENT|PREVOTE|H=1
2025-11-14T04:13:15.811Z|NODE|node00|RECV|VOTE|from=node00|H=1|phase=PREVOTE
2025-11-14T04:13:15.811Z|NODE|node02|RECV|HEADER|from=node00|H=1
2025-11-14T04:13:15.811Z|NODE|node00|RECV|VOTE|from=node00|H=1|phase=PREVOTE
2025-11-14T04:13:15.811Z|NODE|node00|RECV|VOTE|from=node00|H=1|phase=PREVOTE
2025-11-14T04:13:15.817Z|NODE|node02|RECV|VOTE|from=node00|H=1|phase=PREVOTE
2025-11-14T04:13:15.817Z|NODE|node03|RECV|VOTE|from=node00|H=1|phase=PREVOTE
2025-11-14T04:13:15.817Z|NODE|node03|RECV|VOTE|from=node00|H=1|phase=PREVOTE
2025-11-14T04:13:15.817Z|NODE|node01|RECV|VOTE|from=node00|H=1|phase=PREVOTE
2025-11-14T04:13:15.817Z|NODE|node01|RECV|VOTE|from=node00|H=1|phase=PREVOTE
2025-11-14T04:13:15.818Z|NODE|node01|RECV|HEADER|from=node00|H=1
2025-11-14T04:13:15.818Z|NODE|node00|RECV|HEADER|from=node00|H=1
2025-11-14T04:13:15.818Z|NODE|node01|RECV|HEADER|from=node00|H=1
2025-11-14T04:13:15.818Z|NODE|node00|PROPOSE|H=1
2025-11-14T04:13:15.818Z|NODE|node02|RECV|VOTE|from=node00|H=1|phase=PREVOTE
2025-11-14T04:13:15.818Z|NODE|node00|SENT|PREVOTE|H=1
2025-11-14T04:13:15.818Z|NODE|node01|RECV|VOTE|from=node00|H=1|phase=PREVOTE
2025-11-14T04:13:15.823Z|NODE|node02|RECV|HEADER|from=node00|H=1
2025-11-14T04:13:15.823Z|NODE|node03|RECV|HEADER|from=node00|H=1
2025-11-14T04:13:15.823Z|NODE|node00|RECV|HEADER|from=node00|H=1
2025-11-14T04:13:15.824Z|NODE|node01|RECV|HEADER|from=node00|H=1
2025-11-14T04:13:15.824Z|NODE|node00|SENT|PREVOTE|H=1
2025-11-14T04:13:15.824Z|NODE|node00|RECV|HEADER|from=node00|H=1
2025-11-14T04:13:15.824Z|NODE|node00|PROPOSE|H=1
2025-11-14T04:13:15.824Z|NODE|node02|RECV|HEADER|from=node00|H=1
2025-11-14T04:13:15.824Z|NODE|node03|RECV|HEADER|from=node00|H=1
2025-11-14T04:13:15.824Z|NODE|node01|RECV|VOTE|from=node00|H=1|phase=PREVOTE
2025-11-14T04:13:15.824Z|NODE|node00|SENT|PREVOTE|H=1
2025-11-14T04:13:15.829Z|NODE|node02|RECV|VOTE|from=node00|H=1|phase=PREVOTE
2025-11-14T04:13:15.829Z|NODE|node02|RECV|VOTE|from=node00|H=1|phase=PREVOTE
2025-11-14T04:13:15.829Z|NODE|node00|RECV|VOTE|from=node00|H=1|phase=PREVOTE
2025-11-14T04:13:15.829Z|NODE|node03|RECV|HEADER|from=node00|H=1
2025-11-14T04:13:15.829Z|NODE|node01|RECV|HEADER|from=node00|H=1
2025-11-14T04:13:15.829Z|NODE|node00|PROPOSE|H=1
2025-11-14T04:13:15.829Z|NODE|node00|RECV|HEADER|from=node00|H=1
2025-11-14T04:13:15.829Z|NODE|node02|RECV|VOTE|from=node00|H=1|phase=PREVOTE
2025-11-14T04:13:15.830Z|NODE|node00|SENT|PREVOTE|H=1
2025-11-14T04:13:15.830Z|NODE|node00|RECV|VOTE|from=node00|H=1|phase=PREVOTE
2025-11-14T04:13:15.835Z|NODE|node03|RECV|VOTE|from=node00|H=1|phase=PREVOTE
2025-11-14T04:13:15.835Z|NODE|node03|RECV|HEADER|from=node00|H=1
2025-11-14T04:13:15.835Z|NODE|node00|RECV|VOTE|from=node00|H=1|phase=PREVOTE
2025-11-14T04:13:15.835Z|NODE|node02|RECV|HEADER|from=node00|H=1
2025-11-14T04:13:15.836Z|NODE|node00|PROPOSE|H=1
2025-11-14T04:13:15.836Z|NODE|node00|RECV|VOTE|from=node00|H=1|phase=PREVOTE
2025-11-14T04:13:15.836Z|NODE|node03|RECV|VOTE|from=node00|H=1|phase=PREVOTE
2025-11-14T04:13:15.836Z|NODE|node03|RECV|VOTE|from=node00|H=1|phase=PREVOTE
2025-11-14T04:13:15.836Z|NODE|node02|RECV|HEADER|from=node00|H=1
2025-11-14T04:13:15.836Z|NODE|node02|RECV|VOTE|from=node00|H=1|phase=PREVOTE
2025-11-14T04:13:15.841Z|NODE|node01|RECV|VOTE|from=node00|H=1|phase=PREVOTE
2025-11-14T04:13:15.841Z|NODE|node01|RECV|VOTE|from=node00|H=1|phase=PREVOTE
2025-11-14T04:13:15.841Z|NODE|node01|RECV|HEADER|from=node00|H=1
2025-11-14T04:13:15.841Z|NODE|node00|RECV|VOTE|from=node00|H=1|phase=PREVOTE
2025-11-14T04:13:15.841Z|NODE|node03|RECV|VOTE|from=node00|H=1|phase=PREVOTE
2025-11-14T04:13:15.842Z|NODE|node02|RECV|HEADER|from=node00|H=1
2025-11-14T04:13:15.842Z|NODE|node00|PROPOSE|H=1
2025-11-14T04:13:15.842Z|NODE|node00|RECV|HEADER|from=node00|H=1
2025-11-14T04:13:15.842Z|NODE|node01|RECV|HEADER|from=node00|H=1
2025-11-14T04:13:15.842Z|NODE|node02|RECV|VOTE|from=node00|H=1|phase=PREVOTE
2025-11-14T04:13:15.842Z|NODE|node02|RECV|HEADER|from=node00|H=1
2025-11-14T04:13:15.842Z|NODE|node00|SENT|PREVOTE|H=1
2025-11-14T04:13:15.847Z|NODE|node03|RECV|HEADER|from=node00|H=1
2025-11-14T04:13:15.847Z|NODE|node01|RECV|VOTE|from=node00|H=1|phase=PREVOTE
2025-11-14T04:13:15.847Z|NODE|node00|RECV|HEADER|from=node00|H=1
2025-11-14T04:13:15.847Z|NODE|node02|RECV|VOTE|from=node00|H=1|phase=PREVOTE
2025-11-14T04:13:15.847Z|NODE|node00|PROPOSE|H=1
2025-11-14T04:13:15.847Z|NODE|node03|RECV|HEADER|from=node00|H=1
2025-11-14T04:13:15.847Z|NODE|node00|SENT|PREVOTE|H=1
2025-11-14T04:13:15.851Z|NODE|node00|RECV|VOTE|from=node00|H=1|phase=PREVOTE
2025-11-14T04:13:15.853Z|NODE|node00|PROPOSE|H=1
2025-11-14T04:13:15.853Z|NODE|node00|RECV|HEADER|from=node00|H=1
2025-11-14T04:13:15.853Z|NODE|node03|RECV|HEADER|from=node00|H=1
2025-11-14T04:13:15.854Z|NODE|node03|RECV|VOTE|from=node00|H=1|phase=PREVOTE
2025-11-14T04:13:15.854Z|NODE|node03|RECV|HEADER|from=node00|H=1
2025-11-14T04:13:15.854Z|NODE|node02|RECV|HEADER|from=node00|H=1
2025-11-14T04:13:15.854Z|NODE|node02|RECV|HEADER|from=node00|H=1
2025-11-14T04:13:15.854Z|NODE|node00|SENT|PREVOTE|H=1
2025-11-14T04:13:15.855Z|NODE|node00|RECV|HEADER|from=node00|H=1
2025-11-14T04:13:15.856Z|NODE|node00|SENT|PREVOTE|H=1
2025-11-14T04:13:15.856Z|NODE|node00|RECV|VOTE|from=node00|H=1|phase=PREVOTE
2025-11-14T04:13:15.859Z|NODE|node01|RECV|HEADER|from=node00|H=1
2025-11-14T04:13:15.859Z|NODE|node01|RECV|VOTE|from=node00|H=1|phase=PREVOTE
2025-11-14T04:13:15.860Z|NODE|node01|RECV|VOTE|from=node00|H=1|phase=PREVOTE
2025-11-14T04:13:15.860Z|NODE|node00|PROPOSE|H=1
2025-11-14T04:13:15.860Z|NODE|node03|RECV|VOTE|from=node00|H=1|phase=PREVOTE
2025-11-14T04:13:15.865Z|NODE|node00|PROPOSE|H=1
2025-11-14T04:13:15.866Z|NODE|node02|RECV|VOTE|from=node00|H=1|phase=PREVOTE
2025-11-14T04:13:15.867Z|NODE|node01|RECV|HEADER|from=node00|H=1
2025-11-14T04:13:15.867Z|NODE|node01|RECV|VOTE|from=node00|H=1|phase=PREVOTE
2025-11-14T04:13:15.867Z|NODE|node01|RECV|HEADER|from=node00|H=1
2025-11-14T04:13:15.867Z|NODE|node00|RECV|VOTE|from=node00|H=1|phase=PREVOTE
2025-11-14T04:13:15.868Z|NODE|node03|RECV|VOTE|from=node00|H=1|phase=PREVOTE
2025-11-14T04:13:15.868Z|NODE|node02|RECV|HEADER|from=node00|H=1
2025-11-14T04:13:15.868Z|NODE|node00|RECV|VOTE|from=node00|H=1|phase=PREVOTE
2025-11-14T04:13:15.868Z|NODE|node00|RECV|HEADER|from=node00|H=1
2025-11-14T04:13:15.868Z|NODE|node00|SENT|PREVOTE|H=1
2025-11-14T04:13:15.869Z|NODE|node02|RECV|VOTE|from=node00|H=1|phase=PREVOTE
2025-11-14T04:13:15.871Z|NODE|node01|RECV|HEADER|from=node00|H=1
2025-11-14T04:13:15.871Z|NODE|node00|RECV|HEADER|from=node00|H=1
2025-11-14T04:13:15.871Z|NODE|node03|RECV|HEADER|from=node00|H=1
2025-11-14T04:13:15.871Z|NODE|node02|RECV|VOTE|from=node00|H=1|phase=PREVOTE
2025-11-14T04:13:15.872Z|NODE|node02|RECV|HEADER|from=node00|H=1
2025-11-14T04:13:15.872Z|NODE|node00|PROPOSE|H=1
2025-11-14T04:13:15.872Z|NODE|node01|RECV|VOTE|from=node00|H=1|phase=PREVOTE
2025-11-14T04:13:15.872Z|NODE|node01|RECV|HEADER|from=node00|H=1
2025-11-14T04:13:15.872Z|NODE|node00|SENT|PREVOTE|H=1
2025-11-14T04:13:15.872Z|NODE|node03|RECV|VOTE|from=node00|H=1|phase=PREVOTE
2025-11-14T04:13:15.872Z|NODE|node03|RECV|HEADER|from=node00|H=1
2025-11-14T04:13:15.873Z|NODE|node03|RECV|VOTE|from=node00|H=1|phase=PREVOTE
2025-11-14T04:13:15.873Z|NODE|node01|RECV|VOTE|from=node00|H=1|phase=PREVOTE
2025-11-14T04:13:15.877Z|NODE|node02|RECV|VOTE|from=node00|H=1|phase=PREVOTE
2025-11-14T04:13:15.877Z|NODE|node03|RECV|HEADER|from=node00|H=1
2025-11-14T04:13:15.877Z|NODE|node01|RECV|HEADER|from=node00|H=1
2025-11-14T04:13:15.877Z|NODE|node00|PROPOSE|H=1
2025-11-14T04:13:15.883Z|NODE|node02|RECV|HEADER|from=node00|H=1
2025-11-14T04:13:15.884Z|NODE|node03|RECV|HEADER|from=node00|H=1
2025-11-14T04:13:15.884Z|NODE|node00|RECV|HEADER|from=node00|H=1
2025-11-14T04:13:15.884Z|NODE|node01|RECV|VOTE|from=node00|H=1|phase=PREVOTE
2025-11-14T04:13:15.885Z|NODE|node00|SENT|PREVOTE|H=1
2025-11-14T04:13:15.885Z|NODE|node00|RECV|VOTE|from=node00|H=1|phase=PREVOTE
2025-11-14T04:13:15.885Z|NODE|node01|RECV|HEADER|from=node00|H=1
2025-11-14T04:13:15.885Z|NODE|node02|RECV|HEADER|from=node00|H=1
2025-11-14T04:13:15.885Z|NODE|node03|RECV|HEADER|from=node00|H=1
2025-11-14T04:13:15.885Z|NODE|node00|PROPOSE|H=1
2025-11-14T04:13:15.885Z|NODE|node00|RECV|HEADER|from=node00|H=1
2025-11-14T04:13:15.886Z|NODE|node00|SENT|PREVOTE|H=1
2025-11-14T04:13:15.886Z|NODE|node00|RECV|VOTE|from=node00|H=1|phase=PREVOTE
2025-11-14T04:13:15.891Z|NODE|node02|RECV|HEADER|from=node00|H=1
2025-11-14T04:13:15.891Z|NODE|node03|RECV|VOTE|from=node00|H=1|phase=PREVOTE
2025-11-14T04:13:15.891Z|NODE|node03|RECV|VOTE|from=node00|H=1|phase=PREVOTE
2025-11-14T04:13:15.891Z|NODE|node00|RECV|VOTE|from=node00|H=1|phase=PREVOTE
2025-11-14T04:13:15.891Z|NODE|node00|PROPOSE|H=1
2025-11-14T04:13:15.891Z|NODE|node02|RECV|VOTE|from=node00|H=1|phase=PREVOTE
2025-11-14T04:13:15.896Z|NODE|node03|RECV|HEADER|from=node00|H=1
2025-11-14T04:13:15.896Z|NODE|node00|RECV|HEADER|from=node00|H=1
2025-11-14T04:13:15.896Z|NODE|node01|RECV|VOTE|from=node00|H=1|phase=PREVOTE
2025-11-14T04:13:15.896Z|NODE|node00|SENT|PREVOTE|H=1
2025-11-14T04:13:15.897Z|NODE|node00|RECV|VOTE|from=node00|H=1|phase=PREVOTE
2025-11-14T04:13:15.897Z|NODE|node02|RECV|HEADER|from=node00|H=1
2025-11-14T04:13:15.897Z|NODE|node00|PROPOSE|H=1
2025-11-14T04:13:15.898Z|NODE|node03|RECV|VOTE|from=node00|H=1|phase=PREVOTE
2025-11-14T04:13:15.898Z|NODE|node03|RECV|HEADER|from=node00|H=1
2025-11-14T04:13:15.898Z|NODE|node01|RECV|VOTE|from=node00|H=1|phase=PREVOTE
2025-11-14T04:13:15.898Z|NODE|node00|RECV|HEADER|from=node00|H=1
2025-11-14T04:13:15.898Z|NODE|node00|SENT|PREVOTE|H=1
2025-11-14T04:13:15.903Z|NODE|node00|RECV|HEADER|from=node00|H=1
2025-11-14T04:13:15.903Z|NODE|node01|RECV|HEADER|from=node00|H=1
2025-11-14T04:13:15.903Z|NODE|node00|SENT|PREVOTE|H=1
2025-11-14T04:13:15.903Z|NODE|node02|RECV|HEADER|from=node00|H=1
2025-11-14T04:13:15.903Z|NODE|node00|PROPOSE|H=1
2025-11-14T04:13:15.903Z|NODE|node02|RECV|VOTE|from=node00|H=1|phase=PREVOTE
2025-11-14T04:13:15.903Z|NODE|node02|RECV|VOTE|from=node00|H=1|phase=PREVOTE
2025-11-14T04:13:15.903Z|NODE|node02|RECV|VOTE|from=node00|H=1|phase=PREVOTE
2025-11-14T04:13:15.903Z|NODE|node00|RECV|VOTE|from=node00|H=1|phase=PREVOTE
2025-11-14T04:13:15.904Z|NODE|node01|RECV|HEADER|from=node00|H=1
2025-11-14T04:13:15.904Z|NODE|node01|RECV|HEADER|from=node00|H=1
2025-11-14T04:13:15.904Z|NODE|node01|RECV|VOTE|from=node00|H=1|phase=PREVOTE
2025-11-14T04:13:15.909Z|NODE|node00|RECV|VOTE|from=node00|H=1|phase=PREVOTE
2025-11-14T04:13:15.909Z|NODE|node01|RECV|VOTE|from=node00|H=1|phase=PREVOTE
2025-11-14T04:13:15.910Z|NODE|node01|RECV|HEADER|from=node00|H=1
2025-11-14T04:13:15.910Z|NODE|node03|RECV|HEADER|from=node00|H=1
2025-11-14T04:13:15.910Z|NODE|node02|RECV|VOTE|from=node00|H=1|phase=PREVOTE
2025-11-14T04:13:15.910Z|NODE|node00|PROPOSE|H=1
2025-11-14T04:13:15.910Z|NODE|node03|RECV|VOTE|from=node00|H=1|phase=PREVOTE
2025-11-14T04:13:15.916Z|NODE|node00|RECV|HEADER|from=node00|H=1
2025-11-14T04:13:15.916Z|NODE|node02|RECV|HEADER|from=node00|H=1
2025-11-14T04:13:15.916Z|NODE|node03|RECV|VOTE|from=node00|H=1|phase=PREVOTE
2025-11-14T04:13:15.916Z|NODE|node03|RECV|HEADER|from=node00|H=1
2025-11-14T04:13:15.916Z|NODE|node00|PROPOSE|H=1
2025-11-14T04:13:15.916Z|NODE|node00|SENT|PREVOTE|H=1
2025-11-14T04:13:15.916Z|NODE|node00|RECV|HEADER|from=node00|H=1
2025-11-14T04:13:15.916Z|NODE|node02|RECV|VOTE|from=node00|H=1|phase=PREVOTE
2025-11-14T04:13:15.917Z|NODE|node00|SENT|PREVOTE|H=1
2025-11-14T04:13:15.917Z|NODE|node00|RECV|VOTE|from=node00|H=1|phase=PREVOTE
2025-11-14T04:13:15.921Z|NODE|node02|RECV|HEADER|from=node00|H=1
2025-11-14T04:13:15.921Z|NODE|node00|PROPOSE|H=1
2025-11-14T04:13:15.922Z|NODE|node03|RECV|VOTE|from=node00|H=1|phase=PREVOTE
2025-11-14T04:13:15.922Z|NODE|node03|RECV|VOTE|from=node00|H=1|phase=PREVOTE
2025-11-14T04:13:15.922Z|NODE|node00|RECV|HEADER|from=node00|H=1
2025-11-14T04:13:15.922Z|NODE|node01|RECV|VOTE|from=node00|H=1|phase=PREVOTE
2025-11-14T04:13:15.922Z|NODE|node01|RECV|HEADER|from=node00|H=1
2025-11-14T04:13:15.922Z|NODE|node02|RECV|HEADER|from=node00|H=1
2025-11-14T04:13:15.922Z|NODE|node00|SENT|PREVOTE|H=1
2025-11-14T04:13:15.922Z|NODE|node00|RECV|HEADER|from=node00|H=1
2025-11-14T04:13:15.923Z|NODE|node02|RECV|HEADER|from=node00|H=1
2025-11-14T04:13:15.923Z|NODE|node00|SENT|PREVOTE|H=1
2025-11-14T04:13:15.923Z|NODE|node00|RECV|VOTE|from=node00|H=1|phase=PREVOTE
2025-11-14T04:13:15.923Z|NODE|node02|RECV|VOTE|from=node00|H=1|phase=PREVOTE
2025-11-14T04:13:15.927Z|NODE|node03|RECV|HEADER|from=node00|H=1
2025-11-14T04:13:15.927Z|NODE|node02|RECV|VOTE|from=node00|H=1|phase=PREVOTE
2025-11-14T04:13:15.927Z|NODE|node02|RECV|HEADER|from=node00|H=1
2025-11-14T04:13:15.927Z|NODE|node01|RECV|HEADER|from=node00|H=1
2025-11-14T04:13:15.927Z|NODE|node00|RECV|HEADER|from=node00|H=1
2025-11-14T04:13:15.927Z|NODE|node00|PROPOSE|H=1
2025-11-14T04:13:15.928Z|NODE|node00|SENT|PREVOTE|H=1
2025-11-14T04:13:15.928Z|NODE|node00|RECV|VOTE|from=node00|H=1|phase=PREVOTE
2025-11-14T04:13:15.928Z|NODE|node03|RECV|HEADER|from=node00|H=1
2025-11-14T04:13:15.928Z|NODE|node03|RECV|VOTE|from=node00|H=1|phase=PREVOTE
2025-11-14T04:13:15.928Z|NODE|node03|RECV|VOTE|from=node00|H=1|phase=PREVOTE
2025-11-14T04:13:15.933Z|NODE|node01|RECV|VOTE|from=node00|H=1|phase=PREVOTE
2025-11-14T04:13:15.933Z|NODE|node00|RECV|VOTE|from=node00|H=1|phase=PREVOTE
2025-11-14T04:13:15.933Z|NODE|node03|RECV|HEADER|from=node00|H=1
2025-11-14T04:13:15.933Z|NODE|node00|PROPOSE|H=1
2025-11-14T04:13:15.933Z|NODE|node01|RECV|VOTE|from=node00|H=1|phase=PREVOTE
2025-11-14T04:13:15.934Z|NODE|node01|RECV|VOTE|from=node00|H=1|phase=PREVOTE
2025-11-14T04:13:15.934Z|NODE|node03|RECV|VOTE|from=node00|H=1|phase=PREVOTE
2025-11-14T04:13:15.934Z|NODE|node03|RECV|HEADER|from=node00|H=1
2025-11-14T04:13:15.934Z|NODE|node00|RECV|VOTE|from=node00|H=1|phase=PREVOTE
2025-11-14T04:13:15.934Z|NODE|node00|RECV|HEADER|from=node00|H=1
2025-11-14T04:13:15.934Z|NODE|node00|SENT|PREVOTE|H=1
2025-11-14T04:13:15.939Z|NODE|node02|RECV|VOTE|from=node00|H=1|phase=PREVOTE
2025-11-14T04:13:15.939Z|NODE|node02|RECV|VOTE|from=node00|H=1|phase=PREVOTE
2025-11-14T04:13:15.939Z|NODE|node02|RECV|HEADER|from=node00|H=1
2025-11-14T04:13:15.939Z|NODE|node01|RECV|HEADER|from=node00|H=1
2025-11-14T04:13:15.939Z|NODE|node03|RECV|VOTE|from=node00|H=1|phase=PREVOTE
2025-11-14T04:13:15.939Z|NODE|node01|RECV|VOTE|from=node00|H=1|phase=PREVOTE
2025-11-14T04:13:15.939Z|NODE|node03|RECV|VOTE|from=node00|H=1|phase=PREVOTE
2025-11-14T04:13:15.939Z|NODE|node00|PROPOSE|H=1
2025-11-14T04:13:15.939Z|NODE|node01|RECV|VOTE|from=node00|H=1|phase=PREVOTE
2025-11-14T04:13:15.939Z|NODE|node01|RECV|HEADER|from=node00|H=1
2025-11-14T04:13:15.945Z|NODE|node00|RECV|VOTE|from=node00|H=1|phase=PREVOTE
2025-11-14T04:13:15.945Z|NODE|node00|PROPOSE|H=1
2025-11-14T04:13:15.945Z|NODE|node00|RECV|HEADER|from=node00|H=1
2025-11-14T04:13:15.945Z|NODE|node02|RECV|VOTE|from=node00|H=1|phase=PREVOTE
2025-11-14T04:13:15.945Z|NODE|node02|RECV|HEADER|from=node00|H=1
2025-11-14T04:13:15.945Z|NODE|node01|RECV|HEADER|from=node00|H=1
2025-11-14T04:13:15.945Z|NODE|node03|RECV|HEADER|from=node00|H=1
2025-11-14T04:13:15.945Z|NODE|node00|SENT|PREVOTE|H=1
2025-11-14T04:13:15.945Z|NODE|node00|RECV|VOTE|from=node00|H=1|phase=PREVOTE
2025-11-14T04:13:15.945Z|NODE|node00|RECV|HEADER|from=node00|H=1
2025-11-14T04:13:15.945Z|NODE|node01|RECV|VOTE|from=node00|H=1|phase=PREVOTE
2025-11-14T04:13:15.946Z|NODE|node00|SENT|PREVOTE|H=1
2025-11-14T04:13:15.951Z|NODE|node02|RECV|VOTE|from=node00|H=1|phase=PREVOTE
2025-11-14T04:13:15.951Z|NODE|node02|RECV|HEADER|from=node00|H=1
2025-11-14T04:13:15.951Z|NODE|node03|RECV|HEADER|from=node00|H=1
2025-11-14T04:13:15.951Z|NODE|node01|RECV|HEADER|from=node00|H=1
2025-11-14T04:13:15.951Z|NODE|node03|RECV|VOTE|from=node00|H=1|phase=PREVOTE
2025-11-14T04:13:15.951Z|NODE|node00|PROPOSE|H=1
2025-11-14T04:13:15.951Z|NODE|node02|RECV|VOTE|from=node00|H=1|phase=PREVOTE
2025-11-14T04:13:15.951Z|NODE|node01|RECV|VOTE|from=node00|H=1|phase=PREVOTE
2025-11-14T04:13:15.956Z|NODE|node00|RECV|HEADER|from=node00|H=1
2025-11-14T04:13:15.956Z|NODE|node02|RECV|HEADER|from=node00|H=1
2025-11-14T04:13:15.957Z|NODE|node00|SENT|PREVOTE|H=1
2025-11-14T04:13:15.957Z|NODE|node02|RECV|VOTE|from=node00|H=1|phase=PREVOTE
2025-11-14T04:13:15.957Z|NODE|node02|RECV|HEADER|from=node00|H=1
2025-11-14T04:13:15.958Z|NODE|node01|RECV|VOTE|from=node00|H=1|phase=PREVOTE
2025-11-14T04:13:15.958Z|NODE|node00|RECV|VOTE|from=node00|H=1|phase=PREVOTE
2025-11-14T04:13:15.958Z|NODE|node00|PROPOSE|H=1
2025-11-14T04:13:15.958Z|NODE|node00|RECV|HEADER|from=node00|H=1
2025-11-14T04:13:15.958Z|NODE|node00|SENT|PREVOTE|H=1
2025-11-14T04:13:15.963Z|NODE|node03|RECV|HEADER|from=node00|H=1
2025-11-14T04:13:15.963Z|NODE|node00|RECV|VOTE|from=node00|H=1|phase=PREVOTE
2025-11-14T04:13:15.963Z|NODE|node01|RECV|HEADER|from=node00|H=1
2025-11-14T04:13:15.963Z|NODE|node00|PROPOSE|H=1
2025-11-14T04:13:15.963Z|NODE|node00|RECV|VOTE|from=node00|H=1|phase=PREVOTE
2025-11-14T04:13:15.963Z|NODE|node03|RECV|VOTE|from=node00|H=1|phase=PREVOTE
2025-11-14T04:13:15.963Z|NODE|node03|RECV|HEADER|from=node00|H=1
2025-11-14T04:13:15.963Z|NODE|node01|RECV|HEADER|from=node00|H=1
2025-11-14T04:13:15.963Z|NODE|node03|RECV|VOTE|from=node00|H=1|phase=PREVOTE
2025-11-14T04:13:15.964Z|NODE|node01|RECV|HEADER|from=node00|H=1
2025-11-14T04:13:15.964Z|NODE|node01|RECV|VOTE|from=node00|H=1|phase=PREVOTE
2025-11-14T04:13:15.969Z|NODE|node00|RECV|HEADER|from=node00|H=1
2025-11-14T04:13:15.969Z|NODE|node00|PROPOSE|H=1
2025-11-14T04:13:15.969Z|NODE|node02|RECV|VOTE|from=node00|H=1|phase=PREVOTE
2025-11-14T04:13:15.969Z|NODE|node03|RECV|HEADER|from=node00|H=1
2025-11-14T04:13:15.969Z|NODE|node00|SENT|PREVOTE|H=1
2025-11-14T04:13:15.974Z|NODE|node02|RECV|HEADER|from=node00|H=1
2025-11-14T04:13:15.974Z|NODE|node00|RECV|VOTE|from=node00|H=1|phase=PREVOTE
2025-11-14T04:13:15.974Z|NODE|node03|RECV|VOTE|from=node00|H=1|phase=PREVOTE
2025-11-14T04:13:15.974Z|NODE|node03|RECV|HEADER|from=node00|H=1
2025-11-14T04:13:15.975Z|NODE|node01|RECV|VOTE|from=node00|H=1|phase=PREVOTE
2025-11-14T04:13:15.975Z|NODE|node00|PROPOSE|H=1
2025-11-14T04:13:15.975Z|NODE|node00|RECV|HEADER|from=node00|H=1
2025-11-14T04:13:15.975Z|NODE|node02|RECV|VOTE|from=node00|H=1|phase=PREVOTE
2025-11-14T04:13:15.975Z|NODE|node02|RECV|HEADER|from=node00|H=1
2025-11-14T04:13:15.975Z|NODE|node01|RECV|HEADER|from=node00|H=1
2025-11-14T04:13:15.975Z|NODE|node00|SENT|PREVOTE|H=1
2025-11-14T04:13:15.975Z|NODE|node02|RECV|HEADER|from=node00|H=1
2025-11-14T04:13:15.980Z|NODE|node01|RECV|HEADER|from=node00|H=1
2025-11-14T04:13:15.980Z|NODE|node00|PROPOSE|H=1
2025-11-14T04:13:15.980Z|NODE|node02|RECV|VOTE|from=node00|H=1|phase=PREVOTE
2025-11-14T04:13:15.980Z|NODE|node02|RECV|VOTE|from=node00|H=1|phase=PREVOTE
2025-11-14T04:13:15.980Z|NODE|node00|RECV|HEADER|from=node00|H=1
2025-11-14T04:13:15.981Z|NODE|node03|RECV|HEADER|from=node00|H=1
2025-11-14T04:13:15.981Z|NODE|node01|RECV|VOTE|from=node00|H=1|phase=PREVOTE
2025-11-14T04:13:15.981Z|NODE|node00|SENT|PREVOTE|H=1
2025-11-14T04:13:15.981Z|NODE|node03|RECV|VOTE|from=node00|H=1|phase=PREVOTE
2025-11-14T04:13:15.981Z|NODE|node03|RECV|HEADER|from=node00|H=1
2025-11-14T04:13:15.986Z|NODE|node01|RECV|VOTE|from=node00|H=1|phase=PREVOTE
2025-11-14T04:13:15.986Z|NODE|node02|RECV|HEADER|from=node00|H=1
2025-11-14T04:13:15.986Z|NODE|node00|RECV|HEADER|from=node00|H=1
2025-11-14T04:13:15.986Z|NODE|node03|RECV|VOTE|from=node00|H=1|phase=PREVOTE
2025-11-14T04:13:15.986Z|NODE|node00|SENT|PREVOTE|H=1
2025-11-14T04:13:15.986Z|NODE|node00|RECV|VOTE|from=node00|H=1|phase=PREVOTE
2025-11-14T04:13:15.986Z|NODE|node00|PROPOSE|H=1
2025-11-14T04:13:15.986Z|NODE|node02|RECV|HEADER|from=node00|H=1
2025-11-14T04:13:15.986Z|NODE|node03|RECV|HEADER|from=node00|H=1
2025-11-14T04:13:15.992Z|NODE|node00|RECV|VOTE|from=node00|H=1|phase=PREVOTE
2025-11-14T04:13:15.992Z|NODE|node01|RECV|HEADER|from=node00|H=1
2025-11-14T04:13:15.992Z|NODE|node03|RECV|VOTE|from=node00|H=1|phase=PREVOTE
2025-11-14T04:13:15.992Z|NODE|node03|RECV|VOTE|from=node00|H=1|phase=PREVOTE
2025-11-14T04:13:15.992Z|NODE|node02|RECV|VOTE|from=node00|H=1|phase=PREVOTE
2025-11-14T04:13:15.992Z|NODE|node00|PROPOSE|H=1
2025-11-14T04:13:15.993Z|NODE|node01|RECV|HEADER|from=node00|H=1
2025-11-14T04:13:15.993Z|NODE|node00|RECV|VOTE|from=node00|H=1|phase=PREVOTE
2025-11-14T04:13:15.993Z|NODE|node01|RECV|VOTE|from=node00|H=1|phase=PREVOTE
2025-11-14T04:13:15.998Z|NODE|node00|RECV|HEADER|from=node00|H=1
2025-11-14T04:13:15.998Z|NODE|node02|RECV|VOTE|from=node00|H=1|phase=PREVOTE
2025-11-14T04:13:15.998Z|NODE|node03|RECV|HEADER|from=node00|H=1
2025-11-14T04:13:15.998Z|NODE|node01|RECV|HEADER|from=node00|H=1
2025-11-14T04:13:15.998Z|NODE|node03|RECV|HEADER|from=node00|H=1
2025-11-14T04:13:15.998Z|NODE|node00|SENT|PREVOTE|H=1
2025-11-14T04:13:15.998Z|NODE|node00|RECV|HEADER|from=node00|H=1
2025-11-14T04:13:15.999Z|NODE|node00|PROPOSE|H=1
2025-11-14T04:13:15.999Z|NODE|node00|SENT|PREVOTE|H=1
2025-11-14T04:13:15.999Z|NODE|node00|RECV|HEADER|from=node00|H=1
2025-11-14T04:13:16.000Z|NODE|node00|SENT|PREVOTE|H=1
2025-11-14T04:13:16.004Z|NODE|node02|RECV|HEADER|from=node00|H=1
2025-11-14T04:13:16.004Z|NODE|node01|RECV|HEADER|from=node00|H=1
2025-11-14T04:13:16.004Z|NODE|node00|RECV|VOTE|from=node00|H=1|phase=PREVOTE
2025-11-14T04:13:16.005Z|NODE|node03|RECV|HEADER|from=node00|H=1
2025-11-14T04:13:16.005Z|NODE|node00|PROPOSE|H=1
2025-11-14T04:13:16.005Z|NODE|node02|RECV|HEADER|from=node00|H=1
2025-11-14T04:13:16.006Z|NODE|node01|RECV|VOTE|from=node00|H=1|phase=PREVOTE
2025-11-14T04:13:16.006Z|NODE|node02|RECV|VOTE|from=node00|H=1|phase=PREVOTE
2025-11-14T04:13:16.006Z|NODE|node02|RECV|VOTE|from=node00|H=1|phase=PREVOTE
2025-11-14T04:13:16.006Z|NODE|node01|RECV|VOTE|from=node00|H=1|phase=PREVOTE
2025-11-14T04:13:16.006Z|NODE|node03|RECV|VOTE|from=node00|H=1|phase=PREVOTE
2025-11-14T04:13:16.010Z|NODE|node00|RECV|HEADER|from=node00|H=1
2025-11-14T04:13:16.010Z|NODE|node02|RECV|HEADER|from=node00|H=1
2025-11-14T04:13:16.010Z|NODE|node00|SENT|PREVOTE|H=1
2025-11-14T04:13:16.010Z|NODE|node00|RECV|VOTE|from=node00|H=1|phase=PREVOTE
2025-11-14T04:13:16.010Z|NODE|node01|RECV|HEADER|from=node00|H=1
2025-11-14T04:13:16.011Z|NODE|node03|RECV|VOTE|from=node00|H=1|phase=PREVOTE
2025-11-14T04:13:16.011Z|NODE|node03|RECV|VOTE|from=node00|H=1|phase=PREVOTE
2025-11-14T04:13:16.011Z|NODE|node00|PROPOSE|H=1
2025-11-14T04:13:16.011Z|NODE|node00|RECV|VOTE|from=node00|H=1|phase=PREVOTE
2025-11-14T04:13:16.011Z|NODE|node00|RECV|HEADER|from=node00|H=1
2025-11-14T04:13:16.011Z|NODE|node00|SENT|PREVOTE|H=1
2025-11-14T04:13:16.016Z|NODE|node00|RECV|VOTE|from=node00|H=1|phase=PREVOTE
2025-11-14T04:13:16.016Z|NODE|node02|RECV|VOTE|from=node00|H=1|phase=PREVOTE
2025-11-14T04:13:16.016Z|NODE|node01|RECV|HEADER|from=node00|H=1
2025-11-14T04:13:16.016Z|NODE|node03|RECV|HEADER|from=node00|H=1
2025-11-14T04:13:16.017Z|NODE|node00|PROPOSE|H=1
2025-11-14T04:13:16.017Z|NODE|node02|RECV|VOTE|from=node00|H=1|phase=PREVOTE
2025-11-14T04:13:16.017Z|NODE|node02|RECV|VOTE|from=node00|H=1|phase=PREVOTE
2025-11-14T04:13:16.017Z|NODE|node01|RECV|VOTE|from=node00|H=1|phase=PREVOTE
2025-11-14T04:13:16.017Z|NODE|node01|RECV|VOTE|from=node00|H=1|phase=PREVOTE
2025-11-14T04:13:16.017Z|NODE|node01|RECV|VOTE|from=node00|H=1|phase=PREVOTE
2025-11-14T04:13:16.017Z|NODE|node03|RECV|HEADER|from=node00|H=1
2025-11-14T04:13:16.017Z|NODE|node03|RECV|VOTE|from=node00|H=1|phase=PREVOTE
2025-11-14T04:13:16.022Z|NODE|node02|RECV|HEADER|from=node00|H=1
2025-11-14T04:13:16.022Z|NODE|node01|RECV|HEADER|from=node00|H=1
2025-11-14T04:13:16.022Z|NODE|node03|RECV|VOTE|from=node00|H=1|phase=PREVOTE
2025-11-14T04:13:16.022Z|NODE|node00|PROPOSE|H=1
2025-11-14T04:13:16.022Z|NODE|node02|RECV|HEADER|from=node00|H=1
2025-11-14T04:13:16.022Z|NODE|node01|RECV|VOTE|from=node00|H=1|phase=PREVOTE
2025-11-14T04:13:16.022Z|NODE|node01|RECV|HEADER|from=node00|H=1
2025-11-14T04:13:16.028Z|NODE|node00|RECV|HEADER|from=node00|H=1
2025-11-14T04:13:16.028Z|NODE|node02|RECV|HEADER|from=node00|H=1
2025-11-14T04:13:16.028Z|NODE|node03|RECV|HEADER|from=node00|H=1
2025-11-14T04:13:16.028Z|NODE|node00|PROPOSE|H=1
2025-11-14T04:13:16.028Z|NODE|node00|SENT|PREVOTE|H=1
2025-11-14T04:13:16.028Z|NODE|node00|RECV|VOTE|from=node00|H=1|phase=PREVOTE
2025-11-14T04:13:16.028Z|NODE|node00|RECV|VOTE|from=node00|H=1|phase=PREVOTE
2025-11-14T04:13:16.028Z|NODE|node00|RECV|HEADER|from=node00|H=1
2025-11-14T04:13:16.028Z|NODE|node02|RECV|HEADER|from=node00|H=1
2025-11-14T04:13:16.028Z|NODE|node00|SENT|PREVOTE|H=1
2025-11-14T04:13:16.033Z|NODE|node03|RECV|HEADER|from=node00|H=1
2025-11-14T04:13:16.033Z|NODE|node00|RECV|HEADER|from=node00|H=1
2025-11-14T04:13:16.033Z|NODE|node01|RECV|VOTE|from=node00|H=1|phase=PREVOTE
2025-11-14T04:13:16.033Z|NODE|node00|PROPOSE|H=1
2025-11-14T04:13:16.033Z|NODE|node03|RECV|HEADER|from=node00|H=1
2025-11-14T04:13:16.033Z|NODE|node00|SENT|PREVOTE|H=1
2025-11-14T04:13:16.034Z|NODE|node00|RECV|VOTE|from=node00|H=1|phase=PREVOTE
2025-11-14T04:13:16.039Z|NODE|node01|RECV|HEADER|from=node00|H=1
2025-11-14T04:13:16.039Z|NODE|node00|RECV|HEADER|from=node00|H=1
2025-11-14T04:13:16.039Z|NODE|node03|RECV|VOTE|from=node00|H=1|phase=PREVOTE
2025-11-14T04:13:16.039Z|NODE|node02|RECV|HEADER|from=node00|H=1
2025-11-14T04:13:16.039Z|NODE|node00|SENT|PREVOTE|H=1
2025-11-14T04:13:16.040Z|NODE|node00|RECV|VOTE|from=node00|H=1|phase=PREVOTE
2025-11-14T04:13:16.040Z|NODE|node00|PROPOSE|H=1
2025-11-14T04:13:16.040Z|NODE|node01|RECV|HEADER|from=node00|H=1
2025-11-14T04:13:16.040Z|NODE|node02|RECV|VOTE|from=node00|H=1|phase=PREVOTE
2025-11-14T04:13:16.040Z|NODE|node00|RECV|HEADER|from=node00|H=1
2025-11-14T04:13:16.040Z|NODE|node01|RECV|VOTE|from=node00|H=1|phase=PREVOTE
2025-11-14T04:13:16.040Z|NODE|node01|RECV|HEADER|from=node00|H=1
2025-11-14T04:13:16.040Z|NODE|node00|SENT|PREVOTE|H=1
2025-11-14T04:13:16.041Z|NODE|node00|RECV|VOTE|from=node00|H=1|phase=PREVOTE
2025-11-14T04:13:16.041Z|NODE|node01|RECV|VOTE|from=node00|H=1|phase=PREVOTE
2025-11-14T04:13:16.045Z|NODE|node03|RECV|VOTE|from=node00|H=1|phase=PREVOTE
2025-11-14T04:13:16.045Z|NODE|node03|RECV|VOTE|from=node00|H=1|phase=PREVOTE
2025-11-14T04:13:16.045Z|NODE|node03|RECV|HEADER|from=node00|H=1
2025-11-14T04:13:16.046Z|NODE|node02|RECV|VOTE|from=node00|H=1|phase=PREVOTE
2025-11-14T04:13:16.046Z|NODE|node02|RECV|VOTE|from=node00|H=1|phase=PREVOTE
2025-11-14T04:13:16.046Z|NODE|node02|RECV|HEADER|from=node00|H=1
2025-11-14T04:13:16.046Z|NODE|node00|PROPOSE|H=1
2025-11-14T04:13:16.046Z|NODE|node02|RECV|VOTE|from=node00|H=1|phase=PREVOTE
2025-11-14T04:13:16.051Z|NODE|node03|RECV|HEADER|from=node00|H=1
2025-11-14T04:13:16.051Z|NODE|node01|RECV|VOTE|from=node00|H=1|phase=PREVOTE
2025-11-14T04:13:16.051Z|NODE|node01|RECV|HEADER|from=node00|H=1
2025-11-14T04:13:16.052Z|NODE|node02|RECV|HEADER|from=node00|H=1
2025-11-14T04:13:16.052Z|NODE|node00|RECV|VOTE|from=node00|H=1|phase=PREVOTE
2025-11-14T04:13:16.052Z|NODE|node00|PROPOSE|H=1
2025-11-14T04:13:16.052Z|NODE|node02|RECV|HEADER|from=node00|H=1
2025-11-14T04:13:16.053Z|NODE|node00|RECV|VOTE|from=node00|H=1|phase=PREVOTE
2025-11-14T04:13:16.053Z|NODE|node00|RECV|HEADER|from=node00|H=1
2025-11-14T04:13:16.053Z|NODE|node00|SENT|PREVOTE|H=1
2025-11-14T04:13:16.058Z|NODE|node01|RECV|HEADER|from=node00|H=1
2025-11-14T04:13:16.058Z|NODE|node00|RECV|HEADER|from=node00|H=1
2025-11-14T04:13:16.058Z|NODE|node02|RECV|VOTE|from=node00|H=1|phase=PREVOTE
2025-11-14T04:13:16.058Z|NODE|node02|RECV|VOTE|from=node00|H=1|phase=PREVOTE
2025-11-14T04:13:16.058Z|NODE|node03|RECV|VOTE|from=node00|H=1|phase=PREVOTE
2025-11-14T04:13:16.058Z|NODE|node03|RECV|VOTE|from=node00|H=1|phase=PREVOTE
2025-11-14T04:13:16.058Z|NODE|node03|RECV|HEADER|from=node00|H=1
2025-11-14T04:13:16.058Z|NODE|node00|PROPOSE|H=1
2025-11-14T04:13:16.058Z|NODE|node01|RECV|VOTE|from=node00|H=1|phase=PREVOTE
2025-11-14T04:13:16.058Z|NODE|node00|SENT|PREVOTE|H=1
2025-11-14T04:13:16.058Z|NODE|node00|RECV|HEADER|from=node00|H=1
2025-11-14T04:13:16.058Z|NODE|node00|SENT|PREVOTE|H=1
2025-11-14T04:13:16.058Z|NODE|node00|RECV|VOTE|from=node00|H=1|phase=PREVOTE
2025-11-14T04:13:16.063Z|NODE|node01|RECV|HEADER|from=node00|H=1
2025-11-14T04:13:16.063Z|NODE|node00|RECV|HEADER|from=node00|H=1
2025-11-14T04:13:16.063Z|NODE|node02|RECV|HEADER|from=node00|H=1
2025-11-14T04:13:16.063Z|NODE|node00|SENT|PREVOTE|H=1
2025-11-14T04:13:16.063Z|NODE|node02|RECV|HEADER|from=node00|H=1
2025-11-14T04:13:16.064Z|NODE|node03|RECV|HEADER|from=node00|H=1
2025-11-14T04:13:16.064Z|NODE|node02|RECV|VOTE|from=node00|H=1|phase=PREVOTE
2025-11-14T04:13:16.064Z|NODE|node02|RECV|VOTE|from=node00|H=1|phase=PREVOTE
2025-11-14T04:13:16.065Z|NODE|node00|PROPOSE|H=1
2025-11-14T04:13:16.065Z|NODE|node01|RECV|VOTE|from=node00|H=1|phase=PREVOTE
2025-11-14T04:13:16.065Z|NODE|node01|RECV|VOTE|from=node00|H=1|phase=PREVOTE
2025-11-14T04:13:16.065Z|NODE|node03|RECV|VOTE|from=node00|H=1|phase=PREVOTE
2025-11-14T04:13:16.065Z|NODE|node03|RECV|VOTE|from=node00|H=1|phase=PREVOTE
2025-11-14T04:13:16.070Z|NODE|node01|RECV|HEADER|from=node00|H=1
2025-11-14T04:13:16.070Z|NODE|node00|RECV|VOTE|from=node00|H=1|phase=PREVOTE
2025-11-14T04:13:16.070Z|NODE|node02|RECV|HEADER|from=node00|H=1
2025-11-14T04:13:16.070Z|NODE|node00|PROPOSE|H=1
2025-11-14T04:13:16.070Z|NODE|node00|RECV|VOTE|from=node00|H=1|phase=PREVOTE
2025-11-14T04:13:16.070Z|NODE|node00|RECV|VOTE|from=node00|H=1|phase=PREVOTE
2025-11-14T04:13:16.071Z|NODE|node01|RECV|VOTE|from=node00|H=1|phase=PREVOTE
2025-11-14T04:13:16.071Z|NODE|node01|RECV|HEADER|from=node00|H=1
2025-11-14T04:13:16.071Z|NODE|node01|RECV|VOTE|from=node00|H=1|phase=PREVOTE
2025-11-14T04:13:16.075Z|NODE|node00|RECV|HEADER|from=node00|H=1
2025-11-14T04:13:16.075Z|NODE|node03|RECV|HEADER|from=node00|H=1
2025-11-14T04:13:16.075Z|NODE|node01|RECV|HEADER|from=node00|H=1
2025-11-14T04:13:16.076Z|NODE|node00|PROPOSE|H=1
2025-11-14T04:13:16.076Z|NODE|node00|SENT|PREVOTE|H=1
2025-11-14T04:13:16.076Z|NODE|node00|RECV|HEADER|from=node00|H=1
2025-11-14T04:13:16.076Z|NODE|node03|RECV|VOTE|from=node00|H=1|phase=PREVOTE
2025-11-14T04:13:16.077Z|NODE|node00|SENT|PREVOTE|H=1
2025-11-14T04:13:16.081Z|NODE|node02|RECV|VOTE|from=node00|H=1|phase=PREVOTE
2025-11-14T04:13:16.081Z|NODE|node02|RECV|HEADER|from=node00|H=1
2025-11-14T04:13:16.081Z|NODE|node03|RECV|HEADER|from=node00|H=1
2025-11-14T04:13:16.081Z|NODE|node00|PROPOSE|H=1
2025-11-14T04:13:16.082Z|NODE|node02|RECV|HEADER|from=node00|H=1
2025-11-14T04:13:16.082Z|NODE|node03|RECV|VOTE|from=node00|H=1|phase=PREVOTE
2025-11-14T04:13:16.083Z|NODE|node03|RECV|VOTE|from=node00|H=1|phase=PREVOTE
2025-11-14T04:13:16.083Z|NODE|node02|RECV|VOTE|from=node00|H=1|phase=PREVOTE
2025-11-14T04:13:16.087Z|NODE|node03|RECV|HEADER|from=node00|H=1
2025-11-14T04:13:16.087Z|NODE|node01|RECV|VOTE|from=node00|H=1|phase=PREVOTE
2025-11-14T04:13:16.087Z|NODE|node01|RECV|HEADER|from=node00|H=1
2025-11-14T04:13:16.087Z|NODE|node02|RECV|VOTE|from=node00|H=1|phase=PREVOTE
2025-11-14T04:13:16.088Z|NODE|node00|RECV|VOTE|from=node00|H=1|phase=PREVOTE
2025-11-14T04:13:16.088Z|NODE|node00|PROPOSE|H=1
2025-11-14T04:13:16.088Z|NODE|node00|RECV|HEADER|from=node00|H=1
2025-11-14T04:13:16.089Z|NODE|node03|RECV|VOTE|from=node00|H=1|phase=PREVOTE
2025-11-14T04:13:16.089Z|NODE|node00|SENT|PREVOTE|H=1
2025-11-14T04:13:16.093Z|NODE|node03|RECV|HEADER|from=node00|H=1
2025-11-14T04:13:16.093Z|NODE|node00|RECV|HEADER|from=node00|H=1
2025-11-14T04:13:16.093Z|NODE|node01|RECV|HEADER|from=node00|H=1
2025-11-14T04:13:16.093Z|NODE|node00|SENT|PREVOTE|H=1
2025-11-14T04:13:16.094Z|NODE|node00|RECV|VOTE|from=node00|H=1|phase=PREVOTE
2025-11-14T04:13:16.094Z|NODE|node02|RECV|HEADER|from=node00|H=1
2025-11-14T04:13:16.094Z|NODE|node00|PROPOSE|H=1
2025-11-14T04:13:16.094Z|NODE|node03|RECV|HEADER|from=node00|H=1
2025-11-14T04:13:16.094Z|NODE|node01|RECV|VOTE|from=node00|H=1|phase=PREVOTE
2025-11-14T04:13:16.094Z|NODE|node00|RECV|VOTE|from=node00|H=1|phase=PREVOTE
2025-11-14T04:13:16.094Z|NODE|node03|RECV|VOTE|from=node00|H=1|phase=PREVOTE
2025-11-14T04:13:16.099Z|NODE|node00|RECV|HEADER|from=node00|H=1
2025-11-14T04:13:16.099Z|NODE|node02|RECV|HEADER|from=node00|H=1
2025-11-14T04:13:16.099Z|NODE|node03|RECV|HEADER|from=node00|H=1
2025-11-14T04:13:16.099Z|NODE|node01|RECV|VOTE|from=node00|H=1|phase=PREVOTE
2025-11-14T04:13:16.099Z|NODE|node00|PROPOSE|H=1
2025-11-14T04:13:16.100Z|NODE|node00|SENT|PREVOTE|H=1
2025-11-14T04:13:16.100Z|NODE|node02|RECV|VOTE|from=node00|H=1|phase=PREVOTE
2025-11-14T04:13:16.105Z|NODE|node02|RECV|HEADER|from=node00|H=1
2025-11-14T04:13:16.105Z|NODE|node01|RECV|HEADER|from=node00|H=1
2025-11-14T04:13:16.105Z|NODE|node03|RECV|HEADER|from=node00|H=1
2025-11-14T04:13:16.105Z|NODE|node00|RECV|HEADER|from=node00|H=1
2025-11-14T04:13:16.106Z|NODE|node00|PROPOSE|H=1
2025-11-14T04:13:16.106Z|NODE|node02|RECV|VOTE|from=node00|H=1|phase=PREVOTE
2025-11-14T04:13:16.106Z|NODE|node02|RECV|VOTE|from=node00|H=1|phase=PREVOTE
2025-11-14T04:13:16.106Z|NODE|node01|RECV|HEADER|from=node00|H=1
2025-11-14T04:13:16.106Z|NODE|node03|RECV|HEADER|from=node00|H=1
2025-11-14T04:13:16.106Z|NODE|node00|SENT|PREVOTE|H=1
2025-11-14T04:13:16.106Z|NODE|node00|RECV|VOTE|from=node00|H=1|phase=PREVOTE
2025-11-14T04:13:16.107Z|NODE|node01|RECV|VOTE|from=node00|H=1|phase=PREVOTE
2025-11-14T04:13:16.111Z|NODE|node03|RECV|VOTE|from=node00|H=1|phase=PREVOTE
2025-11-14T04:13:16.111Z|NODE|node03|RECV|VOTE|from=node00|H=1|phase=PREVOTE
2025-11-14T04:13:16.111Z|NODE|node02|RECV|HEADER|from=node00|H=1
2025-11-14T04:13:16.111Z|NODE|node00|PROPOSE|H=1
2025-11-14T04:13:16.112Z|NODE|node00|RECV|HEADER|from=node00|H=1
2025-11-14T04:13:16.112Z|NODE|node01|RECV|HEADER|from=node00|H=1
2025-11-14T04:13:16.112Z|NODE|node00|SENT|PREVOTE|H=1
2025-11-14T04:13:16.112Z|NODE|node00|RECV|VOTE|from=node00|H=1|phase=PREVOTE
2025-11-14T04:13:16.117Z|NODE|node01|RECV|VOTE|from=node00|H=1|phase=PREVOTE
2025-11-14T04:13:16.117Z|NODE|node01|RECV|VOTE|from=node00|H=1|phase=PREVOTE
2025-11-14T04:13:16.117Z|NODE|node01|RECV|HEADER|from=node00|H=1
2025-11-14T04:13:16.118Z|NODE|node00|RECV|HEADER|from=node00|H=1
2025-11-14T04:13:16.118Z|NODE|node03|RECV|HEADER|from=node00|H=1
2025-11-14T04:13:16.118Z|NODE|node02|RECV|HEADER|from=node00|H=1
2025-11-14T04:13:16.118Z|NODE|node00|PROPOSE|H=1
2025-11-14T04:13:16.118Z|NODE|node00|SENT|PREVOTE|H=1
2025-11-14T04:13:16.119Z|NODE|node03|RECV|HEADER|from=node00|H=1
2025-11-14T04:13:16.119Z|NODE|node02|RECV|HEADER|from=node00|H=1
2025-11-14T04:13:16.119Z|NODE|node00|RECV|VOTE|from=node00|H=1|phase=PREVOTE
2025-11-14T04:13:16.123Z|NODE|node02|RECV|VOTE|from=node00|H=1|phase=PREVOTE
2025-11-14T04:13:16.123Z|NODE|node02|RECV|VOTE|from=node00|H=1|phase=PREVOTE
2025-11-14T04:13:16.123Z|NODE|node01|RECV|HEADER|from=node00|H=1
2025-11-14T04:13:16.124Z|NODE|node03|RECV|VOTE|from=node00|H=1|phase=PREVOTE
2025-11-14T04:13:16.124Z|NODE|node01|RECV|VOTE|from=node00|H=1|phase=PREVOTE
2025-11-14T04:13:16.124Z|NODE|node03|RECV|HEADER|from=node00|H=1
2025-11-14T04:13:16.124Z|NODE|node00|PROPOSE|H=1
2025-11-14T04:13:16.124Z|NODE|node00|RECV|VOTE|from=node00|H=1|phase=PREVOTE
2025-11-14T04:13:16.124Z|NODE|node03|RECV|VOTE|from=node00|H=1|phase=PREVOTE
2025-11-14T04:13:16.130Z|NODE|node02|RECV|VOTE|from=node00|H=1|phase=PREVOTE
2025-11-14T04:13:16.130Z|NODE|node00|RECV|HEADER|from=node00|H=1
2025-11-14T04:13:16.130Z|NODE|node03|RECV|VOTE|from=node00|H=1|phase=PREVOTE
2025-11-14T04:13:16.130Z|NODE|node01|RECV|HEADER|from=node00|H=1
2025-11-14T04:13:16.131Z|NODE|node00|PROPOSE|H=1
2025-11-14T04:13:16.131Z|NODE|node00|SENT|PREVOTE|H=1
2025-11-14T04:13:16.131Z|NODE|node01|RECV|VOTE|from=node00|H=1|phase=PREVOTE
2025-11-14T04:13:16.136Z|NODE|node02|RECV|HEADER|from=node00|H=1
2025-11-14T04:13:16.136Z|NODE|node00|RECV|HEADER|from=node00|H=1
2025-11-14T04:13:16.136Z|NODE|node01|RECV|HEADER|from=node00|H=1
2025-11-14T04:13:16.137Z|NODE|node03|RECV|HEADER|from=node00|H=1
2025-11-14T04:13:16.137Z|NODE|node00|PROPOSE|H=1
2025-11-14T04:13:16.137Z|NODE|node00|SENT|PREVOTE|H=1
2025-11-14T04:13:16.138Z|NODE|node00|RECV|VOTE|from=node00|H=1|phase=PREVOTE
2025-11-14T04:13:16.138Z|NODE|node00|RECV|HEADER|from=node00|H=1
2025-11-14T04:13:16.138Z|NODE|node00|SENT|PREVOTE|H=1
2025-11-14T04:13:16.142Z|NODE|node02|RECV|HEADER|from=node00|H=1
2025-11-14T04:13:16.142Z|NODE|node00|RECV|HEADER|from=node00|H=1
2025-11-14T04:13:16.142Z|NODE|node03|RECV|HEADER|from=node00|H=1
2025-11-14T04:13:16.142Z|NODE|node00|SENT|PREVOTE|H=1
2025-11-14T04:13:16.143Z|NODE|node00|RECV|VOTE|from=node00|H=1|phase=PREVOTE
2025-11-14T04:13:16.143Z|NODE|node01|RECV|HEADER|from=node00|H=1
2025-11-14T04:13:16.143Z|NODE|node03|RECV|VOTE|from=node00|H=1|phase=PREVOTE
2025-11-14T04:13:16.144Z|NODE|node03|RECV|VOTE|from=node00|H=1|phase=PREVOTE
2025-11-14T04:13:16.144Z|NODE|node00|PROPOSE|H=1
2025-11-14T04:13:16.144Z|NODE|node02|RECV|HEADER|from=node00|H=1
2025-11-14T04:13:16.144Z|NODE|node01|RECV|VOTE|from=node00|H=1|phase=PREVOTE
2025-11-14T04:13:16.144Z|NODE|node02|RECV|HEADER|from=node00|H=1
2025-11-14T04:13:16.149Z|NODE|node01|RECV|VOTE|from=node00|H=1|phase=PREVOTE
2025-11-14T04:13:16.149Z|NODE|node01|RECV|HEADER|from=node00|H=1
2025-11-14T04:13:16.149Z|NODE|node00|RECV|VOTE|from=node00|H=1|phase=PREVOTE
2025-11-14T04:13:16.150Z|NODE|node01|RECV|VOTE|from=node00|H=1|phase=PREVOTE
2025-11-14T04:13:16.150Z|NODE|node03|RECV|HEADER|from=node00|H=1
2025-11-14T04:13:16.150Z|NODE|node00|PROPOSE|H=1
2025-11-14T04:13:16.150Z|NODE|node02|RECV|VOTE|from=node00|H=1|phase=PREVOTE
2025-11-14T04:13:16.150Z|NODE|node02|RECV|VOTE|from=node00|H=1|phase=PREVOTE
2025-11-14T04:13:16.150Z|NODE|node02|RECV|VOTE|from=node00|H=1|phase=PREVOTE
2025-11-14T04:13:16.150Z|NODE|node02|RECV|VOTE|from=node00|H=1|phase=PREVOTE
2025-11-14T04:13:16.150Z|NODE|node00|RECV|HEADER|from=node00|H=1
2025-11-14T04:13:16.151Z|NODE|node00|SENT|PREVOTE|H=1
2025-11-14T04:13:16.151Z|NODE|node00|RECV|VOTE|from=node00|H=1|phase=PREVOTE
2025-11-14T04:13:16.151Z|NODE|node00|RECV|HEADER|from=node00|H=1
2025-11-14T04:13:16.151Z|NODE|node00|SENT|PREVOTE|H=1
2025-11-14T04:13:16.155Z|NODE|node03|RECV|VOTE|from=node00|H=1|phase=PREVOTE
2025-11-14T04:13:16.155Z|NODE|node03|RECV|VOTE|from=node00|H=1|phase=PREVOTE
2025-11-14T04:13:16.155Z|NODE|node00|RECV|VOTE|from=node00|H=1|phase=PREVOTE
2025-11-14T04:13:16.155Z|NODE|node01|RECV|VOTE|from=node00|H=1|phase=PREVOTE
2025-11-14T04:13:16.155Z|NODE|node01|RECV|HEADER|from=node00|H=1
2025-11-14T04:13:16.156Z|NODE|node00|PROPOSE|H=1
2025-11-14T04:13:16.156Z|NODE|node00|RECV|HEADER|from=node00|H=1
2025-11-14T04:13:16.156Z|NODE|node00|SENT|PREVOTE|H=1
2025-11-14T04:13:16.156Z|NODE|node00|RECV|VOTE|from=node00|H=1|phase=PREVOTE
2025-11-14T04:13:16.156Z|NODE|node00|RECV|VOTE|from=node00|H=1|phase=PREVOTE
2025-11-14T04:13:16.161Z|NODE|node03|RECV|HEADER|from=node00|H=1
2025-11-14T04:13:16.161Z|NODE|node01|RECV|HEADER|from=node00|H=1
2025-11-14T04:13:16.161Z|NODE|node02|RECV|HEADER|from=node00|H=1
2025-11-14T04:13:16.161Z|NODE|node00|PROPOSE|H=1
2025-11-14T04:13:16.161Z|NODE|node03|RECV|VOTE|from=node00|H=1|phase=PREVOTE
2025-11-14T04:13:16.161Z|NODE|node03|RECV|HEADER|from=node00|H=1
2025-11-14T04:13:16.162Z|NODE|node01|RECV|VOTE|from=node00|H=1|phase=PREVOTE
2025-11-14T04:13:16.162Z|NODE|node01|RECV|VOTE|from=node00|H=1|phase=PREVOTE
2025-11-14T04:13:16.162Z|NODE|node02|RECV|HEADER|from=node00|H=1
2025-11-14T04:13:16.162Z|NODE|node03|RECV|VOTE|from=node00|H=1|phase=PREVOTE
2025-11-14T04:13:16.162Z|NODE|node02|RECV|VOTE|from=node00|H=1|phase=PREVOTE
2025-11-14T04:13:16.167Z|NODE|node00|RECV|VOTE|from=node00|H=1|phase=PREVOTE
2025-11-14T04:13:16.167Z|NODE|node02|RECV|VOTE|from=node00|H=1|phase=PREVOTE
2025-11-14T04:13:16.167Z|NODE|node03|RECV|HEADER|from=node00|H=1
2025-11-14T04:13:16.167Z|NODE|node01|RECV|HEADER|from=node00|H=1
2025-11-14T04:13:16.167Z|NODE|node00|PROPOSE|H=1
2025-11-14T04:13:16.167Z|NODE|node01|RECV|VOTE|from=node00|H=1|phase=PREVOTE
2025-11-14T04:13:16.167Z|NODE|node01|RECV|HEADER|from=node00|H=1
2025-11-14T04:13:16.167Z|NODE|node03|RECV|VOTE|from=node00|H=1|phase=PREVOTE
2025-11-14T04:13:16.172Z|NODE|node00|RECV|HEADER|from=node00|H=1
2025-11-14T04:13:16.172Z|NODE|node02|RECV|HEADER|from=node00|H=1
2025-11-14T04:13:16.172Z|NODE|node00|SENT|PREVOTE|H=1
2025-11-14T04:13:16.172Z|NODE|node00|RECV|HEADER|from=node00|H=1
2025-11-14T04:13:16.172Z|NODE|node03|RECV|HEADER|from=node00|H=1
2025-11-14T04:13:16.173Z|NODE|node00|PROPOSE|H=1
2025-11-14T04:13:16.173Z|NODE|node02|RECV|VOTE|from=node00|H=1|phase=PREVOTE
2025-11-14T04:13:16.173Z|NODE|node02|RECV|HEADER|from=node00|H=1
2025-11-14T04:13:16.173Z|NODE|node00|SENT|PREVOTE|H=1
2025-11-14T04:13:16.173Z|NODE|node00|RECV|HEADER|from=node00|H=1
2025-11-14T04:13:16.173Z|NODE|node00|SENT|PREVOTE|H=1
2025-11-14T04:13:16.178Z|NODE|node02|RECV|HEADER|from=node00|H=1
2025-11-14T04:13:16.178Z|NODE|node03|RECV|HEADER|from=node00|H=1
2025-11-14T04:13:16.178Z|NODE|node01|RECV|HEADER|from=node00|H=1
2025-11-14T04:13:16.178Z|NODE|node00|RECV|VOTE|from=node00|H=1|phase=PREVOTE
2025-11-14T04:13:16.178Z|NODE|node00|PROPOSE|H=1
2025-11-14T04:13:16.178Z|NODE|node02|RECV|HEADER|from=node00|H=1
2025-11-14T04:13:16.178Z|NODE|node03|RECV|HEADER|from=node00|H=1
2025-11-14T04:13:16.178Z|NODE|node01|RECV|VOTE|from=node00|H=1|phase=PREVOTE
2025-11-14T04:13:16.178Z|NODE|node02|RECV|VOTE|from=node00|H=1|phase=PREVOTE
2025-11-14T04:13:16.178Z|NODE|node03|RECV|VOTE|from=node00|H=1|phase=PREVOTE
2025-11-14T04:13:16.184Z|NODE|node02|RECV|VOTE|from=node00|H=1|phase=PREVOTE
2025-11-14T04:13:16.184Z|NODE|node02|RECV|HEADER|from=node00|H=1
2025-11-14T04:13:16.184Z|NODE|node03|RECV|VOTE|from=node00|H=1|phase=PREVOTE
2025-11-14T04:13:16.184Z|NODE|node03|RECV|VOTE|from=node00|H=1|phase=PREVOTE
2025-11-14T04:13:16.185Z|NODE|node01|RECV|HEADER|from=node00|H=1
2025-11-14T04:13:16.185Z|NODE|node00|PROPOSE|H=1
2025-11-14T04:13:16.185Z|NODE|node01|RECV|HEADER|from=node00|H=1
2025-11-14T04:13:16.190Z|NODE|node01|RECV|VOTE|from=node00|H=1|phase=PREVOTE
2025-11-14T04:13:16.190Z|NODE|node01|RECV|VOTE|from=node00|H=1|phase=PREVOTE
2025-11-14T04:13:16.190Z|NODE|node02|RECV|VOTE|from=node00|H=1|phase=PREVOTE
2025-11-14T04:13:16.191Z|NODE|node02|RECV|HEADER|from=node00|H=1
2025-11-14T04:13:16.191Z|NODE|node00|RECV|HEADER|from=node00|H=1
2025-11-14T04:13:16.191Z|NODE|node03|RECV|HEADER|from=node00|H=1
2025-11-14T04:13:16.191Z|NODE|node00|SENT|PREVOTE|H=1
2025-11-14T04:13:16.191Z|NODE|node00|PROPOSE|H=1
2025-11-14T04:13:16.192Z|NODE|node00|RECV|VOTE|from=node00|H=1|phase=PREVOTE
2025-11-14T04:13:16.192Z|NODE|node00|RECV|VOTE|from=node00|H=1|phase=PREVOTE
2025-11-14T04:13:16.192Z|NODE|node03|RECV|HEADER|from=node00|H=1
2025-11-14T04:13:16.197Z|NODE|node01|RECV|HEADER|from=node00|H=1
2025-11-14T04:13:16.197Z|NODE|node00|RECV|HEADER|from=node00|H=1
2025-11-14T04:13:16.197Z|NODE|node02|RECV|HEADER|from=node00|H=1
2025-11-14T04:13:16.197Z|NODE|node03|RECV|HEADER|from=node00|H=1
2025-11-14T04:13:16.198Z|NODE|node00|PROPOSE|H=1
2025-11-14T04:13:16.198Z|NODE|node00|SENT|PREVOTE|H=1
2025-11-14T04:13:16.198Z|NODE|node00|RECV|HEADER|from=node00|H=1
2025-11-14T04:13:16.198Z|NODE|node00|SENT|PREVOTE|H=1
2025-11-14T04:13:16.203Z|NODE|node03|RECV|VOTE|from=node00|H=1|phase=PREVOTE
2025-11-14T04:13:16.203Z|NODE|node03|RECV|VOTE|from=node00|H=1|phase=PREVOTE
2025-11-14T04:13:16.203Z|NODE|node00|RECV|VOTE|from=node00|H=1|phase=PREVOTE
2025-11-14T04:13:16.203Z|NODE|node01|RECV|HEADER|from=node00|H=1
2025-11-14T04:13:16.204Z|NODE|node02|RECV|HEADER|from=node00|H=1
2025-11-14T04:13:16.204Z|NODE|node00|PROPOSE|H=1
2025-11-14T04:13:16.204Z|NODE|node00|RECV|HEADER|from=node00|H=1
2025-11-14T04:13:16.204Z|NODE|node01|RECV|VOTE|from=node00|H=1|phase=PREVOTE
2025-11-14T04:13:16.204Z|NODE|node01|RECV|VOTE|from=node00|H=1|phase=PREVOTE
2025-11-14T04:13:16.204Z|NODE|node00|SENT|PREVOTE|H=1
2025-11-14T04:13:16.209Z|NODE|node02|RECV|VOTE|from=node00|H=1|phase=PREVOTE
2025-11-14T04:13:16.209Z|NODE|node02|RECV|VOTE|from=node00|H=1|phase=PREVOTE
2025-11-14T04:13:16.209Z|NODE|node01|RECV|HEADER|from=node00|H=1
2025-11-14T04:13:16.209Z|NODE|node00|RECV|HEADER|from=node00|H=1
2025-11-14T04:13:16.209Z|NODE|node03|RECV|HEADER|from=node00|H=1
2025-11-14T04:13:16.210Z|NODE|node00|PROPOSE|H=1
2025-11-14T04:13:16.210Z|NODE|node01|RECV|VOTE|from=node00|H=1|phase=PREVOTE
2025-11-14T04:13:16.210Z|NODE|node01|RECV|HEADER|from=node00|H=1
2025-11-14T04:13:16.210Z|NODE|node00|SENT|PREVOTE|H=1
2025-11-14T04:13:16.210Z|NODE|node00|RECV|HEADER|from=node00|H=1
2025-11-14T04:13:16.210Z|NODE|node03|RECV|VOTE|from=node00|H=1|phase=PREVOTE
2025-11-14T04:13:16.210Z|NODE|node03|RECV|HEADER|from=node00|H=1
2025-11-14T04:13:16.211Z|NODE|node00|SENT|PREVOTE|H=1
2025-11-14T04:13:16.211Z|NODE|node00|RECV|VOTE|from=node00|H=1|phase=PREVOTE
2025-11-14T04:13:16.215Z|NODE|node02|RECV|VOTE|from=node00|H=1|phase=PREVOTE
2025-11-14T04:13:16.215Z|NODE|node02|RECV|VOTE|from=node00|H=1|phase=PREVOTE
2025-11-14T04:13:16.215Z|NODE|node02|RECV|HEADER|from=node00|H=1
2025-11-14T04:13:16.215Z|NODE|node00|RECV|VOTE|from=node00|H=1|phase=PREVOTE
2025-11-14T04:13:16.215Z|NODE|node03|RECV|VOTE|from=node00|H=1|phase=PREVOTE
2025-11-14T04:13:16.216Z|NODE|node00|PROPOSE|H=1
2025-11-14T04:13:16.216Z|NODE|node00|RECV|VOTE|from=node00|H=1|phase=PREVOTE
2025-11-14T04:13:16.216Z|NODE|node00|RECV|HEADER|from=node00|H=1
2025-11-14T04:13:16.216Z|NODE|node02|RECV|VOTE|from=node00|H=1|phase=PREVOTE
2025-11-14T04:13:16.216Z|NODE|node00|SENT|PREVOTE|H=1
2025-11-14T04:13:16.216Z|NODE|node02|RECV|VOTE|from=node00|H=1|phase=PREVOTE
2025-11-14T04:13:16.221Z|NODE|node02|RECV|HEADER|from=node00|H=1
2025-11-14T04:13:16.221Z|NODE|node01|RECV|VOTE|from=node00|H=1|phase=PREVOTE
2025-11-14T04:13:16.222Z|NODE|node01|RECV|HEADER|from=node00|H=1
2025-11-14T04:13:16.222Z|NODE|node03|RECV|VOTE|from=node00|H=1|phase=PREVOTE
2025-11-14T04:13:16.222Z|NODE|node03|RECV|VOTE|from=node00|H=1|phase=PREVOTE
2025-11-14T04:13:16.222Z|NODE|node00|PROPOSE|H=1
2025-11-14T04:13:16.222Z|NODE|node02|RECV|HEADER|from=node00|H=1
2025-11-14T04:13:16.222Z|NODE|node01|RECV|VOTE|from=node00|H=1|phase=PREVOTE
2025-11-14T04:13:16.228Z|NODE|node00|RECV|VOTE|from=node00|H=1|phase=PREVOTE
2025-11-14T04:13:16.228Z|NODE|node01|RECV|VOTE|from=node00|H=1|phase=PREVOTE
2025-11-14T04:13:16.228Z|NODE|node03|RECV|HEADER|from=node00|H=1
2025-11-14T04:13:16.228Z|NODE|node02|RECV|VOTE|from=node00|H=1|phase=PREVOTE
2025-11-14T04:13:16.228Z|NODE|node00|PROPOSE|H=1
2025-11-14T04:13:16.228Z|NODE|node01|RECV|VOTE|from=node00|H=1|phase=PREVOTE
2025-11-14T04:13:16.229Z|NODE|node03|RECV|HEADER|from=node00|H=1
2025-11-14T04:13:16.229Z|NODE|node00|RECV|VOTE|from=node00|H=1|phase=PREVOTE
2025-11-14T04:13:16.230Z|NODE|node00|RECV|HEADER|from=node00|H=1
2025-11-14T04:13:16.230Z|NODE|node00|SENT|PREVOTE|H=1
2025-11-14T04:13:16.230Z|NODE|node00|RECV|VOTE|from=node00|H=1|phase=PREVOTE
2025-11-14T04:13:16.234Z|NODE|node03|RECV|VOTE|from=node00|H=1|phase=PREVOTE
2025-11-14T04:13:16.234Z|NODE|node01|RECV|HEADER|from=node00|H=1
2025-11-14T04:13:16.234Z|NODE|node00|RECV|HEADER|from=node00|H=1
2025-11-14T04:13:16.234Z|NODE|node00|PROPOSE|H=1
2025-11-14T04:13:16.234Z|NODE|node03|RECV|HEADER|from=node00|H=1
2025-11-14T04:13:16.234Z|NODE|node01|RECV|VOTE|from=node00|H=1|phase=PREVOTE
2025-11-14T04:13:16.234Z|NODE|node00|SENT|PREVOTE|H=1
2025-11-14T04:13:16.240Z|NODE|node02|RECV|HEADER|from=node00|H=1
2025-11-14T04:13:16.240Z|NODE|node01|RECV|HEADER|from=node00|H=1
2025-11-14T04:13:16.240Z|NODE|node03|RECV|HEADER|from=node00|H=1
2025-11-14T04:13:16.240Z|NODE|node00|PROPOSE|H=1
2025-11-14T04:13:16.240Z|NODE|node02|RECV|HEADER|from=node00|H=1
2025-11-14T04:13:16.240Z|NODE|node03|RECV|VOTE|from=node00|H=1|phase=PREVOTE
2025-11-14T04:13:16.240Z|NODE|node03|RECV|HEADER|from=node00|H=1
2025-11-14T04:13:16.240Z|NODE|node02|RECV|HEADER|from=node00|H=1
2025-11-14T04:13:16.245Z|NODE|node01|RECV|HEADER|from=node00|H=1
2025-11-14T04:13:16.245Z|NODE|node02|RECV|VOTE|from=node00|H=1|phase=PREVOTE
2025-11-14T04:13:16.245Z|NODE|node00|RECV|HEADER|from=node00|H=1
2025-11-14T04:13:16.245Z|NODE|node03|RECV|HEADER|from=node00|H=1
2025-11-14T04:13:16.245Z|NODE|node00|PROPOSE|H=1
2025-11-14T04:13:16.245Z|NODE|node01|RECV|VOTE|from=node00|H=1|phase=PREVOTE
2025-11-14T04:13:16.245Z|NODE|node00|SENT|PREVOTE|H=1
2025-11-14T04:13:16.246Z|NODE|node01|RECV|HEADER|from=node00|H=1
2025-11-14T04:13:16.246Z|NODE|node00|RECV|VOTE|from=node00|H=1|phase=PREVOTE
2025-11-14T04:13:16.246Z|NODE|node00|RECV|HEADER|from=node00|H=1
2025-11-14T04:13:16.246Z|NODE|node00|SENT|PREVOTE|H=1
2025-11-14T04:13:16.251Z|NODE|node01|RECV|HEADER|from=node00|H=1
2025-11-14T04:13:16.251Z|NODE|node00|RECV|HEADER|from=node00|H=1
2025-11-14T04:13:16.251Z|NODE|node02|RECV|VOTE|from=node00|H=1|phase=PREVOTE
2025-11-14T04:13:16.251Z|NODE|node00|SENT|PREVOTE|H=1
2025-11-14T04:13:16.251Z|NODE|node00|RECV|VOTE|from=node00|H=1|phase=PREVOTE
2025-11-14T04:13:16.251Z|NODE|node02|RECV|VOTE|from=node00|H=1|phase=PREVOTE
2025-11-14T04:13:16.252Z|NODE|node02|RECV|VOTE|from=node00|H=1|phase=PREVOTE
2025-11-14T04:13:16.252Z|NODE|node00|PROPOSE|H=1
2025-11-14T04:13:16.252Z|NODE|node00|RECV|VOTE|from=node00|H=1|phase=PREVOTE
2025-11-14T04:13:16.252Z|NODE|node03|RECV|VOTE|from=node00|H=1|phase=PREVOTE
2025-11-14T04:13:16.252Z|NODE|node03|RECV|VOTE|from=node00|H=1|phase=PREVOTE
2025-11-14T04:13:16.257Z|NODE|node01|RECV|VOTE|from=node00|H=1|phase=PREVOTE
2025-11-14T04:13:16.257Z|NODE|node02|RECV|HEADER|from=node00|H=1
2025-11-14T04:13:16.257Z|NODE|node03|RECV|VOTE|from=node00|H=1|phase=PREVOTE
2025-11-14T04:13:16.257Z|NODE|node00|PROPOSE|H=1
2025-11-14T04:13:16.257Z|NODE|node02|RECV|HEADER|from=node00|H=1
2025-11-14T04:13:16.257Z|NODE|node02|RECV|VOTE|from=node00|H=1|phase=PREVOTE
2025-11-14T04:13:16.262Z|NODE|node02|RECV|HEADER|from=node00|H=1
2025-11-14T04:13:16.262Z|NODE|node01|RECV|HEADER|from=node00|H=1
2025-11-14T04:13:16.263Z|NODE|node03|RECV|HEADER|from=node00|H=1
2025-11-14T04:13:16.263Z|NODE|node00|RECV|HEADER|from=node00|H=1
2025-11-14T04:13:16.263Z|NODE|node00|PROPOSE|H=1
2025-11-14T04:13:16.263Z|NODE|node00|SENT|PREVOTE|H=1
2025-11-14T04:13:16.263Z|NODE|node00|RECV|VOTE|from=node00|H=1|phase=PREVOTE
2025-11-14T04:13:16.263Z|NODE|node00|RECV|VOTE|from=node00|H=1|phase=PREVOTE
2025-11-14T04:13:16.263Z|NODE|node00|RECV|HEADER|from=node00|H=1
2025-11-14T04:13:16.264Z|NODE|node01|RECV|VOTE|from=node00|H=1|phase=PREVOTE
2025-11-14T04:13:16.264Z|NODE|node00|SENT|PREVOTE|H=1
2025-11-14T04:13:16.264Z|NODE|node03|RECV|VOTE|from=node00|H=1|phase=PREVOTE
2025-11-14T04:13:16.264Z|NODE|node01|RECV|HEADER|from=node00|H=1
2025-11-14T04:13:16.264Z|NODE|node01|RECV|VOTE|from=node00|H=1|phase=PREVOTE
2025-11-14T04:13:16.269Z|NODE|node03|RECV|HEADER|from=node00|H=1
2025-11-14T04:13:16.269Z|NODE|node01|RECV|HEADER|from=node00|H=1
2025-11-14T04:13:16.269Z|NODE|node00|RECV|HEADER|from=node00|H=1
2025-11-14T04:13:16.270Z|NODE|node02|RECV|HEADER|from=node00|H=1
2025-11-14T04:13:16.270Z|NODE|node00|PROPOSE|H=1
2025-11-14T04:13:16.270Z|NODE|node01|RECV|HEADER|from=node00|H=1
2025-11-14T04:13:16.270Z|NODE|node02|RECV|VOTE|from=node00|H=1|phase=PREVOTE
2025-11-14T04:13:16.270Z|NODE|node02|RECV|VOTE|from=node00|H=1|phase=PREVOTE
2025-11-14T04:13:16.270Z|NODE|node00|SENT|PREVOTE|H=1
2025-11-14T04:13:16.270Z|NODE|node00|RECV|HEADER|from=node00|H=1
2025-11-14T04:13:16.271Z|NODE|node00|SENT|PREVOTE|H=1
2025-11-14T04:13:16.275Z|NODE|node00|RECV|HEADER|from=node00|H=1
2025-11-14T04:13:16.275Z|NODE|node03|RECV|HEADER|from=node00|H=1
2025-11-14T04:13:16.275Z|NODE|node00|SENT|PREVOTE|H=1
2025-11-14T04:13:16.275Z|NODE|node00|RECV|VOTE|from=node00|H=1|phase=PREVOTE
2025-11-14T04:13:16.275Z|NODE|node02|RECV|HEADER|from=node00|H=1
2025-11-14T04:13:16.276Z|NODE|node01|RECV|VOTE|from=node00|H=1|phase=PREVOTE
2025-11-14T04:13:16.276Z|NODE|node01|RECV|VOTE|from=node00|H=1|phase=PREVOTE
2025-11-14T04:13:16.276Z|NODE|node00|PROPOSE|H=1
2025-11-14T04:13:16.277Z|NODE|node02|RECV|HEADER|from=node00|H=1
2025-11-14T04:13:16.277Z|NODE|node01|RECV|VOTE|from=node00|H=1|phase=PREVOTE
2025-11-14T04:13:16.282Z|NODE|node00|RECV|VOTE|from=node00|H=1|phase=PREVOTE
2025-11-14T04:13:16.282Z|NODE|node01|RECV|VOTE|from=node00|H=1|phase=PREVOTE
2025-11-14T04:13:16.283Z|NODE|node03|RECV|HEADER|from=node00|H=1
2025-11-14T04:13:16.283Z|NODE|node02|RECV|VOTE|from=node00|H=1|phase=PREVOTE
2025-11-14T04:13:16.283Z|NODE|node02|RECV|VOTE|from=node00|H=1|phase=PREVOTE
2025-11-14T04:13:16.283Z|NODE|node00|PROPOSE|H=1
2025-11-14T04:13:16.284Z|NODE|node03|RECV|VOTE|from=node00|H=1|phase=PREVOTE
2025-11-14T04:13:16.284Z|NODE|node03|RECV|VOTE|from=node00|H=1|phase=PREVOTE
2025-11-14T04:13:16.284Z|NODE|node00|RECV|VOTE|from=node00|H=1|phase=PREVOTE
2025-11-14T04:13:16.284Z|NODE|node00|RECV|HEADER|from=node00|H=1
2025-11-14T04:13:16.284Z|NODE|node03|RECV|VOTE|from=node00|H=1|phase=PREVOTE
2025-11-14T04:13:16.284Z|NODE|node03|RECV|VOTE|from=node00|H=1|phase=PREVOTE
2025-11-14T04:13:16.284Z|NODE|node00|SENT|PREVOTE|H=1
2025-11-14T04:13:16.284Z|NODE|node00|RECV|VOTE|from=node00|H=1|phase=PREVOTE
2025-11-14T04:13:16.289Z|NODE|node03|RECV|HEADER|from=node00|H=1
2025-11-14T04:13:16.289Z|NODE|node01|RECV|HEADER|from=node00|H=1
2025-11-14T04:13:16.289Z|NODE|node03|RECV|VOTE|from=node00|H=1|phase=PREVOTE
2025-11-14T04:13:16.290Z|NODE|node00|RECV|VOTE|from=node00|H=1|phase=PREVOTE
2025-11-14T04:13:16.290Z|NODE|node00|PROPOSE|H=1
2025-11-14T04:13:16.290Z|NODE|node01|RECV|HEADER|from=node00|H=1
2025-11-14T04:13:16.290Z|NODE|node03|RECV|HEADER|from=node00|H=1
2025-11-14T04:13:16.290Z|NODE|node01|RECV|VOTE|from=node00|H=1|phase=PREVOTE
2025-11-14T04:13:16.290Z|NODE|node00|RECV|HEADER|from=node00|H=1
2025-11-14T04:13:16.291Z|NODE|node00|SENT|PREVOTE|H=1
2025-11-14T04:13:16.291Z|NODE|node00|RECV|VOTE|from=node00|H=1|phase=PREVOTE
2025-11-14T04:13:16.295Z|NODE|node03|RECV|HEADER|from=node00|H=1
2025-11-14T04:13:16.295Z|NODE|node02|RECV|HEADER|from=node00|H=1
2025-11-14T04:13:16.295Z|NODE|node00|RECV|HEADER|from=node00|H=1
2025-11-14T04:13:16.295Z|NODE|node00|PROPOSE|H=1
2025-11-14T04:13:16.295Z|NODE|node00|SENT|PREVOTE|H=1
2025-11-14T04:13:16.296Z|NODE|node03|RECV|HEADER|from=node00|H=1
2025-11-14T04:13:16.296Z|NODE|node02|RECV|VOTE|from=node00|H=1|phase=PREVOTE
2025-11-14T04:13:16.296Z|NODE|node02|RECV|HEADER|from=node00|H=1
2025-11-14T04:13:16.296Z|NODE|node03|RECV|VOTE|from=node00|H=1|phase=PREVOTE
2025-11-14T04:13:16.301Z|NODE|node02|RECV|VOTE|from=node00|H=1|phase=PREVOTE
2025-11-14T04:13:16.301Z|NODE|node02|RECV|HEADER|from=node00|H=1
2025-11-14T04:13:16.301Z|NODE|node03|RECV|VOTE|from=node00|H=1|phase=PREVOTE
2025-11-14T04:13:16.301Z|NODE|node01|RECV|HEADER|from=node00|H=1
2025-11-14T04:13:16.301Z|NODE|node00|RECV|VOTE|from=node00|H=1|phase=PREVOTE
2025-11-14T04:13:16.301Z|NODE|node00|PROPOSE|H=1
2025-11-14T04:13:16.301Z|NODE|node01|RECV|VOTE|from=node00|H=1|phase=PREVOTE
2025-11-14T04:13:16.301Z|NODE|node01|RECV|HEADER|from=node00|H=1
2025-11-14T04:13:16.302Z|NODE|node01|RECV|VOTE|from=node00|H=1|phase=PREVOTE
2025-11-14T04:13:16.302Z|NODE|node01|RECV|HEADER|from=node00|H=1
2025-11-14T04:13:16.302Z|NODE|node01|RECV|VOTE|from=node00|H=1|phase=PREVOTE
2025-11-14T04:13:16.306Z|NODE|node00|RECV|HEADER|from=node00|H=1
2025-11-14T04:13:16.306Z|NODE|node01|RECV|HEADER|from=node00|H=1
2025-11-14T04:13:16.306Z|NODE|node03|RECV|HEADER|from=node00|H=1
2025-11-14T04:13:16.306Z|NODE|node02|RECV|VOTE|from=node00|H=1|phase=PREVOTE
2025-11-14T04:13:16.306Z|NODE|node03|RECV|HEADER|from=node00|H=1
2025-11-14T04:13:16.307Z|NODE|node02|RECV|HEADER|from=node00|H=1
2025-11-14T04:13:16.307Z|NODE|node00|SENT|PREVOTE|H=1
2025-11-14T04:13:16.307Z|NODE|node00|PROPOSE|H=1
2025-11-14T04:13:16.313Z|NODE|node02|RECV|VOTE|from=node00|H=1|phase=PREVOTE
2025-11-14T04:13:16.313Z|NODE|node02|RECV|HEADER|from=node00|H=1
2025-11-14T04:13:16.313Z|NODE|node03|RECV|VOTE|from=node00|H=1|phase=PREVOTE
2025-11-14T04:13:16.313Z|NODE|node00|RECV|HEADER|from=node00|H=1
2025-11-14T04:13:16.313Z|NODE|node01|RECV|HEADER|from=node00|H=1
2025-11-14T04:13:16.313Z|NODE|node00|PROPOSE|H=1
2025-11-14T04:13:16.313Z|NODE|node00|SENT|PREVOTE|H=1
2025-11-14T04:13:16.313Z|NODE|node00|RECV|VOTE|from=node00|H=1|phase=PREVOTE
2025-11-14T04:13:16.313Z|NODE|node00|RECV|HEADER|from=node00|H=1
2025-11-14T04:13:16.313Z|NODE|node01|RECV|VOTE|from=node00|H=1|phase=PREVOTE
2025-11-14T04:13:16.314Z|NODE|node00|SENT|PREVOTE|H=1
2025-11-14T04:13:16.318Z|NODE|node00|RECV|VOTE|from=node00|H=1|phase=PREVOTE
2025-11-14T04:13:16.318Z|NODE|node03|RECV|VOTE|from=node00|H=1|phase=PREVOTE
2025-11-14T04:13:16.319Z|NODE|node00|PROPOSE|H=1
2025-11-14T04:13:16.319Z|NODE|node00|RECV|VOTE|from=node00|H=1|phase=PREVOTE
2025-11-14T04:13:16.324Z|NODE|node03|RECV|HEADER|from=node00|H=1
2025-11-14T04:13:16.324Z|NODE|node00|RECV|HEADER|from=node00|H=1
2025-11-14T04:13:16.324Z|NODE|node02|RECV|HEADER|from=node00|H=1
2025-11-14T04:13:16.324Z|NODE|node00|PROPOSE|H=1
2025-11-14T04:13:16.325Z|NODE|node01|RECV|VOTE|from=node00|H=1|phase=PREVOTE
2025-11-14T04:13:16.325Z|NODE|node03|RECV|VOTE|from=node00|H=1|phase=PREVOTE
2025-11-14T04:13:16.325Z|NODE|node03|RECV|HEADER|from=node00|H=1
2025-11-14T04:13:16.325Z|NODE|node02|RECV|VOTE|from=node00|H=1|phase=PREVOTE
2025-11-14T04:13:16.325Z|NODE|node02|RECV|VOTE|from=node00|H=1|phase=PREVOTE
2025-11-14T04:13:16.326Z|NODE|node00|SENT|PREVOTE|H=1
2025-11-14T04:13:16.326Z|NODE|node03|RECV|HEADER|from=node00|H=1
2025-11-14T04:13:16.330Z|NODE|node02|RECV|HEADER|from=node00|H=1
2025-11-14T04:13:16.330Z|NODE|node00|RECV|VOTE|from=node00|H=1|phase=PREVOTE
2025-11-14T04:13:16.330Z|NODE|node01|RECV|HEADER|from=node00|H=1
2025-11-14T04:13:16.331Z|NODE|node03|RECV|VOTE|from=node00|H=1|phase=PREVOTE
2025-11-14T04:13:16.331Z|NODE|node00|PROPOSE|H=1
2025-11-14T04:13:16.331Z|NODE|node02|RECV|VOTE|from=node00|H=1|phase=PREVOTE
2025-11-14T04:13:16.331Z|NODE|node01|RECV|VOTE|from=node00|H=1|phase=PREVOTE
2025-11-14T04:13:16.337Z|NODE|node00|RECV|HEADER|from=node00|H=1
2025-11-14T04:13:16.337Z|NODE|node01|RECV|HEADER|from=node00|H=1
2025-11-14T04:13:16.337Z|NODE|node02|RECV|HEADER|from=node00|H=1
2025-11-14T04:13:16.337Z|NODE|node03|RECV|VOTE|from=node00|H=1|phase=PREVOTE
2025-11-14T04:13:16.337Z|NODE|node03|RECV|HEADER|from=node00|H=1
2025-11-14T04:13:16.338Z|NODE|node00|PROPOSE|H=1
2025-11-14T04:13:16.338Z|NODE|node00|SENT|PREVOTE|H=1
2025-11-14T04:13:16.338Z|NODE|node00|RECV|HEADER|from=node00|H=1
2025-11-14T04:13:16.338Z|NODE|node02|RECV|HEADER|from=node00|H=1
2025-11-14T04:13:16.338Z|NODE|node00|SENT|PREVOTE|H=1
2025-11-14T04:13:16.338Z|NODE|node02|RECV|VOTE|from=node00|H=1|phase=PREVOTE
2025-11-14T04:13:16.343Z|NODE|node03|RECV|HEADER|from=node00|H=1
2025-11-14T04:13:16.343Z|NODE|node00|RECV|VOTE|from=node00|H=1|phase=PREVOTE
2025-11-14T04:13:16.343Z|NODE|node01|RECV|HEADER|from=node00|H=1
2025-11-14T04:13:16.344Z|NODE|node02|RECV|HEADER|from=node00|H=1
2025-11-14T04:13:16.344Z|NODE|node00|PROPOSE|H=1
2025-11-14T04:13:16.344Z|NODE|node01|RECV|VOTE|from=node00|H=1|phase=PREVOTE
2025-11-14T04:13:16.344Z|NODE|node01|RECV|VOTE|from=node00|H=1|phase=PREVOTE
2025-11-14T04:13:16.344Z|NODE|node02|RECV|VOTE|from=node00|H=1|phase=PREVOTE
2025-11-14T04:13:16.344Z|NODE|node00|RECV|VOTE|from=node00|H=1|phase=PREVOTE
2025-11-14T04:13:16.345Z|NODE|node00|RECV|VOTE|from=node00|H=1|phase=PREVOTE
2025-11-14T04:13:16.349Z|NODE|node00|RECV|HEADER|from=node00|H=1
2025-11-14T04:13:16.349Z|NODE|node03|RECV|HEADER|from=node00|H=1
2025-11-14T04:13:16.349Z|NODE|node01|RECV|HEADER|from=node00|H=1
2025-11-14T04:13:16.349Z|NODE|node02|RECV|VOTE|from=node00|H=1|phase=PREVOTE
2025-11-14T04:13:16.349Z|NODE|node00|PROPOSE|H=1
2025-11-14T04:13:16.350Z|NODE|node00|SENT|PREVOTE|H=1
2025-11-14T04:13:16.350Z|NODE|node00|RECV|HEADER|from=node00|H=1
2025-11-14T04:13:16.350Z|NODE|node03|RECV|VOTE|from=node00|H=1|phase=PREVOTE
2025-11-14T04:13:16.350Z|NODE|node01|RECV|HEADER|from=node00|H=1
2025-11-14T04:13:16.350Z|NODE|node00|SENT|PREVOTE|H=1
2025-11-14T04:13:16.355Z|NODE|node02|RECV|HEADER|from=node00|H=1
2025-11-14T04:13:16.355Z|NODE|node03|RECV|VOTE|from=node00|H=1|phase=PREVOTE
2025-11-14T04:13:16.355Z|NODE|node01|RECV|HEADER|from=node00|H=1
2025-11-14T04:13:16.355Z|NODE|node00|PROPOSE|H=1
2025-11-14T04:13:16.355Z|NODE|node00|RECV|HEADER|from=node00|H=1
2025-11-14T04:13:16.355Z|NODE|node03|RECV|HEADER|from=node00|H=1
2025-11-14T04:13:16.355Z|NODE|node01|RECV|VOTE|from=node00|H=1|phase=PREVOTE
2025-11-14T04:13:16.355Z|NODE|node00|SENT|PREVOTE|H=1
2025-11-14T04:13:16.360Z|NODE|node02|RECV|HEADER|from=node00|H=1
2025-11-14T04:13:16.360Z|NODE|node03|RECV|HEADER|from=node00|H=1
2025-11-14T04:13:16.360Z|NODE|node01|RECV|VOTE|from=node00|H=1|phase=PREVOTE
2025-11-14T04:13:16.360Z|NODE|node00|RECV|VOTE|from=node00|H=1|phase=PREVOTE
2025-11-14T04:13:16.361Z|NODE|node00|PROPOSE|H=1
2025-11-14T04:13:16.361Z|NODE|node00|RECV|VOTE|from=node00|H=1|phase=PREVOTE
2025-11-14T04:13:16.361Z|NODE|node00|RECV|HEADER|from=node00|H=1
2025-11-14T04:13:16.362Z|NODE|node02|RECV|VOTE|from=node00|H=1|phase=PREVOTE
2025-11-14T04:13:16.362Z|NODE|node00|SENT|PREVOTE|H=1
2025-11-14T04:13:16.362Z|NODE|node02|RECV|VOTE|from=node00|H=1|phase=PREVOTE
2025-11-14T04:13:16.362Z|NODE|node03|RECV|VOTE|from=node00|H=1|phase=PREVOTE
2025-11-14T04:13:16.362Z|NODE|node03|RECV|VOTE|from=node00|H=1|phase=PREVOTE
2025-11-14T04:13:16.367Z|NODE|node02|RECV|HEADER|from=node00|H=1
2025-11-14T04:13:16.367Z|NODE|node01|RECV|HEADER|from=node00|H=1
2025-11-14T04:13:16.367Z|NODE|node00|RECV|HEADER|from=node00|H=1
2025-11-14T04:13:16.367Z|NODE|node03|RECV|VOTE|from=node00|H=1|phase=PREVOTE
2025-11-14T04:13:16.367Z|NODE|node00|PROPOSE|H=1
2025-11-14T04:13:16.368Z|NODE|node02|RECV|HEADER|from=node00|H=1
2025-11-14T04:13:16.368Z|NODE|node01|RECV|VOTE|from=node00|H=1|phase=PREVOTE
2025-11-14T04:13:16.368Z|NODE|node00|SENT|PREVOTE|H=1
2025-11-14T04:13:16.368Z|NODE|node00|RECV|VOTE|from=node00|H=1|phase=PREVOTE
2025-11-14T04:13:16.368Z|NODE|node02|RECV|HEADER|from=node00|H=1
2025-11-14T04:13:16.373Z|NODE|node03|RECV|HEADER|from=node00|H=1
2025-11-14T04:13:16.373Z|NODE|node02|RECV|VOTE|from=node00|H=1|phase=PREVOTE
2025-11-14T04:13:16.373Z|NODE|node02|RECV|VOTE|from=node00|H=1|phase=PREVOTE
2025-11-14T04:13:16.373Z|NODE|node02|RECV|VOTE|from=node00|H=1|phase=PREVOTE
2025-11-14T04:13:16.373Z|NODE|node01|RECV|HEADER|from=node00|H=1
2025-11-14T04:13:16.373Z|NODE|node00|PROPOSE|H=1
2025-11-14T04:13:16.374Z|NODE|node01|RECV|VOTE|from=node00|H=1|phase=PREVOTE
2025-11-14T04:13:16.374Z|NODE|node01|RECV|HEADER|from=node00|H=1
2025-11-14T04:13:16.374Z|NODE|node00|RECV|HEADER|from=node00|H=1
2025-11-14T04:13:16.374Z|NODE|node03|RECV|VOTE|from=node00|H=1|phase=PREVOTE
2025-11-14T04:13:16.374Z|NODE|node01|RECV|VOTE|from=node00|H=1|phase=PREVOTE
2025-11-14T04:13:16.375Z|NODE|node00|SENT|PREVOTE|H=1
2025-11-14T04:13:16.375Z|NODE|node00|RECV|VOTE|from=node00|H=1|phase=PREVOTE
2025-11-14T04:13:16.375Z|NODE|node00|RECV|VOTE|from=node00|H=1|phase=PREVOTE
2025-11-14T04:13:16.379Z|NODE|node01|RECV|VOTE|from=node00|H=1|phase=PREVOTE
2025-11-14T04:13:16.379Z|NODE|node00|RECV|HEADER|from=node00|H=1
2025-11-14T04:13:16.379Z|NODE|node00|PROPOSE|H=1
2025-11-14T04:13:16.379Z|NODE|node03|RECV|HEADER|from=node00|H=1
2025-11-14T04:13:16.380Z|NODE|node02|RECV|HEADER|from=node00|H=1
2025-11-14T04:13:16.380Z|NODE|node00|SENT|PREVOTE|H=1
2025-11-14T04:13:16.380Z|NODE|node03|RECV|VOTE|from=node00|H=1|phase=PREVOTE
2025-11-14T04:13:16.380Z|NODE|node03|RECV|VOTE|from=node00|H=1|phase=PREVOTE
2025-11-14T04:13:16.381Z|NODE|node02|RECV|HEADER|from=node00|H=1
2025-11-14T04:13:16.385Z|NODE|node01|RECV|HEADER|from=node00|H=1
2025-11-14T04:13:16.385Z|NODE|node03|RECV|HEADER|from=node00|H=1
2025-11-14T04:13:16.385Z|NODE|node00|RECV|VOTE|from=node00|H=1|phase=PREVOTE
2025-11-14T04:13:16.385Z|NODE|node02|RECV|HEADER|from=node00|H=1
2025-11-14T04:13:16.385Z|NODE|node00|PROPOSE|H=1
2025-11-14T04:13:16.386Z|NODE|node01|RECV|VOTE|from=node00|H=1|phase=PREVOTE
2025-11-14T04:13:16.386Z|NODE|node01|RECV|HEADER|from=node00|H=1
2025-11-14T04:13:16.386Z|NODE|node03|RECV|HEADER|from=node00|H=1
2025-11-14T04:13:16.387Z|NODE|node01|RECV|VOTE|from=node00|H=1|phase=PREVOTE
2025-11-14T04:13:16.387Z|NODE|node03|RECV|HEADER|from=node00|H=1
2025-11-14T04:13:16.391Z|NODE|node01|RECV|HEADER|from=node00|H=1
2025-11-14T04:13:16.391Z|NODE|node00|RECV|HEADER|from=node00|H=1
2025-11-14T04:13:16.391Z|NODE|node02|RECV|VOTE|from=node00|H=1|phase=PREVOTE
2025-11-14T04:13:16.391Z|NODE|node03|RECV|VOTE|from=node00|H=1|phase=PREVOTE
2025-11-14T04:13:16.391Z|NODE|node03|RECV|HEADER|from=node00|H=1
2025-11-14T04:13:16.392Z|NODE|node00|PROPOSE|H=1
2025-11-14T04:13:16.392Z|NODE|node01|RECV|HEADER|from=node00|H=1
2025-11-14T04:13:16.392Z|NODE|node00|SENT|PREVOTE|H=1
2025-11-14T04:13:16.392Z|NODE|node00|RECV|VOTE|from=node00|H=1|phase=PREVOTE
2025-11-14T04:13:16.392Z|NODE|node00|RECV|HEADER|from=node00|H=1
2025-11-14T04:13:16.392Z|NODE|node00|SENT|PREVOTE|H=1
2025-11-14T04:13:16.397Z|NODE|node02|RECV|VOTE|from=node00|H=1|phase=PREVOTE
2025-11-14T04:13:16.397Z|NODE|node00|PROPOSE|H=1
2025-11-14T04:13:16.397Z|NODE|node03|RECV|VOTE|from=node00|H=1|phase=PREVOTE
2025-11-14T04:13:16.397Z|NODE|node03|RECV|VOTE|from=node00|H=1|phase=PREVOTE
2025-11-14T04:13:16.397Z|NODE|node01|RECV|HEADER|from=node00|H=1
2025-11-14T04:13:16.397Z|NODE|node00|RECV|HEADER|from=node00|H=1
2025-11-14T04:13:16.398Z|NODE|node00|SENT|PREVOTE|H=1
2025-11-14T04:13:16.398Z|NODE|node00|RECV|VOTE|from=node00|H=1|phase=PREVOTE
2025-11-14T04:13:16.402Z|NODE|node00|RECV|HEADER|from=node00|H=1
2025-11-14T04:13:16.402Z|NODE|node02|RECV|HEADER|from=node00|H=1
2025-11-14T04:13:16.402Z|NODE|node01|RECV|VOTE|from=node00|H=1|phase=PREVOTE
2025-11-14T04:13:16.402Z|NODE|node01|RECV|HEADER|from=node00|H=1
2025-11-14T04:13:16.402Z|NODE|node03|RECV|HEADER|from=node00|H=1
2025-11-14T04:13:16.402Z|NODE|node00|PROPOSE|H=1
2025-11-14T04:13:16.402Z|NODE|node00|SENT|PREVOTE|H=1
2025-11-14T04:13:16.402Z|NODE|node02|RECV|VOTE|from=node00|H=1|phase=PREVOTE
2025-11-14T04:13:16.402Z|NODE|node02|RECV|VOTE|from=node00|H=1|phase=PREVOTE
2025-11-14T04:13:16.408Z|NODE|node01|RECV|VOTE|from=node00|H=1|phase=PREVOTE
2025-11-14T04:13:16.408Z|NODE|node01|RECV|VOTE|from=node00|H=1|phase=PREVOTE
2025-11-14T04:13:16.408Z|NODE|node01|RECV|VOTE|from=node00|H=1|phase=PREVOTE
2025-11-14T04:13:16.408Z|NODE|node00|RECV|VOTE|from=node00|H=1|phase=PREVOTE
2025-11-14T04:13:16.408Z|NODE|node03|RECV|VOTE|from=node00|H=1|phase=PREVOTE
2025-11-14T04:13:16.408Z|NODE|node02|RECV|HEADER|from=node00|H=1
2025-11-14T04:13:16.408Z|NODE|node00|PROPOSE|H=1
2025-11-14T04:13:16.409Z|NODE|node02|RECV|VOTE|from=node00|H=1|phase=PREVOTE
2025-11-14T04:13:16.409Z|NODE|node00|RECV|HEADER|from=node00|H=1
2025-11-14T04:13:16.409Z|NODE|node00|SENT|PREVOTE|H=1
2025-11-14T04:13:16.409Z|NODE|node00|RECV|VOTE|from=node00|H=1|phase=PREVOTE
2025-11-14T04:13:16.414Z|NODE|node03|RECV|HEADER|from=node00|H=1
2025-11-14T04:13:16.414Z|NODE|node00|RECV|HEADER|from=node00|H=1
2025-11-14T04:13:16.414Z|NODE|node02|RECV|HEADER|from=node00|H=1
2025-11-14T04:13:16.414Z|NODE|node01|RECV|HEADER|from=node00|H=1
2025-11-14T04:13:16.415Z|NODE|node00|PROPOSE|H=1
2025-11-14T04:13:16.415Z|NODE|node00|SENT|PREVOTE|H=1
2025-11-14T04:13:16.415Z|NODE|node00|RECV|VOTE|from=node00|H=1|phase=PREVOTE
2025-11-14T04:13:16.415Z|NODE|node02|RECV|HEADER|from=node00|H=1
2025-11-14T04:13:16.416Z|NODE|node02|RECV|VOTE|from=node00|H=1|phase=PREVOTE
2025-11-14T04:13:16.420Z|NODE|node03|RECV|HEADER|from=node00|H=1
2025-11-14T04:13:16.420Z|NODE|node02|RECV|HEADER|from=node00|H=1
2025-11-14T04:13:16.421Z|NODE|node03|RECV|VOTE|from=node00|H=1|phase=PREVOTE
2025-11-14T04:13:16.421Z|NODE|node02|RECV|HEADER|from=node00|H=1
2025-11-14T04:13:16.421Z|NODE|node01|RECV|HEADER|from=node00|H=1
2025-11-14T04:13:16.421Z|NODE|node00|RECV|HEADER|from=node00|H=1
2025-11-14T04:13:16.421Z|NODE|node00|PROPOSE|H=1
2025-11-14T04:13:16.421Z|NODE|node03|RECV|VOTE|from=node00|H=1|phase=PREVOTE
2025-11-14T04:13:16.422Z|NODE|node02|RECV|VOTE|from=node00|H=1|phase=PREVOTE
2025-11-14T04:13:16.422Z|NODE|node00|SENT|PREVOTE|H=1
2025-11-14T04:13:16.427Z|NODE|node00|RECV|HEADER|from=node00|H=1
2025-11-14T04:13:16.427Z|NODE|node01|RECV|HEADER|from=node00|H=1
2025-11-14T04:13:16.427Z|NODE|node03|RECV|HEADER|from=node00|H=1
2025-11-14T04:13:16.427Z|NODE|node02|RECV|VOTE|from=node00|H=1|phase=PREVOTE
2025-11-14T04:13:16.427Z|NODE|node00|PROPOSE|H=1
2025-11-14T04:13:16.427Z|NODE|node00|SENT|PREVOTE|H=1
2025-11-14T04:13:16.427Z|NODE|node00|RECV|VOTE|from=node00|H=1|phase=PREVOTE
2025-11-14T04:13:16.427Z|NODE|node01|RECV|VOTE|from=node00|H=1|phase=PREVOTE
2025-11-14T04:13:16.428Z|NODE|node01|RECV|VOTE|from=node00|H=1|phase=PREVOTE
2025-11-14T04:13:16.428Z|NODE|node03|RECV|VOTE|from=node00|H=1|phase=PREVOTE
2025-11-14T04:13:16.428Z|NODE|node03|RECV|VOTE|from=node00|H=1|phase=PREVOTE
2025-11-14T04:13:16.428Z|NODE|node00|RECV|VOTE|from=node00|H=1|phase=PREVOTE
2025-11-14T04:13:16.428Z|NODE|node00|RECV|VOTE|from=node00|H=1|phase=PREVOTE
2025-11-14T04:13:16.429Z|NODE|node01|RECV|HEADER|from=node00|H=1
2025-11-14T04:13:16.429Z|NODE|node01|RECV|VOTE|from=node00|H=1|phase=PREVOTE
2025-11-14T04:13:16.432Z|NODE|node03|RECV|HEADER|from=node00|H=1
2025-11-14T04:13:16.432Z|NODE|node00|PROPOSE|H=1
2025-11-14T04:13:16.432Z|NODE|node03|RECV|HEADER|from=node00|H=1
2025-11-14T04:13:16.432Z|NODE|node01|RECV|VOTE|from=node00|H=1|phase=PREVOTE
2025-11-14T04:13:16.433Z|NODE|node02|RECV|HEADER|from=node00|H=1
2025-11-14T04:13:16.433Z|NODE|node03|RECV|HEADER|from=node00|H=1
2025-11-14T04:13:16.438Z|NODE|node02|RECV|VOTE|from=node00|H=1|phase=PREVOTE
2025-11-14T04:13:16.438Z|NODE|node00|PROPOSE|H=1
2025-11-14T04:13:16.438Z|NODE|node00|RECV|HEADER|from=node00|H=1
2025-11-14T04:13:16.438Z|NODE|node03|RECV|VOTE|from=node00|H=1|phase=PREVOTE
2025-11-14T04:13:16.438Z|NODE|node01|RECV|HEADER|from=node00|H=1
2025-11-14T04:13:16.439Z|NODE|node02|RECV|VOTE|from=node00|H=1|phase=PREVOTE
2025-11-14T04:13:16.439Z|NODE|node00|SENT|PREVOTE|H=1
2025-11-14T04:13:16.439Z|NODE|node00|RECV|VOTE|from=node00|H=1|phase=PREVOTE
2025-11-14T04:13:16.439Z|NODE|node00|RECV|HEADER|from=node00|H=1
2025-11-14T04:13:16.439Z|NODE|node00|SENT|PREVOTE|H=1
2025-11-14T04:13:16.444Z|NODE|node00|RECV|HEADER|from=node00|H=1
2025-11-14T04:13:16.444Z|NODE|node02|RECV|HEADER|from=node00|H=1
2025-11-14T04:13:16.444Z|NODE|node03|RECV|VOTE|from=node00|H=1|phase=PREVOTE
2025-11-14T04:13:16.444Z|NODE|node02|RECV|HEADER|from=node00|H=1
2025-11-14T04:13:16.444Z|NODE|node01|RECV|VOTE|from=node00|H=1|phase=PREVOTE
2025-11-14T04:13:16.444Z|NODE|node01|RECV|VOTE|from=node00|H=1|phase=PREVOTE
2025-11-14T04:13:16.445Z|NODE|node00|PROPOSE|H=1
2025-11-14T04:13:16.445Z|NODE|node00|SENT|PREVOTE|H=1
2025-11-14T04:13:16.445Z|NODE|node00|RECV|VOTE|from=node00|H=1|phase=PREVOTE
2025-11-14T04:13:16.450Z|NODE|node01|RECV|HEADER|from=node00|H=1
2025-11-14T04:13:16.450Z|NODE|node02|RECV|HEADER|from=node00|H=1
2025-11-14T04:13:16.450Z|NODE|node03|RECV|HEADER|from=node00|H=1
2025-11-14T04:13:16.450Z|NODE|node00|RECV|VOTE|from=node00|H=1|phase=PREVOTE
2025-11-14T04:13:16.450Z|NODE|node00|PROPOSE|H=1
2025-11-14T04:13:16.450Z|NODE|node02|RECV|VOTE|from=node00|H=1|phase=PREVOTE
2025-11-14T04:13:16.450Z|NODE|node02|RECV|HEADER|from=node00|H=1
2025-11-14T04:13:16.450Z|NODE|node03|RECV|HEADER|from=node00|H=1
2025-11-14T04:13:16.450Z|NODE|node00|RECV|HEADER|from=node00|H=1
2025-11-14T04:13:16.451Z|NODE|node03|RECV|HEADER|from=node00|H=1
2025-11-14T04:13:16.451Z|NODE|node00|SENT|PREVOTE|H=1
2025-11-14T04:13:16.456Z|NODE|node00|RECV|HEADER|from=node00|H=1
2025-11-14T04:13:16.456Z|NODE|node01|RECV|HEADER|from=node00|H=1
2025-11-14T04:13:16.456Z|NODE|node02|RECV|VOTE|from=node00|H=1|phase=PREVOTE
2025-11-14T04:13:16.456Z|NODE|node02|RECV|VOTE|from=node00|H=1|phase=PREVOTE
2025-11-14T04:13:16.456Z|NODE|node03|RECV|VOTE|from=node00|H=1|phase=PREVOTE
2025-11-14T04:13:16.457Z|NODE|node00|PROPOSE|H=1
2025-11-14T04:13:16.457Z|NODE|node01|RECV|HEADER|from=node00|H=1
2025-11-14T04:13:16.457Z|NODE|node00|SENT|PREVOTE|H=1
2025-11-14T04:13:16.457Z|NODE|node00|RECV|HEADER|from=node00|H=1
2025-11-14T04:13:16.457Z|NODE|node01|RECV|VOTE|from=node00|H=1|phase=PREVOTE
2025-11-14T04:13:16.457Z|NODE|node01|RECV|HEADER|from=node00|H=1
2025-11-14T04:13:16.457Z|NODE|node00|SENT|PREVOTE|H=1
2025-11-14T04:13:16.457Z|NODE|node01|RECV|VOTE|from=node00|H=1|phase=PREVOTE
2025-11-14T04:13:16.462Z|NODE|node03|RECV|VOTE|from=node00|H=1|phase=PREVOTE
2025-11-14T04:13:16.462Z|NODE|node03|RECV|HEADER|from=node00|H=1
2025-11-14T04:13:16.463Z|NODE|node00|RECV|VOTE|from=node00|H=1|phase=PREVOTE
2025-11-14T04:13:16.463Z|NODE|node02|RECV|VOTE|from=node00|H=1|phase=PREVOTE
2025-11-14T04:13:16.463Z|NODE|node02|RECV|VOTE|from=node00|H=1|phase=PREVOTE
2025-11-14T04:13:16.463Z|NODE|node01|RECV|VOTE|from=node00|H=1|phase=PREVOTE
2025-11-14T04:13:16.464Z|NODE|node00|PROPOSE|H=1
2025-11-14T04:13:16.464Z|NODE|node00|RECV|HEADER|from=node00|H=1
2025-11-14T04:13:16.464Z|NODE|node00|SENT|PREVOTE|H=1
2025-11-14T04:13:16.464Z|NODE|node00|RECV|VOTE|from=node00|H=1|phase=PREVOTE
2025-11-14T04:13:16.469Z|NODE|node03|RECV|VOTE|from=node00|H=1|phase=PREVOTE
2025-11-14T04:13:16.469Z|NODE|node03|RECV|HEADER|from=node00|H=1
2025-11-14T04:13:16.470Z|NODE|node02|RECV|HEADER|from=node00|H=1
2025-11-14T04:13:16.470Z|NODE|node00|RECV|VOTE|from=node00|H=1|phase=PREVOTE
2025-11-14T04:13:16.470Z|NODE|node00|PROPOSE|H=1
2025-11-14T04:13:16.470Z|NODE|node00|RECV|VOTE|from=node00|H=1|phase=PREVOTE
2025-11-14T04:13:16.471Z|NODE|node03|RECV|HEADER|from=node00|H=1
2025-11-14T04:13:16.471Z|NODE|node02|RECV|VOTE|from=node00|H=1|phase=PREVOTE
2025-11-14T04:13:16.471Z|NODE|node02|RECV|HEADER|from=node00|H=1
2025-11-14T04:13:16.475Z|NODE|node02|RECV|HEADER|from=node00|H=1
2025-11-14T04:13:16.475Z|NODE|node01|RECV|HEADER|from=node00|H=1
2025-11-14T04:13:16.475Z|NODE|node03|RECV|VOTE|from=node00|H=1|phase=PREVOTE
2025-11-14T04:13:16.475Z|NODE|node03|RECV|VOTE|from=node00|H=1|phase=PREVOTE
2025-11-14T04:13:16.476Z|NODE|node00|RECV|VOTE|from=node00|H=1|phase=PREVOTE
2025-11-14T04:13:16.476Z|NODE|node00|PROPOSE|H=1
2025-11-14T04:13:16.476Z|NODE|node01|RECV|VOTE|from=node00|H=1|phase=PREVOTE
2025-11-14T04:13:16.476Z|NODE|node01|RECV|HEADER|from=node00|H=1
2025-11-14T04:13:16.476Z|NODE|node00|RECV|HEADER|from=node00|H=1
2025-11-14T04:13:16.477Z|NODE|node00|SENT|PREVOTE|H=1
2025-11-14T04:13:16.481Z|NODE|node02|RECV|VOTE|from=node00|H=1|phase=PREVOTE
2025-11-14T04:13:16.481Z|NODE|node02|RECV|HEADER|from=node00|H=1
2025-11-14T04:13:16.481Z|NODE|node03|RECV|VOTE|from=node00|H=1|phase=PREVOTE
2025-11-14T04:13:16.481Z|NODE|node03|RECV|VOTE|from=node00|H=1|phase=PREVOTE
2025-11-14T04:13:16.481Z|NODE|node01|RECV|VOTE|from=node00|H=1|phase=PREVOTE
2025-11-14T04:13:16.482Z|NODE|node01|RECV|HEADER|from=node00|H=1
2025-11-14T04:13:16.482Z|NODE|node00|PROPOSE|H=1
2025-11-14T04:13:16.487Z|NODE|node00|RECV|HEADER|from=node00|H=1
2025-11-14T04:13:16.487Z|NODE|node01|RECV|HEADER|from=node00|H=1
2025-11-14T04:13:16.487Z|NODE|node03|RECV|HEADER|from=node00|H=1
2025-11-14T04:13:16.487Z|NODE|node02|RECV|HEADER|from=node00|H=1
2025-11-14T04:13:16.487Z|NODE|node00|PROPOSE|H=1
2025-11-14T04:13:16.488Z|NODE|node01|RECV|VOTE|from=node00|H=1|phase=PREVOTE
2025-11-14T04:13:16.488Z|NODE|node00|SENT|PREVOTE|H=1
2025-11-14T04:13:16.488Z|NODE|node00|RECV|VOTE|from=node00|H=1|phase=PREVOTE
2025-11-14T04:13:16.488Z|NODE|node03|RECV|HEADER|from=node00|H=1
2025-11-14T04:13:16.493Z|NODE|node02|RECV|VOTE|from=node00|H=1|phase=PREVOTE
2025-11-14T04:13:16.493Z|NODE|node01|RECV|HEADER|from=node00|H=1
2025-11-14T04:13:16.493Z|NODE|node00|RECV|HEADER|from=node00|H=1
2025-11-14T04:13:16.493Z|NODE|node03|RECV|VOTE|from=node00|H=1|phase=PREVOTE
2025-11-14T04:13:16.493Z|NODE|node00|PROPOSE|H=1
2025-11-14T04:13:16.493Z|NODE|node01|RECV|HEADER|from=node00|H=1
2025-11-14T04:13:16.494Z|NODE|node00|SENT|PREVOTE|H=1
2025-11-14T04:13:16.494Z|NODE|node00|RECV|HEADER|from=node00|H=1
2025-11-14T04:13:16.494Z|NODE|node00|SENT|PREVOTE|H=1
2025-11-14T04:13:16.494Z|NODE|node00|RECV|HEADER|from=node00|H=1
2025-11-14T04:13:16.494Z|NODE|node00|SENT|PREVOTE|H=1
2025-11-14T04:13:16.499Z|NODE|node03|RECV|HEADER|from=node00|H=1
2025-11-14T04:13:16.499Z|NODE|node00|RECV|HEADER|from=node00|H=1
2025-11-14T04:13:16.499Z|NODE|node02|RECV|HEADER|from=node00|H=1
2025-11-14T04:13:16.499Z|NODE|node01|RECV|VOTE|from=node00|H=1|phase=PREVOTE
2025-11-14T04:13:16.499Z|NODE|node01|RECV|VOTE|from=node00|H=1|phase=PREVOTE
2025-11-14T04:13:16.499Z|NODE|node00|PROPOSE|H=1
2025-11-14T04:13:16.499Z|NODE|node03|RECV|HEADER|from=node00|H=1
2025-11-14T04:13:16.500Z|NODE|node00|SENT|PREVOTE|H=1
2025-11-14T04:13:16.500Z|NODE|node00|RECV|VOTE|from=node00|H=1|phase=PREVOTE
2025-11-14T04:13:16.500Z|NODE|node02|RECV|VOTE|from=node00|H=1|phase=PREVOTE
2025-11-14T04:13:16.500Z|NODE|node03|RECV|VOTE|from=node00|H=1|phase=PREVOTE
2025-11-14T04:13:16.505Z|NODE|node02|RECV|HEADER|from=node00|H=1
2025-11-14T04:13:16.505Z|NODE|node00|RECV|VOTE|from=node00|H=1|phase=PREVOTE
2025-11-14T04:13:16.505Z|NODE|node01|RECV|VOTE|from=node00|H=1|phase=PREVOTE
2025-11-14T04:13:16.505Z|NODE|node01|RECV|HEADER|from=node00|H=1
2025-11-14T04:13:16.505Z|NODE|node03|RECV|VOTE|from=node00|H=1|phase=PREVOTE
2025-11-14T04:13:16.506Z|NODE|node03|RECV|VOTE|from=node00|H=1|phase=PREVOTE
2025-11-14T04:13:16.506Z|NODE|node00|PROPOSE|H=1
2025-11-14T04:13:16.506Z|NODE|node02|RECV|VOTE|from=node00|H=1|phase=PREVOTE
2025-11-14T04:13:16.506Z|NODE|node01|RECV|VOTE|from=node00|H=1|phase=PREVOTE
2025-11-14T04:13:16.506Z|NODE|node02|RECV|HEADER|from=node00|H=1
2025-11-14T04:13:16.511Z|NODE|node02|RECV|HEADER|from=node00|H=1
2025-11-14T04:13:16.511Z|NODE|node03|RECV|HEADER|from=node00|H=1
2025-11-14T04:13:16.511Z|NODE|node00|RECV|VOTE|from=node00|H=1|phase=PREVOTE
2025-11-14T04:13:16.511Z|NODE|node01|RECV|HEADER|from=node00|H=1
2025-11-14T04:13:16.512Z|NODE|node00|PROPOSE|H=1
2025-11-14T04:13:16.512Z|NODE|node02|RECV|VOTE|from=node00|H=1|phase=PREVOTE
2025-11-14T04:13:16.512Z|NODE|node02|RECV|VOTE|from=node00|H=1|phase=PREVOTE
2025-11-14T04:13:16.512Z|NODE|node02|RECV|VOTE|from=node00|H=1|phase=PREVOTE
2025-11-14T04:13:16.512Z|NODE|node03|RECV|HEADER|from=node00|H=1
2025-11-14T04:13:16.512Z|NODE|node01|RECV|VOTE|from=node00|H=1|phase=PREVOTE
2025-11-14T04:13:16.512Z|NODE|node01|RECV|HEADER|from=node00|H=1
2025-11-14T04:13:16.512Z|NODE|node00|RECV|VOTE|from=node00|H=1|phase=PREVOTE
2025-11-14T04:13:16.513Z|NODE|node00|RECV|VOTE|from=node00|H=1|phase=PREVOTE
2025-11-14T04:13:16.513Z|NODE|node00|RECV|HEADER|from=node00|H=1
2025-11-14T04:13:16.513Z|NODE|node00|SENT|PREVOTE|H=1
2025-11-14T04:13:16.517Z|NODE|node00|RECV|HEADER|from=node00|H=1
2025-11-14T04:13:16.517Z|NODE|node03|RECV|HEADER|from=node00|H=1
2025-11-14T04:13:16.517Z|NODE|node00|SENT|PREVOTE|H=1
2025-11-14T04:13:16.517Z|NODE|node00|RECV|VOTE|from=node00|H=1|phase=PREVOTE
2025-11-14T04:13:16.517Z|NODE|node02|RECV|HEADER|from=node00|H=1
2025-11-14T04:13:16.517Z|NODE|node00|PROPOSE|H=1
2025-11-14T04:13:16.517Z|NODE|node03|RECV|VOTE|from=node00|H=1|phase=PREVOTE
2025-11-14T04:13:16.518Z|NODE|node03|RECV|VOTE|from=node00|H=1|phase=PREVOTE
2025-11-14T04:13:16.518Z|NODE|node02|RECV|VOTE|from=node00|H=1|phase=PREVOTE
2025-11-14T04:13:16.523Z|NODE|node00|RECV|HEADER|from=node00|H=1
2025-11-14T04:13:16.523Z|NODE|node02|RECV|HEADER|from=node00|H=1
2025-11-14T04:13:16.524Z|NODE|node00|PROPOSE|H=1
2025-11-14T04:13:16.524Z|NODE|node00|SENT|PREVOTE|H=1
2025-11-14T04:13:16.524Z|NODE|node00|RECV|VOTE|from=node00|H=1|phase=PREVOTE
2025-11-14T04:13:16.529Z|NODE|node01|RECV|HEADER|from=node00|H=1
2025-11-14T04:13:16.529Z|NODE|node00|RECV|HEADER|from=node00|H=1
2025-11-14T04:13:16.529Z|NODE|node03|RECV|HEADER|from=node00|H=1
2025-11-14T04:13:16.529Z|NODE|node02|RECV|HEADER|from=node00|H=1
2025-11-14T04:13:16.529Z|NODE|node00|PROPOSE|H=1
2025-11-14T04:13:16.529Z|NODE|node01|RECV|VOTE|from=node00|H=1|phase=PREVOTE
2025-11-14T04:13:16.529Z|NODE|node00|SENT|PREVOTE|H=1
2025-11-14T04:13:16.529Z|NODE|node00|RECV|VOTE|from=node00|H=1|phase=PREVOTE
2025-11-14T04:13:16.530Z|NODE|node03|RECV|VOTE|from=node00|H=1|phase=PREVOTE
2025-11-14T04:13:16.530Z|NODE|node03|RECV|HEADER|from=node00|H=1
2025-11-14T04:13:16.530Z|NODE|node02|RECV|VOTE|from=node00|H=1|phase=PREVOTE
2025-11-14T04:13:16.531Z|NODE|node02|RECV|VOTE|from=node00|H=1|phase=PREVOTE
2025-11-14T04:13:16.535Z|NODE|node01|RECV|HEADER|from=node00|H=1
2025-11-14T04:13:16.535Z|NODE|node03|RECV|HEADER|from=node00|H=1
2025-11-14T04:13:16.535Z|NODE|node00|PROPOSE|H=1
2025-11-14T04:13:16.535Z|NODE|node01|RECV|VOTE|from=node00|H=1|phase=PREVOTE
2025-11-14T04:13:16.535Z|NODE|node01|RECV|VOTE|from=node00|H=1|phase=PREVOTE
2025-11-14T04:13:16.535Z|NODE|node03|RECV|VOTE|from=node00|H=1|phase=PREVOTE
2025-11-14T04:13:16.535Z|NODE|node01|RECV|HEADER|from=node00|H=1
2025-11-14T04:13:16.535Z|NODE|node01|RECV|VOTE|from=node00|H=1|phase=PREVOTE
2025-11-14T04:13:16.540Z|NODE|node01|RECV|HEADER|from=node00|H=1
2025-11-14T04:13:16.540Z|NODE|node02|RECV|HEADER|from=node00|H=1
2025-11-14T04:13:16.540Z|NODE|node00|RECV|HEADER|from=node00|H=1
2025-11-14T04:13:16.541Z|NODE|node03|RECV|VOTE|from=node00|H=1|phase=PREVOTE
2025-11-14T04:13:16.541Z|NODE|node03|RECV|HEADER|from=node00|H=1
2025-11-14T04:13:16.541Z|NODE|node00|PROPOSE|H=1
2025-11-14T04:13:16.541Z|NODE|node01|RECV|HEADER|from=node00|H=1
2025-11-14T04:13:16.542Z|NODE|node00|SENT|PREVOTE|H=1
2025-11-14T04:13:16.542Z|NODE|node00|RECV|HEADER|from=node00|H=1
2025-11-14T04:13:16.542Z|NODE|node00|SENT|PREVOTE|H=1
2025-11-14T04:13:16.542Z|NODE|node00|RECV|HEADER|from=node00|H=1
2025-11-14T04:13:16.542Z|NODE|node00|SENT|PREVOTE|H=1
2025-11-14T04:13:16.547Z|NODE|node03|RECV|HEADER|from=node00|H=1
2025-11-14T04:13:16.547Z|NODE|node00|RECV|VOTE|from=node00|H=1|phase=PREVOTE
2025-11-14T04:13:16.547Z|NODE|node02|RECV|HEADER|from=node00|H=1
2025-11-14T04:13:16.547Z|NODE|node01|RECV|HEADER|from=node00|H=1
2025-11-14T04:13:16.547Z|NODE|node02|RECV|VOTE|from=node00|H=1|phase=PREVOTE
2025-11-14T04:13:16.547Z|NODE|node02|RECV|HEADER|from=node00|H=1
2025-11-14T04:13:16.548Z|NODE|node00|PROPOSE|H=1
2025-11-14T04:13:16.548Z|NODE|node02|RECV|HEADER|from=node00|H=1
2025-11-14T04:13:16.553Z|NODE|node00|RECV|HEADER|from=node00|H=1
2025-11-14T04:13:16.553Z|NODE|node03|RECV|HEADER|from=node00|H=1
2025-11-14T04:13:16.554Z|NODE|node02|RECV|VOTE|from=node00|H=1|phase=PREVOTE
2025-11-14T04:13:16.554Z|NODE|node03|RECV|VOTE|from=node00|H=1|phase=PREVOTE
2025-11-14T04:13:16.554Z|NODE|node03|RECV|VOTE|from=node00|H=1|phase=PREVOTE
2025-11-14T04:13:16.554Z|NODE|node01|RECV|VOTE|from=node00|H=1|phase=PREVOTE
2025-11-14T04:13:16.554Z|NODE|node00|PROPOSE|H=1
2025-11-14T04:13:16.555Z|NODE|node00|SENT|PREVOTE|H=1
2025-11-14T04:13:16.555Z|NODE|node00|RECV|VOTE|from=node00|H=1|phase=PREVOTE
2025-11-14T04:13:16.555Z|NODE|node00|RECV|HEADER|from=node00|H=1
2025-11-14T04:13:16.555Z|NODE|node00|SENT|PREVOTE|H=1
2025-11-14T04:13:16.560Z|NODE|node01|RECV|VOTE|from=node00|H=1|phase=PREVOTE
2025-11-14T04:13:16.560Z|NODE|node01|RECV|VOTE|from=node00|H=1|phase=PREVOTE
2025-11-14T04:13:16.560Z|NODE|node01|RECV|VOTE|from=node00|H=1|phase=PREVOTE
2025-11-14T04:13:16.560Z|NODE|node01|RECV|VOTE|from=node00|H=1|phase=PREVOTE
2025-11-14T04:13:16.560Z|NODE|node00|RECV|VOTE|from=node00|H=1|phase=PREVOTE
2025-11-14T04:13:16.560Z|NODE|node02|RECV|VOTE|from=node00|H=1|phase=PREVOTE
2025-11-14T04:13:16.560Z|NODE|node02|RECV|VOTE|from=node00|H=1|phase=PREVOTE
2025-11-14T04:13:16.560Z|NODE|node02|RECV|VOTE|from=node00|H=1|phase=PREVOTE
2025-11-14T04:13:16.560Z|NODE|node03|RECV|VOTE|from=node00|H=1|phase=PREVOTE
2025-11-14T04:13:16.561Z|NODE|node03|RECV|HEADER|from=node00|H=1
2025-11-14T04:13:16.561Z|NODE|node00|PROPOSE|H=1
2025-11-14T04:13:16.561Z|NODE|node00|RECV|VOTE|from=node00|H=1|phase=PREVOTE
2025-11-14T04:13:16.561Z|NODE|node00|RECV|HEADER|from=node00|H=1
2025-11-14T04:13:16.562Z|NODE|node00|SENT|PREVOTE|H=1
2025-11-14T04:13:16.562Z|NODE|node00|RECV|VOTE|from=node00|H=1|phase=PREVOTE
2025-11-14T04:13:16.562Z|NODE|node00|RECV|VOTE|from=node00|H=1|phase=PREVOTE
2025-11-14T04:13:16.566Z|NODE|node02|RECV|HEADER|from=node00|H=1
2025-11-14T04:13:16.566Z|NODE|node03|RECV|HEADER|from=node00|H=1
2025-11-14T04:13:16.566Z|NODE|node01|RECV|HEADER|from=node00|H=1
2025-11-14T04:13:16.566Z|NODE|node00|RECV|HEADER|from=node00|H=1
2025-11-14T04:13:16.566Z|NODE|node00|PROPOSE|H=1
2025-11-14T04:13:16.567Z|NODE|node02|RECV|VOTE|from=node00|H=1|phase=PREVOTE
2025-11-14T04:13:16.567Z|NODE|node03|RECV|VOTE|from=node00|H=1|phase=PREVOTE
2025-11-14T04:13:16.567Z|NODE|node03|RECV|VOTE|from=node00|H=1|phase=PREVOTE
2025-11-14T04:13:16.567Z|NODE|node00|SENT|PREVOTE|H=1
2025-11-14T04:13:16.572Z|NODE|node02|RECV|HEADER|from=node00|H=1
2025-11-14T04:13:16.572Z|NODE|node03|RECV|VOTE|from=node00|H=1|phase=PREVOTE
2025-11-14T04:13:16.572Z|NODE|node01|RECV|HEADER|from=node00|H=1
2025-11-14T04:13:16.573Z|NODE|node00|RECV|VOTE|from=node00|H=1|phase=PREVOTE
2025-11-14T04:13:16.573Z|NODE|node01|RECV|HEADER|from=node00|H=1
2025-11-14T04:13:16.573Z|NODE|node00|PROPOSE|H=1
2025-11-14T04:13:16.573Z|NODE|node02|RECV|VOTE|from=node00|H=1|phase=PREVOTE
2025-11-14T04:13:16.573Z|NODE|node00|RECV|HEADER|from=node00|H=1
2025-11-14T04:13:16.574Z|NODE|node00|SENT|PREVOTE|H=1
2025-11-14T04:13:16.578Z|NODE|node03|RECV|HEADER|from=node00|H=1
2025-11-14T04:13:16.578Z|NODE|node02|RECV|HEADER|from=node00|H=1
2025-11-14T04:13:16.578Z|NODE|node01|RECV|VOTE|from=node00|H=1|phase=PREVOTE
2025-11-14T04:13:16.578Z|NODE|node01|RECV|HEADER|from=node00|H=1
2025-11-14T04:13:16.578Z|NODE|node00|PROPOSE|H=1
2025-11-14T04:13:16.579Z|NODE|node03|RECV|HEADER|from=node00|H=1
2025-11-14T04:13:16.579Z|NODE|node03|RECV|VOTE|from=node00|H=1|phase=PREVOTE
2025-11-14T04:13:16.584Z|NODE|node00|RECV|VOTE|from=node00|H=1|phase=PREVOTE
2025-11-14T04:13:16.584Z|NODE|node01|RECV|VOTE|from=node00|H=1|phase=PREVOTE
2025-11-14T04:13:16.584Z|NODE|node01|RECV|HEADER|from=node00|H=1
2025-11-14T04:13:16.584Z|NODE|node03|RECV|HEADER|from=node00|H=1
2025-11-14T04:13:16.584Z|NODE|node02|RECV|HEADER|from=node00|H=1
2025-11-14T04:13:16.584Z|NODE|node00|PROPOSE|H=1
2025-11-14T04:13:16.584Z|NODE|node02|RECV|VOTE|from=node00|H=1|phase=PREVOTE
2025-11-14T04:13:16.585Z|NODE|node00|RECV|HEADER|from=node00|H=1
2025-11-14T04:13:16.585Z|NODE|node00|SENT|PREVOTE|H=1
2025-11-14T04:13:16.585Z|NODE|node00|RECV|HEADER|from=node00|H=1
2025-11-14T04:13:16.585Z|NODE|node00|SENT|PREVOTE|H=1
2025-11-14T04:13:16.590Z|NODE|node00|RECV|VOTE|from=node00|H=1|phase=PREVOTE
2025-11-14T04:13:16.590Z|NODE|node02|RECV|HEADER|from=node00|H=1
2025-11-14T04:13:16.590Z|NODE|node01|RECV|VOTE|from=node00|H=1|phase=PREVOTE
2025-11-14T04:13:16.590Z|NODE|node03|RECV|VOTE|from=node00|H=1|phase=PREVOTE
2025-11-14T04:13:16.591Z|NODE|node03|RECV|VOTE|from=node00|H=1|phase=PREVOTE
2025-11-14T04:13:16.591Z|NODE|node03|RECV|VOTE|from=node00|H=1|phase=PREVOTE
2025-11-14T04:13:16.591Z|NODE|node00|PROPOSE|H=1
2025-11-14T04:13:16.591Z|NODE|node01|RECV|HEADER|from=node00|H=1
2025-11-14T04:13:16.591Z|NODE|node02|RECV|VOTE|from=node00|H=1|phase=PREVOTE
2025-11-14T04:13:16.591Z|NODE|node02|RECV|HEADER|from=node00|H=1
2025-11-14T04:13:16.591Z|NODE|node01|RECV|HEADER|from=node00|H=1
2025-11-14T04:13:16.591Z|NODE|node02|RECV|VOTE|from=node00|H=1|phase=PREVOTE
2025-11-14T04:13:16.591Z|NODE|node01|RECV|VOTE|from=node00|H=1|phase=PREVOTE
2025-11-14T04:13:16.596Z|NODE|node03|RECV|HEADER|from=node00|H=1
2025-11-14T04:13:16.596Z|NODE|node02|RECV|HEADER|from=node00|H=1
2025-11-14T04:13:16.596Z|NODE|node00|RECV|HEADER|from=node00|H=1
2025-11-14T04:13:16.596Z|NODE|node01|RECV|HEADER|from=node00|H=1
2025-11-14T04:13:16.597Z|NODE|node00|PROPOSE|H=1
2025-11-14T04:13:16.597Z|NODE|node02|RECV|VOTE|from=node00|H=1|phase=PREVOTE
2025-11-14T04:13:16.597Z|NODE|node00|SENT|PREVOTE|H=1
2025-11-14T04:13:16.602Z|NODE|node00|RECV|VOTE|from=node00|H=1|phase=PREVOTE
2025-11-14T04:13:16.602Z|NODE|node03|RECV|HEADER|from=node00|H=1
2025-11-14T04:13:16.602Z|NODE|node01|RECV|VOTE|from=node00|H=1|phase=PREVOTE
2025-11-14T04:13:16.603Z|NODE|node02|RECV|HEADER|from=node00|H=1
2025-11-14T04:13:16.603Z|NODE|node00|PROPOSE|H=1
2025-11-14T04:13:16.603Z|NODE|node00|RECV|VOTE|from=node00|H=1|phase=PREVOTE
2025-11-14T04:13:16.603Z|NODE|node00|RECV|VOTE|from=node00|H=1|phase=PREVOTE
2025-11-14T04:13:16.603Z|NODE|node01|RECV|HEADER|from=node00|H=1
2025-11-14T04:13:16.603Z|NODE|node03|RECV|HEADER|from=node00|H=1
2025-11-14T04:13:16.603Z|NODE|node03|RECV|VOTE|from=node00|H=1|phase=PREVOTE
2025-11-14T04:13:16.608Z|NODE|node03|RECV|HEADER|from=node00|H=1
2025-11-14T04:13:16.608Z|NODE|node02|RECV|HEADER|from=node00|H=1
2025-11-14T04:13:16.608Z|NODE|node00|RECV|HEADER|from=node00|H=1
2025-11-14T04:13:16.608Z|NODE|node01|RECV|VOTE|from=node00|H=1|phase=PREVOTE
2025-11-14T04:13:16.608Z|NODE|node00|PROPOSE|H=1
2025-11-14T04:13:16.608Z|NODE|node03|RECV|HEADER|from=node00|H=1
2025-11-14T04:13:16.609Z|NODE|node00|SENT|PREVOTE|H=1
2025-11-14T04:13:16.609Z|NODE|node00|RECV|HEADER|from=node00|H=1
2025-11-14T04:13:16.610Z|NODE|node00|SENT|PREVOTE|H=1
2025-11-14T04:13:16.610Z|NODE|node00|RECV|HEADER|from=node00|H=1
2025-11-14T04:13:16.610Z|NODE|node00|SENT|PREVOTE|H=1
2025-11-14T04:13:16.614Z|NODE|node03|RECV|HEADER|from=node00|H=1
2025-11-14T04:13:16.614Z|NODE|node01|RECV|HEADER|from=node00|H=1
2025-11-14T04:13:16.614Z|NODE|node02|RECV|VOTE|from=node00|H=1|phase=PREVOTE
2025-11-14T04:13:16.614Z|NODE|node02|RECV|HEADER|from=node00|H=1
2025-11-14T04:13:16.614Z|NODE|node00|PROPOSE|H=1
2025-11-14T04:13:16.614Z|NODE|node01|RECV|HEADER|from=node00|H=1
2025-11-14T04:13:16.614Z|NODE|node02|RECV|VOTE|from=node00|H=1|phase=PREVOTE
2025-11-14T04:13:16.620Z|NODE|node00|RECV|VOTE|from=node00|H=1|phase=PREVOTE
2025-11-14T04:13:16.620Z|NODE|node03|RECV|VOTE|from=node00|H=1|phase=PREVOTE
2025-11-14T04:13:16.620Z|NODE|node03|RECV|HEADER|from=node00|H=1
2025-11-14T04:13:16.620Z|NODE|node00|PROPOSE|H=1
2025-11-14T04:13:16.620Z|NODE|node00|RECV|HEADER|from=node00|H=1
2025-11-14T04:13:16.621Z|NODE|node00|SENT|PREVOTE|H=1
2025-11-14T04:13:16.625Z|NODE|node02|RECV|HEADER|from=node00|H=1
2025-11-14T04:13:16.625Z|NODE|node00|RECV|HEADER|from=node00|H=1
2025-11-14T04:13:16.625Z|NODE|node01|RECV|VOTE|from=node00|H=1|phase=PREVOTE
2025-11-14T04:13:16.625Z|NODE|node01|RECV|VOTE|from=node00|H=1|phase=PREVOTE
2025-11-14T04:13:16.625Z|NODE|node01|RECV|VOTE|from=node00|H=1|phase=PREVOTE
2025-11-14T04:13:16.625Z|NODE|node01|RECV|HEADER|from=node00|H=1
2025-11-14T04:13:16.626Z|NODE|node03|RECV|VOTE|from=node00|H=1|phase=PREVOTE
2025-11-14T04:13:16.626Z|NODE|node03|RECV|VOTE|from=node00|H=1|phase=PREVOTE
2025-11-14T04:13:16.626Z|NODE|node03|RECV|HEADER|from=node00|H=1
2025-11-14T04:13:16.626Z|NODE|node00|PROPOSE|H=1
2025-11-14T04:13:16.626Z|NODE|node02|RECV|VOTE|from=node00|H=1|phase=PREVOTE
2025-11-14T04:13:16.626Z|NODE|node02|RECV|VOTE|from=node00|H=1|phase=PREVOTE
2025-11-14T04:13:16.626Z|NODE|node02|RECV|VOTE|from=node00|H=1|phase=PREVOTE
2025-11-14T04:13:16.626Z|NODE|node00|SENT|PREVOTE|H=1
2025-11-14T04:13:16.626Z|NODE|node00|RECV|VOTE|from=node00|H=1|phase=PREVOTE
2025-11-14T04:13:16.626Z|NODE|node00|RECV|VOTE|from=node00|H=1|phase=PREVOTE
2025-11-14T04:13:16.626Z|NODE|node01|RECV|HEADER|from=node00|H=1
2025-11-14T04:13:16.631Z|NODE|node02|RECV|HEADER|from=node00|H=1
2025-11-14T04:13:16.631Z|NODE|node03|RECV|VOTE|from=node00|H=1|phase=PREVOTE
2025-11-14T04:13:16.631Z|NODE|node00|RECV|HEADER|from=node00|H=1
2025-11-14T04:13:16.631Z|NODE|node00|PROPOSE|H=1
2025-11-14T04:13:16.632Z|NODE|node02|RECV|HEADER|from=node00|H=1
2025-11-14T04:13:16.632Z|NODE|node00|SENT|PREVOTE|H=1
2025-11-14T04:13:16.637Z|NODE|node01|RECV|VOTE|from=node00|H=1|phase=PREVOTE
2025-11-14T04:13:16.637Z|NODE|node01|RECV|VOTE|from=node00|H=1|phase=PREVOTE
2025-11-14T04:13:16.637Z|NODE|node02|RECV|HEADER|from=node00|H=1
2025-11-14T04:13:16.637Z|NODE|node00|RECV|VOTE|from=node00|H=1|phase=PREVOTE
2025-11-14T04:13:16.637Z|NODE|node03|RECV|HEADER|from=node00|H=1
2025-11-14T04:13:16.638Z|NODE|node00|PROPOSE|H=1
2025-11-14T04:13:16.638Z|NODE|node02|RECV|VOTE|from=node00|H=1|phase=PREVOTE
2025-11-14T04:13:16.638Z|NODE|node03|RECV|VOTE|from=node00|H=1|phase=PREVOTE
2025-11-14T04:13:16.638Z|NODE|node03|RECV|HEADER|from=node00|H=1
2025-11-14T04:13:16.638Z|NODE|node00|RECV|HEADER|from=node00|H=1
2025-11-14T04:13:16.638Z|NODE|node03|RECV|VOTE|from=node00|H=1|phase=PREVOTE
2025-11-14T04:13:16.638Z|NODE|node00|SENT|PREVOTE|H=1
2025-11-14T04:13:16.638Z|NODE|node00|RECV|VOTE|from=node00|H=1|phase=PREVOTE
2025-11-14T04:13:16.643Z|NODE|node01|RECV|HEADER|from=node00|H=1
2025-11-14T04:13:16.643Z|NODE|node00|RECV|HEADER|from=node00|H=1
2025-11-14T04:13:16.643Z|NODE|node03|RECV|VOTE|from=node00|H=1|phase=PREVOTE
2025-11-14T04:13:16.643Z|NODE|node00|PROPOSE|H=1
2025-11-14T04:13:16.643Z|NODE|node01|RECV|HEADER|from=node00|H=1
2025-11-14T04:13:16.644Z|NODE|node00|SENT|PREVOTE|H=1
2025-11-14T04:13:16.644Z|NODE|node00|RECV|VOTE|from=node00|H=1|phase=PREVOTE
2025-11-14T04:13:16.645Z|NODE|node01|RECV|HEADER|from=node00|H=1
2025-11-14T04:13:16.645Z|NODE|node01|RECV|VOTE|from=node00|H=1|phase=PREVOTE
2025-11-14T04:13:16.649Z|NODE|node01|RECV|VOTE|from=node00|H=1|phase=PREVOTE
2025-11-14T04:13:16.649Z|NODE|node02|RECV|HEADER|from=node00|H=1
2025-11-14T04:13:16.649Z|NODE|node03|RECV|HEADER|from=node00|H=1
2025-11-14T04:13:16.649Z|NODE|node00|RECV|HEADER|from=node00|H=1
2025-11-14T04:13:16.649Z|NODE|node00|PROPOSE|H=1
2025-11-14T04:13:16.649Z|NODE|node02|RECV|VOTE|from=node00|H=1|phase=PREVOTE
2025-11-14T04:13:16.649Z|NODE|node02|RECV|HEADER|from=node00|H=1
2025-11-14T04:13:16.649Z|NODE|node03|RECV|HEADER|from=node00|H=1
2025-11-14T04:13:16.650Z|NODE|node00|SENT|PREVOTE|H=1
2025-11-14T04:13:16.650Z|NODE|node00|RECV|VOTE|from=node00|H=1|phase=PREVOTE
2025-11-14T04:13:16.650Z|NODE|node00|RECV|HEADER|from=node00|H=1
2025-11-14T04:13:16.650Z|NODE|node02|RECV|VOTE|from=node00|H=1|phase=PREVOTE
2025-11-14T04:13:16.650Z|NODE|node02|RECV|VOTE|from=node00|H=1|phase=PREVOTE
2025-11-14T04:13:16.650Z|NODE|node03|RECV|VOTE|from=node00|H=1|phase=PREVOTE
2025-11-14T04:13:16.650Z|NODE|node00|SENT|PREVOTE|H=1
2025-11-14T04:13:16.655Z|NODE|node02|RECV|HEADER|from=node00|H=1
2025-11-14T04:13:16.655Z|NODE|node00|PROPOSE|H=1
2025-11-14T04:13:16.655Z|NODE|node02|RECV|HEADER|from=node00|H=1
2025-11-14T04:13:16.655Z|NODE|node02|RECV|VOTE|from=node00|H=1|phase=PREVOTE
2025-11-14T04:13:16.655Z|NODE|node02|RECV|VOTE|from=node00|H=1|phase=PREVOTE
2025-11-14T04:13:16.660Z|NODE|node01|RECV|HEADER|from=node00|H=1
2025-11-14T04:13:16.660Z|NODE|node00|RECV|VOTE|from=node00|H=1|phase=PREVOTE
2025-11-14T04:13:16.660Z|NODE|node03|RECV|HEADER|from=node00|H=1
2025-11-14T04:13:16.660Z|NODE|node00|PROPOSE|H=1
2025-11-14T04:13:16.661Z|NODE|node00|RECV|HEADER|from=node00|H=1
2025-11-14T04:13:16.661Z|NODE|node01|RECV|VOTE|from=node00|H=1|phase=PREVOTE
2025-11-14T04:13:16.661Z|NODE|node01|RECV|VOTE|from=node00|H=1|phase=PREVOTE
2025-11-14T04:13:16.661Z|NODE|node03|RECV|VOTE|from=node00|H=1|phase=PREVOTE
2025-11-14T04:13:16.661Z|NODE|node00|SENT|PREVOTE|H=1
2025-11-14T04:13:16.661Z|NODE|node00|RECV|VOTE|from=node00|H=1|phase=PREVOTE
2025-11-14T04:13:16.661Z|NODE|node00|RECV|VOTE|from=node00|H=1|phase=PREVOTE
2025-11-14T04:13:16.666Z|NODE|node03|RECV|VOTE|from=node00|H=1|phase=PREVOTE
2025-11-14T04:13:16.666Z|NODE|node03|RECV|HEADER|from=node00|H=1
2025-11-14T04:13:16.666Z|NODE|node01|RECV|HEADER|from=node00|H=1
2025-11-14T04:13:16.667Z|NODE|node00|RECV|HEADER|from=node00|H=1
2025-11-14T04:13:16.667Z|NODE|node02|RECV|HEADER|from=node00|H=1
2025-11-14T04:13:16.667Z|NODE|node00|SENT|PREVOTE|H=1
2025-11-14T04:13:16.667Z|NODE|node00|PROPOSE|H=1
2025-11-14T04:13:16.667Z|NODE|node01|RECV|VOTE|from=node00|H=1|phase=PREVOTE
2025-11-14T04:13:16.672Z|NODE|node00|RECV|VOTE|from=node00|H=1|phase=PREVOTE
2025-11-14T04:13:16.672Z|NODE|node02|RECV|HEADER|from=node00|H=1
2025-11-14T04:13:16.672Z|NODE|node01|RECV|HEADER|from=node00|H=1
2025-11-14T04:13:16.672Z|NODE|node03|RECV|HEADER|from=node00|H=1
2025-11-14T04:13:16.672Z|NODE|node00|PROPOSE|H=1
2025-11-14T04:13:16.673Z|NODE|node02|RECV|VOTE|from=node00|H=1|phase=PREVOTE
2025-11-14T04:13:16.673Z|NODE|node03|RECV|HEADER|from=node00|H=1
2025-11-14T04:13:16.673Z|NODE|node03|RECV|VOTE|from=node00|H=1|phase=PREVOTE
2025-11-14T04:13:16.678Z|NODE|node01|RECV|HEADER|from=node00|H=1
2025-11-14T04:13:16.678Z|NODE|node00|RECV|HEADER|from=node00|H=1
2025-11-14T04:13:16.678Z|NODE|node03|RECV|VOTE|from=node00|H=1|phase=PREVOTE
2025-11-14T04:13:16.678Z|NODE|node02|RECV|HEADER|from=node00|H=1
2025-11-14T04:13:16.678Z|NODE|node00|PROPOSE|H=1
2025-11-14T04:13:16.678Z|NODE|node01|RECV|VOTE|from=node00|H=1|phase=PREVOTE
2025-11-14T04:13:16.679Z|NODE|node00|SENT|PREVOTE|H=1
2025-11-14T04:13:16.679Z|NODE|node00|RECV|VOTE|from=node00|H=1|phase=PREVOTE
2025-11-14T04:13:16.679Z|NODE|node02|RECV|HEADER|from=node00|H=1
2025-11-14T04:13:16.683Z|NODE|node01|RECV|HEADER|from=node00|H=1
2025-11-14T04:13:16.683Z|NODE|node00|PROPOSE|H=1
2025-11-14T04:13:16.683Z|NODE|node00|RECV|HEADER|from=node00|H=1
2025-11-14T04:13:16.683Z|NODE|node02|RECV|VOTE|from=node00|H=1|phase=PREVOTE
2025-11-14T04:13:16.683Z|NODE|node03|RECV|HEADER|from=node00|H=1
2025-11-14T04:13:16.683Z|NODE|node01|RECV|VOTE|from=node00|H=1|phase=PREVOTE
2025-11-14T04:13:16.683Z|NODE|node00|SENT|PREVOTE|H=1
2025-11-14T04:13:16.683Z|NODE|node00|RECV|HEADER|from=node00|H=1
2025-11-14T04:13:16.683Z|NODE|node03|RECV|VOTE|from=node00|H=1|phase=PREVOTE
2025-11-14T04:13:16.683Z|NODE|node00|SENT|PREVOTE|H=1
2025-11-14T04:13:16.684Z|NODE|node01|RECV|HEADER|from=node00|H=1
2025-11-14T04:13:16.684Z|NODE|node01|RECV|HEADER|from=node00|H=1
2025-11-14T04:13:16.688Z|NODE|node03|RECV|HEADER|from=node00|H=1
2025-11-14T04:13:16.688Z|NODE|node00|RECV|HEADER|from=node00|H=1
2025-11-14T04:13:16.688Z|NODE|node02|RECV|HEADER|from=node00|H=1
2025-11-14T04:13:16.689Z|NODE|node00|SENT|PREVOTE|H=1
2025-11-14T04:13:16.689Z|NODE|node01|RECV|VOTE|from=node00|H=1|phase=PREVOTE
2025-11-14T04:13:16.689Z|NODE|node00|PROPOSE|H=1
2025-11-14T04:13:16.689Z|NODE|node03|RECV|VOTE|from=node00|H=1|phase=PREVOTE
2025-11-14T04:13:16.689Z|NODE|node02|RECV|VOTE|from=node00|H=1|phase=PREVOTE
2025-11-14T04:13:16.689Z|NODE|node02|RECV|VOTE|from=node00|H=1|phase=PREVOTE
2025-11-14T04:13:16.689Z|NODE|node02|RECV|VOTE|from=node00|H=1|phase=PREVOTE
2025-11-14T04:13:16.689Z|NODE|node00|RECV|VOTE|from=node00|H=1|phase=PREVOTE
2025-11-14T04:13:16.694Z|NODE|node02|RECV|HEADER|from=node00|H=1
2025-11-14T04:13:16.694Z|NODE|node01|RECV|HEADER|from=node00|H=1
2025-11-14T04:13:16.694Z|NODE|node03|RECV|HEADER|from=node00|H=1
2025-11-14T04:13:16.694Z|NODE|node00|RECV|VOTE|from=node00|H=1|phase=PREVOTE
2025-11-14T04:13:16.694Z|NODE|node00|PROPOSE|H=1
2025-11-14T04:13:16.694Z|NODE|node01|RECV|HEADER|from=node00|H=1
2025-11-14T04:13:16.695Z|NODE|node00|RECV|VOTE|from=node00|H=1|phase=PREVOTE
2025-11-14T04:13:16.695Z|NODE|node00|RECV|VOTE|from=node00|H=1|phase=PREVOTE
2025-11-14T04:13:16.695Z|NODE|node03|RECV|VOTE|from=node00|H=1|phase=PREVOTE
2025-11-14T04:13:16.695Z|NODE|node01|RECV|VOTE|from=node00|H=1|phase=PREVOTE
2025-11-14T04:13:16.700Z|NODE|node03|RECV|HEADER|from=node00|H=1
2025-11-14T04:13:16.700Z|NODE|node00|RECV|HEADER|from=node00|H=1
2025-11-14T04:13:16.700Z|NODE|node01|RECV|VOTE|from=node00|H=1|phase=PREVOTE
2025-11-14T04:13:16.700Z|NODE|node01|RECV|VOTE|from=node00|H=1|phase=PREVOTE
2025-11-14T04:13:16.700Z|NODE|node02|RECV|HEADER|from=node00|H=1
2025-11-14T04:13:16.701Z|NODE|node00|PROPOSE|H=1
2025-11-14T04:13:16.701Z|NODE|node03|RECV|VOTE|from=node00|H=1|phase=PREVOTE
2025-11-14T04:13:16.701Z|NODE|node03|RECV|HEADER|from=node00|H=1
2025-11-14T04:13:16.701Z|NODE|node00|SENT|PREVOTE|H=1
2025-11-14T04:13:16.702Z|NODE|node02|RECV|VOTE|from=node00|H=1|phase=PREVOTE
2025-11-14T04:13:16.702Z|NODE|node02|RECV|HEADER|from=node00|H=1
2025-11-14T04:13:16.706Z|NODE|node02|RECV|HEADER|from=node00|H=1
2025-11-14T04:13:16.706Z|NODE|node03|RECV|HEADER|from=node00|H=1
2025-11-14T04:13:16.707Z|NODE|node00|RECV|HEADER|from=node00|H=1
2025-11-14T04:13:16.707Z|NODE|node00|PROPOSE|H=1
2025-11-14T04:13:16.707Z|NODE|node02|RECV|VOTE|from=node00|H=1|phase=PREVOTE
2025-11-14T04:13:16.708Z|NODE|node00|SENT|PREVOTE|H=1
2025-11-14T04:13:16.708Z|NODE|node00|RECV|HEADER|from=node00|H=1
2025-11-14T04:13:16.708Z|NODE|node00|SENT|PREVOTE|H=1
2025-11-14T04:13:16.712Z|NODE|node00|RECV|HEADER|from=node00|H=1
2025-11-14T04:13:16.712Z|NODE|node03|RECV|VOTE|from=node00|H=1|phase=PREVOTE
2025-11-14T04:13:16.713Z|NODE|node03|RECV|VOTE|from=node00|H=1|phase=PREVOTE
2025-11-14T04:13:16.713Z|NODE|node03|RECV|VOTE|from=node00|H=1|phase=PREVOTE
2025-11-14T04:13:16.713Z|NODE|node01|RECV|HEADER|from=node00|H=1
2025-11-14T04:13:16.714Z|NODE|node00|PROPOSE|H=1
2025-11-14T04:13:16.714Z|NODE|node01|RECV|HEADER|from=node00|H=1
2025-11-14T04:13:16.714Z|NODE|node00|SENT|PREVOTE|H=1
2025-11-14T04:13:16.714Z|NODE|node00|RECV|VOTE|from=node00|H=1|phase=PREVOTE
2025-11-14T04:13:16.714Z|NODE|node00|RECV|VOTE|from=node00|H=1|phase=PREVOTE
2025-11-14T04:13:16.714Z|NODE|node00|RECV|VOTE|from=node00|H=1|phase=PREVOTE
2025-11-14T04:13:16.715Z|NODE|node01|RECV|VOTE|from=node00|H=1|phase=PREVOTE
2025-11-14T04:13:16.715Z|NODE|node01|RECV|VOTE|from=node00|H=1|phase=PREVOTE
2025-11-14T04:13:16.719Z|NODE|node03|RECV|HEADER|from=node00|H=1
2025-11-14T04:13:16.719Z|NODE|node00|RECV|HEADER|from=node00|H=1
2025-11-14T04:13:16.720Z|NODE|node02|RECV|HEADER|from=node00|H=1
2025-11-14T04:13:16.720Z|NODE|node00|PROPOSE|H=1
2025-11-14T04:13:16.720Z|NODE|node00|SENT|PREVOTE|H=1
2025-11-14T04:13:16.720Z|NODE|node02|RECV|VOTE|from=node00|H=1|phase=PREVOTE
2025-11-14T04:13:16.720Z|NODE|node02|RECV|VOTE|from=node00|H=1|phase=PREVOTE
2025-11-14T04:13:16.725Z|NODE|node02|RECV|HEADER|from=node00|H=1
2025-11-14T04:13:16.725Z|NODE|node03|RECV|VOTE|from=node00|H=1|phase=PREVOTE
2025-11-14T04:13:16.725Z|NODE|node01|RECV|HEADER|from=node00|H=1
2025-11-14T04:13:16.725Z|NODE|node00|RECV|HEADER|from=node00|H=1
2025-11-14T04:13:16.725Z|NODE|node00|PROPOSE|H=1
2025-11-14T04:13:16.725Z|NODE|node01|RECV|VOTE|from=node00|H=1|phase=PREVOTE
2025-11-14T04:13:16.725Z|NODE|node01|RECV|VOTE|from=node00|H=1|phase=PREVOTE
2025-11-14T04:13:16.726Z|NODE|node00|SENT|PREVOTE|H=1
2025-11-14T04:13:16.726Z|NODE|node00|RECV|VOTE|from=node00|H=1|phase=PREVOTE
2025-11-14T04:13:16.731Z|NODE|node03|RECV|HEADER|from=node00|H=1
2025-11-14T04:13:16.731Z|NODE|node00|PROPOSE|H=1
2025-11-14T04:13:16.731Z|NODE|node03|RECV|VOTE|from=node00|H=1|phase=PREVOTE
2025-11-14T04:13:16.731Z|NODE|node03|RECV|HEADER|from=node00|H=1
2025-11-14T04:13:16.731Z|NODE|node02|RECV|VOTE|from=node00|H=1|phase=PREVOTE
2025-11-14T04:13:16.731Z|NODE|node00|RECV|VOTE|from=node00|H=1|phase=PREVOTE
2025-11-14T04:13:16.731Z|NODE|node01|RECV|HEADER|from=node00|H=1
2025-11-14T04:13:16.731Z|NODE|node03|RECV|HEADER|from=node00|H=1
2025-11-14T04:13:16.731Z|NODE|node01|RECV|HEADER|from=node00|H=1
2025-11-14T04:13:16.732Z|NODE|node01|RECV|HEADER|from=node00|H=1
2025-11-14T04:13:16.732Z|NODE|node01|RECV|VOTE|from=node00|H=1|phase=PREVOTE
2025-11-14T04:13:16.736Z|NODE|node00|RECV|HEADER|from=node00|H=1
2025-11-14T04:13:16.736Z|NODE|node02|RECV|HEADER|from=node00|H=1
2025-11-14T04:13:16.736Z|NODE|node01|RECV|VOTE|from=node00|H=1|phase=PREVOTE
2025-11-14T04:13:16.736Z|NODE|node01|RECV|HEADER|from=node00|H=1
2025-11-14T04:13:16.736Z|NODE|node02|RECV|VOTE|from=node00|H=1|phase=PREVOTE
2025-11-14T04:13:16.737Z|NODE|node02|RECV|HEADER|from=node00|H=1
2025-11-14T04:13:16.737Z|NODE|node00|SENT|PREVOTE|H=1
2025-11-14T04:13:16.737Z|NODE|node00|RECV|HEADER|from=node00|H=1
2025-11-14T04:13:16.737Z|NODE|node00|PROPOSE|H=1
2025-11-14T04:13:16.737Z|NODE|node00|SENT|PREVOTE|H=1
2025-11-14T04:13:16.737Z|NODE|node00|RECV|HEADER|from=node00|H=1
2025-11-14T04:13:16.737Z|NODE|node00|SENT|PREVOTE|H=1
2025-11-14T04:13:16.742Z|NODE|node00|RECV|VOTE|from=node00|H=1|phase=PREVOTE
2025-11-14T04:13:16.742Z|NODE|node03|RECV|VOTE|from=node00|H=1|phase=PREVOTE
2025-11-14T04:13:16.742Z|NODE|node02|RECV|VOTE|from=node00|H=1|phase=PREVOTE
2025-11-14T04:13:16.742Z|NODE|node02|RECV|VOTE|from=node00|H=1|phase=PREVOTE
2025-11-14T04:13:16.743Z|NODE|node01|RECV|VOTE|from=node00|H=1|phase=PREVOTE
2025-11-14T04:13:16.743Z|NODE|node00|PROPOSE|H=1
2025-11-14T04:13:16.743Z|NODE|node00|RECV|VOTE|from=node00|H=1|phase=PREVOTE
2025-11-14T04:13:16.748Z|NODE|node03|RECV|HEADER|from=node00|H=1
2025-11-14T04:13:16.748Z|NODE|node01|RECV|HEADER|from=node00|H=1
2025-11-14T04:13:16.748Z|NODE|node02|RECV|HEADER|from=node00|H=1
2025-11-14T04:13:16.749Z|NODE|node00|RECV|HEADER|from=node00|H=1
2025-11-14T04:13:16.749Z|NODE|node00|PROPOSE|H=1
2025-11-14T04:13:16.749Z|NODE|node03|RECV|HEADER|from=node00|H=1
2025-11-14T04:13:16.749Z|NODE|node01|RECV|VOTE|from=node00|H=1|phase=PREVOTE
2025-11-14T04:13:16.749Z|NODE|node00|SENT|PREVOTE|H=1
2025-11-14T04:13:16.749Z|NODE|node00|RECV|VOTE|from=node00|H=1|phase=PREVOTE
2025-11-14T04:13:16.749Z|NODE|node00|RECV|VOTE|from=node00|H=1|phase=PREVOTE
2025-11-14T04:13:16.749Z|NODE|node00|RECV|HEADER|from=node00|H=1
2025-11-14T04:13:16.749Z|NODE|node03|RECV|VOTE|from=node00|H=1|phase=PREVOTE
2025-11-14T04:13:16.750Z|NODE|node03|RECV|VOTE|from=node00|H=1|phase=PREVOTE
2025-11-14T04:13:16.750Z|NODE|node00|SENT|PREVOTE|H=1
2025-11-14T04:13:16.750Z|NODE|node03|RECV|VOTE|from=node00|H=1|phase=PREVOTE
2025-11-14T04:13:16.754Z|NODE|node01|RECV|VOTE|from=node00|H=1|phase=PREVOTE
2025-11-14T04:13:16.754Z|NODE|node02|RECV|HEADER|from=node00|H=1
2025-11-14T04:13:16.754Z|NODE|node03|RECV|VOTE|from=node00|H=1|phase=PREVOTE
2025-11-14T04:13:16.755Z|NODE|node00|PROPOSE|H=1
2025-11-14T04:13:16.755Z|NODE|node01|RECV|VOTE|from=node00|H=1|phase=PREVOTE
2025-11-14T04:13:16.755Z|NODE|node02|RECV|VOTE|from=node00|H=1|phase=PREVOTE
2025-11-14T04:13:16.755Z|NODE|node02|RECV|VOTE|from=node00|H=1|phase=PREVOTE
2025-11-14T04:13:16.760Z|NODE|node03|RECV|HEADER|from=node00|H=1
2025-11-14T04:13:16.760Z|NODE|node02|RECV|HEADER|from=node00|H=1
2025-11-14T04:13:16.760Z|NODE|node01|RECV|HEADER|from=node00|H=1
2025-11-14T04:13:16.761Z|NODE|node00|RECV|VOTE|from=node00|H=1|phase=PREVOTE
2025-11-14T04:13:16.761Z|NODE|node00|PROPOSE|H=1
2025-11-14T04:13:16.761Z|NODE|node03|RECV|VOTE|from=node00|H=1|phase=PREVOTE
2025-11-14T04:13:16.761Z|NODE|node02|RECV|VOTE|from=node00|H=1|phase=PREVOTE
2025-11-14T04:13:16.761Z|NODE|node02|RECV|VOTE|from=node00|H=1|phase=PREVOTE
2025-11-14T04:13:16.761Z|NODE|node02|RECV|HEADER|from=node00|H=1
2025-11-14T04:13:16.766Z|NODE|node02|RECV|HEADER|from=node00|H=1
2025-11-14T04:13:16.766Z|NODE|node01|RECV|HEADER|from=node00|H=1
2025-11-14T04:13:16.766Z|NODE|node03|RECV|HEADER|from=node00|H=1
2025-11-14T04:13:16.766Z|NODE|node00|RECV|HEADER|from=node00|H=1
2025-11-14T04:13:16.766Z|NODE|node00|PROPOSE|H=1
2025-11-14T04:13:16.766Z|NODE|node01|RECV|VOTE|from=node00|H=1|phase=PREVOTE
2025-11-14T04:13:16.766Z|NODE|node03|RECV|HEADER|from=node00|H=1
2025-11-14T04:13:16.766Z|NODE|node00|SENT|PREVOTE|H=1
2025-11-14T04:13:16.767Z|NODE|node00|RECV|VOTE|from=node00|H=1|phase=PREVOTE
2025-11-14T04:13:16.767Z|NODE|node00|RECV|HEADER|from=node00|H=1
2025-11-14T04:13:16.767Z|NODE|node00|SENT|PREVOTE|H=1
2025-11-14T04:13:16.772Z|NODE|node00|RECV|VOTE|from=node00|H=1|phase=PREVOTE
2025-11-14T04:13:16.772Z|NODE|node01|RECV|HEADER|from=node00|H=1
2025-11-14T04:13:16.772Z|NODE|node03|RECV|HEADER|from=node00|H=1
2025-11-14T04:13:16.772Z|NODE|node01|RECV|HEADER|from=node00|H=1
2025-11-14T04:13:16.773Z|NODE|node03|RECV|VOTE|from=node00|H=1|phase=PREVOTE
2025-11-14T04:13:16.773Z|NODE|node02|RECV|HEADER|from=node00|H=1
2025-11-14T04:13:16.773Z|NODE|node00|PROPOSE|H=1
2025-11-14T04:13:16.773Z|NODE|node01|RECV|HEADER|from=node00|H=1
2025-11-14T04:13:16.773Z|NODE|node02|RECV|VOTE|from=node00|H=1|phase=PREVOTE
2025-11-14T04:13:16.773Z|NODE|node02|RECV|VOTE|from=node00|H=1|phase=PREVOTE
2025-11-14T04:13:16.773Z|NODE|node01|RECV|VOTE|from=node00|H=1|phase=PREVOTE
2025-11-14T04:13:16.778Z|NODE|node03|RECV|HEADER|from=node00|H=1
2025-11-14T04:13:16.778Z|NODE|node01|RECV|VOTE|from=node00|H=1|phase=PREVOTE
2025-11-14T04:13:16.778Z|NODE|node00|RECV|HEADER|from=node00|H=1
2025-11-14T04:13:16.778Z|NODE|node02|RECV|HEADER|from=node00|H=1
2025-11-14T04:13:16.779Z|NODE|node00|PROPOSE|H=1
2025-11-14T04:13:16.779Z|NODE|node03|RECV|HEADER|from=node00|H=1
2025-11-14T04:13:16.779Z|NODE|node00|SENT|PREVOTE|H=1
2025-11-14T04:13:16.779Z|NODE|node00|RECV|HEADER|from=node00|H=1
2025-11-14T04:13:16.779Z|NODE|node00|SENT|PREVOTE|H=1
2025-11-14T04:13:16.779Z|NODE|node00|RECV|VOTE|from=node00|H=1|phase=PREVOTE
2025-11-14T04:13:16.784Z|NODE|node03|RECV|VOTE|from=node00|H=1|phase=PREVOTE
2025-11-14T04:13:16.784Z|NODE|node01|RECV|HEADER|from=node00|H=1
2025-11-14T04:13:16.784Z|NODE|node02|RECV|HEADER|from=node00|H=1
2025-11-14T04:13:16.784Z|NODE|node00|RECV|HEADER|from=node00|H=1
2025-11-14T04:13:16.784Z|NODE|node00|PROPOSE|H=1
2025-11-14T04:13:16.785Z|NODE|node03|RECV|VOTE|from=node00|H=1|phase=PREVOTE
2025-11-14T04:13:16.785Z|NODE|node03|RECV|VOTE|from=node00|H=1|phase=PREVOTE
2025-11-14T04:13:16.785Z|NODE|node02|RECV|VOTE|from=node00|H=1|phase=PREVOTE
2025-11-14T04:13:16.785Z|NODE|node00|SENT|PREVOTE|H=1
2025-11-14T04:13:16.790Z|NODE|node00|RECV|HEADER|from=node00|H=1
2025-11-14T04:13:16.790Z|NODE|node01|RECV|VOTE|from=node00|H=1|phase=PREVOTE
2025-11-14T04:13:16.790Z|NODE|node01|RECV|VOTE|from=node00|H=1|phase=PREVOTE
2025-11-14T04:13:16.790Z|NODE|node01|RECV|VOTE|from=node00|H=1|phase=PREVOTE
2025-11-14T04:13:16.790Z|NODE|node00|PROPOSE|H=1
2025-11-14T04:13:16.790Z|NODE|node00|SENT|PREVOTE|H=1
2025-11-14T04:13:16.795Z|NODE|node00|RECV|HEADER|from=node00|H=1
2025-11-14T04:13:16.795Z|NODE|node01|RECV|HEADER|from=node00|H=1
2025-11-14T04:13:16.795Z|NODE|node02|RECV|HEADER|from=node00|H=1
2025-11-14T04:13:16.795Z|NODE|node03|RECV|HEADER|from=node00|H=1
2025-11-14T04:13:16.796Z|NODE|node02|RECV|VOTE|from=node00|H=1|phase=PREVOTE
2025-11-14T04:13:16.796Z|NODE|node02|RECV|HEADER|from=node00|H=1
2025-11-14T04:13:16.796Z|NODE|node00|PROPOSE|H=1
2025-11-14T04:13:16.796Z|NODE|node00|SENT|PREVOTE|H=1
2025-11-14T04:13:16.796Z|NODE|node00|RECV|VOTE|from=node00|H=1|phase=PREVOTE
2025-11-14T04:13:16.797Z|NODE|node01|RECV|VOTE|from=node00|H=1|phase=PREVOTE
2025-11-14T04:13:16.797Z|NODE|node02|RECV|VOTE|from=node00|H=1|phase=PREVOTE
2025-11-14T04:13:16.797Z|NODE|node00|RECV|VOTE|from=node00|H=1|phase=PREVOTE
2025-11-14T04:13:16.797Z|NODE|node00|RECV|HEADER|from=node00|H=1
2025-11-14T04:13:16.797Z|NODE|node00|SENT|PREVOTE|H=1
2025-11-14T04:13:16.802Z|NODE|node01|RECV|HEADER|from=node00|H=1
2025-11-14T04:13:16.802Z|NODE|node03|RECV|HEADER|from=node00|H=1
2025-11-14T04:13:16.802Z|NODE|node00|RECV|VOTE|from=node00|H=1|phase=PREVOTE
2025-11-14T04:13:16.803Z|NODE|node02|RECV|HEADER|from=node00|H=1
2025-11-14T04:13:16.803Z|NODE|node00|PROPOSE|H=1
2025-11-14T04:13:16.803Z|NODE|node02|RECV|VOTE|from=node00|H=1|phase=PREVOTE
2025-11-14T04:13:16.803Z|NODE|node02|RECV|HEADER|from=node00|H=1
2025-11-14T04:13:16.803Z|NODE|node01|RECV|HEADER|from=node00|H=1
2025-11-14T04:13:16.803Z|NODE|node03|RECV|VOTE|from=node00|H=1|phase=PREVOTE
2025-11-14T04:13:16.804Z|NODE|node00|RECV|VOTE|from=node00|H=1|phase=PREVOTE
2025-11-14T04:13:16.804Z|NODE|node00|RECV|HEADER|from=node00|H=1
2025-11-14T04:13:16.804Z|NODE|node02|RECV|VOTE|from=node00|H=1|phase=PREVOTE
2025-11-14T04:13:16.804Z|NODE|node00|SENT|PREVOTE|H=1
2025-11-14T04:13:16.804Z|NODE|node02|RECV|VOTE|from=node00|H=1|phase=PREVOTE
2025-11-14T04:13:16.804Z|NODE|node03|RECV|VOTE|from=node00|H=1|phase=PREVOTE
2025-11-14T04:13:16.804Z|NODE|node01|RECV|VOTE|from=node00|H=1|phase=PREVOTE
2025-11-14T04:13:16.805Z|NODE|node03|RECV|VOTE|from=node00|H=1|phase=PREVOTE
2025-11-14T04:13:16.808Z|NODE|node03|RECV|HEADER|from=node00|H=1
2025-11-14T04:13:16.808Z|NODE|node00|RECV|VOTE|from=node00|H=1|phase=PREVOTE
2025-11-14T04:13:16.808Z|NODE|node01|RECV|HEADER|from=node00|H=1
2025-11-14T04:13:16.808Z|NODE|node02|RECV|VOTE|from=node00|H=1|phase=PREVOTE
2025-11-14T04:13:16.809Z|NODE|node00|PROPOSE|H=1
2025-11-14T04:13:16.809Z|NODE|node00|RECV|VOTE|from=node00|H=1|phase=PREVOTE
2025-11-14T04:13:16.809Z|NODE|node00|RECV|HEADER|from=node00|H=1
2025-11-14T04:13:16.809Z|NODE|node03|RECV|HEADER|from=node00|H=1
2025-11-14T04:13:16.809Z|NODE|node01|RECV|VOTE|from=node00|H=1|phase=PREVOTE
2025-11-14T04:13:16.809Z|NODE|node00|SENT|PREVOTE|H=1
2025-11-14T04:13:16.814Z|NODE|node01|RECV|VOTE|from=node00|H=1|phase=PREVOTE
2025-11-14T04:13:16.814Z|NODE|node01|RECV|HEADER|from=node00|H=1
2025-11-14T04:13:16.814Z|NODE|node00|RECV|HEADER|from=node00|H=1
2025-11-14T04:13:16.814Z|NODE|node02|RECV|HEADER|from=node00|H=1
2025-11-14T04:13:16.814Z|NODE|node03|RECV|HEADER|from=node00|H=1
2025-11-14T04:13:16.815Z|NODE|node00|PROPOSE|H=1
2025-11-14T04:13:16.815Z|NODE|node00|SENT|PREVOTE|H=1
2025-11-14T04:13:16.815Z|NODE|node00|RECV|VOTE|from=node00|H=1|phase=PREVOTE
2025-11-14T04:13:16.815Z|NODE|node03|RECV|VOTE|from=node00|H=1|phase=PREVOTE
2025-11-14T04:13:16.820Z|NODE|node02|RECV|HEADER|from=node00|H=1
2025-11-14T04:13:16.820Z|NODE|node00|RECV|VOTE|from=node00|H=1|phase=PREVOTE
2025-11-14T04:13:16.820Z|NODE|node01|RECV|HEADER|from=node00|H=1
2025-11-14T04:13:16.820Z|NODE|node03|RECV|VOTE|from=node00|H=1|phase=PREVOTE
2025-11-14T04:13:16.820Z|NODE|node00|PROPOSE|H=1
2025-11-14T04:13:16.820Z|NODE|node02|RECV|VOTE|from=node00|H=1|phase=PREVOTE
2025-11-14T04:13:16.820Z|NODE|node02|RECV|HEADER|from=node00|H=1
2025-11-14T04:13:16.820Z|NODE|node01|RECV|VOTE|from=node00|H=1|phase=PREVOTE
2025-11-14T04:13:16.820Z|NODE|node01|RECV|HEADER|from=node00|H=1
2025-11-14T04:13:16.821Z|NODE|node02|RECV|VOTE|from=node00|H=1|phase=PREVOTE
2025-11-14T04:13:16.821Z|NODE|node00|RECV|HEADER|from=node00|H=1
2025-11-14T04:13:16.821Z|NODE|node00|SENT|PREVOTE|H=1
2025-11-14T04:13:16.825Z|NODE|node00|RECV|VOTE|from=node00|H=1|phase=PREVOTE
2025-11-14T04:13:16.825Z|NODE|node02|RECV|VOTE|from=node00|H=1|phase=PREVOTE
2025-11-14T04:13:16.825Z|NODE|node03|RECV|HEADER|from=node00|H=1
2025-11-14T04:13:16.826Z|NODE|node00|PROPOSE|H=1
2025-11-14T04:13:16.826Z|NODE|node03|RECV|VOTE|from=node00|H=1|phase=PREVOTE
2025-11-14T04:13:16.831Z|NODE|node03|RECV|HEADER|from=node00|H=1
2025-11-14T04:13:16.831Z|NODE|node00|PROPOSE|H=1
2025-11-14T04:13:16.831Z|NODE|node01|RECV|VOTE|from=node00|H=1|phase=PREVOTE
2025-11-14T04:13:16.832Z|NODE|node01|RECV|HEADER|from=node00|H=1
2025-11-14T04:13:16.832Z|NODE|node03|RECV|VOTE|from=node00|H=1|phase=PREVOTE
2025-11-14T04:13:16.832Z|NODE|node01|RECV|HEADER|from=node00|H=1
2025-11-14T04:13:16.833Z|NODE|node03|RECV|HEADER|from=node00|H=1
2025-11-14T04:13:16.833Z|NODE|node03|RECV|VOTE|from=node00|H=1|phase=PREVOTE
2025-11-14T04:13:16.834Z|NODE|node03|RECV|HEADER|from=node00|H=1
2025-11-14T04:13:16.837Z|NODE|node00|RECV|HEADER|from=node00|H=1
2025-11-14T04:13:16.837Z|NODE|node02|RECV|HEADER|from=node00|H=1
2025-11-14T04:13:16.837Z|NODE|node00|SENT|PREVOTE|H=1
2025-11-14T04:13:16.837Z|NODE|node00|RECV|VOTE|from=node00|H=1|phase=PREVOTE
2025-11-14T04:13:16.837Z|NODE|node01|RECV|VOTE|from=node00|H=1|phase=PREVOTE
2025-11-14T04:13:16.837Z|NODE|node00|PROPOSE|H=1
2025-11-14T04:13:16.843Z|NODE|node02|RECV|HEADER|from=node00|H=1
2025-11-14T04:13:16.843Z|NODE|node01|RECV|HEADER|from=node00|H=1
2025-11-14T04:13:16.843Z|NODE|node00|RECV|HEADER|from=node00|H=1
2025-11-14T04:13:16.843Z|NODE|node03|RECV|HEADER|from=node00|H=1
2025-11-14T04:13:16.844Z|NODE|node00|PROPOSE|H=1
2025-11-14T04:13:16.844Z|NODE|node01|RECV|HEADER|from=node00|H=1
2025-11-14T04:13:16.844Z|NODE|node00|SENT|PREVOTE|H=1
2025-11-14T04:13:16.844Z|NODE|node00|RECV|HEADER|from=node00|H=1
2025-11-14T04:13:16.844Z|NODE|node03|RECV|HEADER|from=node00|H=1
2025-11-14T04:13:16.844Z|NODE|node00|SENT|PREVOTE|H=1
2025-11-14T04:13:16.844Z|NODE|node00|RECV|VOTE|from=node00|H=1|phase=PREVOTE
2025-11-14T04:13:16.844Z|NODE|node03|RECV|VOTE|from=node00|H=1|phase=PREVOTE
2025-11-14T04:13:16.849Z|NODE|node02|RECV|HEADER|from=node00|H=1
2025-11-14T04:13:16.849Z|NODE|node00|RECV|HEADER|from=node00|H=1
2025-11-14T04:13:16.849Z|NODE|node01|RECV|HEADER|from=node00|H=1
2025-11-14T04:13:16.849Z|NODE|node00|PROPOSE|H=1
2025-11-14T04:13:16.849Z|NODE|node02|RECV|HEADER|from=node00|H=1
2025-11-14T04:13:16.849Z|NODE|node00|SENT|PREVOTE|H=1
2025-11-14T04:13:16.849Z|NODE|node02|RECV|VOTE|from=node00|H=1|phase=PREVOTE
2025-11-14T04:13:16.849Z|NODE|node00|RECV|HEADER|from=node00|H=1
2025-11-14T04:13:16.850Z|NODE|node01|RECV|VOTE|from=node00|H=1|phase=PREVOTE
2025-11-14T04:13:16.850Z|NODE|node00|SENT|PREVOTE|H=1
2025-11-14T04:13:16.850Z|NODE|node00|RECV|VOTE|from=node00|H=1|phase=PREVOTE
2025-11-14T04:13:16.855Z|NODE|node01|RECV|VOTE|from=node00|H=1|phase=PREVOTE
2025-11-14T04:13:16.855Z|NODE|node03|RECV|HEADER|from=node00|H=1
2025-11-14T04:13:16.855Z|NODE|node02|RECV|HEADER|from=node00|H=1
2025-11-14T04:13:16.855Z|NODE|node00|RECV|VOTE|from=node00|H=1|phase=PREVOTE
2025-11-14T04:13:16.855Z|NODE|node00|PROPOSE|H=1
2025-11-14T04:13:16.856Z|NODE|node00|RECV|VOTE|from=node00|H=1|phase=PREVOTE
2025-11-14T04:13:16.856Z|NODE|node03|RECV|VOTE|from=node00|H=1|phase=PREVOTE
2025-11-14T04:13:16.856Z|NODE|node03|RECV|VOTE|from=node00|H=1|phase=PREVOTE
2025-11-14T04:13:16.856Z|NODE|node03|RECV|VOTE|from=node00|H=1|phase=PREVOTE
2025-11-14T04:13:16.856Z|NODE|node02|RECV|VOTE|from=node00|H=1|phase=PREVOTE
2025-11-14T04:13:16.856Z|NODE|node02|RECV|VOTE|from=node00|H=1|phase=PREVOTE
2025-11-14T04:13:16.856Z|NODE|node02|RECV|HEADER|from=node00|H=1
2025-11-14T04:13:16.856Z|NODE|node02|RECV|VOTE|from=node00|H=1|phase=PREVOTE
2025-11-14T04:13:16.861Z|NODE|node01|RECV|VOTE|from=node00|H=1|phase=PREVOTE
2025-11-14T04:13:16.861Z|NODE|node03|RECV|VOTE|from=node00|H=1|phase=PREVOTE
2025-11-14T04:13:16.861Z|NODE|node03|RECV|HEADER|from=node00|H=1
2025-11-14T04:13:16.861Z|NODE|node00|RECV|VOTE|from=node00|H=1|phase=PREVOTE
2025-11-14T04:13:16.861Z|NODE|node00|PROPOSE|H=1
2025-11-14T04:13:16.866Z|NODE|node01|RECV|HEADER|from=node00|H=1
2025-11-14T04:13:16.866Z|NODE|node00|RECV|HEADER|from=node00|H=1
2025-11-14T04:13:16.866Z|NODE|node03|RECV|HEADER|from=node00|H=1
2025-11-14T04:13:16.866Z|NODE|node02|RECV|VOTE|from=node00|H=1|phase=PREVOTE
2025-11-14T04:13:16.867Z|NODE|node02|RECV|HEADER|from=node00|H=1
2025-11-14T04:13:16.867Z|NODE|node00|PROPOSE|H=1
2025-11-14T04:13:16.867Z|NODE|node01|RECV|VOTE|from=node00|H=1|phase=PREVOTE
2025-11-14T04:13:16.867Z|NODE|node01|RECV|VOTE|from=node00|H=1|phase=PREVOTE
2025-11-14T04:13:16.867Z|NODE|node00|SENT|PREVOTE|H=1
2025-11-14T04:13:16.868Z|NODE|node00|RECV|HEADER|from=node00|H=1
2025-11-14T04:13:16.868Z|NODE|node00|SENT|PREVOTE|H=1
2025-11-14T04:13:16.872Z|NODE|node00|RECV|HEADER|from=node00|H=1
2025-11-14T04:13:16.872Z|NODE|node01|RECV|HEADER|from=node00|H=1
2025-11-14T04:13:16.872Z|NODE|node00|SENT|PREVOTE|H=1
2025-11-14T04:13:16.872Z|NODE|node00|RECV|HEADER|from=node00|H=1
2025-11-14T04:13:16.873Z|NODE|node02|RECV|HEADER|from=node00|H=1
2025-11-14T04:13:16.873Z|NODE|node00|SENT|PREVOTE|H=1
2025-11-14T04:13:16.873Z|NODE|node00|RECV|VOTE|from=node00|H=1|phase=PREVOTE
2025-11-14T04:13:16.873Z|NODE|node03|RECV|VOTE|from=node00|H=1|phase=PREVOTE
2025-11-14T04:13:16.873Z|NODE|node00|PROPOSE|H=1
2025-11-14T04:13:16.874Z|NODE|node01|RECV|VOTE|from=node00|H=1|phase=PREVOTE
2025-11-14T04:13:16.874Z|NODE|node02|RECV|VOTE|from=node00|H=1|phase=PREVOTE
2025-11-14T04:13:16.879Z|NODE|node03|RECV|HEADER|from=node00|H=1
2025-11-14T04:13:16.879Z|NODE|node01|RECV|HEADER|from=node00|H=1
2025-11-14T04:13:16.879Z|NODE|node02|RECV|VOTE|from=node00|H=1|phase=PREVOTE
2025-11-14T04:13:16.879Z|NODE|node02|RECV|VOTE|from=node00|H=1|phase=PREVOTE
2025-11-14T04:13:16.879Z|NODE|node00|PROPOSE|H=1
2025-11-14T04:13:16.879Z|NODE|node03|RECV|VOTE|from=node00|H=1|phase=PREVOTE
2025-11-14T04:13:16.879Z|NODE|node03|RECV|VOTE|from=node00|H=1|phase=PREVOTE
2025-11-14T04:13:16.879Z|NODE|node03|RECV|VOTE|from=node00|H=1|phase=PREVOTE
2025-11-14T04:13:16.880Z|NODE|node01|RECV|VOTE|from=node00|H=1|phase=PREVOTE
2025-11-14T04:13:16.880Z|NODE|node01|RECV|VOTE|from=node00|H=1|phase=PREVOTE
2025-11-14T04:13:16.884Z|NODE|node02|RECV|HEADER|from=node00|H=1
2025-11-14T04:13:16.884Z|NODE|node01|RECV|HEADER|from=node00|H=1
2025-11-14T04:13:16.884Z|NODE|node03|RECV|HEADER|from=node00|H=1
2025-11-14T04:13:16.885Z|NODE|node00|RECV|VOTE|from=node00|H=1|phase=PREVOTE
2025-11-14T04:13:16.885Z|NODE|node00|PROPOSE|H=1
2025-11-14T04:13:16.885Z|NODE|node02|RECV|HEADER|from=node00|H=1
2025-11-14T04:13:16.885Z|NODE|node01|RECV|HEADER|from=node00|H=1
2025-11-14T04:13:16.886Z|NODE|node03|RECV|HEADER|from=node00|H=1
2025-11-14T04:13:16.886Z|NODE|node00|RECV|HEADER|from=node00|H=1
2025-11-14T04:13:16.886Z|NODE|node02|RECV|HEADER|from=node00|H=1
2025-11-14T04:13:16.886Z|NODE|node00|SENT|PREVOTE|H=1
2025-11-14T04:13:16.886Z|NODE|node00|RECV|VOTE|from=node00|H=1|phase=PREVOTE
2025-11-14T04:13:16.891Z|NODE|node00|RECV|VOTE|from=node00|H=1|phase=PREVOTE
2025-11-14T04:13:16.891Z|NODE|node02|RECV|VOTE|from=node00|H=1|phase=PREVOTE
2025-11-14T04:13:16.891Z|NODE|node01|RECV|VOTE|from=node00|H=1|phase=PREVOTE
2025-11-14T04:13:16.891Z|NODE|node03|RECV|VOTE|from=node00|H=1|phase=PREVOTE
2025-11-14T04:13:16.891Z|NODE|node00|PROPOSE|H=1
2025-11-14T04:13:16.891Z|NODE|node00|RECV|VOTE|from=node00|H=1|phase=PREVOTE
2025-11-14T04:13:16.897Z|NODE|node01|RECV|HEADER|from=node00|H=1
2025-11-14T04:13:16.897Z|NODE|node00|RECV|HEADER|from=node00|H=1
2025-11-14T04:13:16.897Z|NODE|node03|RECV|HEADER|from=node00|H=1
2025-11-14T04:13:16.897Z|NODE|node00|SENT|PREVOTE|H=1
2025-11-14T04:13:16.897Z|NODE|node00|RECV|HEADER|from=node00|H=1
2025-11-14T04:13:16.897Z|NODE|node02|RECV|HEADER|from=node00|H=1
2025-11-14T04:13:16.897Z|NODE|node00|PROPOSE|H=1
2025-11-14T04:13:16.897Z|NODE|node03|RECV|HEADER|from=node00|H=1
2025-11-14T04:13:16.897Z|NODE|node00|SENT|PREVOTE|H=1
2025-11-14T04:13:16.897Z|NODE|node02|RECV|VOTE|from=node00|H=1|phase=PREVOTE
2025-11-14T04:13:16.898Z|NODE|node02|RECV|HEADER|from=node00|H=1
2025-11-14T04:13:16.902Z|NODE|node00|RECV|HEADER|from=node00|H=1
2025-11-14T04:13:16.902Z|NODE|node01|RECV|HEADER|from=node00|H=1
2025-11-14T04:13:16.902Z|NODE|node00|SENT|PREVOTE|H=1
2025-11-14T04:13:16.903Z|NODE|node00|RECV|HEADER|from=node00|H=1
2025-11-14T04:13:16.903Z|NODE|node02|RECV|VOTE|from=node00|H=1|phase=PREVOTE
2025-11-14T04:13:16.903Z|NODE|node00|SENT|PREVOTE|H=1
2025-11-14T04:13:16.903Z|NODE|node03|RECV|HEADER|from=node00|H=1
2025-11-14T04:13:16.904Z|NODE|node00|PROPOSE|H=1
2025-11-14T04:13:16.904Z|NODE|node01|RECV|VOTE|from=node00|H=1|phase=PREVOTE
2025-11-14T04:13:16.904Z|NODE|node03|RECV|VOTE|from=node00|H=1|phase=PREVOTE
2025-11-14T04:13:16.904Z|NODE|node01|RECV|HEADER|from=node00|H=1
2025-11-14T04:13:16.904Z|NODE|node01|RECV|VOTE|from=node00|H=1|phase=PREVOTE
2025-11-14T04:13:16.909Z|NODE|node03|RECV|HEADER|from=node00|H=1
2025-11-14T04:13:16.909Z|NODE|node02|RECV|HEADER|from=node00|H=1
2025-11-14T04:13:16.910Z|NODE|node01|RECV|HEADER|from=node00|H=1
2025-11-14T04:13:16.910Z|NODE|node00|RECV|VOTE|from=node00|H=1|phase=PREVOTE
2025-11-14T04:13:16.910Z|NODE|node00|PROPOSE|H=1
2025-11-14T04:13:16.910Z|NODE|node03|RECV|HEADER|from=node00|H=1
2025-11-14T04:13:16.911Z|NODE|node03|RECV|VOTE|from=node00|H=1|phase=PREVOTE
2025-11-14T04:13:16.915Z|NODE|node02|RECV|VOTE|from=node00|H=1|phase=PREVOTE
2025-11-14T04:13:16.916Z|NODE|node02|RECV|VOTE|from=node00|H=1|phase=PREVOTE
2025-11-14T04:13:16.916Z|NODE|node01|RECV|VOTE|from=node00|H=1|phase=PREVOTE
2025-11-14T04:13:16.916Z|NODE|node01|RECV|VOTE|from=node00|H=1|phase=PREVOTE
2025-11-14T04:13:16.916Z|NODE|node03|RECV|VOTE|from=node00|H=1|phase=PREVOTE
2025-11-14T04:13:16.916Z|NODE|node00|RECV|VOTE|from=node00|H=1|phase=PREVOTE
2025-11-14T04:13:16.916Z|NODE|node00|PROPOSE|H=1
2025-11-14T04:13:16.916Z|NODE|node02|RECV|VOTE|from=node00|H=1|phase=PREVOTE
2025-11-14T04:13:16.916Z|NODE|node02|RECV|HEADER|from=node00|H=1
2025-11-14T04:13:16.917Z|NODE|node00|RECV|HEADER|from=node00|H=1
2025-11-14T04:13:16.917Z|NODE|node00|SENT|PREVOTE|H=1
2025-11-14T04:13:16.917Z|NODE|node00|RECV|VOTE|from=node00|H=1|phase=PREVOTE
2025-11-14T04:13:16.917Z|NODE|node00|RECV|VOTE|from=node00|H=1|phase=PREVOTE
2025-11-14T04:13:16.921Z|NODE|node01|RECV|HEADER|from=node00|H=1
2025-11-14T04:13:16.921Z|NODE|node02|RECV|HEADER|from=node00|H=1
2025-11-14T04:13:16.921Z|NODE|node03|RECV|VOTE|from=node00|H=1|phase=PREVOTE
2025-11-14T04:13:16.921Z|NODE|node00|RECV|HEADER|from=node00|H=1
2025-11-14T04:13:16.921Z|NODE|node00|PROPOSE|H=1
2025-11-14T04:13:16.922Z|NODE|node01|RECV|VOTE|from=node00|H=1|phase=PREVOTE
2025-11-14T04:13:16.922Z|NODE|node01|RECV|HEADER|from=node00|H=1
2025-11-14T04:13:16.922Z|NODE|node03|RECV|HEADER|from=node00|H=1
2025-11-14T04:13:16.922Z|NODE|node00|SENT|PREVOTE|H=1
2025-11-14T04:13:16.922Z|NODE|node00|RECV|HEADER|from=node00|H=1
2025-11-14T04:13:16.923Z|NODE|node03|RECV|HEADER|from=node00|H=1
2025-11-14T04:13:16.923Z|NODE|node00|SENT|PREVOTE|H=1
2025-11-14T04:13:16.923Z|NODE|node00|RECV|VOTE|from=node00|H=1|phase=PREVOTE
2025-11-14T04:13:16.923Z|NODE|node03|RECV|VOTE|from=node00|H=1|phase=PREVOTE
2025-11-14T04:13:16.927Z|NODE|node02|RECV|HEADER|from=node00|H=1
2025-11-14T04:13:16.927Z|NODE|node00|RECV|HEADER|from=node00|H=1
2025-11-14T04:13:16.927Z|NODE|node01|RECV|HEADER|from=node00|H=1
2025-11-14T04:13:16.927Z|NODE|node00|SENT|PREVOTE|H=1
2025-11-14T04:13:16.928Z|NODE|node01|RECV|VOTE|from=node00|H=1|phase=PREVOTE
2025-11-14T04:13:16.928Z|NODE|node00|PROPOSE|H=1
2025-11-14T04:13:16.928Z|NODE|node00|RECV|VOTE|from=node00|H=1|phase=PREVOTE
2025-11-14T04:13:16.928Z|NODE|node02|RECV|VOTE|from=node00|H=1|phase=PREVOTE
2025-11-14T04:13:16.933Z|NODE|node00|RECV|VOTE|from=node00|H=1|phase=PREVOTE
2025-11-14T04:13:16.933Z|NODE|node03|RECV|HEADER|from=node00|H=1
2025-11-14T04:13:16.933Z|NODE|node01|RECV|VOTE|from=node00|H=1|phase=PREVOTE
2025-11-14T04:13:16.934Z|NODE|node01|RECV|HEADER|from=node00|H=1
2025-11-14T04:13:16.934Z|NODE|node02|RECV|HEADER|from=node00|H=1
2025-11-14T04:13:16.934Z|NODE|node00|PROPOSE|H=1
2025-11-14T04:13:16.934Z|NODE|node03|RECV|VOTE|from=node00|H=1|phase=PREVOTE
2025-11-14T04:13:16.934Z|NODE|node03|RECV|VOTE|from=node00|H=1|phase=PREVOTE
2025-11-14T04:13:16.934Z|NODE|node03|RECV|VOTE|from=node00|H=1|phase=PREVOTE
2025-11-14T04:13:16.934Z|NODE|node01|RECV|VOTE|from=node00|H=1|phase=PREVOTE
2025-11-14T04:13:16.935Z|NODE|node02|RECV|VOTE|from=node00|H=1|phase=PREVOTE
2025-11-14T04:13:16.935Z|NODE|node02|RECV|VOTE|from=node00|H=1|phase=PREVOTE
2025-11-14T04:13:16.935Z|NODE|node02|RECV|HEADER|from=node00|H=1
2025-11-14T04:13:16.935Z|NODE|node00|RECV|HEADER|from=node00|H=1
2025-11-14T04:13:16.935Z|NODE|node00|SENT|PREVOTE|H=1
2025-11-14T04:13:16.935Z|NODE|node00|RECV|VOTE|from=node00|H=1|phase=PREVOTE
2025-11-14T04:13:16.939Z|NODE|node03|RECV|HEADER|from=node00|H=1
2025-11-14T04:13:16.939Z|NODE|node00|RECV|VOTE|from=node00|H=1|phase=PREVOTE
2025-11-14T04:13:16.939Z|NODE|node01|RECV|VOTE|from=node00|H=1|phase=PREVOTE
2025-11-14T04:13:16.939Z|NODE|node01|RECV|HEADER|from=node00|H=1
2025-11-14T04:13:16.939Z|NODE|node02|RECV|VOTE|from=node00|H=1|phase=PREVOTE
2025-11-14T04:13:16.939Z|NODE|node00|PROPOSE|H=1
2025-11-14T04:13:16.939Z|NODE|node01|RECV|VOTE|from=node00|H=1|phase=PREVOTE
2025-11-14T04:13:16.945Z|NODE|node03|RECV|HEADER|from=node00|H=1
2025-11-14T04:13:16.945Z|NODE|node02|RECV|VOTE|from=node00|H=1|phase=PREVOTE
2025-11-14T04:13:16.945Z|NODE|node02|RECV|HEADER|from=node00|H=1
2025-11-14T04:13:16.945Z|NODE|node01|RECV|HEADER|from=node00|H=1
2025-11-14T04:13:16.945Z|NODE|node00|RECV|HEADER|from=node00|H=1
2025-11-14T04:13:16.945Z|NODE|node00|PROPOSE|H=1
2025-11-14T04:13:16.945Z|NODE|node00|SENT|PREVOTE|H=1
2025-11-14T04:13:16.951Z|NODE|node03|RECV|VOTE|from=node00|H=1|phase=PREVOTE
2025-11-14T04:13:16.951Z|NODE|node03|RECV|HEADER|from=node00|H=1
2025-11-14T04:13:16.951Z|NODE|node02|RECV|HEADER|from=node00|H=1
2025-11-14T04:13:16.951Z|NODE|node03|RECV|VOTE|from=node00|H=1|phase=PREVOTE
2025-11-14T04:13:16.951Z|NODE|node00|PROPOSE|H=1
2025-11-14T04:13:16.951Z|NODE|node01|RECV|HEADER|from=node00|H=1
2025-11-14T04:13:16.951Z|NODE|node00|RECV|VOTE|from=node00|H=1|phase=PREVOTE
2025-11-14T04:13:16.952Z|NODE|node02|RECV|HEADER|from=node00|H=1
2025-11-14T04:13:16.956Z|NODE|node01|RECV|HEADER|from=node00|H=1
2025-11-14T04:13:16.956Z|NODE|node00|RECV|HEADER|from=node00|H=1
2025-11-14T04:13:16.957Z|NODE|node03|RECV|HEADER|from=node00|H=1
2025-11-14T04:13:16.957Z|NODE|node02|RECV|HEADER|from=node00|H=1
2025-11-14T04:13:16.957Z|NODE|node00|PROPOSE|H=1
2025-11-14T04:13:16.957Z|NODE|node01|RECV|VOTE|from=node00|H=1|phase=PREVOTE
2025-11-14T04:13:16.958Z|NODE|node00|SENT|PREVOTE|H=1
2025-11-14T04:13:16.963Z|NODE|node02|RECV|VOTE|from=node00|H=1|phase=PREVOTE
2025-11-14T04:13:16.963Z|NODE|node00|RECV|HEADER|from=node00|H=1
2025-11-14T04:13:16.963Z|NODE|node03|RECV|HEADER|from=node00|H=1
2025-11-14T04:13:16.963Z|NODE|node01|RECV|HEADER|from=node00|H=1
2025-11-14T04:13:16.963Z|NODE|node00|PROPOSE|H=1
2025-11-14T04:13:16.963Z|NODE|node00|SENT|PREVOTE|H=1
2025-11-14T04:13:16.963Z|NODE|node00|RECV|HEADER|from=node00|H=1
2025-11-14T04:13:16.963Z|NODE|node01|RECV|VOTE|from=node00|H=1|phase=PREVOTE
2025-11-14T04:13:16.964Z|NODE|node00|SENT|PREVOTE|H=1
2025-11-14T04:13:16.964Z|NODE|node00|RECV|HEADER|from=node00|H=1
2025-11-14T04:13:16.964Z|NODE|node00|SENT|PREVOTE|H=1
2025-11-14T04:13:16.969Z|NODE|node02|RECV|HEADER|from=node00|H=1
2025-11-14T04:13:16.969Z|NODE|node01|RECV|HEADER|from=node00|H=1
2025-11-14T04:13:16.969Z|NODE|node03|RECV|HEADER|from=node00|H=1
2025-11-14T04:13:16.969Z|NODE|node00|RECV|VOTE|from=node00|H=1|phase=PREVOTE
2025-11-14T04:13:16.969Z|NODE|node00|PROPOSE|H=1
2025-11-14T04:13:16.969Z|NODE|node00|RECV|VOTE|from=node00|H=1|phase=PREVOTE
2025-11-14T04:13:16.969Z|NODE|node02|RECV|VOTE|from=node00|H=1|phase=PREVOTE
2025-11-14T04:13:16.969Z|NODE|node02|RECV|HEADER|from=node00|H=1
2025-11-14T04:13:16.970Z|NODE|node01|RECV|HEADER|from=node00|H=1
2025-11-14T04:13:16.970Z|NODE|node03|RECV|VOTE|from=node00|H=1|phase=PREVOTE
2025-11-14T04:13:16.970Z|NODE|node02|RECV|VOTE|from=node00|H=1|phase=PREVOTE
2025-11-14T04:13:16.975Z|NODE|node03|RECV|VOTE|from=node00|H=1|phase=PREVOTE
2025-11-14T04:13:16.975Z|NODE|node03|RECV|VOTE|from=node00|H=1|phase=PREVOTE
2025-11-14T04:13:16.975Z|NODE|node03|RECV|HEADER|from=node00|H=1
2025-11-14T04:13:16.975Z|NODE|node00|RECV|VOTE|from=node00|H=1|phase=PREVOTE
2025-11-14T04:13:16.975Z|NODE|node02|RECV|VOTE|from=node00|H=1|phase=PREVOTE
2025-11-14T04:13:16.975Z|NODE|node02|RECV|HEADER|from=node00|H=1
2025-11-14T04:13:16.975Z|NODE|node01|RECV|VOTE|from=node00|H=1|phase=PREVOTE
2025-11-14T04:13:16.975Z|NODE|node00|PROPOSE|H=1
2025-11-14T04:13:16.975Z|NODE|node00|RECV|VOTE|from=node00|H=1|phase=PREVOTE
2025-11-14T04:13:16.981Z|SIM|TICKS=200|END
2025-11-14T04:13:16.981Z|STATE|node=node00|{}
